

================================================================
== Vitis HLS Report for 'read_input_Pipeline_mem_rd'
================================================================
* Date:           Mon Feb 16 01:30:44 2026

* Version:        2023.1 (Build 3854077 on May  4 2023)
* Project:        calculate_crc
* Solution:       solution (Vitis Kernel Flow Target)
* Product family: virtexuplusHBM
* Target device:  xcu280-fsvh2892-2L-e


================================================================
== Performance Estimates
================================================================
+ Timing: 
    * Summary: 
    +--------+---------+----------+------------+
    |  Clock |  Target | Estimated| Uncertainty|
    +--------+---------+----------+------------+
    |ap_clk  |  3.33 ns|  2.433 ns|     0.90 ns|
    +--------+---------+----------+------------+

+ Latency: 
    * Summary: 
    +---------+-----------+----------+-----------+-----+-----------+---------+
    |   Latency (cycles)  |  Latency (absolute)  |     Interval    | Pipeline|
    |   min   |    max    |    min   |    max    | min |    max    |   Type  |
    +---------+-----------+----------+-----------+-----+-----------+---------+
    |        3|  134217730|  9.999 ns|  0.447 sec|    3|  134217730|       no|
    +---------+-----------+----------+-----------+-----+-----------+---------+

    + Detail: 
        * Instance: 
        N/A

        * Loop: 
        +----------+---------+-----------+----------+-----------+-----------+---------------+----------+
        |          |   Latency (cycles)  | Iteration|  Initiation Interval  |      Trip     |          |
        | Loop Name|   min   |    max    |  Latency |  achieved |   target  |     Count     | Pipelined|
        +----------+---------+-----------+----------+-----------+-----------+---------------+----------+
        |- mem_rd  |        1|  134217728|         3|          1|          1|  0 ~ 134217727|       yes|
        +----------+---------+-----------+----------+-----------+-----------+---------------+----------+



================================================================
== Utilization Estimates
================================================================
* Summary: 
+---------------------+---------+------+---------+---------+-----+
|         Name        | BRAM_18K|  DSP |    FF   |   LUT   | URAM|
+---------------------+---------+------+---------+---------+-----+
|DSP                  |        -|     -|        -|        -|    -|
|Expression           |        -|     -|        0|       89|    -|
|FIFO                 |        -|     -|        -|        -|    -|
|Instance             |        -|     -|        -|        -|    -|
|Memory               |        -|     -|        -|        -|    -|
|Multiplexer          |        -|     -|        -|      189|    -|
|Register             |        -|     -|      162|        -|    -|
+---------------------+---------+------+---------+---------+-----+
|Total                |        0|     0|      162|      278|    0|
+---------------------+---------+------+---------+---------+-----+
|Available SLR        |     1344|  3008|   869120|   434560|  320|
+---------------------+---------+------+---------+---------+-----+
|Utilization SLR (%)  |        0|     0|       ~0|       ~0|    0|
+---------------------+---------+------+---------+---------+-----+
|Available            |     4032|  9024|  2607360|  1303680|  960|
+---------------------+---------+------+---------+---------+-----+
|Utilization (%)      |        0|     0|       ~0|       ~0|    0|
+---------------------+---------+------+---------+---------+-----+

+ Detail: 
    * Instance: 
    N/A

    * DSP: 
    N/A

    * Memory: 
    N/A

    * FIFO: 
    N/A

    * Expression: 
    +----------------------------------+----------+----+---+----+------------+------------+
    |           Variable Name          | Operation| DSP| FF| LUT| Bitwidth P0| Bitwidth P1|
    +----------------------------------+----------+----+---+----+------------+------------+
    |add_ln287_fu_301_p2               |         +|   0|  0|  35|          28|           1|
    |ap_block_state2_pp0_stage0_iter1  |       and|   0|  0|   2|           1|           1|
    |ap_ext_blocking_cur_n             |       and|   0|  0|   2|           1|           0|
    |ap_ext_blocking_n                 |       and|   0|  0|   2|           1|           2|
    |ap_int_blocking_cur_n             |       and|   0|  0|   2|           1|           1|
    |ap_int_blocking_n                 |       and|   0|  0|   2|           1|           2|
    |ap_str_blocking_n                 |       and|   0|  0|   2|           2|           2|
    |icmp_ln287_fu_295_p2              |      icmp|   0|  0|  36|          29|          29|
    |ap_block_pp0_stage0_01001         |        or|   0|  0|   2|           1|           1|
    |ap_block_state3_pp0_stage0_iter2  |        or|   0|  0|   2|           1|           1|
    |ap_enable_pp0                     |       xor|   0|  0|   2|           1|           2|
    +----------------------------------+----------+----+---+----+------------+------------+
    |Total                             |          |   0|  0|  89|          67|          42|
    +----------------------------------+----------+----+---+----+------------+------------+

    * Multiplexer: 
    +-------------------------+----+-----------+-----+-----------+
    |           Name          | LUT| Input Size| Bits| Total Bits|
    +-------------------------+----+-----------+-----+-----------+
    |ap_done_int              |   9|          2|    1|          2|
    |ap_enable_reg_pp0_iter2  |   9|          2|    1|          2|
    |ap_sig_allocacmp_i_load  |   9|          2|   28|         56|
    |gmem0_blk_n_R            |   9|          2|    1|          2|
    |i_fu_146                 |   9|          2|   28|         56|
    |inByte0_blk_n            |   9|          2|    1|          2|
    |inByte10_blk_n           |   9|          2|    1|          2|
    |inByte11_blk_n           |   9|          2|    1|          2|
    |inByte12_blk_n           |   9|          2|    1|          2|
    |inByte13_blk_n           |   9|          2|    1|          2|
    |inByte14_blk_n           |   9|          2|    1|          2|
    |inByte15_blk_n           |   9|          2|    1|          2|
    |inByte1_blk_n            |   9|          2|    1|          2|
    |inByte2_blk_n            |   9|          2|    1|          2|
    |inByte3_blk_n            |   9|          2|    1|          2|
    |inByte4_blk_n            |   9|          2|    1|          2|
    |inByte5_blk_n            |   9|          2|    1|          2|
    |inByte6_blk_n            |   9|          2|    1|          2|
    |inByte7_blk_n            |   9|          2|    1|          2|
    |inByte8_blk_n            |   9|          2|    1|          2|
    |inByte9_blk_n            |   9|          2|    1|          2|
    +-------------------------+----+-----------+-----+-----------+
    |Total                    | 189|         42|   75|        150|
    +-------------------------+----+-----------+-----+-----------+

    * Register: 
    +----------------------------------+----+----+-----+-----------+
    |               Name               | FF | LUT| Bits| Const Bits|
    +----------------------------------+----+----+-----+-----------+
    |ap_CS_fsm                         |   1|   0|    1|          0|
    |ap_done_reg                       |   1|   0|    1|          0|
    |ap_enable_reg_pp0_iter1           |   1|   0|    1|          0|
    |ap_enable_reg_pp0_iter2           |   1|   0|    1|          0|
    |ap_loop_exit_ready_pp0_iter1_reg  |   1|   0|    1|          0|
    |i_fu_146                          |  28|   0|   28|          0|
    |icmp_ln287_reg_484                |   1|   0|    1|          0|
    |p_10_reg_543                      |   8|   0|    8|          0|
    |p_11_reg_548                      |   8|   0|    8|          0|
    |p_12_reg_553                      |   8|   0|    8|          0|
    |p_13_reg_558                      |   8|   0|    8|          0|
    |p_14_reg_563                      |   8|   0|    8|          0|
    |p_1_reg_498                       |   8|   0|    8|          0|
    |p_2_reg_503                       |   8|   0|    8|          0|
    |p_3_reg_508                       |   8|   0|    8|          0|
    |p_4_reg_513                       |   8|   0|    8|          0|
    |p_5_reg_518                       |   8|   0|    8|          0|
    |p_6_reg_523                       |   8|   0|    8|          0|
    |p_7_reg_528                       |   8|   0|    8|          0|
    |p_8_reg_533                       |   8|   0|    8|          0|
    |p_9_reg_538                       |   8|   0|    8|          0|
    |p_s_reg_493                       |   8|   0|    8|          0|
    |trunc_ln291_reg_488               |   8|   0|    8|          0|
    +----------------------------------+----+----+-----+-----------+
    |Total                             | 162|   0|  162|          0|
    +----------------------------------+----+----+-----+-----------+



================================================================
== Interface
================================================================
* Summary: 
+-------------------------+-----+-----+------------+----------------------------+--------------+
|        RTL Ports        | Dir | Bits|  Protocol  |        Source Object       |    C Type    |
+-------------------------+-----+-----+------------+----------------------------+--------------+
|ap_clk                   |   in|    1|  ap_ctrl_hs|  read_input_Pipeline_mem_rd|  return value|
|ap_rst                   |   in|    1|  ap_ctrl_hs|  read_input_Pipeline_mem_rd|  return value|
|ap_start                 |   in|    1|  ap_ctrl_hs|  read_input_Pipeline_mem_rd|  return value|
|ap_done                  |  out|    1|  ap_ctrl_hs|  read_input_Pipeline_mem_rd|  return value|
|ap_idle                  |  out|    1|  ap_ctrl_hs|  read_input_Pipeline_mem_rd|  return value|
|ap_ready                 |  out|    1|  ap_ctrl_hs|  read_input_Pipeline_mem_rd|  return value|
|ap_ext_blocking_n        |  out|    1|  ap_ctrl_hs|  read_input_Pipeline_mem_rd|  return value|
|ap_str_blocking_n        |  out|    1|  ap_ctrl_hs|  read_input_Pipeline_mem_rd|  return value|
|ap_int_blocking_n        |  out|    1|  ap_ctrl_hs|  read_input_Pipeline_mem_rd|  return value|
|m_axi_gmem0_AWVALID      |  out|    1|       m_axi|                       gmem0|       pointer|
|m_axi_gmem0_AWREADY      |   in|    1|       m_axi|                       gmem0|       pointer|
|m_axi_gmem0_AWADDR       |  out|   64|       m_axi|                       gmem0|       pointer|
|m_axi_gmem0_AWID         |  out|    1|       m_axi|                       gmem0|       pointer|
|m_axi_gmem0_AWLEN        |  out|   32|       m_axi|                       gmem0|       pointer|
|m_axi_gmem0_AWSIZE       |  out|    3|       m_axi|                       gmem0|       pointer|
|m_axi_gmem0_AWBURST      |  out|    2|       m_axi|                       gmem0|       pointer|
|m_axi_gmem0_AWLOCK       |  out|    2|       m_axi|                       gmem0|       pointer|
|m_axi_gmem0_AWCACHE      |  out|    4|       m_axi|                       gmem0|       pointer|
|m_axi_gmem0_AWPROT       |  out|    3|       m_axi|                       gmem0|       pointer|
|m_axi_gmem0_AWQOS        |  out|    4|       m_axi|                       gmem0|       pointer|
|m_axi_gmem0_AWREGION     |  out|    4|       m_axi|                       gmem0|       pointer|
|m_axi_gmem0_AWUSER       |  out|    1|       m_axi|                       gmem0|       pointer|
|m_axi_gmem0_WVALID       |  out|    1|       m_axi|                       gmem0|       pointer|
|m_axi_gmem0_WREADY       |   in|    1|       m_axi|                       gmem0|       pointer|
|m_axi_gmem0_WDATA        |  out|  128|       m_axi|                       gmem0|       pointer|
|m_axi_gmem0_WSTRB        |  out|   16|       m_axi|                       gmem0|       pointer|
|m_axi_gmem0_WLAST        |  out|    1|       m_axi|                       gmem0|       pointer|
|m_axi_gmem0_WID          |  out|    1|       m_axi|                       gmem0|       pointer|
|m_axi_gmem0_WUSER        |  out|    1|       m_axi|                       gmem0|       pointer|
|m_axi_gmem0_ARVALID      |  out|    1|       m_axi|                       gmem0|       pointer|
|m_axi_gmem0_ARREADY      |   in|    1|       m_axi|                       gmem0|       pointer|
|m_axi_gmem0_ARADDR       |  out|   64|       m_axi|                       gmem0|       pointer|
|m_axi_gmem0_ARID         |  out|    1|       m_axi|                       gmem0|       pointer|
|m_axi_gmem0_ARLEN        |  out|   32|       m_axi|                       gmem0|       pointer|
|m_axi_gmem0_ARSIZE       |  out|    3|       m_axi|                       gmem0|       pointer|
|m_axi_gmem0_ARBURST      |  out|    2|       m_axi|                       gmem0|       pointer|
|m_axi_gmem0_ARLOCK       |  out|    2|       m_axi|                       gmem0|       pointer|
|m_axi_gmem0_ARCACHE      |  out|    4|       m_axi|                       gmem0|       pointer|
|m_axi_gmem0_ARPROT       |  out|    3|       m_axi|                       gmem0|       pointer|
|m_axi_gmem0_ARQOS        |  out|    4|       m_axi|                       gmem0|       pointer|
|m_axi_gmem0_ARREGION     |  out|    4|       m_axi|                       gmem0|       pointer|
|m_axi_gmem0_ARUSER       |  out|    1|       m_axi|                       gmem0|       pointer|
|m_axi_gmem0_RVALID       |   in|    1|       m_axi|                       gmem0|       pointer|
|m_axi_gmem0_RREADY       |  out|    1|       m_axi|                       gmem0|       pointer|
|m_axi_gmem0_RDATA        |   in|  128|       m_axi|                       gmem0|       pointer|
|m_axi_gmem0_RLAST        |   in|    1|       m_axi|                       gmem0|       pointer|
|m_axi_gmem0_RID          |   in|    1|       m_axi|                       gmem0|       pointer|
|m_axi_gmem0_RFIFONUM     |   in|    9|       m_axi|                       gmem0|       pointer|
|m_axi_gmem0_RUSER        |   in|    1|       m_axi|                       gmem0|       pointer|
|m_axi_gmem0_RRESP        |   in|    2|       m_axi|                       gmem0|       pointer|
|m_axi_gmem0_BVALID       |   in|    1|       m_axi|                       gmem0|       pointer|
|m_axi_gmem0_BREADY       |  out|    1|       m_axi|                       gmem0|       pointer|
|m_axi_gmem0_BRESP        |   in|    2|       m_axi|                       gmem0|       pointer|
|m_axi_gmem0_BID          |   in|    1|       m_axi|                       gmem0|       pointer|
|m_axi_gmem0_BUSER        |   in|    1|       m_axi|                       gmem0|       pointer|
|inByte0_din              |  out|    8|     ap_fifo|                     inByte0|       pointer|
|inByte0_num_data_valid   |   in|    7|     ap_fifo|                     inByte0|       pointer|
|inByte0_fifo_cap         |   in|    7|     ap_fifo|                     inByte0|       pointer|
|inByte0_full_n           |   in|    1|     ap_fifo|                     inByte0|       pointer|
|inByte0_write            |  out|    1|     ap_fifo|                     inByte0|       pointer|
|inByte1_din              |  out|    8|     ap_fifo|                     inByte1|       pointer|
|inByte1_num_data_valid   |   in|    7|     ap_fifo|                     inByte1|       pointer|
|inByte1_fifo_cap         |   in|    7|     ap_fifo|                     inByte1|       pointer|
|inByte1_full_n           |   in|    1|     ap_fifo|                     inByte1|       pointer|
|inByte1_write            |  out|    1|     ap_fifo|                     inByte1|       pointer|
|inByte2_din              |  out|    8|     ap_fifo|                     inByte2|       pointer|
|inByte2_num_data_valid   |   in|    7|     ap_fifo|                     inByte2|       pointer|
|inByte2_fifo_cap         |   in|    7|     ap_fifo|                     inByte2|       pointer|
|inByte2_full_n           |   in|    1|     ap_fifo|                     inByte2|       pointer|
|inByte2_write            |  out|    1|     ap_fifo|                     inByte2|       pointer|
|inByte3_din              |  out|    8|     ap_fifo|                     inByte3|       pointer|
|inByte3_num_data_valid   |   in|    7|     ap_fifo|                     inByte3|       pointer|
|inByte3_fifo_cap         |   in|    7|     ap_fifo|                     inByte3|       pointer|
|inByte3_full_n           |   in|    1|     ap_fifo|                     inByte3|       pointer|
|inByte3_write            |  out|    1|     ap_fifo|                     inByte3|       pointer|
|inByte4_din              |  out|    8|     ap_fifo|                     inByte4|       pointer|
|inByte4_num_data_valid   |   in|    7|     ap_fifo|                     inByte4|       pointer|
|inByte4_fifo_cap         |   in|    7|     ap_fifo|                     inByte4|       pointer|
|inByte4_full_n           |   in|    1|     ap_fifo|                     inByte4|       pointer|
|inByte4_write            |  out|    1|     ap_fifo|                     inByte4|       pointer|
|inByte5_din              |  out|    8|     ap_fifo|                     inByte5|       pointer|
|inByte5_num_data_valid   |   in|    7|     ap_fifo|                     inByte5|       pointer|
|inByte5_fifo_cap         |   in|    7|     ap_fifo|                     inByte5|       pointer|
|inByte5_full_n           |   in|    1|     ap_fifo|                     inByte5|       pointer|
|inByte5_write            |  out|    1|     ap_fifo|                     inByte5|       pointer|
|inByte6_din              |  out|    8|     ap_fifo|                     inByte6|       pointer|
|inByte6_num_data_valid   |   in|    7|     ap_fifo|                     inByte6|       pointer|
|inByte6_fifo_cap         |   in|    7|     ap_fifo|                     inByte6|       pointer|
|inByte6_full_n           |   in|    1|     ap_fifo|                     inByte6|       pointer|
|inByte6_write            |  out|    1|     ap_fifo|                     inByte6|       pointer|
|inByte7_din              |  out|    8|     ap_fifo|                     inByte7|       pointer|
|inByte7_num_data_valid   |   in|    7|     ap_fifo|                     inByte7|       pointer|
|inByte7_fifo_cap         |   in|    7|     ap_fifo|                     inByte7|       pointer|
|inByte7_full_n           |   in|    1|     ap_fifo|                     inByte7|       pointer|
|inByte7_write            |  out|    1|     ap_fifo|                     inByte7|       pointer|
|inByte8_din              |  out|    8|     ap_fifo|                     inByte8|       pointer|
|inByte8_num_data_valid   |   in|    7|     ap_fifo|                     inByte8|       pointer|
|inByte8_fifo_cap         |   in|    7|     ap_fifo|                     inByte8|       pointer|
|inByte8_full_n           |   in|    1|     ap_fifo|                     inByte8|       pointer|
|inByte8_write            |  out|    1|     ap_fifo|                     inByte8|       pointer|
|inByte9_din              |  out|    8|     ap_fifo|                     inByte9|       pointer|
|inByte9_num_data_valid   |   in|    7|     ap_fifo|                     inByte9|       pointer|
|inByte9_fifo_cap         |   in|    7|     ap_fifo|                     inByte9|       pointer|
|inByte9_full_n           |   in|    1|     ap_fifo|                     inByte9|       pointer|
|inByte9_write            |  out|    1|     ap_fifo|                     inByte9|       pointer|
|inByte10_din             |  out|    8|     ap_fifo|                    inByte10|       pointer|
|inByte10_num_data_valid  |   in|    7|     ap_fifo|                    inByte10|       pointer|
|inByte10_fifo_cap        |   in|    7|     ap_fifo|                    inByte10|       pointer|
|inByte10_full_n          |   in|    1|     ap_fifo|                    inByte10|       pointer|
|inByte10_write           |  out|    1|     ap_fifo|                    inByte10|       pointer|
|inByte11_din             |  out|    8|     ap_fifo|                    inByte11|       pointer|
|inByte11_num_data_valid  |   in|    7|     ap_fifo|                    inByte11|       pointer|
|inByte11_fifo_cap        |   in|    7|     ap_fifo|                    inByte11|       pointer|
|inByte11_full_n          |   in|    1|     ap_fifo|                    inByte11|       pointer|
|inByte11_write           |  out|    1|     ap_fifo|                    inByte11|       pointer|
|inByte12_din             |  out|    8|     ap_fifo|                    inByte12|       pointer|
|inByte12_num_data_valid  |   in|    7|     ap_fifo|                    inByte12|       pointer|
|inByte12_fifo_cap        |   in|    7|     ap_fifo|                    inByte12|       pointer|
|inByte12_full_n          |   in|    1|     ap_fifo|                    inByte12|       pointer|
|inByte12_write           |  out|    1|     ap_fifo|                    inByte12|       pointer|
|inByte13_din             |  out|    8|     ap_fifo|                    inByte13|       pointer|
|inByte13_num_data_valid  |   in|    7|     ap_fifo|                    inByte13|       pointer|
|inByte13_fifo_cap        |   in|    7|     ap_fifo|                    inByte13|       pointer|
|inByte13_full_n          |   in|    1|     ap_fifo|                    inByte13|       pointer|
|inByte13_write           |  out|    1|     ap_fifo|                    inByte13|       pointer|
|inByte14_din             |  out|    8|     ap_fifo|                    inByte14|       pointer|
|inByte14_num_data_valid  |   in|    7|     ap_fifo|                    inByte14|       pointer|
|inByte14_fifo_cap        |   in|    7|     ap_fifo|                    inByte14|       pointer|
|inByte14_full_n          |   in|    1|     ap_fifo|                    inByte14|       pointer|
|inByte14_write           |  out|    1|     ap_fifo|                    inByte14|       pointer|
|inByte15_din             |  out|    8|     ap_fifo|                    inByte15|       pointer|
|inByte15_num_data_valid  |   in|    7|     ap_fifo|                    inByte15|       pointer|
|inByte15_fifo_cap        |   in|    7|     ap_fifo|                    inByte15|       pointer|
|inByte15_full_n          |   in|    1|     ap_fifo|                    inByte15|       pointer|
|inByte15_write           |  out|    1|     ap_fifo|                    inByte15|       pointer|
|sext_ln287               |   in|   60|     ap_none|                  sext_ln287|        scalar|
|loop_count               |   in|   29|     ap_none|                  loop_count|        scalar|
+-------------------------+-----+-----+------------+----------------------------+--------------+

============================================================
+ Verbose Summary: Synthesis Manager
============================================================
InlineROM: 1
ExposeGlobal: 0
============================================================
+ Verbose Summary: CDFG Model
============================================================
IsTopModel: 0
ResetActiveHigh: 1
IsCombinational: 2
IsDatapathOnly: 2
HasWiredReturn: 1
HasMFsm: 2
HasVarLatency: 1
IsPipeline: 0
IsRtlPipelined: 0
IsInstanceOverlapped: 0
IsDontTouch: 0
HasImplIP: 0
IsGatedGlobalClock: 0

+ Individual pipeline summary: 
  * Pipeline-0: initiation interval (II) = 1, depth = 3


============================================================
+ Verbose Summary: Schedule
============================================================
* Number of FSM states : 3
* Pipeline : 1
  Pipeline-0 : II = 1, D = 3, States = { 1 2 3 }
* Dataflow Pipeline: 0

* FSM state transitions: 
1 --> 2 
2 --> 3 
3 --> 

* FSM state operations: 

State 1 <SV = 0> <Delay = 1.24>
ST_1 : Operation 6 [1/1] (0.00ns)   --->   "%i = alloca i32 1"   --->   Operation 6 'alloca' 'i' <Predicate = true> <Delay = 0.00>
ST_1 : Operation 7 [1/1] (0.00ns)   --->   "%loop_count_read = read i29 @_ssdm_op_Read.ap_auto.i29, i29 %loop_count"   --->   Operation 7 'read' 'loop_count_read' <Predicate = true> <Delay = 0.00>
ST_1 : Operation 8 [1/1] (0.00ns)   --->   "%sext_ln287_read = read i60 @_ssdm_op_Read.ap_auto.i60, i60 %sext_ln287"   --->   Operation 8 'read' 'sext_ln287_read' <Predicate = true> <Delay = 0.00>
ST_1 : Operation 9 [1/1] (0.00ns)   --->   "%sext_ln287_cast = sext i60 %sext_ln287_read"   --->   Operation 9 'sext' 'sext_ln287_cast' <Predicate = true> <Delay = 0.00>
ST_1 : Operation 10 [1/1] (0.00ns)   --->   "%specinterface_ln0 = specinterface void @_ssdm_op_SpecInterface, i128 %gmem0, void @empty_17, i32 0, i32 0, void @empty_18, i32 64, i32 1024, void @empty_19, void @empty_4, void @empty_18, i32 16, i32 16, i32 16, i32 16, void @empty_18, void @empty_18, i32 4294967295, i32 0"   --->   Operation 10 'specinterface' 'specinterface_ln0' <Predicate = true> <Delay = 0.00>
ST_1 : Operation 11 [1/1] (0.00ns)   --->   "%specinterface_ln0 = specinterface void @_ssdm_op_SpecInterface, i8 %inByte0, void @empty_5, i32 0, i32 0, void @empty_18, i32 0, i32 0, void @empty_18, void @empty_18, void @empty_18, i32 0, i32 0, i32 0, i32 0, void @empty_18, void @empty_18, i32 4294967295, i32 0"   --->   Operation 11 'specinterface' 'specinterface_ln0' <Predicate = true> <Delay = 0.00>
ST_1 : Operation 12 [1/1] (0.00ns)   --->   "%specinterface_ln0 = specinterface void @_ssdm_op_SpecInterface, i8 %inByte1, void @empty_5, i32 0, i32 0, void @empty_18, i32 0, i32 0, void @empty_18, void @empty_18, void @empty_18, i32 0, i32 0, i32 0, i32 0, void @empty_18, void @empty_18, i32 4294967295, i32 0"   --->   Operation 12 'specinterface' 'specinterface_ln0' <Predicate = true> <Delay = 0.00>
ST_1 : Operation 13 [1/1] (0.00ns)   --->   "%specinterface_ln0 = specinterface void @_ssdm_op_SpecInterface, i8 %inByte2, void @empty_5, i32 0, i32 0, void @empty_18, i32 0, i32 0, void @empty_18, void @empty_18, void @empty_18, i32 0, i32 0, i32 0, i32 0, void @empty_18, void @empty_18, i32 4294967295, i32 0"   --->   Operation 13 'specinterface' 'specinterface_ln0' <Predicate = true> <Delay = 0.00>
ST_1 : Operation 14 [1/1] (0.00ns)   --->   "%specinterface_ln0 = specinterface void @_ssdm_op_SpecInterface, i8 %inByte3, void @empty_5, i32 0, i32 0, void @empty_18, i32 0, i32 0, void @empty_18, void @empty_18, void @empty_18, i32 0, i32 0, i32 0, i32 0, void @empty_18, void @empty_18, i32 4294967295, i32 0"   --->   Operation 14 'specinterface' 'specinterface_ln0' <Predicate = true> <Delay = 0.00>
ST_1 : Operation 15 [1/1] (0.00ns)   --->   "%specinterface_ln0 = specinterface void @_ssdm_op_SpecInterface, i8 %inByte4, void @empty_5, i32 0, i32 0, void @empty_18, i32 0, i32 0, void @empty_18, void @empty_18, void @empty_18, i32 0, i32 0, i32 0, i32 0, void @empty_18, void @empty_18, i32 4294967295, i32 0"   --->   Operation 15 'specinterface' 'specinterface_ln0' <Predicate = true> <Delay = 0.00>
ST_1 : Operation 16 [1/1] (0.00ns)   --->   "%specinterface_ln0 = specinterface void @_ssdm_op_SpecInterface, i8 %inByte5, void @empty_5, i32 0, i32 0, void @empty_18, i32 0, i32 0, void @empty_18, void @empty_18, void @empty_18, i32 0, i32 0, i32 0, i32 0, void @empty_18, void @empty_18, i32 4294967295, i32 0"   --->   Operation 16 'specinterface' 'specinterface_ln0' <Predicate = true> <Delay = 0.00>
ST_1 : Operation 17 [1/1] (0.00ns)   --->   "%specinterface_ln0 = specinterface void @_ssdm_op_SpecInterface, i8 %inByte6, void @empty_5, i32 0, i32 0, void @empty_18, i32 0, i32 0, void @empty_18, void @empty_18, void @empty_18, i32 0, i32 0, i32 0, i32 0, void @empty_18, void @empty_18, i32 4294967295, i32 0"   --->   Operation 17 'specinterface' 'specinterface_ln0' <Predicate = true> <Delay = 0.00>
ST_1 : Operation 18 [1/1] (0.00ns)   --->   "%specinterface_ln0 = specinterface void @_ssdm_op_SpecInterface, i8 %inByte7, void @empty_5, i32 0, i32 0, void @empty_18, i32 0, i32 0, void @empty_18, void @empty_18, void @empty_18, i32 0, i32 0, i32 0, i32 0, void @empty_18, void @empty_18, i32 4294967295, i32 0"   --->   Operation 18 'specinterface' 'specinterface_ln0' <Predicate = true> <Delay = 0.00>
ST_1 : Operation 19 [1/1] (0.00ns)   --->   "%specinterface_ln0 = specinterface void @_ssdm_op_SpecInterface, i8 %inByte8, void @empty_5, i32 0, i32 0, void @empty_18, i32 0, i32 0, void @empty_18, void @empty_18, void @empty_18, i32 0, i32 0, i32 0, i32 0, void @empty_18, void @empty_18, i32 4294967295, i32 0"   --->   Operation 19 'specinterface' 'specinterface_ln0' <Predicate = true> <Delay = 0.00>
ST_1 : Operation 20 [1/1] (0.00ns)   --->   "%specinterface_ln0 = specinterface void @_ssdm_op_SpecInterface, i8 %inByte9, void @empty_5, i32 0, i32 0, void @empty_18, i32 0, i32 0, void @empty_18, void @empty_18, void @empty_18, i32 0, i32 0, i32 0, i32 0, void @empty_18, void @empty_18, i32 4294967295, i32 0"   --->   Operation 20 'specinterface' 'specinterface_ln0' <Predicate = true> <Delay = 0.00>
ST_1 : Operation 21 [1/1] (0.00ns)   --->   "%specinterface_ln0 = specinterface void @_ssdm_op_SpecInterface, i8 %inByte10, void @empty_5, i32 0, i32 0, void @empty_18, i32 0, i32 0, void @empty_18, void @empty_18, void @empty_18, i32 0, i32 0, i32 0, i32 0, void @empty_18, void @empty_18, i32 4294967295, i32 0"   --->   Operation 21 'specinterface' 'specinterface_ln0' <Predicate = true> <Delay = 0.00>
ST_1 : Operation 22 [1/1] (0.00ns)   --->   "%specinterface_ln0 = specinterface void @_ssdm_op_SpecInterface, i8 %inByte11, void @empty_5, i32 0, i32 0, void @empty_18, i32 0, i32 0, void @empty_18, void @empty_18, void @empty_18, i32 0, i32 0, i32 0, i32 0, void @empty_18, void @empty_18, i32 4294967295, i32 0"   --->   Operation 22 'specinterface' 'specinterface_ln0' <Predicate = true> <Delay = 0.00>
ST_1 : Operation 23 [1/1] (0.00ns)   --->   "%specinterface_ln0 = specinterface void @_ssdm_op_SpecInterface, i8 %inByte12, void @empty_5, i32 0, i32 0, void @empty_18, i32 0, i32 0, void @empty_18, void @empty_18, void @empty_18, i32 0, i32 0, i32 0, i32 0, void @empty_18, void @empty_18, i32 4294967295, i32 0"   --->   Operation 23 'specinterface' 'specinterface_ln0' <Predicate = true> <Delay = 0.00>
ST_1 : Operation 24 [1/1] (0.00ns)   --->   "%specinterface_ln0 = specinterface void @_ssdm_op_SpecInterface, i8 %inByte13, void @empty_5, i32 0, i32 0, void @empty_18, i32 0, i32 0, void @empty_18, void @empty_18, void @empty_18, i32 0, i32 0, i32 0, i32 0, void @empty_18, void @empty_18, i32 4294967295, i32 0"   --->   Operation 24 'specinterface' 'specinterface_ln0' <Predicate = true> <Delay = 0.00>
ST_1 : Operation 25 [1/1] (0.00ns)   --->   "%specinterface_ln0 = specinterface void @_ssdm_op_SpecInterface, i8 %inByte14, void @empty_5, i32 0, i32 0, void @empty_18, i32 0, i32 0, void @empty_18, void @empty_18, void @empty_18, i32 0, i32 0, i32 0, i32 0, void @empty_18, void @empty_18, i32 4294967295, i32 0"   --->   Operation 25 'specinterface' 'specinterface_ln0' <Predicate = true> <Delay = 0.00>
ST_1 : Operation 26 [1/1] (0.00ns)   --->   "%specinterface_ln0 = specinterface void @_ssdm_op_SpecInterface, i8 %inByte15, void @empty_5, i32 0, i32 0, void @empty_18, i32 0, i32 0, void @empty_18, void @empty_18, void @empty_18, i32 0, i32 0, i32 0, i32 0, void @empty_18, void @empty_18, i32 4294967295, i32 0"   --->   Operation 26 'specinterface' 'specinterface_ln0' <Predicate = true> <Delay = 0.00>
ST_1 : Operation 27 [1/1] (0.38ns)   --->   "%store_ln0 = store i28 0, i28 %i"   --->   Operation 27 'store' 'store_ln0' <Predicate = true> <Delay = 0.38>
ST_1 : Operation 28 [1/1] (0.00ns)   --->   "%br_ln0 = br void %for.inc"   --->   Operation 28 'br' 'br_ln0' <Predicate = true> <Delay = 0.00>
ST_1 : Operation 29 [1/1] (0.00ns)   --->   "%i_load = load i28 %i" [/users/arashs/U280_CRC_Accelerator/src/kernel.cpp:287]   --->   Operation 29 'load' 'i_load' <Predicate = true> <Delay = 0.00>
ST_1 : Operation 30 [1/1] (0.00ns)   --->   "%zext_ln287 = zext i28 %i_load" [/users/arashs/U280_CRC_Accelerator/src/kernel.cpp:287]   --->   Operation 30 'zext' 'zext_ln287' <Predicate = true> <Delay = 0.00>
ST_1 : Operation 31 [1/1] (0.86ns)   --->   "%icmp_ln287 = icmp_slt  i29 %zext_ln287, i29 %loop_count_read" [/users/arashs/U280_CRC_Accelerator/src/kernel.cpp:287]   --->   Operation 31 'icmp' 'icmp_ln287' <Predicate = true> <Delay = 0.86> <CoreInst = "Cmp">   --->   Core 9 'Cmp' <Latency = 0> <II = 1> <Delay = 0.86> <FuncUnit> <Opcode : 'icmp'> <InPorts = 2> <OutPorts = 1>
ST_1 : Operation 32 [1/1] (0.85ns)   --->   "%add_ln287 = add i28 %i_load, i28 1" [/users/arashs/U280_CRC_Accelerator/src/kernel.cpp:287]   --->   Operation 32 'add' 'add_ln287' <Predicate = true> <Delay = 0.85> <CoreInst = "Adder">   --->   Core 1 'Adder' <Latency = 0> <II = 1> <Delay = 0.85> <FuncUnit> <Opcode : 'add' 'sub'> <InPorts = 2> <OutPorts = 1>
ST_1 : Operation 33 [1/1] (0.00ns)   --->   "%br_ln287 = br i1 %icmp_ln287, void %for.end.loopexit.exitStub, void %for.inc.split" [/users/arashs/U280_CRC_Accelerator/src/kernel.cpp:287]   --->   Operation 33 'br' 'br_ln287' <Predicate = true> <Delay = 0.00>
ST_1 : Operation 34 [1/1] (0.38ns)   --->   "%store_ln287 = store i28 %add_ln287, i28 %i" [/users/arashs/U280_CRC_Accelerator/src/kernel.cpp:287]   --->   Operation 34 'store' 'store_ln287' <Predicate = (icmp_ln287)> <Delay = 0.38>

State 2 <SV = 1> <Delay = 2.43>
ST_2 : Operation 35 [1/1] (0.00ns)   --->   "%gmem0_addr = getelementptr i128 %gmem0, i64 %sext_ln287_cast" [/users/arashs/U280_CRC_Accelerator/src/kernel.cpp:287]   --->   Operation 35 'getelementptr' 'gmem0_addr' <Predicate = true> <Delay = 0.00>
ST_2 : Operation 36 [1/1] (2.43ns)   --->   "%data = read i128 @_ssdm_op_Read.m_axi.p1i128, i64 %gmem0_addr" [/users/arashs/U280_CRC_Accelerator/src/kernel.cpp:290]   --->   Operation 36 'read' 'data' <Predicate = (icmp_ln287)> <Delay = 2.43> <CoreInst = "m_axi">   --->   Core 121 'm_axi' <Latency = 0> <II = 1> <Delay = 1.00> <Adapter> <Opcode : 'read' 'write' 'readreq' 'writereq' 'writeresp'>
ST_2 : Operation 37 [1/1] (0.00ns)   --->   "%trunc_ln291 = trunc i128 %data" [/users/arashs/U280_CRC_Accelerator/src/kernel.cpp:291]   --->   Operation 37 'trunc' 'trunc_ln291' <Predicate = (icmp_ln287)> <Delay = 0.00>
ST_2 : Operation 38 [1/1] (0.00ns)   --->   "%p_s = partselect i8 @_ssdm_op_PartSelect.i8.i128.i32.i32, i128 %data, i32 8, i32 15" [/users/arashs/U280_CRC_Accelerator/src/kernel.cpp:292]   --->   Operation 38 'partselect' 'p_s' <Predicate = (icmp_ln287)> <Delay = 0.00>
ST_2 : Operation 39 [1/1] (0.00ns)   --->   "%p_1 = partselect i8 @_ssdm_op_PartSelect.i8.i128.i32.i32, i128 %data, i32 16, i32 23" [/users/arashs/U280_CRC_Accelerator/src/kernel.cpp:293]   --->   Operation 39 'partselect' 'p_1' <Predicate = (icmp_ln287)> <Delay = 0.00>
ST_2 : Operation 40 [1/1] (0.00ns)   --->   "%p_2 = partselect i8 @_ssdm_op_PartSelect.i8.i128.i32.i32, i128 %data, i32 24, i32 31" [/users/arashs/U280_CRC_Accelerator/src/kernel.cpp:294]   --->   Operation 40 'partselect' 'p_2' <Predicate = (icmp_ln287)> <Delay = 0.00>
ST_2 : Operation 41 [1/1] (0.00ns)   --->   "%p_3 = partselect i8 @_ssdm_op_PartSelect.i8.i128.i32.i32, i128 %data, i32 32, i32 39" [/users/arashs/U280_CRC_Accelerator/src/kernel.cpp:295]   --->   Operation 41 'partselect' 'p_3' <Predicate = (icmp_ln287)> <Delay = 0.00>
ST_2 : Operation 42 [1/1] (0.00ns)   --->   "%p_4 = partselect i8 @_ssdm_op_PartSelect.i8.i128.i32.i32, i128 %data, i32 40, i32 47" [/users/arashs/U280_CRC_Accelerator/src/kernel.cpp:296]   --->   Operation 42 'partselect' 'p_4' <Predicate = (icmp_ln287)> <Delay = 0.00>
ST_2 : Operation 43 [1/1] (0.00ns)   --->   "%p_5 = partselect i8 @_ssdm_op_PartSelect.i8.i128.i32.i32, i128 %data, i32 48, i32 55" [/users/arashs/U280_CRC_Accelerator/src/kernel.cpp:297]   --->   Operation 43 'partselect' 'p_5' <Predicate = (icmp_ln287)> <Delay = 0.00>
ST_2 : Operation 44 [1/1] (0.00ns)   --->   "%p_6 = partselect i8 @_ssdm_op_PartSelect.i8.i128.i32.i32, i128 %data, i32 56, i32 63" [/users/arashs/U280_CRC_Accelerator/src/kernel.cpp:298]   --->   Operation 44 'partselect' 'p_6' <Predicate = (icmp_ln287)> <Delay = 0.00>
ST_2 : Operation 45 [1/1] (0.00ns)   --->   "%p_7 = partselect i8 @_ssdm_op_PartSelect.i8.i128.i32.i32, i128 %data, i32 64, i32 71" [/users/arashs/U280_CRC_Accelerator/src/kernel.cpp:299]   --->   Operation 45 'partselect' 'p_7' <Predicate = (icmp_ln287)> <Delay = 0.00>
ST_2 : Operation 46 [1/1] (0.00ns)   --->   "%p_8 = partselect i8 @_ssdm_op_PartSelect.i8.i128.i32.i32, i128 %data, i32 72, i32 79" [/users/arashs/U280_CRC_Accelerator/src/kernel.cpp:300]   --->   Operation 46 'partselect' 'p_8' <Predicate = (icmp_ln287)> <Delay = 0.00>
ST_2 : Operation 47 [1/1] (0.00ns)   --->   "%p_9 = partselect i8 @_ssdm_op_PartSelect.i8.i128.i32.i32, i128 %data, i32 80, i32 87" [/users/arashs/U280_CRC_Accelerator/src/kernel.cpp:301]   --->   Operation 47 'partselect' 'p_9' <Predicate = (icmp_ln287)> <Delay = 0.00>
ST_2 : Operation 48 [1/1] (0.00ns)   --->   "%p_10 = partselect i8 @_ssdm_op_PartSelect.i8.i128.i32.i32, i128 %data, i32 88, i32 95" [/users/arashs/U280_CRC_Accelerator/src/kernel.cpp:302]   --->   Operation 48 'partselect' 'p_10' <Predicate = (icmp_ln287)> <Delay = 0.00>
ST_2 : Operation 49 [1/1] (0.00ns)   --->   "%p_11 = partselect i8 @_ssdm_op_PartSelect.i8.i128.i32.i32, i128 %data, i32 96, i32 103" [/users/arashs/U280_CRC_Accelerator/src/kernel.cpp:303]   --->   Operation 49 'partselect' 'p_11' <Predicate = (icmp_ln287)> <Delay = 0.00>
ST_2 : Operation 50 [1/1] (0.00ns)   --->   "%p_12 = partselect i8 @_ssdm_op_PartSelect.i8.i128.i32.i32, i128 %data, i32 104, i32 111" [/users/arashs/U280_CRC_Accelerator/src/kernel.cpp:304]   --->   Operation 50 'partselect' 'p_12' <Predicate = (icmp_ln287)> <Delay = 0.00>
ST_2 : Operation 51 [1/1] (0.00ns)   --->   "%p_13 = partselect i8 @_ssdm_op_PartSelect.i8.i128.i32.i32, i128 %data, i32 112, i32 119" [/users/arashs/U280_CRC_Accelerator/src/kernel.cpp:305]   --->   Operation 51 'partselect' 'p_13' <Predicate = (icmp_ln287)> <Delay = 0.00>
ST_2 : Operation 52 [1/1] (0.00ns)   --->   "%p_14 = partselect i8 @_ssdm_op_PartSelect.i8.i128.i32.i32, i128 %data, i32 120, i32 127" [/users/arashs/U280_CRC_Accelerator/src/kernel.cpp:306]   --->   Operation 52 'partselect' 'p_14' <Predicate = (icmp_ln287)> <Delay = 0.00>
ST_2 : Operation 73 [1/1] (0.00ns)   --->   "%ret_ln0 = ret"   --->   Operation 73 'ret' 'ret_ln0' <Predicate = (!icmp_ln287)> <Delay = 0.00>

State 3 <SV = 2> <Delay = 1.21>
ST_3 : Operation 53 [1/1] (0.00ns)   --->   "%specpipeline_ln289 = specpipeline void @_ssdm_op_SpecPipeline, i32 1, i32 0, i32 0, i32 0, void @empty_18" [/users/arashs/U280_CRC_Accelerator/src/kernel.cpp:289]   --->   Operation 53 'specpipeline' 'specpipeline_ln289' <Predicate = true> <Delay = 0.00>
ST_3 : Operation 54 [1/1] (0.00ns)   --->   "%speclooptripcount_ln287 = speclooptripcount void @_ssdm_op_SpecLoopTripCount, i64 0, i64 134217727, i64 67108863" [/users/arashs/U280_CRC_Accelerator/src/kernel.cpp:287]   --->   Operation 54 'speclooptripcount' 'speclooptripcount_ln287' <Predicate = true> <Delay = 0.00>
ST_3 : Operation 55 [1/1] (0.00ns)   --->   "%specloopname_ln287 = specloopname void @_ssdm_op_SpecLoopName, void @empty_10" [/users/arashs/U280_CRC_Accelerator/src/kernel.cpp:287]   --->   Operation 55 'specloopname' 'specloopname_ln287' <Predicate = true> <Delay = 0.00>
ST_3 : Operation 56 [1/1] (1.21ns)   --->   "%write_ln291 = write void @_ssdm_op_Write.ap_fifo.volatile.i8P0A, i8 %inByte0, i8 %trunc_ln291" [/users/arashs/U280_CRC_Accelerator/src/kernel.cpp:291]   --->   Operation 56 'write' 'write_ln291' <Predicate = true> <Delay = 1.21> <CoreInst = "FIFO_SRL">   --->   Core 81 'FIFO_SRL' <Latency = 0> <II = 1> <Delay = 1.35> <Storage> <Opcode : 'read' 'write' 'nbread' 'nbwrite'> <Ports = 0> <Width = 8> <Depth = 64> <FIFO>
ST_3 : Operation 57 [1/1] (1.21ns)   --->   "%write_ln292 = write void @_ssdm_op_Write.ap_fifo.volatile.i8P0A, i8 %inByte1, i8 %p_s" [/users/arashs/U280_CRC_Accelerator/src/kernel.cpp:292]   --->   Operation 57 'write' 'write_ln292' <Predicate = true> <Delay = 1.21> <CoreInst = "FIFO_SRL">   --->   Core 81 'FIFO_SRL' <Latency = 0> <II = 1> <Delay = 1.35> <Storage> <Opcode : 'read' 'write' 'nbread' 'nbwrite'> <Ports = 0> <Width = 8> <Depth = 64> <FIFO>
ST_3 : Operation 58 [1/1] (1.21ns)   --->   "%write_ln293 = write void @_ssdm_op_Write.ap_fifo.volatile.i8P0A, i8 %inByte2, i8 %p_1" [/users/arashs/U280_CRC_Accelerator/src/kernel.cpp:293]   --->   Operation 58 'write' 'write_ln293' <Predicate = true> <Delay = 1.21> <CoreInst = "FIFO_SRL">   --->   Core 81 'FIFO_SRL' <Latency = 0> <II = 1> <Delay = 1.35> <Storage> <Opcode : 'read' 'write' 'nbread' 'nbwrite'> <Ports = 0> <Width = 8> <Depth = 64> <FIFO>
ST_3 : Operation 59 [1/1] (1.21ns)   --->   "%write_ln294 = write void @_ssdm_op_Write.ap_fifo.volatile.i8P0A, i8 %inByte3, i8 %p_2" [/users/arashs/U280_CRC_Accelerator/src/kernel.cpp:294]   --->   Operation 59 'write' 'write_ln294' <Predicate = true> <Delay = 1.21> <CoreInst = "FIFO_SRL">   --->   Core 81 'FIFO_SRL' <Latency = 0> <II = 1> <Delay = 1.35> <Storage> <Opcode : 'read' 'write' 'nbread' 'nbwrite'> <Ports = 0> <Width = 8> <Depth = 64> <FIFO>
ST_3 : Operation 60 [1/1] (1.21ns)   --->   "%write_ln295 = write void @_ssdm_op_Write.ap_fifo.volatile.i8P0A, i8 %inByte4, i8 %p_3" [/users/arashs/U280_CRC_Accelerator/src/kernel.cpp:295]   --->   Operation 60 'write' 'write_ln295' <Predicate = true> <Delay = 1.21> <CoreInst = "FIFO_SRL">   --->   Core 81 'FIFO_SRL' <Latency = 0> <II = 1> <Delay = 1.35> <Storage> <Opcode : 'read' 'write' 'nbread' 'nbwrite'> <Ports = 0> <Width = 8> <Depth = 64> <FIFO>
ST_3 : Operation 61 [1/1] (1.21ns)   --->   "%write_ln296 = write void @_ssdm_op_Write.ap_fifo.volatile.i8P0A, i8 %inByte5, i8 %p_4" [/users/arashs/U280_CRC_Accelerator/src/kernel.cpp:296]   --->   Operation 61 'write' 'write_ln296' <Predicate = true> <Delay = 1.21> <CoreInst = "FIFO_SRL">   --->   Core 81 'FIFO_SRL' <Latency = 0> <II = 1> <Delay = 1.35> <Storage> <Opcode : 'read' 'write' 'nbread' 'nbwrite'> <Ports = 0> <Width = 8> <Depth = 64> <FIFO>
ST_3 : Operation 62 [1/1] (1.21ns)   --->   "%write_ln297 = write void @_ssdm_op_Write.ap_fifo.volatile.i8P0A, i8 %inByte6, i8 %p_5" [/users/arashs/U280_CRC_Accelerator/src/kernel.cpp:297]   --->   Operation 62 'write' 'write_ln297' <Predicate = true> <Delay = 1.21> <CoreInst = "FIFO_SRL">   --->   Core 81 'FIFO_SRL' <Latency = 0> <II = 1> <Delay = 1.35> <Storage> <Opcode : 'read' 'write' 'nbread' 'nbwrite'> <Ports = 0> <Width = 8> <Depth = 64> <FIFO>
ST_3 : Operation 63 [1/1] (1.21ns)   --->   "%write_ln298 = write void @_ssdm_op_Write.ap_fifo.volatile.i8P0A, i8 %inByte7, i8 %p_6" [/users/arashs/U280_CRC_Accelerator/src/kernel.cpp:298]   --->   Operation 63 'write' 'write_ln298' <Predicate = true> <Delay = 1.21> <CoreInst = "FIFO_SRL">   --->   Core 81 'FIFO_SRL' <Latency = 0> <II = 1> <Delay = 1.35> <Storage> <Opcode : 'read' 'write' 'nbread' 'nbwrite'> <Ports = 0> <Width = 8> <Depth = 64> <FIFO>
ST_3 : Operation 64 [1/1] (1.21ns)   --->   "%write_ln299 = write void @_ssdm_op_Write.ap_fifo.volatile.i8P0A, i8 %inByte8, i8 %p_7" [/users/arashs/U280_CRC_Accelerator/src/kernel.cpp:299]   --->   Operation 64 'write' 'write_ln299' <Predicate = true> <Delay = 1.21> <CoreInst = "FIFO_SRL">   --->   Core 81 'FIFO_SRL' <Latency = 0> <II = 1> <Delay = 1.35> <Storage> <Opcode : 'read' 'write' 'nbread' 'nbwrite'> <Ports = 0> <Width = 8> <Depth = 64> <FIFO>
ST_3 : Operation 65 [1/1] (1.21ns)   --->   "%write_ln300 = write void @_ssdm_op_Write.ap_fifo.volatile.i8P0A, i8 %inByte9, i8 %p_8" [/users/arashs/U280_CRC_Accelerator/src/kernel.cpp:300]   --->   Operation 65 'write' 'write_ln300' <Predicate = true> <Delay = 1.21> <CoreInst = "FIFO_SRL">   --->   Core 81 'FIFO_SRL' <Latency = 0> <II = 1> <Delay = 1.35> <Storage> <Opcode : 'read' 'write' 'nbread' 'nbwrite'> <Ports = 0> <Width = 8> <Depth = 64> <FIFO>
ST_3 : Operation 66 [1/1] (1.21ns)   --->   "%write_ln301 = write void @_ssdm_op_Write.ap_fifo.volatile.i8P0A, i8 %inByte10, i8 %p_9" [/users/arashs/U280_CRC_Accelerator/src/kernel.cpp:301]   --->   Operation 66 'write' 'write_ln301' <Predicate = true> <Delay = 1.21> <CoreInst = "FIFO_SRL">   --->   Core 81 'FIFO_SRL' <Latency = 0> <II = 1> <Delay = 1.35> <Storage> <Opcode : 'read' 'write' 'nbread' 'nbwrite'> <Ports = 0> <Width = 8> <Depth = 64> <FIFO>
ST_3 : Operation 67 [1/1] (1.21ns)   --->   "%write_ln302 = write void @_ssdm_op_Write.ap_fifo.volatile.i8P0A, i8 %inByte11, i8 %p_10" [/users/arashs/U280_CRC_Accelerator/src/kernel.cpp:302]   --->   Operation 67 'write' 'write_ln302' <Predicate = true> <Delay = 1.21> <CoreInst = "FIFO_SRL">   --->   Core 81 'FIFO_SRL' <Latency = 0> <II = 1> <Delay = 1.35> <Storage> <Opcode : 'read' 'write' 'nbread' 'nbwrite'> <Ports = 0> <Width = 8> <Depth = 64> <FIFO>
ST_3 : Operation 68 [1/1] (1.21ns)   --->   "%write_ln303 = write void @_ssdm_op_Write.ap_fifo.volatile.i8P0A, i8 %inByte12, i8 %p_11" [/users/arashs/U280_CRC_Accelerator/src/kernel.cpp:303]   --->   Operation 68 'write' 'write_ln303' <Predicate = true> <Delay = 1.21> <CoreInst = "FIFO_SRL">   --->   Core 81 'FIFO_SRL' <Latency = 0> <II = 1> <Delay = 1.35> <Storage> <Opcode : 'read' 'write' 'nbread' 'nbwrite'> <Ports = 0> <Width = 8> <Depth = 64> <FIFO>
ST_3 : Operation 69 [1/1] (1.21ns)   --->   "%write_ln304 = write void @_ssdm_op_Write.ap_fifo.volatile.i8P0A, i8 %inByte13, i8 %p_12" [/users/arashs/U280_CRC_Accelerator/src/kernel.cpp:304]   --->   Operation 69 'write' 'write_ln304' <Predicate = true> <Delay = 1.21> <CoreInst = "FIFO_SRL">   --->   Core 81 'FIFO_SRL' <Latency = 0> <II = 1> <Delay = 1.35> <Storage> <Opcode : 'read' 'write' 'nbread' 'nbwrite'> <Ports = 0> <Width = 8> <Depth = 64> <FIFO>
ST_3 : Operation 70 [1/1] (1.21ns)   --->   "%write_ln305 = write void @_ssdm_op_Write.ap_fifo.volatile.i8P0A, i8 %inByte14, i8 %p_13" [/users/arashs/U280_CRC_Accelerator/src/kernel.cpp:305]   --->   Operation 70 'write' 'write_ln305' <Predicate = true> <Delay = 1.21> <CoreInst = "FIFO_SRL">   --->   Core 81 'FIFO_SRL' <Latency = 0> <II = 1> <Delay = 1.35> <Storage> <Opcode : 'read' 'write' 'nbread' 'nbwrite'> <Ports = 0> <Width = 8> <Depth = 64> <FIFO>
ST_3 : Operation 71 [1/1] (1.21ns)   --->   "%write_ln306 = write void @_ssdm_op_Write.ap_fifo.volatile.i8P0A, i8 %inByte15, i8 %p_14" [/users/arashs/U280_CRC_Accelerator/src/kernel.cpp:306]   --->   Operation 71 'write' 'write_ln306' <Predicate = true> <Delay = 1.21> <CoreInst = "FIFO_SRL">   --->   Core 81 'FIFO_SRL' <Latency = 0> <II = 1> <Delay = 1.35> <Storage> <Opcode : 'read' 'write' 'nbread' 'nbwrite'> <Ports = 0> <Width = 8> <Depth = 64> <FIFO>
ST_3 : Operation 72 [1/1] (0.00ns)   --->   "%br_ln287 = br void %for.inc" [/users/arashs/U280_CRC_Accelerator/src/kernel.cpp:287]   --->   Operation 72 'br' 'br_ln287' <Predicate = true> <Delay = 0.00>


============================================================
+ Verbose Summary: Binding
============================================================
STG Binding: 
---------------- STG Properties BEGIN ----------------
- Is combinational: 0
- Is one-state seq: 0
- Is datapath-only: 0
- Is pipelined: 0
- Is top level: 0
Port [ Return ] is wired: 1; IO mode=ap_ctrl_hs:ce=0
Port [ gmem0]:  wired=1; compound=1; hidden=0; nouse=0; global=0; static=0; extern=0; dir=0; type=4; pingpong=0; private_global=0; IO mode=m_axi:ce=0
Port [ sext_ln287]:  wired=1; compound=0; hidden=0; nouse=0; global=0; static=0; extern=0; dir=0; type=0; pingpong=0; private_global=0; IO mode=ap_none:ce=0
Port [ loop_count]:  wired=1; compound=0; hidden=0; nouse=0; global=0; static=0; extern=0; dir=0; type=0; pingpong=0; private_global=0; IO mode=ap_none:ce=0
Port [ inByte0]:  wired=1; compound=1; hidden=0; nouse=0; global=0; static=0; extern=0; dir=1; type=3; pingpong=0; private_global=0; IO mode=ap_fifo:ce=0
Port [ inByte1]:  wired=1; compound=1; hidden=0; nouse=0; global=0; static=0; extern=0; dir=1; type=3; pingpong=0; private_global=0; IO mode=ap_fifo:ce=0
Port [ inByte2]:  wired=1; compound=1; hidden=0; nouse=0; global=0; static=0; extern=0; dir=1; type=3; pingpong=0; private_global=0; IO mode=ap_fifo:ce=0
Port [ inByte3]:  wired=1; compound=1; hidden=0; nouse=0; global=0; static=0; extern=0; dir=1; type=3; pingpong=0; private_global=0; IO mode=ap_fifo:ce=0
Port [ inByte4]:  wired=1; compound=1; hidden=0; nouse=0; global=0; static=0; extern=0; dir=1; type=3; pingpong=0; private_global=0; IO mode=ap_fifo:ce=0
Port [ inByte5]:  wired=1; compound=1; hidden=0; nouse=0; global=0; static=0; extern=0; dir=1; type=3; pingpong=0; private_global=0; IO mode=ap_fifo:ce=0
Port [ inByte6]:  wired=1; compound=1; hidden=0; nouse=0; global=0; static=0; extern=0; dir=1; type=3; pingpong=0; private_global=0; IO mode=ap_fifo:ce=0
Port [ inByte7]:  wired=1; compound=1; hidden=0; nouse=0; global=0; static=0; extern=0; dir=1; type=3; pingpong=0; private_global=0; IO mode=ap_fifo:ce=0
Port [ inByte8]:  wired=1; compound=1; hidden=0; nouse=0; global=0; static=0; extern=0; dir=1; type=3; pingpong=0; private_global=0; IO mode=ap_fifo:ce=0
Port [ inByte9]:  wired=1; compound=1; hidden=0; nouse=0; global=0; static=0; extern=0; dir=1; type=3; pingpong=0; private_global=0; IO mode=ap_fifo:ce=0
Port [ inByte10]:  wired=1; compound=1; hidden=0; nouse=0; global=0; static=0; extern=0; dir=1; type=3; pingpong=0; private_global=0; IO mode=ap_fifo:ce=0
Port [ inByte11]:  wired=1; compound=1; hidden=0; nouse=0; global=0; static=0; extern=0; dir=1; type=3; pingpong=0; private_global=0; IO mode=ap_fifo:ce=0
Port [ inByte12]:  wired=1; compound=1; hidden=0; nouse=0; global=0; static=0; extern=0; dir=1; type=3; pingpong=0; private_global=0; IO mode=ap_fifo:ce=0
Port [ inByte13]:  wired=1; compound=1; hidden=0; nouse=0; global=0; static=0; extern=0; dir=1; type=3; pingpong=0; private_global=0; IO mode=ap_fifo:ce=0
Port [ inByte14]:  wired=1; compound=1; hidden=0; nouse=0; global=0; static=0; extern=0; dir=1; type=3; pingpong=0; private_global=0; IO mode=ap_fifo:ce=0
Port [ inByte15]:  wired=1; compound=1; hidden=0; nouse=0; global=0; static=0; extern=0; dir=1; type=3; pingpong=0; private_global=0; IO mode=ap_fifo:ce=0
---------------- STG Properties END ------------------

---------------- Datapath Model BEGIN ----------------

<LifeTime>
<method=bitvector/>
i                       (alloca           ) [ 0100]
loop_count_read         (read             ) [ 0000]
sext_ln287_read         (read             ) [ 0000]
sext_ln287_cast         (sext             ) [ 0110]
specinterface_ln0       (specinterface    ) [ 0000]
specinterface_ln0       (specinterface    ) [ 0000]
specinterface_ln0       (specinterface    ) [ 0000]
specinterface_ln0       (specinterface    ) [ 0000]
specinterface_ln0       (specinterface    ) [ 0000]
specinterface_ln0       (specinterface    ) [ 0000]
specinterface_ln0       (specinterface    ) [ 0000]
specinterface_ln0       (specinterface    ) [ 0000]
specinterface_ln0       (specinterface    ) [ 0000]
specinterface_ln0       (specinterface    ) [ 0000]
specinterface_ln0       (specinterface    ) [ 0000]
specinterface_ln0       (specinterface    ) [ 0000]
specinterface_ln0       (specinterface    ) [ 0000]
specinterface_ln0       (specinterface    ) [ 0000]
specinterface_ln0       (specinterface    ) [ 0000]
specinterface_ln0       (specinterface    ) [ 0000]
specinterface_ln0       (specinterface    ) [ 0000]
store_ln0               (store            ) [ 0000]
br_ln0                  (br               ) [ 0000]
i_load                  (load             ) [ 0000]
zext_ln287              (zext             ) [ 0000]
icmp_ln287              (icmp             ) [ 0110]
add_ln287               (add              ) [ 0000]
br_ln287                (br               ) [ 0000]
store_ln287             (store            ) [ 0000]
gmem0_addr              (getelementptr    ) [ 0000]
data                    (read             ) [ 0000]
trunc_ln291             (trunc            ) [ 0101]
p_s                     (partselect       ) [ 0101]
p_1                     (partselect       ) [ 0101]
p_2                     (partselect       ) [ 0101]
p_3                     (partselect       ) [ 0101]
p_4                     (partselect       ) [ 0101]
p_5                     (partselect       ) [ 0101]
p_6                     (partselect       ) [ 0101]
p_7                     (partselect       ) [ 0101]
p_8                     (partselect       ) [ 0101]
p_9                     (partselect       ) [ 0101]
p_10                    (partselect       ) [ 0101]
p_11                    (partselect       ) [ 0101]
p_12                    (partselect       ) [ 0101]
p_13                    (partselect       ) [ 0101]
p_14                    (partselect       ) [ 0101]
specpipeline_ln289      (specpipeline     ) [ 0000]
speclooptripcount_ln287 (speclooptripcount) [ 0000]
specloopname_ln287      (specloopname     ) [ 0000]
write_ln291             (write            ) [ 0000]
write_ln292             (write            ) [ 0000]
write_ln293             (write            ) [ 0000]
write_ln294             (write            ) [ 0000]
write_ln295             (write            ) [ 0000]
write_ln296             (write            ) [ 0000]
write_ln297             (write            ) [ 0000]
write_ln298             (write            ) [ 0000]
write_ln299             (write            ) [ 0000]
write_ln300             (write            ) [ 0000]
write_ln301             (write            ) [ 0000]
write_ln302             (write            ) [ 0000]
write_ln303             (write            ) [ 0000]
write_ln304             (write            ) [ 0000]
write_ln305             (write            ) [ 0000]
write_ln306             (write            ) [ 0000]
br_ln287                (br               ) [ 0000]
ret_ln0                 (ret              ) [ 0000]
</LifeTime>

<model>

<comp_list>
<comp id="0" class="1000" name="gmem0">
<pin_list>
<pin id="1" dir="1" index="0" bw="1" slack="0"/>
</pin_list>
<bind>
<StgValue><ssdm name="gmem0"/></StgValue>
</bind>
</comp>

<comp id="2" class="1000" name="sext_ln287">
<pin_list>
<pin id="3" dir="1" index="0" bw="1" slack="0"/>
</pin_list>
<bind>
<StgValue><ssdm name="sext_ln287"/></StgValue>
</bind>
</comp>

<comp id="4" class="1000" name="loop_count">
<pin_list>
<pin id="5" dir="1" index="0" bw="1" slack="0"/>
</pin_list>
<bind>
<StgValue><ssdm name="loop_count"/></StgValue>
</bind>
</comp>

<comp id="6" class="1000" name="inByte0">
<pin_list>
<pin id="7" dir="1" index="0" bw="1" slack="0"/>
</pin_list>
<bind>
<StgValue><ssdm name="inByte0"/></StgValue>
</bind>
</comp>

<comp id="8" class="1000" name="inByte1">
<pin_list>
<pin id="9" dir="1" index="0" bw="1" slack="0"/>
</pin_list>
<bind>
<StgValue><ssdm name="inByte1"/></StgValue>
</bind>
</comp>

<comp id="10" class="1000" name="inByte2">
<pin_list>
<pin id="11" dir="1" index="0" bw="1" slack="0"/>
</pin_list>
<bind>
<StgValue><ssdm name="inByte2"/></StgValue>
</bind>
</comp>

<comp id="12" class="1000" name="inByte3">
<pin_list>
<pin id="13" dir="1" index="0" bw="1" slack="0"/>
</pin_list>
<bind>
<StgValue><ssdm name="inByte3"/></StgValue>
</bind>
</comp>

<comp id="14" class="1000" name="inByte4">
<pin_list>
<pin id="15" dir="1" index="0" bw="1" slack="0"/>
</pin_list>
<bind>
<StgValue><ssdm name="inByte4"/></StgValue>
</bind>
</comp>

<comp id="16" class="1000" name="inByte5">
<pin_list>
<pin id="17" dir="1" index="0" bw="1" slack="0"/>
</pin_list>
<bind>
<StgValue><ssdm name="inByte5"/></StgValue>
</bind>
</comp>

<comp id="18" class="1000" name="inByte6">
<pin_list>
<pin id="19" dir="1" index="0" bw="1" slack="0"/>
</pin_list>
<bind>
<StgValue><ssdm name="inByte6"/></StgValue>
</bind>
</comp>

<comp id="20" class="1000" name="inByte7">
<pin_list>
<pin id="21" dir="1" index="0" bw="1" slack="0"/>
</pin_list>
<bind>
<StgValue><ssdm name="inByte7"/></StgValue>
</bind>
</comp>

<comp id="22" class="1000" name="inByte8">
<pin_list>
<pin id="23" dir="1" index="0" bw="1" slack="0"/>
</pin_list>
<bind>
<StgValue><ssdm name="inByte8"/></StgValue>
</bind>
</comp>

<comp id="24" class="1000" name="inByte9">
<pin_list>
<pin id="25" dir="1" index="0" bw="1" slack="0"/>
</pin_list>
<bind>
<StgValue><ssdm name="inByte9"/></StgValue>
</bind>
</comp>

<comp id="26" class="1000" name="inByte10">
<pin_list>
<pin id="27" dir="1" index="0" bw="1" slack="0"/>
</pin_list>
<bind>
<StgValue><ssdm name="inByte10"/></StgValue>
</bind>
</comp>

<comp id="28" class="1000" name="inByte11">
<pin_list>
<pin id="29" dir="1" index="0" bw="1" slack="0"/>
</pin_list>
<bind>
<StgValue><ssdm name="inByte11"/></StgValue>
</bind>
</comp>

<comp id="30" class="1000" name="inByte12">
<pin_list>
<pin id="31" dir="1" index="0" bw="1" slack="0"/>
</pin_list>
<bind>
<StgValue><ssdm name="inByte12"/></StgValue>
</bind>
</comp>

<comp id="32" class="1000" name="inByte13">
<pin_list>
<pin id="33" dir="1" index="0" bw="1" slack="0"/>
</pin_list>
<bind>
<StgValue><ssdm name="inByte13"/></StgValue>
</bind>
</comp>

<comp id="34" class="1000" name="inByte14">
<pin_list>
<pin id="35" dir="1" index="0" bw="1" slack="0"/>
</pin_list>
<bind>
<StgValue><ssdm name="inByte14"/></StgValue>
</bind>
</comp>

<comp id="36" class="1000" name="inByte15">
<pin_list>
<pin id="37" dir="1" index="0" bw="1" slack="0"/>
</pin_list>
<bind>
<StgValue><ssdm name="inByte15"/></StgValue>
</bind>
</comp>

<comp id="38" class="1001" name="const_38">
<pin_list>
<pin id="39" dir="1" index="0" bw="1" slack="0"/>
</pin_list>
<bind>
<StgValue><ssdm name=""/></StgValue>
</bind>
</comp>

<comp id="40" class="1001" name="const_40">
<pin_list>
<pin id="41" dir="1" index="0" bw="1" slack="0"/>
</pin_list>
<bind>
<StgValue><ssdm name="_ssdm_op_Read.ap_auto.i29"/></StgValue>
</bind>
</comp>

<comp id="42" class="1001" name="const_42">
<pin_list>
<pin id="43" dir="1" index="0" bw="1" slack="0"/>
</pin_list>
<bind>
<StgValue><ssdm name="_ssdm_op_Read.ap_auto.i60"/></StgValue>
</bind>
</comp>

<comp id="44" class="1001" name="const_44">
<pin_list>
<pin id="45" dir="1" index="0" bw="1" slack="2147483647"/>
</pin_list>
<bind>
<StgValue><ssdm name="_ssdm_op_SpecInterface"/></StgValue>
</bind>
</comp>

<comp id="46" class="1001" name="const_46">
<pin_list>
<pin id="47" dir="1" index="0" bw="1" slack="2147483647"/>
</pin_list>
<bind>
<StgValue><ssdm name="empty_17"/></StgValue>
</bind>
</comp>

<comp id="48" class="1001" name="const_48">
<pin_list>
<pin id="49" dir="1" index="0" bw="1" slack="2147483647"/>
</pin_list>
<bind>
<StgValue><ssdm name=""/></StgValue>
</bind>
</comp>

<comp id="50" class="1001" name="const_50">
<pin_list>
<pin id="51" dir="1" index="0" bw="1" slack="2147483647"/>
</pin_list>
<bind>
<StgValue><ssdm name="empty_18"/></StgValue>
</bind>
</comp>

<comp id="52" class="1001" name="const_52">
<pin_list>
<pin id="53" dir="1" index="0" bw="1" slack="0"/>
</pin_list>
<bind>
<StgValue><ssdm name=""/></StgValue>
</bind>
</comp>

<comp id="54" class="1001" name="const_54">
<pin_list>
<pin id="55" dir="1" index="0" bw="1" slack="2147483647"/>
</pin_list>
<bind>
<StgValue><ssdm name=""/></StgValue>
</bind>
</comp>

<comp id="56" class="1001" name="const_56">
<pin_list>
<pin id="57" dir="1" index="0" bw="1" slack="2147483647"/>
</pin_list>
<bind>
<StgValue><ssdm name="empty_19"/></StgValue>
</bind>
</comp>

<comp id="58" class="1001" name="const_58">
<pin_list>
<pin id="59" dir="1" index="0" bw="1" slack="2147483647"/>
</pin_list>
<bind>
<StgValue><ssdm name="empty_4"/></StgValue>
</bind>
</comp>

<comp id="60" class="1001" name="const_60">
<pin_list>
<pin id="61" dir="1" index="0" bw="1" slack="0"/>
</pin_list>
<bind>
<StgValue><ssdm name=""/></StgValue>
</bind>
</comp>

<comp id="62" class="1001" name="const_62">
<pin_list>
<pin id="63" dir="1" index="0" bw="1" slack="2147483647"/>
</pin_list>
<bind>
<StgValue><ssdm name=""/></StgValue>
</bind>
</comp>

<comp id="64" class="1001" name="const_64">
<pin_list>
<pin id="65" dir="1" index="0" bw="1" slack="2147483647"/>
</pin_list>
<bind>
<StgValue><ssdm name="empty_5"/></StgValue>
</bind>
</comp>

<comp id="66" class="1001" name="const_66">
<pin_list>
<pin id="67" dir="1" index="0" bw="1" slack="0"/>
</pin_list>
<bind>
<StgValue><ssdm name=""/></StgValue>
</bind>
</comp>

<comp id="68" class="1001" name="const_68">
<pin_list>
<pin id="69" dir="1" index="0" bw="1" slack="0"/>
</pin_list>
<bind>
<StgValue><ssdm name=""/></StgValue>
</bind>
</comp>

<comp id="70" class="1001" name="const_70">
<pin_list>
<pin id="71" dir="1" index="0" bw="1" slack="0"/>
</pin_list>
<bind>
<StgValue><ssdm name="_ssdm_op_Read.m_axi.p1i128"/></StgValue>
</bind>
</comp>

<comp id="72" class="1001" name="const_72">
<pin_list>
<pin id="73" dir="1" index="0" bw="1" slack="0"/>
</pin_list>
<bind>
<StgValue><ssdm name="_ssdm_op_PartSelect.i8.i128.i32.i32"/></StgValue>
</bind>
</comp>

<comp id="74" class="1001" name="const_74">
<pin_list>
<pin id="75" dir="1" index="0" bw="1" slack="0"/>
</pin_list>
<bind>
<StgValue><ssdm name=""/></StgValue>
</bind>
</comp>

<comp id="76" class="1001" name="const_76">
<pin_list>
<pin id="77" dir="1" index="0" bw="1" slack="0"/>
</pin_list>
<bind>
<StgValue><ssdm name=""/></StgValue>
</bind>
</comp>

<comp id="78" class="1001" name="const_78">
<pin_list>
<pin id="79" dir="1" index="0" bw="1" slack="0"/>
</pin_list>
<bind>
<StgValue><ssdm name=""/></StgValue>
</bind>
</comp>

<comp id="80" class="1001" name="const_80">
<pin_list>
<pin id="81" dir="1" index="0" bw="1" slack="0"/>
</pin_list>
<bind>
<StgValue><ssdm name=""/></StgValue>
</bind>
</comp>

<comp id="82" class="1001" name="const_82">
<pin_list>
<pin id="83" dir="1" index="0" bw="1" slack="0"/>
</pin_list>
<bind>
<StgValue><ssdm name=""/></StgValue>
</bind>
</comp>

<comp id="84" class="1001" name="const_84">
<pin_list>
<pin id="85" dir="1" index="0" bw="1" slack="0"/>
</pin_list>
<bind>
<StgValue><ssdm name=""/></StgValue>
</bind>
</comp>

<comp id="86" class="1001" name="const_86">
<pin_list>
<pin id="87" dir="1" index="0" bw="1" slack="0"/>
</pin_list>
<bind>
<StgValue><ssdm name=""/></StgValue>
</bind>
</comp>

<comp id="88" class="1001" name="const_88">
<pin_list>
<pin id="89" dir="1" index="0" bw="1" slack="0"/>
</pin_list>
<bind>
<StgValue><ssdm name=""/></StgValue>
</bind>
</comp>

<comp id="90" class="1001" name="const_90">
<pin_list>
<pin id="91" dir="1" index="0" bw="1" slack="0"/>
</pin_list>
<bind>
<StgValue><ssdm name=""/></StgValue>
</bind>
</comp>

<comp id="92" class="1001" name="const_92">
<pin_list>
<pin id="93" dir="1" index="0" bw="1" slack="0"/>
</pin_list>
<bind>
<StgValue><ssdm name=""/></StgValue>
</bind>
</comp>

<comp id="94" class="1001" name="const_94">
<pin_list>
<pin id="95" dir="1" index="0" bw="1" slack="0"/>
</pin_list>
<bind>
<StgValue><ssdm name=""/></StgValue>
</bind>
</comp>

<comp id="96" class="1001" name="const_96">
<pin_list>
<pin id="97" dir="1" index="0" bw="1" slack="0"/>
</pin_list>
<bind>
<StgValue><ssdm name=""/></StgValue>
</bind>
</comp>

<comp id="98" class="1001" name="const_98">
<pin_list>
<pin id="99" dir="1" index="0" bw="1" slack="0"/>
</pin_list>
<bind>
<StgValue><ssdm name=""/></StgValue>
</bind>
</comp>

<comp id="100" class="1001" name="const_100">
<pin_list>
<pin id="101" dir="1" index="0" bw="1" slack="0"/>
</pin_list>
<bind>
<StgValue><ssdm name=""/></StgValue>
</bind>
</comp>

<comp id="102" class="1001" name="const_102">
<pin_list>
<pin id="103" dir="1" index="0" bw="1" slack="0"/>
</pin_list>
<bind>
<StgValue><ssdm name=""/></StgValue>
</bind>
</comp>

<comp id="104" class="1001" name="const_104">
<pin_list>
<pin id="105" dir="1" index="0" bw="1" slack="0"/>
</pin_list>
<bind>
<StgValue><ssdm name=""/></StgValue>
</bind>
</comp>

<comp id="106" class="1001" name="const_106">
<pin_list>
<pin id="107" dir="1" index="0" bw="1" slack="0"/>
</pin_list>
<bind>
<StgValue><ssdm name=""/></StgValue>
</bind>
</comp>

<comp id="108" class="1001" name="const_108">
<pin_list>
<pin id="109" dir="1" index="0" bw="1" slack="0"/>
</pin_list>
<bind>
<StgValue><ssdm name=""/></StgValue>
</bind>
</comp>

<comp id="110" class="1001" name="const_110">
<pin_list>
<pin id="111" dir="1" index="0" bw="1" slack="0"/>
</pin_list>
<bind>
<StgValue><ssdm name=""/></StgValue>
</bind>
</comp>

<comp id="112" class="1001" name="const_112">
<pin_list>
<pin id="113" dir="1" index="0" bw="1" slack="0"/>
</pin_list>
<bind>
<StgValue><ssdm name=""/></StgValue>
</bind>
</comp>

<comp id="114" class="1001" name="const_114">
<pin_list>
<pin id="115" dir="1" index="0" bw="1" slack="0"/>
</pin_list>
<bind>
<StgValue><ssdm name=""/></StgValue>
</bind>
</comp>

<comp id="116" class="1001" name="const_116">
<pin_list>
<pin id="117" dir="1" index="0" bw="1" slack="0"/>
</pin_list>
<bind>
<StgValue><ssdm name=""/></StgValue>
</bind>
</comp>

<comp id="118" class="1001" name="const_118">
<pin_list>
<pin id="119" dir="1" index="0" bw="1" slack="0"/>
</pin_list>
<bind>
<StgValue><ssdm name=""/></StgValue>
</bind>
</comp>

<comp id="120" class="1001" name="const_120">
<pin_list>
<pin id="121" dir="1" index="0" bw="1" slack="0"/>
</pin_list>
<bind>
<StgValue><ssdm name=""/></StgValue>
</bind>
</comp>

<comp id="122" class="1001" name="const_122">
<pin_list>
<pin id="123" dir="1" index="0" bw="1" slack="0"/>
</pin_list>
<bind>
<StgValue><ssdm name=""/></StgValue>
</bind>
</comp>

<comp id="124" class="1001" name="const_124">
<pin_list>
<pin id="125" dir="1" index="0" bw="1" slack="0"/>
</pin_list>
<bind>
<StgValue><ssdm name=""/></StgValue>
</bind>
</comp>

<comp id="126" class="1001" name="const_126">
<pin_list>
<pin id="127" dir="1" index="0" bw="1" slack="0"/>
</pin_list>
<bind>
<StgValue><ssdm name=""/></StgValue>
</bind>
</comp>

<comp id="128" class="1001" name="const_128">
<pin_list>
<pin id="129" dir="1" index="0" bw="1" slack="0"/>
</pin_list>
<bind>
<StgValue><ssdm name=""/></StgValue>
</bind>
</comp>

<comp id="130" class="1001" name="const_130">
<pin_list>
<pin id="131" dir="1" index="0" bw="1" slack="2147483647"/>
</pin_list>
<bind>
<StgValue><ssdm name="_ssdm_op_SpecPipeline"/></StgValue>
</bind>
</comp>

<comp id="132" class="1001" name="const_132">
<pin_list>
<pin id="133" dir="1" index="0" bw="1" slack="2147483647"/>
</pin_list>
<bind>
<StgValue><ssdm name="_ssdm_op_SpecLoopTripCount"/></StgValue>
</bind>
</comp>

<comp id="134" class="1001" name="const_134">
<pin_list>
<pin id="135" dir="1" index="0" bw="1" slack="2147483647"/>
</pin_list>
<bind>
<StgValue><ssdm name=""/></StgValue>
</bind>
</comp>

<comp id="136" class="1001" name="const_136">
<pin_list>
<pin id="137" dir="1" index="0" bw="1" slack="2147483647"/>
</pin_list>
<bind>
<StgValue><ssdm name=""/></StgValue>
</bind>
</comp>

<comp id="138" class="1001" name="const_138">
<pin_list>
<pin id="139" dir="1" index="0" bw="1" slack="2147483647"/>
</pin_list>
<bind>
<StgValue><ssdm name=""/></StgValue>
</bind>
</comp>

<comp id="140" class="1001" name="const_140">
<pin_list>
<pin id="141" dir="1" index="0" bw="1" slack="2147483647"/>
</pin_list>
<bind>
<StgValue><ssdm name="_ssdm_op_SpecLoopName"/></StgValue>
</bind>
</comp>

<comp id="142" class="1001" name="const_142">
<pin_list>
<pin id="143" dir="1" index="0" bw="1" slack="2147483647"/>
</pin_list>
<bind>
<StgValue><ssdm name="empty_10"/></StgValue>
</bind>
</comp>

<comp id="144" class="1001" name="const_144">
<pin_list>
<pin id="145" dir="1" index="0" bw="1" slack="0"/>
</pin_list>
<bind>
<StgValue><ssdm name="_ssdm_op_Write.ap_fifo.volatile.i8P0A"/></StgValue>
</bind>
</comp>

<comp id="146" class="1004" name="i_fu_146">
<pin_list>
<pin id="147" dir="0" index="0" bw="1" slack="0"/>
<pin id="148" dir="1" index="1" bw="28" slack="0"/>
</pin_list>
<bind>
<opcode="alloca(26) " fcode="alloca"/>
<opset="i/1 "/>
</bind>
</comp>

<comp id="150" class="1004" name="loop_count_read_read_fu_150">
<pin_list>
<pin id="151" dir="0" index="0" bw="29" slack="0"/>
<pin id="152" dir="0" index="1" bw="29" slack="0"/>
<pin id="153" dir="1" index="2" bw="29" slack="0"/>
</pin_list>
<bind>
<opcode="read(1150) " fcode="read"/>
<opset="loop_count_read/1 "/>
</bind>
</comp>

<comp id="156" class="1004" name="sext_ln287_read_read_fu_156">
<pin_list>
<pin id="157" dir="0" index="0" bw="60" slack="0"/>
<pin id="158" dir="0" index="1" bw="60" slack="0"/>
<pin id="159" dir="1" index="2" bw="60" slack="0"/>
</pin_list>
<bind>
<opcode="read(1150) " fcode="read"/>
<opset="sext_ln287_read/1 "/>
</bind>
</comp>

<comp id="162" class="1004" name="data_read_fu_162">
<pin_list>
<pin id="163" dir="0" index="0" bw="128" slack="0"/>
<pin id="164" dir="0" index="1" bw="128" slack="0"/>
<pin id="165" dir="1" index="2" bw="128" slack="0"/>
</pin_list>
<bind>
<opcode="read(1150) " fcode="read"/>
<opset="data/2 "/>
</bind>
</comp>

<comp id="167" class="1004" name="write_ln291_write_fu_167">
<pin_list>
<pin id="168" dir="0" index="0" bw="0" slack="0"/>
<pin id="169" dir="0" index="1" bw="8" slack="0"/>
<pin id="170" dir="0" index="2" bw="8" slack="1"/>
<pin id="171" dir="1" index="3" bw="0" slack="2147483647"/>
</pin_list>
<bind>
<opcode="write(1151) " fcode="write"/>
<opset="write_ln291/3 "/>
</bind>
</comp>

<comp id="174" class="1004" name="write_ln292_write_fu_174">
<pin_list>
<pin id="175" dir="0" index="0" bw="0" slack="0"/>
<pin id="176" dir="0" index="1" bw="8" slack="0"/>
<pin id="177" dir="0" index="2" bw="8" slack="1"/>
<pin id="178" dir="1" index="3" bw="0" slack="2147483647"/>
</pin_list>
<bind>
<opcode="write(1151) " fcode="write"/>
<opset="write_ln292/3 "/>
</bind>
</comp>

<comp id="181" class="1004" name="write_ln293_write_fu_181">
<pin_list>
<pin id="182" dir="0" index="0" bw="0" slack="0"/>
<pin id="183" dir="0" index="1" bw="8" slack="0"/>
<pin id="184" dir="0" index="2" bw="8" slack="1"/>
<pin id="185" dir="1" index="3" bw="0" slack="2147483647"/>
</pin_list>
<bind>
<opcode="write(1151) " fcode="write"/>
<opset="write_ln293/3 "/>
</bind>
</comp>

<comp id="188" class="1004" name="write_ln294_write_fu_188">
<pin_list>
<pin id="189" dir="0" index="0" bw="0" slack="0"/>
<pin id="190" dir="0" index="1" bw="8" slack="0"/>
<pin id="191" dir="0" index="2" bw="8" slack="1"/>
<pin id="192" dir="1" index="3" bw="0" slack="2147483647"/>
</pin_list>
<bind>
<opcode="write(1151) " fcode="write"/>
<opset="write_ln294/3 "/>
</bind>
</comp>

<comp id="195" class="1004" name="write_ln295_write_fu_195">
<pin_list>
<pin id="196" dir="0" index="0" bw="0" slack="0"/>
<pin id="197" dir="0" index="1" bw="8" slack="0"/>
<pin id="198" dir="0" index="2" bw="8" slack="1"/>
<pin id="199" dir="1" index="3" bw="0" slack="2147483647"/>
</pin_list>
<bind>
<opcode="write(1151) " fcode="write"/>
<opset="write_ln295/3 "/>
</bind>
</comp>

<comp id="202" class="1004" name="write_ln296_write_fu_202">
<pin_list>
<pin id="203" dir="0" index="0" bw="0" slack="0"/>
<pin id="204" dir="0" index="1" bw="8" slack="0"/>
<pin id="205" dir="0" index="2" bw="8" slack="1"/>
<pin id="206" dir="1" index="3" bw="0" slack="2147483647"/>
</pin_list>
<bind>
<opcode="write(1151) " fcode="write"/>
<opset="write_ln296/3 "/>
</bind>
</comp>

<comp id="209" class="1004" name="write_ln297_write_fu_209">
<pin_list>
<pin id="210" dir="0" index="0" bw="0" slack="0"/>
<pin id="211" dir="0" index="1" bw="8" slack="0"/>
<pin id="212" dir="0" index="2" bw="8" slack="1"/>
<pin id="213" dir="1" index="3" bw="0" slack="2147483647"/>
</pin_list>
<bind>
<opcode="write(1151) " fcode="write"/>
<opset="write_ln297/3 "/>
</bind>
</comp>

<comp id="216" class="1004" name="write_ln298_write_fu_216">
<pin_list>
<pin id="217" dir="0" index="0" bw="0" slack="0"/>
<pin id="218" dir="0" index="1" bw="8" slack="0"/>
<pin id="219" dir="0" index="2" bw="8" slack="1"/>
<pin id="220" dir="1" index="3" bw="0" slack="2147483647"/>
</pin_list>
<bind>
<opcode="write(1151) " fcode="write"/>
<opset="write_ln298/3 "/>
</bind>
</comp>

<comp id="223" class="1004" name="write_ln299_write_fu_223">
<pin_list>
<pin id="224" dir="0" index="0" bw="0" slack="0"/>
<pin id="225" dir="0" index="1" bw="8" slack="0"/>
<pin id="226" dir="0" index="2" bw="8" slack="1"/>
<pin id="227" dir="1" index="3" bw="0" slack="2147483647"/>
</pin_list>
<bind>
<opcode="write(1151) " fcode="write"/>
<opset="write_ln299/3 "/>
</bind>
</comp>

<comp id="230" class="1004" name="write_ln300_write_fu_230">
<pin_list>
<pin id="231" dir="0" index="0" bw="0" slack="0"/>
<pin id="232" dir="0" index="1" bw="8" slack="0"/>
<pin id="233" dir="0" index="2" bw="8" slack="1"/>
<pin id="234" dir="1" index="3" bw="0" slack="2147483647"/>
</pin_list>
<bind>
<opcode="write(1151) " fcode="write"/>
<opset="write_ln300/3 "/>
</bind>
</comp>

<comp id="237" class="1004" name="write_ln301_write_fu_237">
<pin_list>
<pin id="238" dir="0" index="0" bw="0" slack="0"/>
<pin id="239" dir="0" index="1" bw="8" slack="0"/>
<pin id="240" dir="0" index="2" bw="8" slack="1"/>
<pin id="241" dir="1" index="3" bw="0" slack="2147483647"/>
</pin_list>
<bind>
<opcode="write(1151) " fcode="write"/>
<opset="write_ln301/3 "/>
</bind>
</comp>

<comp id="244" class="1004" name="write_ln302_write_fu_244">
<pin_list>
<pin id="245" dir="0" index="0" bw="0" slack="0"/>
<pin id="246" dir="0" index="1" bw="8" slack="0"/>
<pin id="247" dir="0" index="2" bw="8" slack="1"/>
<pin id="248" dir="1" index="3" bw="0" slack="2147483647"/>
</pin_list>
<bind>
<opcode="write(1151) " fcode="write"/>
<opset="write_ln302/3 "/>
</bind>
</comp>

<comp id="251" class="1004" name="write_ln303_write_fu_251">
<pin_list>
<pin id="252" dir="0" index="0" bw="0" slack="0"/>
<pin id="253" dir="0" index="1" bw="8" slack="0"/>
<pin id="254" dir="0" index="2" bw="8" slack="1"/>
<pin id="255" dir="1" index="3" bw="0" slack="2147483647"/>
</pin_list>
<bind>
<opcode="write(1151) " fcode="write"/>
<opset="write_ln303/3 "/>
</bind>
</comp>

<comp id="258" class="1004" name="write_ln304_write_fu_258">
<pin_list>
<pin id="259" dir="0" index="0" bw="0" slack="0"/>
<pin id="260" dir="0" index="1" bw="8" slack="0"/>
<pin id="261" dir="0" index="2" bw="8" slack="1"/>
<pin id="262" dir="1" index="3" bw="0" slack="2147483647"/>
</pin_list>
<bind>
<opcode="write(1151) " fcode="write"/>
<opset="write_ln304/3 "/>
</bind>
</comp>

<comp id="265" class="1004" name="write_ln305_write_fu_265">
<pin_list>
<pin id="266" dir="0" index="0" bw="0" slack="0"/>
<pin id="267" dir="0" index="1" bw="8" slack="0"/>
<pin id="268" dir="0" index="2" bw="8" slack="1"/>
<pin id="269" dir="1" index="3" bw="0" slack="2147483647"/>
</pin_list>
<bind>
<opcode="write(1151) " fcode="write"/>
<opset="write_ln305/3 "/>
</bind>
</comp>

<comp id="272" class="1004" name="write_ln306_write_fu_272">
<pin_list>
<pin id="273" dir="0" index="0" bw="0" slack="0"/>
<pin id="274" dir="0" index="1" bw="8" slack="0"/>
<pin id="275" dir="0" index="2" bw="8" slack="1"/>
<pin id="276" dir="1" index="3" bw="0" slack="2147483647"/>
</pin_list>
<bind>
<opcode="write(1151) " fcode="write"/>
<opset="write_ln306/3 "/>
</bind>
</comp>

<comp id="279" class="1004" name="sext_ln287_cast_fu_279">
<pin_list>
<pin id="280" dir="0" index="0" bw="60" slack="0"/>
<pin id="281" dir="1" index="1" bw="64" slack="1"/>
</pin_list>
<bind>
<opcode="sext(35) " fcode="sext"/>
<opset="sext_ln287_cast/1 "/>
</bind>
</comp>

<comp id="283" class="1004" name="store_ln0_store_fu_283">
<pin_list>
<pin id="284" dir="0" index="0" bw="1" slack="0"/>
<pin id="285" dir="0" index="1" bw="28" slack="0"/>
<pin id="286" dir="1" index="2" bw="0" slack="2147483647"/>
</pin_list>
<bind>
<opcode="store(28) " fcode="store"/>
<opset="store_ln0/1 "/>
</bind>
</comp>

<comp id="288" class="1004" name="i_load_load_fu_288">
<pin_list>
<pin id="289" dir="0" index="0" bw="28" slack="0"/>
<pin id="290" dir="1" index="1" bw="28" slack="0"/>
</pin_list>
<bind>
<opcode="load(27) " fcode="load"/>
<opset="i_load/1 "/>
</bind>
</comp>

<comp id="291" class="1004" name="zext_ln287_fu_291">
<pin_list>
<pin id="292" dir="0" index="0" bw="28" slack="0"/>
<pin id="293" dir="1" index="1" bw="29" slack="0"/>
</pin_list>
<bind>
<opcode="zext(34) " fcode="zext"/>
<opset="zext_ln287/1 "/>
</bind>
</comp>

<comp id="295" class="1004" name="icmp_ln287_fu_295">
<pin_list>
<pin id="296" dir="0" index="0" bw="29" slack="0"/>
<pin id="297" dir="0" index="1" bw="29" slack="0"/>
<pin id="298" dir="1" index="2" bw="1" slack="1"/>
</pin_list>
<bind>
<opcode="icmp(45) " fcode="icmp"/>
<opset="icmp_ln287/1 "/>
</bind>
</comp>

<comp id="301" class="1004" name="add_ln287_fu_301">
<pin_list>
<pin id="302" dir="0" index="0" bw="28" slack="0"/>
<pin id="303" dir="0" index="1" bw="1" slack="0"/>
<pin id="304" dir="1" index="2" bw="28" slack="0"/>
</pin_list>
<bind>
<opcode="add(8) " fcode="add"/>
<opset="add_ln287/1 "/>
</bind>
</comp>

<comp id="307" class="1004" name="store_ln287_store_fu_307">
<pin_list>
<pin id="308" dir="0" index="0" bw="28" slack="0"/>
<pin id="309" dir="0" index="1" bw="28" slack="0"/>
<pin id="310" dir="1" index="2" bw="0" slack="2147483647"/>
</pin_list>
<bind>
<opcode="store(28) " fcode="store"/>
<opset="store_ln287/1 "/>
</bind>
</comp>

<comp id="312" class="1004" name="gmem0_addr_fu_312">
<pin_list>
<pin id="313" dir="0" index="0" bw="64" slack="0"/>
<pin id="314" dir="0" index="1" bw="64" slack="1"/>
<pin id="315" dir="1" index="2" bw="64" slack="0"/>
</pin_list>
<bind>
<opcode="getelementptr(29) " fcode="getelementptr"/>
<opset="gmem0_addr/2 "/>
</bind>
</comp>

<comp id="318" class="1004" name="trunc_ln291_fu_318">
<pin_list>
<pin id="319" dir="0" index="0" bw="128" slack="0"/>
<pin id="320" dir="1" index="1" bw="8" slack="1"/>
</pin_list>
<bind>
<opcode="trunc(33) " fcode="trunc"/>
<opset="trunc_ln291/2 "/>
</bind>
</comp>

<comp id="322" class="1004" name="p_s_fu_322">
<pin_list>
<pin id="323" dir="0" index="0" bw="8" slack="0"/>
<pin id="324" dir="0" index="1" bw="128" slack="0"/>
<pin id="325" dir="0" index="2" bw="5" slack="0"/>
<pin id="326" dir="0" index="3" bw="5" slack="0"/>
<pin id="327" dir="1" index="4" bw="8" slack="1"/>
</pin_list>
<bind>
<opcode="partselect(1002) " fcode="partselect"/>
<opset="p_s/2 "/>
</bind>
</comp>

<comp id="332" class="1004" name="p_1_fu_332">
<pin_list>
<pin id="333" dir="0" index="0" bw="8" slack="0"/>
<pin id="334" dir="0" index="1" bw="128" slack="0"/>
<pin id="335" dir="0" index="2" bw="6" slack="0"/>
<pin id="336" dir="0" index="3" bw="6" slack="0"/>
<pin id="337" dir="1" index="4" bw="8" slack="1"/>
</pin_list>
<bind>
<opcode="partselect(1002) " fcode="partselect"/>
<opset="p_1/2 "/>
</bind>
</comp>

<comp id="342" class="1004" name="p_2_fu_342">
<pin_list>
<pin id="343" dir="0" index="0" bw="8" slack="0"/>
<pin id="344" dir="0" index="1" bw="128" slack="0"/>
<pin id="345" dir="0" index="2" bw="6" slack="0"/>
<pin id="346" dir="0" index="3" bw="6" slack="0"/>
<pin id="347" dir="1" index="4" bw="8" slack="1"/>
</pin_list>
<bind>
<opcode="partselect(1002) " fcode="partselect"/>
<opset="p_2/2 "/>
</bind>
</comp>

<comp id="352" class="1004" name="p_3_fu_352">
<pin_list>
<pin id="353" dir="0" index="0" bw="8" slack="0"/>
<pin id="354" dir="0" index="1" bw="128" slack="0"/>
<pin id="355" dir="0" index="2" bw="7" slack="0"/>
<pin id="356" dir="0" index="3" bw="7" slack="0"/>
<pin id="357" dir="1" index="4" bw="8" slack="1"/>
</pin_list>
<bind>
<opcode="partselect(1002) " fcode="partselect"/>
<opset="p_3/2 "/>
</bind>
</comp>

<comp id="362" class="1004" name="p_4_fu_362">
<pin_list>
<pin id="363" dir="0" index="0" bw="8" slack="0"/>
<pin id="364" dir="0" index="1" bw="128" slack="0"/>
<pin id="365" dir="0" index="2" bw="7" slack="0"/>
<pin id="366" dir="0" index="3" bw="7" slack="0"/>
<pin id="367" dir="1" index="4" bw="8" slack="1"/>
</pin_list>
<bind>
<opcode="partselect(1002) " fcode="partselect"/>
<opset="p_4/2 "/>
</bind>
</comp>

<comp id="372" class="1004" name="p_5_fu_372">
<pin_list>
<pin id="373" dir="0" index="0" bw="8" slack="0"/>
<pin id="374" dir="0" index="1" bw="128" slack="0"/>
<pin id="375" dir="0" index="2" bw="7" slack="0"/>
<pin id="376" dir="0" index="3" bw="7" slack="0"/>
<pin id="377" dir="1" index="4" bw="8" slack="1"/>
</pin_list>
<bind>
<opcode="partselect(1002) " fcode="partselect"/>
<opset="p_5/2 "/>
</bind>
</comp>

<comp id="382" class="1004" name="p_6_fu_382">
<pin_list>
<pin id="383" dir="0" index="0" bw="8" slack="0"/>
<pin id="384" dir="0" index="1" bw="128" slack="0"/>
<pin id="385" dir="0" index="2" bw="7" slack="0"/>
<pin id="386" dir="0" index="3" bw="7" slack="0"/>
<pin id="387" dir="1" index="4" bw="8" slack="1"/>
</pin_list>
<bind>
<opcode="partselect(1002) " fcode="partselect"/>
<opset="p_6/2 "/>
</bind>
</comp>

<comp id="392" class="1004" name="p_7_fu_392">
<pin_list>
<pin id="393" dir="0" index="0" bw="8" slack="0"/>
<pin id="394" dir="0" index="1" bw="128" slack="0"/>
<pin id="395" dir="0" index="2" bw="8" slack="0"/>
<pin id="396" dir="0" index="3" bw="8" slack="0"/>
<pin id="397" dir="1" index="4" bw="8" slack="1"/>
</pin_list>
<bind>
<opcode="partselect(1002) " fcode="partselect"/>
<opset="p_7/2 "/>
</bind>
</comp>

<comp id="402" class="1004" name="p_8_fu_402">
<pin_list>
<pin id="403" dir="0" index="0" bw="8" slack="0"/>
<pin id="404" dir="0" index="1" bw="128" slack="0"/>
<pin id="405" dir="0" index="2" bw="8" slack="0"/>
<pin id="406" dir="0" index="3" bw="8" slack="0"/>
<pin id="407" dir="1" index="4" bw="8" slack="1"/>
</pin_list>
<bind>
<opcode="partselect(1002) " fcode="partselect"/>
<opset="p_8/2 "/>
</bind>
</comp>

<comp id="412" class="1004" name="p_9_fu_412">
<pin_list>
<pin id="413" dir="0" index="0" bw="8" slack="0"/>
<pin id="414" dir="0" index="1" bw="128" slack="0"/>
<pin id="415" dir="0" index="2" bw="8" slack="0"/>
<pin id="416" dir="0" index="3" bw="8" slack="0"/>
<pin id="417" dir="1" index="4" bw="8" slack="1"/>
</pin_list>
<bind>
<opcode="partselect(1002) " fcode="partselect"/>
<opset="p_9/2 "/>
</bind>
</comp>

<comp id="422" class="1004" name="p_10_fu_422">
<pin_list>
<pin id="423" dir="0" index="0" bw="8" slack="0"/>
<pin id="424" dir="0" index="1" bw="128" slack="0"/>
<pin id="425" dir="0" index="2" bw="8" slack="0"/>
<pin id="426" dir="0" index="3" bw="8" slack="0"/>
<pin id="427" dir="1" index="4" bw="8" slack="1"/>
</pin_list>
<bind>
<opcode="partselect(1002) " fcode="partselect"/>
<opset="p_10/2 "/>
</bind>
</comp>

<comp id="432" class="1004" name="p_11_fu_432">
<pin_list>
<pin id="433" dir="0" index="0" bw="8" slack="0"/>
<pin id="434" dir="0" index="1" bw="128" slack="0"/>
<pin id="435" dir="0" index="2" bw="8" slack="0"/>
<pin id="436" dir="0" index="3" bw="8" slack="0"/>
<pin id="437" dir="1" index="4" bw="8" slack="1"/>
</pin_list>
<bind>
<opcode="partselect(1002) " fcode="partselect"/>
<opset="p_11/2 "/>
</bind>
</comp>

<comp id="442" class="1004" name="p_12_fu_442">
<pin_list>
<pin id="443" dir="0" index="0" bw="8" slack="0"/>
<pin id="444" dir="0" index="1" bw="128" slack="0"/>
<pin id="445" dir="0" index="2" bw="8" slack="0"/>
<pin id="446" dir="0" index="3" bw="8" slack="0"/>
<pin id="447" dir="1" index="4" bw="8" slack="1"/>
</pin_list>
<bind>
<opcode="partselect(1002) " fcode="partselect"/>
<opset="p_12/2 "/>
</bind>
</comp>

<comp id="452" class="1004" name="p_13_fu_452">
<pin_list>
<pin id="453" dir="0" index="0" bw="8" slack="0"/>
<pin id="454" dir="0" index="1" bw="128" slack="0"/>
<pin id="455" dir="0" index="2" bw="8" slack="0"/>
<pin id="456" dir="0" index="3" bw="8" slack="0"/>
<pin id="457" dir="1" index="4" bw="8" slack="1"/>
</pin_list>
<bind>
<opcode="partselect(1002) " fcode="partselect"/>
<opset="p_13/2 "/>
</bind>
</comp>

<comp id="462" class="1004" name="p_14_fu_462">
<pin_list>
<pin id="463" dir="0" index="0" bw="8" slack="0"/>
<pin id="464" dir="0" index="1" bw="128" slack="0"/>
<pin id="465" dir="0" index="2" bw="8" slack="0"/>
<pin id="466" dir="0" index="3" bw="8" slack="0"/>
<pin id="467" dir="1" index="4" bw="8" slack="1"/>
</pin_list>
<bind>
<opcode="partselect(1002) " fcode="partselect"/>
<opset="p_14/2 "/>
</bind>
</comp>

<comp id="472" class="1005" name="i_reg_472">
<pin_list>
<pin id="473" dir="0" index="0" bw="28" slack="0"/>
<pin id="474" dir="1" index="1" bw="28" slack="0"/>
</pin_list>
<bind>
<opset="i "/>
</bind>
</comp>

<comp id="479" class="1005" name="sext_ln287_cast_reg_479">
<pin_list>
<pin id="480" dir="0" index="0" bw="64" slack="1"/>
<pin id="481" dir="1" index="1" bw="64" slack="1"/>
</pin_list>
<bind>
<opset="sext_ln287_cast "/>
</bind>
</comp>

<comp id="484" class="1005" name="icmp_ln287_reg_484">
<pin_list>
<pin id="485" dir="0" index="0" bw="1" slack="1"/>
<pin id="486" dir="1" index="1" bw="1" slack="2147483647"/>
</pin_list>
<bind>
<opset="icmp_ln287 "/>
</bind>
</comp>

<comp id="488" class="1005" name="trunc_ln291_reg_488">
<pin_list>
<pin id="489" dir="0" index="0" bw="8" slack="1"/>
<pin id="490" dir="1" index="1" bw="8" slack="1"/>
</pin_list>
<bind>
<opset="trunc_ln291 "/>
</bind>
</comp>

<comp id="493" class="1005" name="p_s_reg_493">
<pin_list>
<pin id="494" dir="0" index="0" bw="8" slack="1"/>
<pin id="495" dir="1" index="1" bw="8" slack="1"/>
</pin_list>
<bind>
<opset="p_s "/>
</bind>
</comp>

<comp id="498" class="1005" name="p_1_reg_498">
<pin_list>
<pin id="499" dir="0" index="0" bw="8" slack="1"/>
<pin id="500" dir="1" index="1" bw="8" slack="1"/>
</pin_list>
<bind>
<opset="p_1 "/>
</bind>
</comp>

<comp id="503" class="1005" name="p_2_reg_503">
<pin_list>
<pin id="504" dir="0" index="0" bw="8" slack="1"/>
<pin id="505" dir="1" index="1" bw="8" slack="1"/>
</pin_list>
<bind>
<opset="p_2 "/>
</bind>
</comp>

<comp id="508" class="1005" name="p_3_reg_508">
<pin_list>
<pin id="509" dir="0" index="0" bw="8" slack="1"/>
<pin id="510" dir="1" index="1" bw="8" slack="1"/>
</pin_list>
<bind>
<opset="p_3 "/>
</bind>
</comp>

<comp id="513" class="1005" name="p_4_reg_513">
<pin_list>
<pin id="514" dir="0" index="0" bw="8" slack="1"/>
<pin id="515" dir="1" index="1" bw="8" slack="1"/>
</pin_list>
<bind>
<opset="p_4 "/>
</bind>
</comp>

<comp id="518" class="1005" name="p_5_reg_518">
<pin_list>
<pin id="519" dir="0" index="0" bw="8" slack="1"/>
<pin id="520" dir="1" index="1" bw="8" slack="1"/>
</pin_list>
<bind>
<opset="p_5 "/>
</bind>
</comp>

<comp id="523" class="1005" name="p_6_reg_523">
<pin_list>
<pin id="524" dir="0" index="0" bw="8" slack="1"/>
<pin id="525" dir="1" index="1" bw="8" slack="1"/>
</pin_list>
<bind>
<opset="p_6 "/>
</bind>
</comp>

<comp id="528" class="1005" name="p_7_reg_528">
<pin_list>
<pin id="529" dir="0" index="0" bw="8" slack="1"/>
<pin id="530" dir="1" index="1" bw="8" slack="1"/>
</pin_list>
<bind>
<opset="p_7 "/>
</bind>
</comp>

<comp id="533" class="1005" name="p_8_reg_533">
<pin_list>
<pin id="534" dir="0" index="0" bw="8" slack="1"/>
<pin id="535" dir="1" index="1" bw="8" slack="1"/>
</pin_list>
<bind>
<opset="p_8 "/>
</bind>
</comp>

<comp id="538" class="1005" name="p_9_reg_538">
<pin_list>
<pin id="539" dir="0" index="0" bw="8" slack="1"/>
<pin id="540" dir="1" index="1" bw="8" slack="1"/>
</pin_list>
<bind>
<opset="p_9 "/>
</bind>
</comp>

<comp id="543" class="1005" name="p_10_reg_543">
<pin_list>
<pin id="544" dir="0" index="0" bw="8" slack="1"/>
<pin id="545" dir="1" index="1" bw="8" slack="1"/>
</pin_list>
<bind>
<opset="p_10 "/>
</bind>
</comp>

<comp id="548" class="1005" name="p_11_reg_548">
<pin_list>
<pin id="549" dir="0" index="0" bw="8" slack="1"/>
<pin id="550" dir="1" index="1" bw="8" slack="1"/>
</pin_list>
<bind>
<opset="p_11 "/>
</bind>
</comp>

<comp id="553" class="1005" name="p_12_reg_553">
<pin_list>
<pin id="554" dir="0" index="0" bw="8" slack="1"/>
<pin id="555" dir="1" index="1" bw="8" slack="1"/>
</pin_list>
<bind>
<opset="p_12 "/>
</bind>
</comp>

<comp id="558" class="1005" name="p_13_reg_558">
<pin_list>
<pin id="559" dir="0" index="0" bw="8" slack="1"/>
<pin id="560" dir="1" index="1" bw="8" slack="1"/>
</pin_list>
<bind>
<opset="p_13 "/>
</bind>
</comp>

<comp id="563" class="1005" name="p_14_reg_563">
<pin_list>
<pin id="564" dir="0" index="0" bw="8" slack="1"/>
<pin id="565" dir="1" index="1" bw="8" slack="1"/>
</pin_list>
<bind>
<opset="p_14 "/>
</bind>
</comp>

</comp_list>

<net_list>
<net id="149"><net_src comp="38" pin="0"/><net_sink comp="146" pin=0"/></net>

<net id="154"><net_src comp="40" pin="0"/><net_sink comp="150" pin=0"/></net>

<net id="155"><net_src comp="4" pin="0"/><net_sink comp="150" pin=1"/></net>

<net id="160"><net_src comp="42" pin="0"/><net_sink comp="156" pin=0"/></net>

<net id="161"><net_src comp="2" pin="0"/><net_sink comp="156" pin=1"/></net>

<net id="166"><net_src comp="70" pin="0"/><net_sink comp="162" pin=0"/></net>

<net id="172"><net_src comp="144" pin="0"/><net_sink comp="167" pin=0"/></net>

<net id="173"><net_src comp="6" pin="0"/><net_sink comp="167" pin=1"/></net>

<net id="179"><net_src comp="144" pin="0"/><net_sink comp="174" pin=0"/></net>

<net id="180"><net_src comp="8" pin="0"/><net_sink comp="174" pin=1"/></net>

<net id="186"><net_src comp="144" pin="0"/><net_sink comp="181" pin=0"/></net>

<net id="187"><net_src comp="10" pin="0"/><net_sink comp="181" pin=1"/></net>

<net id="193"><net_src comp="144" pin="0"/><net_sink comp="188" pin=0"/></net>

<net id="194"><net_src comp="12" pin="0"/><net_sink comp="188" pin=1"/></net>

<net id="200"><net_src comp="144" pin="0"/><net_sink comp="195" pin=0"/></net>

<net id="201"><net_src comp="14" pin="0"/><net_sink comp="195" pin=1"/></net>

<net id="207"><net_src comp="144" pin="0"/><net_sink comp="202" pin=0"/></net>

<net id="208"><net_src comp="16" pin="0"/><net_sink comp="202" pin=1"/></net>

<net id="214"><net_src comp="144" pin="0"/><net_sink comp="209" pin=0"/></net>

<net id="215"><net_src comp="18" pin="0"/><net_sink comp="209" pin=1"/></net>

<net id="221"><net_src comp="144" pin="0"/><net_sink comp="216" pin=0"/></net>

<net id="222"><net_src comp="20" pin="0"/><net_sink comp="216" pin=1"/></net>

<net id="228"><net_src comp="144" pin="0"/><net_sink comp="223" pin=0"/></net>

<net id="229"><net_src comp="22" pin="0"/><net_sink comp="223" pin=1"/></net>

<net id="235"><net_src comp="144" pin="0"/><net_sink comp="230" pin=0"/></net>

<net id="236"><net_src comp="24" pin="0"/><net_sink comp="230" pin=1"/></net>

<net id="242"><net_src comp="144" pin="0"/><net_sink comp="237" pin=0"/></net>

<net id="243"><net_src comp="26" pin="0"/><net_sink comp="237" pin=1"/></net>

<net id="249"><net_src comp="144" pin="0"/><net_sink comp="244" pin=0"/></net>

<net id="250"><net_src comp="28" pin="0"/><net_sink comp="244" pin=1"/></net>

<net id="256"><net_src comp="144" pin="0"/><net_sink comp="251" pin=0"/></net>

<net id="257"><net_src comp="30" pin="0"/><net_sink comp="251" pin=1"/></net>

<net id="263"><net_src comp="144" pin="0"/><net_sink comp="258" pin=0"/></net>

<net id="264"><net_src comp="32" pin="0"/><net_sink comp="258" pin=1"/></net>

<net id="270"><net_src comp="144" pin="0"/><net_sink comp="265" pin=0"/></net>

<net id="271"><net_src comp="34" pin="0"/><net_sink comp="265" pin=1"/></net>

<net id="277"><net_src comp="144" pin="0"/><net_sink comp="272" pin=0"/></net>

<net id="278"><net_src comp="36" pin="0"/><net_sink comp="272" pin=1"/></net>

<net id="282"><net_src comp="156" pin="2"/><net_sink comp="279" pin=0"/></net>

<net id="287"><net_src comp="66" pin="0"/><net_sink comp="283" pin=0"/></net>

<net id="294"><net_src comp="288" pin="1"/><net_sink comp="291" pin=0"/></net>

<net id="299"><net_src comp="291" pin="1"/><net_sink comp="295" pin=0"/></net>

<net id="300"><net_src comp="150" pin="2"/><net_sink comp="295" pin=1"/></net>

<net id="305"><net_src comp="288" pin="1"/><net_sink comp="301" pin=0"/></net>

<net id="306"><net_src comp="68" pin="0"/><net_sink comp="301" pin=1"/></net>

<net id="311"><net_src comp="301" pin="2"/><net_sink comp="307" pin=0"/></net>

<net id="316"><net_src comp="0" pin="0"/><net_sink comp="312" pin=0"/></net>

<net id="317"><net_src comp="312" pin="2"/><net_sink comp="162" pin=1"/></net>

<net id="321"><net_src comp="162" pin="2"/><net_sink comp="318" pin=0"/></net>

<net id="328"><net_src comp="72" pin="0"/><net_sink comp="322" pin=0"/></net>

<net id="329"><net_src comp="162" pin="2"/><net_sink comp="322" pin=1"/></net>

<net id="330"><net_src comp="74" pin="0"/><net_sink comp="322" pin=2"/></net>

<net id="331"><net_src comp="76" pin="0"/><net_sink comp="322" pin=3"/></net>

<net id="338"><net_src comp="72" pin="0"/><net_sink comp="332" pin=0"/></net>

<net id="339"><net_src comp="162" pin="2"/><net_sink comp="332" pin=1"/></net>

<net id="340"><net_src comp="60" pin="0"/><net_sink comp="332" pin=2"/></net>

<net id="341"><net_src comp="78" pin="0"/><net_sink comp="332" pin=3"/></net>

<net id="348"><net_src comp="72" pin="0"/><net_sink comp="342" pin=0"/></net>

<net id="349"><net_src comp="162" pin="2"/><net_sink comp="342" pin=1"/></net>

<net id="350"><net_src comp="80" pin="0"/><net_sink comp="342" pin=2"/></net>

<net id="351"><net_src comp="82" pin="0"/><net_sink comp="342" pin=3"/></net>

<net id="358"><net_src comp="72" pin="0"/><net_sink comp="352" pin=0"/></net>

<net id="359"><net_src comp="162" pin="2"/><net_sink comp="352" pin=1"/></net>

<net id="360"><net_src comp="84" pin="0"/><net_sink comp="352" pin=2"/></net>

<net id="361"><net_src comp="86" pin="0"/><net_sink comp="352" pin=3"/></net>

<net id="368"><net_src comp="72" pin="0"/><net_sink comp="362" pin=0"/></net>

<net id="369"><net_src comp="162" pin="2"/><net_sink comp="362" pin=1"/></net>

<net id="370"><net_src comp="88" pin="0"/><net_sink comp="362" pin=2"/></net>

<net id="371"><net_src comp="90" pin="0"/><net_sink comp="362" pin=3"/></net>

<net id="378"><net_src comp="72" pin="0"/><net_sink comp="372" pin=0"/></net>

<net id="379"><net_src comp="162" pin="2"/><net_sink comp="372" pin=1"/></net>

<net id="380"><net_src comp="92" pin="0"/><net_sink comp="372" pin=2"/></net>

<net id="381"><net_src comp="94" pin="0"/><net_sink comp="372" pin=3"/></net>

<net id="388"><net_src comp="72" pin="0"/><net_sink comp="382" pin=0"/></net>

<net id="389"><net_src comp="162" pin="2"/><net_sink comp="382" pin=1"/></net>

<net id="390"><net_src comp="96" pin="0"/><net_sink comp="382" pin=2"/></net>

<net id="391"><net_src comp="98" pin="0"/><net_sink comp="382" pin=3"/></net>

<net id="398"><net_src comp="72" pin="0"/><net_sink comp="392" pin=0"/></net>

<net id="399"><net_src comp="162" pin="2"/><net_sink comp="392" pin=1"/></net>

<net id="400"><net_src comp="52" pin="0"/><net_sink comp="392" pin=2"/></net>

<net id="401"><net_src comp="100" pin="0"/><net_sink comp="392" pin=3"/></net>

<net id="408"><net_src comp="72" pin="0"/><net_sink comp="402" pin=0"/></net>

<net id="409"><net_src comp="162" pin="2"/><net_sink comp="402" pin=1"/></net>

<net id="410"><net_src comp="102" pin="0"/><net_sink comp="402" pin=2"/></net>

<net id="411"><net_src comp="104" pin="0"/><net_sink comp="402" pin=3"/></net>

<net id="418"><net_src comp="72" pin="0"/><net_sink comp="412" pin=0"/></net>

<net id="419"><net_src comp="162" pin="2"/><net_sink comp="412" pin=1"/></net>

<net id="420"><net_src comp="106" pin="0"/><net_sink comp="412" pin=2"/></net>

<net id="421"><net_src comp="108" pin="0"/><net_sink comp="412" pin=3"/></net>

<net id="428"><net_src comp="72" pin="0"/><net_sink comp="422" pin=0"/></net>

<net id="429"><net_src comp="162" pin="2"/><net_sink comp="422" pin=1"/></net>

<net id="430"><net_src comp="110" pin="0"/><net_sink comp="422" pin=2"/></net>

<net id="431"><net_src comp="112" pin="0"/><net_sink comp="422" pin=3"/></net>

<net id="438"><net_src comp="72" pin="0"/><net_sink comp="432" pin=0"/></net>

<net id="439"><net_src comp="162" pin="2"/><net_sink comp="432" pin=1"/></net>

<net id="440"><net_src comp="114" pin="0"/><net_sink comp="432" pin=2"/></net>

<net id="441"><net_src comp="116" pin="0"/><net_sink comp="432" pin=3"/></net>

<net id="448"><net_src comp="72" pin="0"/><net_sink comp="442" pin=0"/></net>

<net id="449"><net_src comp="162" pin="2"/><net_sink comp="442" pin=1"/></net>

<net id="450"><net_src comp="118" pin="0"/><net_sink comp="442" pin=2"/></net>

<net id="451"><net_src comp="120" pin="0"/><net_sink comp="442" pin=3"/></net>

<net id="458"><net_src comp="72" pin="0"/><net_sink comp="452" pin=0"/></net>

<net id="459"><net_src comp="162" pin="2"/><net_sink comp="452" pin=1"/></net>

<net id="460"><net_src comp="122" pin="0"/><net_sink comp="452" pin=2"/></net>

<net id="461"><net_src comp="124" pin="0"/><net_sink comp="452" pin=3"/></net>

<net id="468"><net_src comp="72" pin="0"/><net_sink comp="462" pin=0"/></net>

<net id="469"><net_src comp="162" pin="2"/><net_sink comp="462" pin=1"/></net>

<net id="470"><net_src comp="126" pin="0"/><net_sink comp="462" pin=2"/></net>

<net id="471"><net_src comp="128" pin="0"/><net_sink comp="462" pin=3"/></net>

<net id="475"><net_src comp="146" pin="1"/><net_sink comp="472" pin=0"/></net>

<net id="476"><net_src comp="472" pin="1"/><net_sink comp="283" pin=1"/></net>

<net id="477"><net_src comp="472" pin="1"/><net_sink comp="288" pin=0"/></net>

<net id="478"><net_src comp="472" pin="1"/><net_sink comp="307" pin=1"/></net>

<net id="482"><net_src comp="279" pin="1"/><net_sink comp="479" pin=0"/></net>

<net id="483"><net_src comp="479" pin="1"/><net_sink comp="312" pin=1"/></net>

<net id="487"><net_src comp="295" pin="2"/><net_sink comp="484" pin=0"/></net>

<net id="491"><net_src comp="318" pin="1"/><net_sink comp="488" pin=0"/></net>

<net id="492"><net_src comp="488" pin="1"/><net_sink comp="167" pin=2"/></net>

<net id="496"><net_src comp="322" pin="4"/><net_sink comp="493" pin=0"/></net>

<net id="497"><net_src comp="493" pin="1"/><net_sink comp="174" pin=2"/></net>

<net id="501"><net_src comp="332" pin="4"/><net_sink comp="498" pin=0"/></net>

<net id="502"><net_src comp="498" pin="1"/><net_sink comp="181" pin=2"/></net>

<net id="506"><net_src comp="342" pin="4"/><net_sink comp="503" pin=0"/></net>

<net id="507"><net_src comp="503" pin="1"/><net_sink comp="188" pin=2"/></net>

<net id="511"><net_src comp="352" pin="4"/><net_sink comp="508" pin=0"/></net>

<net id="512"><net_src comp="508" pin="1"/><net_sink comp="195" pin=2"/></net>

<net id="516"><net_src comp="362" pin="4"/><net_sink comp="513" pin=0"/></net>

<net id="517"><net_src comp="513" pin="1"/><net_sink comp="202" pin=2"/></net>

<net id="521"><net_src comp="372" pin="4"/><net_sink comp="518" pin=0"/></net>

<net id="522"><net_src comp="518" pin="1"/><net_sink comp="209" pin=2"/></net>

<net id="526"><net_src comp="382" pin="4"/><net_sink comp="523" pin=0"/></net>

<net id="527"><net_src comp="523" pin="1"/><net_sink comp="216" pin=2"/></net>

<net id="531"><net_src comp="392" pin="4"/><net_sink comp="528" pin=0"/></net>

<net id="532"><net_src comp="528" pin="1"/><net_sink comp="223" pin=2"/></net>

<net id="536"><net_src comp="402" pin="4"/><net_sink comp="533" pin=0"/></net>

<net id="537"><net_src comp="533" pin="1"/><net_sink comp="230" pin=2"/></net>

<net id="541"><net_src comp="412" pin="4"/><net_sink comp="538" pin=0"/></net>

<net id="542"><net_src comp="538" pin="1"/><net_sink comp="237" pin=2"/></net>

<net id="546"><net_src comp="422" pin="4"/><net_sink comp="543" pin=0"/></net>

<net id="547"><net_src comp="543" pin="1"/><net_sink comp="244" pin=2"/></net>

<net id="551"><net_src comp="432" pin="4"/><net_sink comp="548" pin=0"/></net>

<net id="552"><net_src comp="548" pin="1"/><net_sink comp="251" pin=2"/></net>

<net id="556"><net_src comp="442" pin="4"/><net_sink comp="553" pin=0"/></net>

<net id="557"><net_src comp="553" pin="1"/><net_sink comp="258" pin=2"/></net>

<net id="561"><net_src comp="452" pin="4"/><net_sink comp="558" pin=0"/></net>

<net id="562"><net_src comp="558" pin="1"/><net_sink comp="265" pin=2"/></net>

<net id="566"><net_src comp="462" pin="4"/><net_sink comp="563" pin=0"/></net>

<net id="567"><net_src comp="563" pin="1"/><net_sink comp="272" pin=2"/></net>

</net_list>

</model> 
---------------- Datapath Model END ------------------

* FSMD analyzer results:
  - Output states:
	Port: gmem0 | {}
	Port: inByte0 | {3 }
	Port: inByte1 | {3 }
	Port: inByte2 | {3 }
	Port: inByte3 | {3 }
	Port: inByte4 | {3 }
	Port: inByte5 | {3 }
	Port: inByte6 | {3 }
	Port: inByte7 | {3 }
	Port: inByte8 | {3 }
	Port: inByte9 | {3 }
	Port: inByte10 | {3 }
	Port: inByte11 | {3 }
	Port: inByte12 | {3 }
	Port: inByte13 | {3 }
	Port: inByte14 | {3 }
	Port: inByte15 | {3 }
 - Input state : 
	Port: read_input_Pipeline_mem_rd : gmem0 | {2 }
	Port: read_input_Pipeline_mem_rd : sext_ln287 | {1 }
	Port: read_input_Pipeline_mem_rd : loop_count | {1 }
	Port: read_input_Pipeline_mem_rd : inByte0 | {}
	Port: read_input_Pipeline_mem_rd : inByte1 | {}
	Port: read_input_Pipeline_mem_rd : inByte2 | {}
	Port: read_input_Pipeline_mem_rd : inByte3 | {}
	Port: read_input_Pipeline_mem_rd : inByte4 | {}
	Port: read_input_Pipeline_mem_rd : inByte5 | {}
	Port: read_input_Pipeline_mem_rd : inByte6 | {}
	Port: read_input_Pipeline_mem_rd : inByte7 | {}
	Port: read_input_Pipeline_mem_rd : inByte8 | {}
	Port: read_input_Pipeline_mem_rd : inByte9 | {}
	Port: read_input_Pipeline_mem_rd : inByte10 | {}
	Port: read_input_Pipeline_mem_rd : inByte11 | {}
	Port: read_input_Pipeline_mem_rd : inByte12 | {}
	Port: read_input_Pipeline_mem_rd : inByte13 | {}
	Port: read_input_Pipeline_mem_rd : inByte14 | {}
	Port: read_input_Pipeline_mem_rd : inByte15 | {}
  - Chain level:
	State 1
		store_ln0 : 1
		i_load : 1
		zext_ln287 : 2
		icmp_ln287 : 3
		add_ln287 : 2
		br_ln287 : 4
		store_ln287 : 3
	State 2
		data : 1
		trunc_ln291 : 1
		p_s : 1
		p_1 : 1
		p_2 : 1
		p_3 : 1
		p_4 : 1
		p_5 : 1
		p_6 : 1
		p_7 : 1
		p_8 : 1
		p_9 : 1
		p_10 : 1
		p_11 : 1
		p_12 : 1
		p_13 : 1
		p_14 : 1
	State 3


============================================================
+ Verbose Summary: Datapath Resource usage 
============================================================

* Functional unit list:
|----------|-----------------------------|---------|---------|
| Operation|       Functional Unit       |    FF   |   LUT   |
|----------|-----------------------------|---------|---------|
|   icmp   |      icmp_ln287_fu_295      |    0    |    36   |
|----------|-----------------------------|---------|---------|
|    add   |       add_ln287_fu_301      |    0    |    35   |
|----------|-----------------------------|---------|---------|
|          | loop_count_read_read_fu_150 |    0    |    0    |
|   read   | sext_ln287_read_read_fu_156 |    0    |    0    |
|          |       data_read_fu_162      |    0    |    0    |
|----------|-----------------------------|---------|---------|
|          |   write_ln291_write_fu_167  |    0    |    0    |
|          |   write_ln292_write_fu_174  |    0    |    0    |
|          |   write_ln293_write_fu_181  |    0    |    0    |
|          |   write_ln294_write_fu_188  |    0    |    0    |
|          |   write_ln295_write_fu_195  |    0    |    0    |
|          |   write_ln296_write_fu_202  |    0    |    0    |
|          |   write_ln297_write_fu_209  |    0    |    0    |
|   write  |   write_ln298_write_fu_216  |    0    |    0    |
|          |   write_ln299_write_fu_223  |    0    |    0    |
|          |   write_ln300_write_fu_230  |    0    |    0    |
|          |   write_ln301_write_fu_237  |    0    |    0    |
|          |   write_ln302_write_fu_244  |    0    |    0    |
|          |   write_ln303_write_fu_251  |    0    |    0    |
|          |   write_ln304_write_fu_258  |    0    |    0    |
|          |   write_ln305_write_fu_265  |    0    |    0    |
|          |   write_ln306_write_fu_272  |    0    |    0    |
|----------|-----------------------------|---------|---------|
|   sext   |    sext_ln287_cast_fu_279   |    0    |    0    |
|----------|-----------------------------|---------|---------|
|   zext   |      zext_ln287_fu_291      |    0    |    0    |
|----------|-----------------------------|---------|---------|
|   trunc  |      trunc_ln291_fu_318     |    0    |    0    |
|----------|-----------------------------|---------|---------|
|          |          p_s_fu_322         |    0    |    0    |
|          |          p_1_fu_332         |    0    |    0    |
|          |          p_2_fu_342         |    0    |    0    |
|          |          p_3_fu_352         |    0    |    0    |
|          |          p_4_fu_362         |    0    |    0    |
|          |          p_5_fu_372         |    0    |    0    |
|          |          p_6_fu_382         |    0    |    0    |
|partselect|          p_7_fu_392         |    0    |    0    |
|          |          p_8_fu_402         |    0    |    0    |
|          |          p_9_fu_412         |    0    |    0    |
|          |         p_10_fu_422         |    0    |    0    |
|          |         p_11_fu_432         |    0    |    0    |
|          |         p_12_fu_442         |    0    |    0    |
|          |         p_13_fu_452         |    0    |    0    |
|          |         p_14_fu_462         |    0    |    0    |
|----------|-----------------------------|---------|---------|
|   Total  |                             |    0    |    71   |
|----------|-----------------------------|---------|---------|

Memories:
N/A

* Register list:
+-----------------------+--------+
|                       |   FF   |
+-----------------------+--------+
|       i_reg_472       |   28   |
|   icmp_ln287_reg_484  |    1   |
|      p_10_reg_543     |    8   |
|      p_11_reg_548     |    8   |
|      p_12_reg_553     |    8   |
|      p_13_reg_558     |    8   |
|      p_14_reg_563     |    8   |
|      p_1_reg_498      |    8   |
|      p_2_reg_503      |    8   |
|      p_3_reg_508      |    8   |
|      p_4_reg_513      |    8   |
|      p_5_reg_518      |    8   |
|      p_6_reg_523      |    8   |
|      p_7_reg_528      |    8   |
|      p_8_reg_533      |    8   |
|      p_9_reg_538      |    8   |
|      p_s_reg_493      |    8   |
|sext_ln287_cast_reg_479|   64   |
|  trunc_ln291_reg_488  |    8   |
+-----------------------+--------+
|         Total         |   221  |
+-----------------------+--------+

* Multiplexer (MUX) list: 
|--------|------|------|------|--------|
|  Comp  |  Pin | Size |  BW  | S x BW |
|--------|------|------|------|--------|
|  Total |      |      |      |    0   |
|--------|------|------|------|--------|



* Summary:
+-----------+--------+--------+
|           |   FF   |   LUT  |
+-----------+--------+--------+
|  Function |    0   |   71   |
|   Memory  |    -   |    -   |
|Multiplexer|    -   |    -   |
|  Register |   221  |    -   |
+-----------+--------+--------+
|   Total   |   221  |   71   |
+-----------+--------+--------+
