

================================================================
== Vitis HLS Report for 'process_tcp_checksum_Pipeline_vec_word_loop'
================================================================
* Date:           Thu Apr  2 18:18:21 2026

* Version:        2022.1 (Build 3526262 on Mon Apr 18 15:47:01 MDT 2022)
* Project:        calculate_tcp_checksum
* Solution:       solution (Vitis Kernel Flow Target)
* Product family: virtexuplus
* Target device:  xcu280-fsvh2892-2L-e


================================================================
== Performance Estimates
================================================================
+ Timing: 
    * Summary: 
    +--------+---------+----------+------------+
    |  Clock |  Target | Estimated| Uncertainty|
    +--------+---------+----------+------------+
    |ap_clk  |  3.33 ns|  2.433 ns|     0.90 ns|
    +--------+---------+----------+------------+

+ Latency: 
    * Summary: 
    +---------+---------+-----------+----------+-----+-----+---------+
    |  Latency (cycles) |  Latency (absolute)  |  Interval | Pipeline|
    |   min   |   max   |    min    |    max   | min | max |   Type  |
    +---------+---------+-----------+----------+-----+-----+---------+
    |        6|        ?|  19.998 ns|         ?|    6|    ?|       no|
    +---------+---------+-----------+----------+-----+-----+---------+

    + Detail: 
        * Instance: 
        N/A

        * Loop: 
        +-----------------+---------+---------+----------+-----------+-----------+-------+----------+
        |                 |  Latency (cycles) | Iteration|  Initiation Interval  |  Trip |          |
        |    Loop Name    |   min   |   max   |  Latency |  achieved |   target  | Count | Pipelined|
        +-----------------+---------+---------+----------+-----------+-----------+-------+----------+
        |- vec_word_loop  |        4|        ?|         5|          1|          1|  1 ~ ?|       yes|
        +-----------------+---------+---------+----------+-----------+-----------+-------+----------+



================================================================
== Utilization Estimates
================================================================
* Summary: 
+---------------------+---------+------+---------+---------+-----+
|         Name        | BRAM_18K|  DSP |    FF   |   LUT   | URAM|
+---------------------+---------+------+---------+---------+-----+
|DSP                  |        -|     -|        -|        -|    -|
|Expression           |        -|     -|        0|      880|    -|
|FIFO                 |        -|     -|        -|        -|    -|
|Instance             |        -|     -|        -|        -|    -|
|Memory               |        -|     -|        -|        -|    -|
|Multiplexer          |        -|     -|        -|       54|    -|
|Register             |        -|     -|      756|       32|    -|
+---------------------+---------+------+---------+---------+-----+
|Total                |        0|     0|      756|      966|    0|
+---------------------+---------+------+---------+---------+-----+
|Available SLR        |     1344|  3008|   869120|   434560|  320|
+---------------------+---------+------+---------+---------+-----+
|Utilization SLR (%)  |        0|     0|       ~0|       ~0|    0|
+---------------------+---------+------+---------+---------+-----+
|Available            |     4032|  9024|  2607360|  1303680|  960|
+---------------------+---------+------+---------+---------+-----+
|Utilization (%)      |        0|     0|       ~0|       ~0|    0|
+---------------------+---------+------+---------+---------+-----+

+ Detail: 
    * Instance: 
    N/A

    * DSP: 
    N/A

    * Memory: 
    N/A

    * FIFO: 
    N/A

    * Expression: 
    +----------------------------------+----------+----+---+----+------------+------------+
    |           Variable Name          | Operation| DSP| FF| LUT| Bitwidth P0| Bitwidth P1|
    +----------------------------------+----------+----+---+----+------------+------------+
    |add_ln232_10_fu_1580_p2           |         +|   0|  0|  26|          19|          19|
    |add_ln232_11_fu_1594_p2           |         +|   0|  0|  26|          19|          19|
    |add_ln232_12_fu_1606_p2           |         +|   0|  0|  27|          20|          20|
    |add_ln232_13_fu_1618_p2           |         +|   0|  0|  27|          20|          20|
    |add_ln232_1_fu_1454_p2            |         +|   0|  0|  25|          18|          18|
    |add_ln232_2_fu_1468_p2            |         +|   0|  0|  25|          18|          18|
    |add_ln232_3_fu_1482_p2            |         +|   0|  0|  25|          18|          18|
    |add_ln232_4_fu_1496_p2            |         +|   0|  0|  25|          18|          18|
    |add_ln232_5_fu_1510_p2            |         +|   0|  0|  25|          18|          18|
    |add_ln232_6_fu_1524_p2            |         +|   0|  0|  25|          18|          18|
    |add_ln232_7_fu_1538_p2            |         +|   0|  0|  25|          18|          18|
    |add_ln232_8_fu_1552_p2            |         +|   0|  0|  26|          19|          19|
    |add_ln232_9_fu_1566_p2            |         +|   0|  0|  26|          19|          19|
    |add_ln232_fu_1440_p2              |         +|   0|  0|  25|          18|          18|
    |add_ln670_fu_365_p2               |         +|   0|  0|  33|          26|           1|
    |add_ln886_fu_1632_p2              |         +|   0|  0|  28|          21|          21|
    |lvl1_V_10_fu_1296_p2              |         +|   0|  0|  24|          17|          17|
    |lvl1_V_11_fu_1322_p2              |         +|   0|  0|  24|          17|          17|
    |lvl1_V_12_fu_1348_p2              |         +|   0|  0|  24|          17|          17|
    |lvl1_V_13_fu_1374_p2              |         +|   0|  0|  24|          17|          17|
    |lvl1_V_14_fu_1400_p2              |         +|   0|  0|  24|          17|          17|
    |lvl1_V_15_fu_1426_p2              |         +|   0|  0|  24|          17|          17|
    |lvl1_V_1_fu_1062_p2               |         +|   0|  0|  24|          17|          17|
    |lvl1_V_2_fu_1088_p2               |         +|   0|  0|  24|          17|          17|
    |lvl1_V_3_fu_1114_p2               |         +|   0|  0|  24|          17|          17|
    |lvl1_V_4_fu_1140_p2               |         +|   0|  0|  24|          17|          17|
    |lvl1_V_5_fu_1166_p2               |         +|   0|  0|  24|          17|          17|
    |lvl1_V_6_fu_1192_p2               |         +|   0|  0|  24|          17|          17|
    |lvl1_V_7_fu_1218_p2               |         +|   0|  0|  24|          17|          17|
    |lvl1_V_8_fu_1244_p2               |         +|   0|  0|  24|          17|          17|
    |lvl1_V_9_fu_1270_p2               |         +|   0|  0|  24|          17|          17|
    |lvl1_V_fu_1036_p2                 |         +|   0|  0|  24|          17|          17|
    |sum_V_fu_1644_p2                  |         +|   0|  0|  54|          47|          47|
    |ap_block_pp0_stage0_01001         |       and|   0|  0|   2|           1|           1|
    |ap_block_state2_pp0_stage0_iter1  |       and|   0|  0|   2|           1|           1|
    |icmp_ln670_fu_359_p2              |      icmp|   0|  0|  17|          26|          26|
    |ap_enable_pp0                     |       xor|   0|  0|   2|           1|           2|
    +----------------------------------+----------+----+---+----+------------+------------+
    |Total                             |          |   0|  0| 880|         655|         631|
    +----------------------------------+----------+----+---+----+------------+------------+

    * Multiplexer: 
    +-------------------------+----+-----------+-----+-----------+
    |           Name          | LUT| Input Size| Bits| Total Bits|
    +-------------------------+----+-----------+-----+-----------+
    |ap_done_int              |   9|          2|    1|          2|
    |ap_enable_reg_pp0_iter2  |   9|          2|    1|          2|
    |ap_sig_allocacmp_w_1     |   9|          2|   26|         52|
    |gmem0_blk_n_R            |   9|          2|    1|          2|
    |sum_V_2_fu_310           |   9|          2|   47|         94|
    |w_fu_314                 |   9|          2|   26|         52|
    +-------------------------+----+-----------+-----+-----------+
    |Total                    |  54|         12|  102|        204|
    +-------------------------+----+-----------+-----+-----------+

    * Register: 
    +----------------------------------+----+----+-----+-----------+
    |               Name               | FF | LUT| Bits| Const Bits|
    +----------------------------------+----+----+-----+-----------+
    |add_ln232_10_reg_2013             |  19|   0|   19|          0|
    |add_ln232_11_reg_2018             |  19|   0|   19|          0|
    |add_ln232_8_reg_2003              |  19|   0|   19|          0|
    |add_ln232_9_reg_2008              |  19|   0|   19|          0|
    |add_ln886_reg_2023                |  21|   0|   21|          0|
    |ap_CS_fsm                         |   1|   0|    1|          0|
    |ap_done_reg                       |   1|   0|    1|          0|
    |ap_enable_reg_pp0_iter1           |   1|   0|    1|          0|
    |ap_enable_reg_pp0_iter2           |   1|   0|    1|          0|
    |ap_enable_reg_pp0_iter3           |   1|   0|    1|          0|
    |ap_enable_reg_pp0_iter4           |   1|   0|    1|          0|
    |ap_loop_exit_ready_pp0_iter1_reg  |   1|   0|    1|          0|
    |ap_loop_exit_ready_pp0_iter2_reg  |   1|   0|    1|          0|
    |ap_loop_exit_ready_pp0_iter3_reg  |   1|   0|    1|          0|
    |empty_27_reg_1683                 |   8|   0|    8|          0|
    |icmp_ln670_reg_1679               |   1|   0|    1|          0|
    |p_10_reg_1738                     |   8|   0|    8|          0|
    |p_11_reg_1743                     |   8|   0|    8|          0|
    |p_12_reg_1748                     |   8|   0|    8|          0|
    |p_13_reg_1753                     |   8|   0|    8|          0|
    |p_14_reg_1758                     |   8|   0|    8|          0|
    |p_15_reg_1763                     |   8|   0|    8|          0|
    |p_16_reg_1768                     |   8|   0|    8|          0|
    |p_17_reg_1773                     |   8|   0|    8|          0|
    |p_18_reg_1778                     |   8|   0|    8|          0|
    |p_19_reg_1783                     |   8|   0|    8|          0|
    |p_1_reg_1688                      |   8|   0|    8|          0|
    |p_20_reg_1788                     |   8|   0|    8|          0|
    |p_21_reg_1793                     |   8|   0|    8|          0|
    |p_22_reg_1798                     |   8|   0|    8|          0|
    |p_23_reg_1803                     |   8|   0|    8|          0|
    |p_24_reg_1808                     |   8|   0|    8|          0|
    |p_25_reg_1813                     |   8|   0|    8|          0|
    |p_26_reg_1818                     |   8|   0|    8|          0|
    |p_27_reg_1823                     |   8|   0|    8|          0|
    |p_28_reg_1828                     |   8|   0|    8|          0|
    |p_29_reg_1833                     |   8|   0|    8|          0|
    |p_2_reg_1698                      |   8|   0|    8|          0|
    |p_30_reg_1838                     |   8|   0|    8|          0|
    |p_31_reg_1843                     |   8|   0|    8|          0|
    |p_32_reg_1848                     |   8|   0|    8|          0|
    |p_33_reg_1853                     |   8|   0|    8|          0|
    |p_34_reg_1858                     |   8|   0|    8|          0|
    |p_35_reg_1863                     |   8|   0|    8|          0|
    |p_36_reg_1868                     |   8|   0|    8|          0|
    |p_37_reg_1873                     |   8|   0|    8|          0|
    |p_38_reg_1878                     |   8|   0|    8|          0|
    |p_39_reg_1883                     |   8|   0|    8|          0|
    |p_3_reg_1703                      |   8|   0|    8|          0|
    |p_40_reg_1888                     |   8|   0|    8|          0|
    |p_41_reg_1893                     |   8|   0|    8|          0|
    |p_42_reg_1898                     |   8|   0|    8|          0|
    |p_43_reg_1903                     |   8|   0|    8|          0|
    |p_44_reg_1908                     |   8|   0|    8|          0|
    |p_45_reg_1913                     |   8|   0|    8|          0|
    |p_46_reg_1918                     |   8|   0|    8|          0|
    |p_47_reg_1923                     |   8|   0|    8|          0|
    |p_48_reg_1928                     |   8|   0|    8|          0|
    |p_49_reg_1933                     |   8|   0|    8|          0|
    |p_4_reg_1708                      |   8|   0|    8|          0|
    |p_50_reg_1938                     |   8|   0|    8|          0|
    |p_51_reg_1943                     |   8|   0|    8|          0|
    |p_52_reg_1948                     |   8|   0|    8|          0|
    |p_53_reg_1953                     |   8|   0|    8|          0|
    |p_54_reg_1958                     |   8|   0|    8|          0|
    |p_55_reg_1963                     |   8|   0|    8|          0|
    |p_56_reg_1968                     |   8|   0|    8|          0|
    |p_57_reg_1973                     |   8|   0|    8|          0|
    |p_58_reg_1978                     |   8|   0|    8|          0|
    |p_59_reg_1983                     |   8|   0|    8|          0|
    |p_5_reg_1713                      |   8|   0|    8|          0|
    |p_60_reg_1988                     |   8|   0|    8|          0|
    |p_61_reg_1993                     |   8|   0|    8|          0|
    |p_62_reg_1998                     |   8|   0|    8|          0|
    |p_6_reg_1718                      |   8|   0|    8|          0|
    |p_7_reg_1723                      |   8|   0|    8|          0|
    |p_8_reg_1728                      |   8|   0|    8|          0|
    |p_9_reg_1733                      |   8|   0|    8|          0|
    |p_s_reg_1693                      |   8|   0|    8|          0|
    |sum_V_2_fu_310                    |  47|   0|   47|          0|
    |w_fu_314                          |  26|   0|   26|          0|
    |icmp_ln670_reg_1679               |  64|  32|    1|          0|
    +----------------------------------+----+----+-----+-----------+
    |Total                             | 756|  32|  693|          0|
    +----------------------------------+----+----+-----+-----------+



================================================================
== Interface
================================================================
* Summary: 
+----------------------+-----+-----+------------+---------------------------------------------+--------------+
|       RTL Ports      | Dir | Bits|  Protocol  |                Source Object                |    C Type    |
+----------------------+-----+-----+------------+---------------------------------------------+--------------+
|ap_clk                |   in|    1|  ap_ctrl_hs|  process_tcp_checksum_Pipeline_vec_word_loop|  return value|
|ap_rst                |   in|    1|  ap_ctrl_hs|  process_tcp_checksum_Pipeline_vec_word_loop|  return value|
|ap_start              |   in|    1|  ap_ctrl_hs|  process_tcp_checksum_Pipeline_vec_word_loop|  return value|
|ap_done               |  out|    1|  ap_ctrl_hs|  process_tcp_checksum_Pipeline_vec_word_loop|  return value|
|ap_idle               |  out|    1|  ap_ctrl_hs|  process_tcp_checksum_Pipeline_vec_word_loop|  return value|
|ap_ready              |  out|    1|  ap_ctrl_hs|  process_tcp_checksum_Pipeline_vec_word_loop|  return value|
|m_axi_gmem0_AWVALID   |  out|    1|       m_axi|                                        gmem0|       pointer|
|m_axi_gmem0_AWREADY   |   in|    1|       m_axi|                                        gmem0|       pointer|
|m_axi_gmem0_AWADDR    |  out|   64|       m_axi|                                        gmem0|       pointer|
|m_axi_gmem0_AWID      |  out|    1|       m_axi|                                        gmem0|       pointer|
|m_axi_gmem0_AWLEN     |  out|   32|       m_axi|                                        gmem0|       pointer|
|m_axi_gmem0_AWSIZE    |  out|    3|       m_axi|                                        gmem0|       pointer|
|m_axi_gmem0_AWBURST   |  out|    2|       m_axi|                                        gmem0|       pointer|
|m_axi_gmem0_AWLOCK    |  out|    2|       m_axi|                                        gmem0|       pointer|
|m_axi_gmem0_AWCACHE   |  out|    4|       m_axi|                                        gmem0|       pointer|
|m_axi_gmem0_AWPROT    |  out|    3|       m_axi|                                        gmem0|       pointer|
|m_axi_gmem0_AWQOS     |  out|    4|       m_axi|                                        gmem0|       pointer|
|m_axi_gmem0_AWREGION  |  out|    4|       m_axi|                                        gmem0|       pointer|
|m_axi_gmem0_AWUSER    |  out|    1|       m_axi|                                        gmem0|       pointer|
|m_axi_gmem0_WVALID    |  out|    1|       m_axi|                                        gmem0|       pointer|
|m_axi_gmem0_WREADY    |   in|    1|       m_axi|                                        gmem0|       pointer|
|m_axi_gmem0_WDATA     |  out|  512|       m_axi|                                        gmem0|       pointer|
|m_axi_gmem0_WSTRB     |  out|   64|       m_axi|                                        gmem0|       pointer|
|m_axi_gmem0_WLAST     |  out|    1|       m_axi|                                        gmem0|       pointer|
|m_axi_gmem0_WID       |  out|    1|       m_axi|                                        gmem0|       pointer|
|m_axi_gmem0_WUSER     |  out|    1|       m_axi|                                        gmem0|       pointer|
|m_axi_gmem0_ARVALID   |  out|    1|       m_axi|                                        gmem0|       pointer|
|m_axi_gmem0_ARREADY   |   in|    1|       m_axi|                                        gmem0|       pointer|
|m_axi_gmem0_ARADDR    |  out|   64|       m_axi|                                        gmem0|       pointer|
|m_axi_gmem0_ARID      |  out|    1|       m_axi|                                        gmem0|       pointer|
|m_axi_gmem0_ARLEN     |  out|   32|       m_axi|                                        gmem0|       pointer|
|m_axi_gmem0_ARSIZE    |  out|    3|       m_axi|                                        gmem0|       pointer|
|m_axi_gmem0_ARBURST   |  out|    2|       m_axi|                                        gmem0|       pointer|
|m_axi_gmem0_ARLOCK    |  out|    2|       m_axi|                                        gmem0|       pointer|
|m_axi_gmem0_ARCACHE   |  out|    4|       m_axi|                                        gmem0|       pointer|
|m_axi_gmem0_ARPROT    |  out|    3|       m_axi|                                        gmem0|       pointer|
|m_axi_gmem0_ARQOS     |  out|    4|       m_axi|                                        gmem0|       pointer|
|m_axi_gmem0_ARREGION  |  out|    4|       m_axi|                                        gmem0|       pointer|
|m_axi_gmem0_ARUSER    |  out|    1|       m_axi|                                        gmem0|       pointer|
|m_axi_gmem0_RVALID    |   in|    1|       m_axi|                                        gmem0|       pointer|
|m_axi_gmem0_RREADY    |  out|    1|       m_axi|                                        gmem0|       pointer|
|m_axi_gmem0_RDATA     |   in|  512|       m_axi|                                        gmem0|       pointer|
|m_axi_gmem0_RLAST     |   in|    1|       m_axi|                                        gmem0|       pointer|
|m_axi_gmem0_RID       |   in|    1|       m_axi|                                        gmem0|       pointer|
|m_axi_gmem0_RFIFONUM  |   in|    9|       m_axi|                                        gmem0|       pointer|
|m_axi_gmem0_RUSER     |   in|    1|       m_axi|                                        gmem0|       pointer|
|m_axi_gmem0_RRESP     |   in|    2|       m_axi|                                        gmem0|       pointer|
|m_axi_gmem0_BVALID    |   in|    1|       m_axi|                                        gmem0|       pointer|
|m_axi_gmem0_BREADY    |  out|    1|       m_axi|                                        gmem0|       pointer|
|m_axi_gmem0_BRESP     |   in|    2|       m_axi|                                        gmem0|       pointer|
|m_axi_gmem0_BID       |   in|    1|       m_axi|                                        gmem0|       pointer|
|m_axi_gmem0_BUSER     |   in|    1|       m_axi|                                        gmem0|       pointer|
|sext_ln670            |   in|   58|     ap_none|                                   sext_ln670|        scalar|
|vec_words             |   in|   26|     ap_none|                                    vec_words|        scalar|
|sum_V_2_out           |  out|   47|      ap_vld|                                  sum_V_2_out|       pointer|
|sum_V_2_out_ap_vld    |  out|    1|      ap_vld|                                  sum_V_2_out|       pointer|
+----------------------+-----+-----+------------+---------------------------------------------+--------------+

============================================================
+ Verbose Summary: Synthesis Manager
============================================================
InlineROM: 1
ExposeGlobal: 0
============================================================
+ Verbose Summary: CDFG Model
============================================================
IsTopModel: 0
ResetActiveHigh: 1
IsCombinational: 2
IsDatapathOnly: 2
HasWiredReturn: 1
HasMFsm: 2
HasVarLatency: 1
IsPipeline: 0
IsRtlPipelined: 0
IsInstanceOverlapped: 0
IsDontTouch: 0
HasImplIP: 0
IsGatedGlobalClock: 0

+ Individual pipeline summary: 
  * Pipeline-0: initiation interval (II) = 1, depth = 5


============================================================
+ Verbose Summary: Schedule
============================================================
* Number of FSM states : 5
* Pipeline : 1
  Pipeline-0 : II = 1, D = 5, States = { 1 2 3 4 5 }
* Dataflow Pipeline: 0

* FSM state transitions: 
1 --> 2 
2 --> 3 
3 --> 4 
4 --> 5 
5 --> 

* FSM state operations: 

State 1 <SV = 0> <Delay = 1.23>
ST_1 : Operation 8 [1/1] (0.00ns)   --->   "%sum_V_2 = alloca i32 1"   --->   Operation 8 'alloca' 'sum_V_2' <Predicate = true> <Delay = 0.00>
ST_1 : Operation 9 [1/1] (0.00ns)   --->   "%w = alloca i32 1"   --->   Operation 9 'alloca' 'w' <Predicate = true> <Delay = 0.00>
ST_1 : Operation 10 [1/1] (0.00ns)   --->   "%vec_words_read = read i26 @_ssdm_op_Read.ap_auto.i26, i26 %vec_words"   --->   Operation 10 'read' 'vec_words_read' <Predicate = true> <Delay = 0.00>
ST_1 : Operation 11 [1/1] (0.00ns)   --->   "%sext_ln670_read = read i58 @_ssdm_op_Read.ap_auto.i58, i58 %sext_ln670"   --->   Operation 11 'read' 'sext_ln670_read' <Predicate = true> <Delay = 0.00>
ST_1 : Operation 12 [1/1] (0.00ns)   --->   "%sext_ln670_cast = sext i58 %sext_ln670_read"   --->   Operation 12 'sext' 'sext_ln670_cast' <Predicate = true> <Delay = 0.00>
ST_1 : Operation 13 [1/1] (0.00ns)   --->   "%specinterface_ln0 = specinterface void @_ssdm_op_SpecInterface, i512 %gmem0, void @empty_4, i32 0, i32 0, void @empty_5, i32 64, i32 1024, void @empty_6, void @empty_7, void @empty_5, i32 16, i32 16, i32 16, i32 16, void @empty_5, void @empty_5, i32 4294967295, i32 0"   --->   Operation 13 'specinterface' 'specinterface_ln0' <Predicate = true> <Delay = 0.00>
ST_1 : Operation 14 [1/1] (0.38ns)   --->   "%store_ln0 = store i26 0, i26 %w"   --->   Operation 14 'store' 'store_ln0' <Predicate = true> <Delay = 0.38>
ST_1 : Operation 15 [1/1] (0.38ns)   --->   "%store_ln0 = store i47 0, i47 %sum_V_2"   --->   Operation 15 'store' 'store_ln0' <Predicate = true> <Delay = 0.38>
ST_1 : Operation 16 [1/1] (0.00ns)   --->   "%br_ln0 = br void %for.body87.i"   --->   Operation 16 'br' 'br_ln0' <Predicate = true> <Delay = 0.00>
ST_1 : Operation 17 [1/1] (0.00ns)   --->   "%w_1 = load i26 %w" [/home/efrink/mled/split_cu/U280_CRC_Accelerator/src/kernel.cpp:670]   --->   Operation 17 'load' 'w_1' <Predicate = true> <Delay = 0.00>
ST_1 : Operation 18 [1/1] (0.79ns)   --->   "%icmp_ln670 = icmp_eq  i26 %w_1, i26 %vec_words_read" [/home/efrink/mled/split_cu/U280_CRC_Accelerator/src/kernel.cpp:670]   --->   Operation 18 'icmp' 'icmp_ln670' <Predicate = true> <Delay = 0.79> <CoreInst = "Cmp">   --->   Core 9 'Cmp' <Latency = 0> <II = 1> <Delay = 0.79> <FuncUnit> <Opcode : 'icmp'> <InPorts = 2> <OutPorts = 1>
ST_1 : Operation 19 [1/1] (0.84ns)   --->   "%add_ln670 = add i26 %w_1, i26 1" [/home/efrink/mled/split_cu/U280_CRC_Accelerator/src/kernel.cpp:670]   --->   Operation 19 'add' 'add_ln670' <Predicate = true> <Delay = 0.84> <CoreInst = "Adder">   --->   Core 1 'Adder' <Latency = 0> <II = 1> <Delay = 0.84> <FuncUnit> <Opcode : 'add' 'sub'> <InPorts = 2> <OutPorts = 1>
ST_1 : Operation 20 [1/1] (0.00ns)   --->   "%br_ln670 = br i1 %icmp_ln670, void %for.body87.i.split, void %for.cond.cleanup.i.loopexit.exitStub" [/home/efrink/mled/split_cu/U280_CRC_Accelerator/src/kernel.cpp:670]   --->   Operation 20 'br' 'br_ln670' <Predicate = true> <Delay = 0.00>
ST_1 : Operation 21 [1/1] (0.38ns)   --->   "%store_ln670 = store i26 %add_ln670, i26 %w" [/home/efrink/mled/split_cu/U280_CRC_Accelerator/src/kernel.cpp:670]   --->   Operation 21 'store' 'store_ln670' <Predicate = (!icmp_ln670)> <Delay = 0.38>

State 2 <SV = 1> <Delay = 2.43>
ST_2 : Operation 22 [1/1] (0.00ns)   --->   "%gmem0_addr = getelementptr i512 %gmem0, i64 %sext_ln670_cast" [/home/efrink/mled/split_cu/U280_CRC_Accelerator/src/kernel.cpp:670]   --->   Operation 22 'getelementptr' 'gmem0_addr' <Predicate = true> <Delay = 0.00>
ST_2 : Operation 23 [1/1] (0.00ns)   --->   "%empty = speclooptripcount i32 @_ssdm_op_SpecLoopTripCount, i64 1, i64 18446744073709551615, i64 0"   --->   Operation 23 'speclooptripcount' 'empty' <Predicate = true> <Delay = 0.00>
ST_2 : Operation 24 [1/1] (2.43ns)   --->   "%packed_V = read i512 @_ssdm_op_Read.m_axi.p1i512, i64 %gmem0_addr" [/home/efrink/mled/split_cu/U280_CRC_Accelerator/src/kernel.cpp:673]   --->   Operation 24 'read' 'packed_V' <Predicate = (!icmp_ln670)> <Delay = 2.43> <CoreInst = "m_axi">   --->   Core 121 'm_axi' <Latency = 0> <II = 1> <Delay = 1.00> <Adapter> <Opcode : 'read' 'write' 'readreq' 'writereq' 'writeresp'>
ST_2 : Operation 25 [1/1] (0.00ns)   --->   "%empty_27 = trunc i512 %packed_V" [/home/efrink/mled/split_cu/U280_CRC_Accelerator/src/kernel.cpp:673]   --->   Operation 25 'trunc' 'empty_27' <Predicate = (!icmp_ln670)> <Delay = 0.00>
ST_2 : Operation 26 [1/1] (0.00ns)   --->   "%p_1 = partselect i8 @_ssdm_op_PartSelect.i8.i512.i32.i32, i512 %packed_V, i32 8, i32 15" [/home/efrink/mled/split_cu/U280_CRC_Accelerator/src/kernel.cpp:673]   --->   Operation 26 'partselect' 'p_1' <Predicate = (!icmp_ln670)> <Delay = 0.00>
ST_2 : Operation 27 [1/1] (0.00ns)   --->   "%p_s = partselect i8 @_ssdm_op_PartSelect.i8.i512.i32.i32, i512 %packed_V, i32 16, i32 23" [/home/efrink/mled/split_cu/U280_CRC_Accelerator/src/kernel.cpp:673]   --->   Operation 27 'partselect' 'p_s' <Predicate = (!icmp_ln670)> <Delay = 0.00>
ST_2 : Operation 28 [1/1] (0.00ns)   --->   "%p_2 = partselect i8 @_ssdm_op_PartSelect.i8.i512.i32.i32, i512 %packed_V, i32 24, i32 31" [/home/efrink/mled/split_cu/U280_CRC_Accelerator/src/kernel.cpp:673]   --->   Operation 28 'partselect' 'p_2' <Predicate = (!icmp_ln670)> <Delay = 0.00>
ST_2 : Operation 29 [1/1] (0.00ns)   --->   "%p_3 = partselect i8 @_ssdm_op_PartSelect.i8.i512.i32.i32, i512 %packed_V, i32 32, i32 39" [/home/efrink/mled/split_cu/U280_CRC_Accelerator/src/kernel.cpp:673]   --->   Operation 29 'partselect' 'p_3' <Predicate = (!icmp_ln670)> <Delay = 0.00>
ST_2 : Operation 30 [1/1] (0.00ns)   --->   "%p_4 = partselect i8 @_ssdm_op_PartSelect.i8.i512.i32.i32, i512 %packed_V, i32 40, i32 47" [/home/efrink/mled/split_cu/U280_CRC_Accelerator/src/kernel.cpp:673]   --->   Operation 30 'partselect' 'p_4' <Predicate = (!icmp_ln670)> <Delay = 0.00>
ST_2 : Operation 31 [1/1] (0.00ns)   --->   "%p_5 = partselect i8 @_ssdm_op_PartSelect.i8.i512.i32.i32, i512 %packed_V, i32 48, i32 55" [/home/efrink/mled/split_cu/U280_CRC_Accelerator/src/kernel.cpp:673]   --->   Operation 31 'partselect' 'p_5' <Predicate = (!icmp_ln670)> <Delay = 0.00>
ST_2 : Operation 32 [1/1] (0.00ns)   --->   "%p_6 = partselect i8 @_ssdm_op_PartSelect.i8.i512.i32.i32, i512 %packed_V, i32 56, i32 63" [/home/efrink/mled/split_cu/U280_CRC_Accelerator/src/kernel.cpp:673]   --->   Operation 32 'partselect' 'p_6' <Predicate = (!icmp_ln670)> <Delay = 0.00>
ST_2 : Operation 33 [1/1] (0.00ns)   --->   "%p_7 = partselect i8 @_ssdm_op_PartSelect.i8.i512.i32.i32, i512 %packed_V, i32 64, i32 71" [/home/efrink/mled/split_cu/U280_CRC_Accelerator/src/kernel.cpp:673]   --->   Operation 33 'partselect' 'p_7' <Predicate = (!icmp_ln670)> <Delay = 0.00>
ST_2 : Operation 34 [1/1] (0.00ns)   --->   "%p_8 = partselect i8 @_ssdm_op_PartSelect.i8.i512.i32.i32, i512 %packed_V, i32 72, i32 79" [/home/efrink/mled/split_cu/U280_CRC_Accelerator/src/kernel.cpp:673]   --->   Operation 34 'partselect' 'p_8' <Predicate = (!icmp_ln670)> <Delay = 0.00>
ST_2 : Operation 35 [1/1] (0.00ns)   --->   "%p_9 = partselect i8 @_ssdm_op_PartSelect.i8.i512.i32.i32, i512 %packed_V, i32 80, i32 87" [/home/efrink/mled/split_cu/U280_CRC_Accelerator/src/kernel.cpp:673]   --->   Operation 35 'partselect' 'p_9' <Predicate = (!icmp_ln670)> <Delay = 0.00>
ST_2 : Operation 36 [1/1] (0.00ns)   --->   "%p_10 = partselect i8 @_ssdm_op_PartSelect.i8.i512.i32.i32, i512 %packed_V, i32 88, i32 95" [/home/efrink/mled/split_cu/U280_CRC_Accelerator/src/kernel.cpp:673]   --->   Operation 36 'partselect' 'p_10' <Predicate = (!icmp_ln670)> <Delay = 0.00>
ST_2 : Operation 37 [1/1] (0.00ns)   --->   "%p_11 = partselect i8 @_ssdm_op_PartSelect.i8.i512.i32.i32, i512 %packed_V, i32 96, i32 103" [/home/efrink/mled/split_cu/U280_CRC_Accelerator/src/kernel.cpp:673]   --->   Operation 37 'partselect' 'p_11' <Predicate = (!icmp_ln670)> <Delay = 0.00>
ST_2 : Operation 38 [1/1] (0.00ns)   --->   "%p_12 = partselect i8 @_ssdm_op_PartSelect.i8.i512.i32.i32, i512 %packed_V, i32 104, i32 111" [/home/efrink/mled/split_cu/U280_CRC_Accelerator/src/kernel.cpp:673]   --->   Operation 38 'partselect' 'p_12' <Predicate = (!icmp_ln670)> <Delay = 0.00>
ST_2 : Operation 39 [1/1] (0.00ns)   --->   "%p_13 = partselect i8 @_ssdm_op_PartSelect.i8.i512.i32.i32, i512 %packed_V, i32 112, i32 119" [/home/efrink/mled/split_cu/U280_CRC_Accelerator/src/kernel.cpp:673]   --->   Operation 39 'partselect' 'p_13' <Predicate = (!icmp_ln670)> <Delay = 0.00>
ST_2 : Operation 40 [1/1] (0.00ns)   --->   "%p_14 = partselect i8 @_ssdm_op_PartSelect.i8.i512.i32.i32, i512 %packed_V, i32 120, i32 127" [/home/efrink/mled/split_cu/U280_CRC_Accelerator/src/kernel.cpp:673]   --->   Operation 40 'partselect' 'p_14' <Predicate = (!icmp_ln670)> <Delay = 0.00>
ST_2 : Operation 41 [1/1] (0.00ns)   --->   "%p_15 = partselect i8 @_ssdm_op_PartSelect.i8.i512.i32.i32, i512 %packed_V, i32 128, i32 135" [/home/efrink/mled/split_cu/U280_CRC_Accelerator/src/kernel.cpp:673]   --->   Operation 41 'partselect' 'p_15' <Predicate = (!icmp_ln670)> <Delay = 0.00>
ST_2 : Operation 42 [1/1] (0.00ns)   --->   "%p_16 = partselect i8 @_ssdm_op_PartSelect.i8.i512.i32.i32, i512 %packed_V, i32 136, i32 143" [/home/efrink/mled/split_cu/U280_CRC_Accelerator/src/kernel.cpp:673]   --->   Operation 42 'partselect' 'p_16' <Predicate = (!icmp_ln670)> <Delay = 0.00>
ST_2 : Operation 43 [1/1] (0.00ns)   --->   "%p_17 = partselect i8 @_ssdm_op_PartSelect.i8.i512.i32.i32, i512 %packed_V, i32 144, i32 151" [/home/efrink/mled/split_cu/U280_CRC_Accelerator/src/kernel.cpp:673]   --->   Operation 43 'partselect' 'p_17' <Predicate = (!icmp_ln670)> <Delay = 0.00>
ST_2 : Operation 44 [1/1] (0.00ns)   --->   "%p_18 = partselect i8 @_ssdm_op_PartSelect.i8.i512.i32.i32, i512 %packed_V, i32 152, i32 159" [/home/efrink/mled/split_cu/U280_CRC_Accelerator/src/kernel.cpp:673]   --->   Operation 44 'partselect' 'p_18' <Predicate = (!icmp_ln670)> <Delay = 0.00>
ST_2 : Operation 45 [1/1] (0.00ns)   --->   "%p_19 = partselect i8 @_ssdm_op_PartSelect.i8.i512.i32.i32, i512 %packed_V, i32 160, i32 167" [/home/efrink/mled/split_cu/U280_CRC_Accelerator/src/kernel.cpp:673]   --->   Operation 45 'partselect' 'p_19' <Predicate = (!icmp_ln670)> <Delay = 0.00>
ST_2 : Operation 46 [1/1] (0.00ns)   --->   "%p_20 = partselect i8 @_ssdm_op_PartSelect.i8.i512.i32.i32, i512 %packed_V, i32 168, i32 175" [/home/efrink/mled/split_cu/U280_CRC_Accelerator/src/kernel.cpp:673]   --->   Operation 46 'partselect' 'p_20' <Predicate = (!icmp_ln670)> <Delay = 0.00>
ST_2 : Operation 47 [1/1] (0.00ns)   --->   "%p_21 = partselect i8 @_ssdm_op_PartSelect.i8.i512.i32.i32, i512 %packed_V, i32 176, i32 183" [/home/efrink/mled/split_cu/U280_CRC_Accelerator/src/kernel.cpp:673]   --->   Operation 47 'partselect' 'p_21' <Predicate = (!icmp_ln670)> <Delay = 0.00>
ST_2 : Operation 48 [1/1] (0.00ns)   --->   "%p_22 = partselect i8 @_ssdm_op_PartSelect.i8.i512.i32.i32, i512 %packed_V, i32 184, i32 191" [/home/efrink/mled/split_cu/U280_CRC_Accelerator/src/kernel.cpp:673]   --->   Operation 48 'partselect' 'p_22' <Predicate = (!icmp_ln670)> <Delay = 0.00>
ST_2 : Operation 49 [1/1] (0.00ns)   --->   "%p_23 = partselect i8 @_ssdm_op_PartSelect.i8.i512.i32.i32, i512 %packed_V, i32 192, i32 199" [/home/efrink/mled/split_cu/U280_CRC_Accelerator/src/kernel.cpp:673]   --->   Operation 49 'partselect' 'p_23' <Predicate = (!icmp_ln670)> <Delay = 0.00>
ST_2 : Operation 50 [1/1] (0.00ns)   --->   "%p_24 = partselect i8 @_ssdm_op_PartSelect.i8.i512.i32.i32, i512 %packed_V, i32 200, i32 207" [/home/efrink/mled/split_cu/U280_CRC_Accelerator/src/kernel.cpp:673]   --->   Operation 50 'partselect' 'p_24' <Predicate = (!icmp_ln670)> <Delay = 0.00>
ST_2 : Operation 51 [1/1] (0.00ns)   --->   "%p_25 = partselect i8 @_ssdm_op_PartSelect.i8.i512.i32.i32, i512 %packed_V, i32 208, i32 215" [/home/efrink/mled/split_cu/U280_CRC_Accelerator/src/kernel.cpp:673]   --->   Operation 51 'partselect' 'p_25' <Predicate = (!icmp_ln670)> <Delay = 0.00>
ST_2 : Operation 52 [1/1] (0.00ns)   --->   "%p_26 = partselect i8 @_ssdm_op_PartSelect.i8.i512.i32.i32, i512 %packed_V, i32 216, i32 223" [/home/efrink/mled/split_cu/U280_CRC_Accelerator/src/kernel.cpp:673]   --->   Operation 52 'partselect' 'p_26' <Predicate = (!icmp_ln670)> <Delay = 0.00>
ST_2 : Operation 53 [1/1] (0.00ns)   --->   "%p_27 = partselect i8 @_ssdm_op_PartSelect.i8.i512.i32.i32, i512 %packed_V, i32 224, i32 231" [/home/efrink/mled/split_cu/U280_CRC_Accelerator/src/kernel.cpp:673]   --->   Operation 53 'partselect' 'p_27' <Predicate = (!icmp_ln670)> <Delay = 0.00>
ST_2 : Operation 54 [1/1] (0.00ns)   --->   "%p_28 = partselect i8 @_ssdm_op_PartSelect.i8.i512.i32.i32, i512 %packed_V, i32 232, i32 239" [/home/efrink/mled/split_cu/U280_CRC_Accelerator/src/kernel.cpp:673]   --->   Operation 54 'partselect' 'p_28' <Predicate = (!icmp_ln670)> <Delay = 0.00>
ST_2 : Operation 55 [1/1] (0.00ns)   --->   "%p_29 = partselect i8 @_ssdm_op_PartSelect.i8.i512.i32.i32, i512 %packed_V, i32 240, i32 247" [/home/efrink/mled/split_cu/U280_CRC_Accelerator/src/kernel.cpp:673]   --->   Operation 55 'partselect' 'p_29' <Predicate = (!icmp_ln670)> <Delay = 0.00>
ST_2 : Operation 56 [1/1] (0.00ns)   --->   "%p_30 = partselect i8 @_ssdm_op_PartSelect.i8.i512.i32.i32, i512 %packed_V, i32 248, i32 255" [/home/efrink/mled/split_cu/U280_CRC_Accelerator/src/kernel.cpp:673]   --->   Operation 56 'partselect' 'p_30' <Predicate = (!icmp_ln670)> <Delay = 0.00>
ST_2 : Operation 57 [1/1] (0.00ns)   --->   "%p_31 = partselect i8 @_ssdm_op_PartSelect.i8.i512.i32.i32, i512 %packed_V, i32 256, i32 263" [/home/efrink/mled/split_cu/U280_CRC_Accelerator/src/kernel.cpp:673]   --->   Operation 57 'partselect' 'p_31' <Predicate = (!icmp_ln670)> <Delay = 0.00>
ST_2 : Operation 58 [1/1] (0.00ns)   --->   "%p_32 = partselect i8 @_ssdm_op_PartSelect.i8.i512.i32.i32, i512 %packed_V, i32 264, i32 271" [/home/efrink/mled/split_cu/U280_CRC_Accelerator/src/kernel.cpp:673]   --->   Operation 58 'partselect' 'p_32' <Predicate = (!icmp_ln670)> <Delay = 0.00>
ST_2 : Operation 59 [1/1] (0.00ns)   --->   "%p_33 = partselect i8 @_ssdm_op_PartSelect.i8.i512.i32.i32, i512 %packed_V, i32 272, i32 279" [/home/efrink/mled/split_cu/U280_CRC_Accelerator/src/kernel.cpp:673]   --->   Operation 59 'partselect' 'p_33' <Predicate = (!icmp_ln670)> <Delay = 0.00>
ST_2 : Operation 60 [1/1] (0.00ns)   --->   "%p_34 = partselect i8 @_ssdm_op_PartSelect.i8.i512.i32.i32, i512 %packed_V, i32 280, i32 287" [/home/efrink/mled/split_cu/U280_CRC_Accelerator/src/kernel.cpp:673]   --->   Operation 60 'partselect' 'p_34' <Predicate = (!icmp_ln670)> <Delay = 0.00>
ST_2 : Operation 61 [1/1] (0.00ns)   --->   "%p_35 = partselect i8 @_ssdm_op_PartSelect.i8.i512.i32.i32, i512 %packed_V, i32 288, i32 295" [/home/efrink/mled/split_cu/U280_CRC_Accelerator/src/kernel.cpp:673]   --->   Operation 61 'partselect' 'p_35' <Predicate = (!icmp_ln670)> <Delay = 0.00>
ST_2 : Operation 62 [1/1] (0.00ns)   --->   "%p_36 = partselect i8 @_ssdm_op_PartSelect.i8.i512.i32.i32, i512 %packed_V, i32 296, i32 303" [/home/efrink/mled/split_cu/U280_CRC_Accelerator/src/kernel.cpp:673]   --->   Operation 62 'partselect' 'p_36' <Predicate = (!icmp_ln670)> <Delay = 0.00>
ST_2 : Operation 63 [1/1] (0.00ns)   --->   "%p_37 = partselect i8 @_ssdm_op_PartSelect.i8.i512.i32.i32, i512 %packed_V, i32 304, i32 311" [/home/efrink/mled/split_cu/U280_CRC_Accelerator/src/kernel.cpp:673]   --->   Operation 63 'partselect' 'p_37' <Predicate = (!icmp_ln670)> <Delay = 0.00>
ST_2 : Operation 64 [1/1] (0.00ns)   --->   "%p_38 = partselect i8 @_ssdm_op_PartSelect.i8.i512.i32.i32, i512 %packed_V, i32 312, i32 319" [/home/efrink/mled/split_cu/U280_CRC_Accelerator/src/kernel.cpp:673]   --->   Operation 64 'partselect' 'p_38' <Predicate = (!icmp_ln670)> <Delay = 0.00>
ST_2 : Operation 65 [1/1] (0.00ns)   --->   "%p_39 = partselect i8 @_ssdm_op_PartSelect.i8.i512.i32.i32, i512 %packed_V, i32 320, i32 327" [/home/efrink/mled/split_cu/U280_CRC_Accelerator/src/kernel.cpp:673]   --->   Operation 65 'partselect' 'p_39' <Predicate = (!icmp_ln670)> <Delay = 0.00>
ST_2 : Operation 66 [1/1] (0.00ns)   --->   "%p_40 = partselect i8 @_ssdm_op_PartSelect.i8.i512.i32.i32, i512 %packed_V, i32 328, i32 335" [/home/efrink/mled/split_cu/U280_CRC_Accelerator/src/kernel.cpp:673]   --->   Operation 66 'partselect' 'p_40' <Predicate = (!icmp_ln670)> <Delay = 0.00>
ST_2 : Operation 67 [1/1] (0.00ns)   --->   "%p_41 = partselect i8 @_ssdm_op_PartSelect.i8.i512.i32.i32, i512 %packed_V, i32 336, i32 343" [/home/efrink/mled/split_cu/U280_CRC_Accelerator/src/kernel.cpp:673]   --->   Operation 67 'partselect' 'p_41' <Predicate = (!icmp_ln670)> <Delay = 0.00>
ST_2 : Operation 68 [1/1] (0.00ns)   --->   "%p_42 = partselect i8 @_ssdm_op_PartSelect.i8.i512.i32.i32, i512 %packed_V, i32 344, i32 351" [/home/efrink/mled/split_cu/U280_CRC_Accelerator/src/kernel.cpp:673]   --->   Operation 68 'partselect' 'p_42' <Predicate = (!icmp_ln670)> <Delay = 0.00>
ST_2 : Operation 69 [1/1] (0.00ns)   --->   "%p_43 = partselect i8 @_ssdm_op_PartSelect.i8.i512.i32.i32, i512 %packed_V, i32 352, i32 359" [/home/efrink/mled/split_cu/U280_CRC_Accelerator/src/kernel.cpp:673]   --->   Operation 69 'partselect' 'p_43' <Predicate = (!icmp_ln670)> <Delay = 0.00>
ST_2 : Operation 70 [1/1] (0.00ns)   --->   "%p_44 = partselect i8 @_ssdm_op_PartSelect.i8.i512.i32.i32, i512 %packed_V, i32 360, i32 367" [/home/efrink/mled/split_cu/U280_CRC_Accelerator/src/kernel.cpp:673]   --->   Operation 70 'partselect' 'p_44' <Predicate = (!icmp_ln670)> <Delay = 0.00>
ST_2 : Operation 71 [1/1] (0.00ns)   --->   "%p_45 = partselect i8 @_ssdm_op_PartSelect.i8.i512.i32.i32, i512 %packed_V, i32 368, i32 375" [/home/efrink/mled/split_cu/U280_CRC_Accelerator/src/kernel.cpp:673]   --->   Operation 71 'partselect' 'p_45' <Predicate = (!icmp_ln670)> <Delay = 0.00>
ST_2 : Operation 72 [1/1] (0.00ns)   --->   "%p_46 = partselect i8 @_ssdm_op_PartSelect.i8.i512.i32.i32, i512 %packed_V, i32 376, i32 383" [/home/efrink/mled/split_cu/U280_CRC_Accelerator/src/kernel.cpp:673]   --->   Operation 72 'partselect' 'p_46' <Predicate = (!icmp_ln670)> <Delay = 0.00>
ST_2 : Operation 73 [1/1] (0.00ns)   --->   "%p_47 = partselect i8 @_ssdm_op_PartSelect.i8.i512.i32.i32, i512 %packed_V, i32 384, i32 391" [/home/efrink/mled/split_cu/U280_CRC_Accelerator/src/kernel.cpp:673]   --->   Operation 73 'partselect' 'p_47' <Predicate = (!icmp_ln670)> <Delay = 0.00>
ST_2 : Operation 74 [1/1] (0.00ns)   --->   "%p_48 = partselect i8 @_ssdm_op_PartSelect.i8.i512.i32.i32, i512 %packed_V, i32 392, i32 399" [/home/efrink/mled/split_cu/U280_CRC_Accelerator/src/kernel.cpp:673]   --->   Operation 74 'partselect' 'p_48' <Predicate = (!icmp_ln670)> <Delay = 0.00>
ST_2 : Operation 75 [1/1] (0.00ns)   --->   "%p_49 = partselect i8 @_ssdm_op_PartSelect.i8.i512.i32.i32, i512 %packed_V, i32 400, i32 407" [/home/efrink/mled/split_cu/U280_CRC_Accelerator/src/kernel.cpp:673]   --->   Operation 75 'partselect' 'p_49' <Predicate = (!icmp_ln670)> <Delay = 0.00>
ST_2 : Operation 76 [1/1] (0.00ns)   --->   "%p_50 = partselect i8 @_ssdm_op_PartSelect.i8.i512.i32.i32, i512 %packed_V, i32 408, i32 415" [/home/efrink/mled/split_cu/U280_CRC_Accelerator/src/kernel.cpp:673]   --->   Operation 76 'partselect' 'p_50' <Predicate = (!icmp_ln670)> <Delay = 0.00>
ST_2 : Operation 77 [1/1] (0.00ns)   --->   "%p_51 = partselect i8 @_ssdm_op_PartSelect.i8.i512.i32.i32, i512 %packed_V, i32 416, i32 423" [/home/efrink/mled/split_cu/U280_CRC_Accelerator/src/kernel.cpp:673]   --->   Operation 77 'partselect' 'p_51' <Predicate = (!icmp_ln670)> <Delay = 0.00>
ST_2 : Operation 78 [1/1] (0.00ns)   --->   "%p_52 = partselect i8 @_ssdm_op_PartSelect.i8.i512.i32.i32, i512 %packed_V, i32 424, i32 431" [/home/efrink/mled/split_cu/U280_CRC_Accelerator/src/kernel.cpp:673]   --->   Operation 78 'partselect' 'p_52' <Predicate = (!icmp_ln670)> <Delay = 0.00>
ST_2 : Operation 79 [1/1] (0.00ns)   --->   "%p_53 = partselect i8 @_ssdm_op_PartSelect.i8.i512.i32.i32, i512 %packed_V, i32 432, i32 439" [/home/efrink/mled/split_cu/U280_CRC_Accelerator/src/kernel.cpp:673]   --->   Operation 79 'partselect' 'p_53' <Predicate = (!icmp_ln670)> <Delay = 0.00>
ST_2 : Operation 80 [1/1] (0.00ns)   --->   "%p_54 = partselect i8 @_ssdm_op_PartSelect.i8.i512.i32.i32, i512 %packed_V, i32 440, i32 447" [/home/efrink/mled/split_cu/U280_CRC_Accelerator/src/kernel.cpp:673]   --->   Operation 80 'partselect' 'p_54' <Predicate = (!icmp_ln670)> <Delay = 0.00>
ST_2 : Operation 81 [1/1] (0.00ns)   --->   "%p_55 = partselect i8 @_ssdm_op_PartSelect.i8.i512.i32.i32, i512 %packed_V, i32 448, i32 455" [/home/efrink/mled/split_cu/U280_CRC_Accelerator/src/kernel.cpp:673]   --->   Operation 81 'partselect' 'p_55' <Predicate = (!icmp_ln670)> <Delay = 0.00>
ST_2 : Operation 82 [1/1] (0.00ns)   --->   "%p_56 = partselect i8 @_ssdm_op_PartSelect.i8.i512.i32.i32, i512 %packed_V, i32 456, i32 463" [/home/efrink/mled/split_cu/U280_CRC_Accelerator/src/kernel.cpp:673]   --->   Operation 82 'partselect' 'p_56' <Predicate = (!icmp_ln670)> <Delay = 0.00>
ST_2 : Operation 83 [1/1] (0.00ns)   --->   "%p_57 = partselect i8 @_ssdm_op_PartSelect.i8.i512.i32.i32, i512 %packed_V, i32 464, i32 471" [/home/efrink/mled/split_cu/U280_CRC_Accelerator/src/kernel.cpp:673]   --->   Operation 83 'partselect' 'p_57' <Predicate = (!icmp_ln670)> <Delay = 0.00>
ST_2 : Operation 84 [1/1] (0.00ns)   --->   "%p_58 = partselect i8 @_ssdm_op_PartSelect.i8.i512.i32.i32, i512 %packed_V, i32 472, i32 479" [/home/efrink/mled/split_cu/U280_CRC_Accelerator/src/kernel.cpp:673]   --->   Operation 84 'partselect' 'p_58' <Predicate = (!icmp_ln670)> <Delay = 0.00>
ST_2 : Operation 85 [1/1] (0.00ns)   --->   "%p_59 = partselect i8 @_ssdm_op_PartSelect.i8.i512.i32.i32, i512 %packed_V, i32 480, i32 487" [/home/efrink/mled/split_cu/U280_CRC_Accelerator/src/kernel.cpp:673]   --->   Operation 85 'partselect' 'p_59' <Predicate = (!icmp_ln670)> <Delay = 0.00>
ST_2 : Operation 86 [1/1] (0.00ns)   --->   "%p_60 = partselect i8 @_ssdm_op_PartSelect.i8.i512.i32.i32, i512 %packed_V, i32 488, i32 495" [/home/efrink/mled/split_cu/U280_CRC_Accelerator/src/kernel.cpp:673]   --->   Operation 86 'partselect' 'p_60' <Predicate = (!icmp_ln670)> <Delay = 0.00>
ST_2 : Operation 87 [1/1] (0.00ns)   --->   "%p_61 = partselect i8 @_ssdm_op_PartSelect.i8.i512.i32.i32, i512 %packed_V, i32 496, i32 503" [/home/efrink/mled/split_cu/U280_CRC_Accelerator/src/kernel.cpp:673]   --->   Operation 87 'partselect' 'p_61' <Predicate = (!icmp_ln670)> <Delay = 0.00>
ST_2 : Operation 88 [1/1] (0.00ns)   --->   "%p_62 = partselect i8 @_ssdm_op_PartSelect.i8.i512.i32.i32, i512 %packed_V, i32 504, i32 511" [/home/efrink/mled/split_cu/U280_CRC_Accelerator/src/kernel.cpp:673]   --->   Operation 88 'partselect' 'p_62' <Predicate = (!icmp_ln670)> <Delay = 0.00>

State 3 <SV = 2> <Delay = 2.37>
ST_3 : Operation 89 [1/1] (0.00ns)   --->   "%ret_V = bitconcatenate i16 @_ssdm_op_BitConcatenate.i16.i8.i8, i8 %empty_27, i8 %p_1" [/home/efrink/mled/split_cu/U280_CRC_Accelerator/src/kernel.cpp:673]   --->   Operation 89 'bitconcatenate' 'ret_V' <Predicate = true> <Delay = 0.00>
ST_3 : Operation 90 [1/1] (0.00ns)   --->   "%ret_V_1 = bitconcatenate i16 @_ssdm_op_BitConcatenate.i16.i8.i8, i8 %p_s, i8 %p_2" [/home/efrink/mled/split_cu/U280_CRC_Accelerator/src/kernel.cpp:673]   --->   Operation 90 'bitconcatenate' 'ret_V_1' <Predicate = true> <Delay = 0.00>
ST_3 : Operation 91 [1/1] (0.00ns)   --->   "%zext_ln232 = zext i16 %ret_V"   --->   Operation 91 'zext' 'zext_ln232' <Predicate = true> <Delay = 0.00>
ST_3 : Operation 92 [1/1] (0.00ns)   --->   "%zext_ln232_1 = zext i16 %ret_V_1"   --->   Operation 92 'zext' 'zext_ln232_1' <Predicate = true> <Delay = 0.00>
ST_3 : Operation 93 [1/1] (0.78ns)   --->   "%lvl1_V = add i17 %zext_ln232_1, i17 %zext_ln232"   --->   Operation 93 'add' 'lvl1_V' <Predicate = true> <Delay = 0.78> <CoreInst = "Adder">   --->   Core 1 'Adder' <Latency = 0> <II = 1> <Delay = 0.79> <FuncUnit> <Opcode : 'add' 'sub'> <InPorts = 2> <OutPorts = 1>
ST_3 : Operation 94 [1/1] (0.00ns)   --->   "%ret_V_2 = bitconcatenate i16 @_ssdm_op_BitConcatenate.i16.i8.i8, i8 %p_3, i8 %p_4" [/home/efrink/mled/split_cu/U280_CRC_Accelerator/src/kernel.cpp:673]   --->   Operation 94 'bitconcatenate' 'ret_V_2' <Predicate = true> <Delay = 0.00>
ST_3 : Operation 95 [1/1] (0.00ns)   --->   "%ret_V_3 = bitconcatenate i16 @_ssdm_op_BitConcatenate.i16.i8.i8, i8 %p_5, i8 %p_6" [/home/efrink/mled/split_cu/U280_CRC_Accelerator/src/kernel.cpp:673]   --->   Operation 95 'bitconcatenate' 'ret_V_3' <Predicate = true> <Delay = 0.00>
ST_3 : Operation 96 [1/1] (0.00ns)   --->   "%zext_ln232_2 = zext i16 %ret_V_2"   --->   Operation 96 'zext' 'zext_ln232_2' <Predicate = true> <Delay = 0.00>
ST_3 : Operation 97 [1/1] (0.00ns)   --->   "%zext_ln232_3 = zext i16 %ret_V_3"   --->   Operation 97 'zext' 'zext_ln232_3' <Predicate = true> <Delay = 0.00>
ST_3 : Operation 98 [1/1] (0.78ns)   --->   "%lvl1_V_1 = add i17 %zext_ln232_3, i17 %zext_ln232_2"   --->   Operation 98 'add' 'lvl1_V_1' <Predicate = true> <Delay = 0.78> <CoreInst = "Adder">   --->   Core 1 'Adder' <Latency = 0> <II = 1> <Delay = 0.79> <FuncUnit> <Opcode : 'add' 'sub'> <InPorts = 2> <OutPorts = 1>
ST_3 : Operation 99 [1/1] (0.00ns)   --->   "%ret_V_4 = bitconcatenate i16 @_ssdm_op_BitConcatenate.i16.i8.i8, i8 %p_7, i8 %p_8" [/home/efrink/mled/split_cu/U280_CRC_Accelerator/src/kernel.cpp:673]   --->   Operation 99 'bitconcatenate' 'ret_V_4' <Predicate = true> <Delay = 0.00>
ST_3 : Operation 100 [1/1] (0.00ns)   --->   "%ret_V_5 = bitconcatenate i16 @_ssdm_op_BitConcatenate.i16.i8.i8, i8 %p_9, i8 %p_10" [/home/efrink/mled/split_cu/U280_CRC_Accelerator/src/kernel.cpp:673]   --->   Operation 100 'bitconcatenate' 'ret_V_5' <Predicate = true> <Delay = 0.00>
ST_3 : Operation 101 [1/1] (0.00ns)   --->   "%zext_ln232_4 = zext i16 %ret_V_4"   --->   Operation 101 'zext' 'zext_ln232_4' <Predicate = true> <Delay = 0.00>
ST_3 : Operation 102 [1/1] (0.00ns)   --->   "%zext_ln232_5 = zext i16 %ret_V_5"   --->   Operation 102 'zext' 'zext_ln232_5' <Predicate = true> <Delay = 0.00>
ST_3 : Operation 103 [1/1] (0.78ns)   --->   "%lvl1_V_2 = add i17 %zext_ln232_5, i17 %zext_ln232_4"   --->   Operation 103 'add' 'lvl1_V_2' <Predicate = true> <Delay = 0.78> <CoreInst = "Adder">   --->   Core 1 'Adder' <Latency = 0> <II = 1> <Delay = 0.79> <FuncUnit> <Opcode : 'add' 'sub'> <InPorts = 2> <OutPorts = 1>
ST_3 : Operation 104 [1/1] (0.00ns)   --->   "%ret_V_6 = bitconcatenate i16 @_ssdm_op_BitConcatenate.i16.i8.i8, i8 %p_11, i8 %p_12" [/home/efrink/mled/split_cu/U280_CRC_Accelerator/src/kernel.cpp:673]   --->   Operation 104 'bitconcatenate' 'ret_V_6' <Predicate = true> <Delay = 0.00>
ST_3 : Operation 105 [1/1] (0.00ns)   --->   "%ret_V_7 = bitconcatenate i16 @_ssdm_op_BitConcatenate.i16.i8.i8, i8 %p_13, i8 %p_14" [/home/efrink/mled/split_cu/U280_CRC_Accelerator/src/kernel.cpp:673]   --->   Operation 105 'bitconcatenate' 'ret_V_7' <Predicate = true> <Delay = 0.00>
ST_3 : Operation 106 [1/1] (0.00ns)   --->   "%zext_ln232_6 = zext i16 %ret_V_6"   --->   Operation 106 'zext' 'zext_ln232_6' <Predicate = true> <Delay = 0.00>
ST_3 : Operation 107 [1/1] (0.00ns)   --->   "%zext_ln232_7 = zext i16 %ret_V_7"   --->   Operation 107 'zext' 'zext_ln232_7' <Predicate = true> <Delay = 0.00>
ST_3 : Operation 108 [1/1] (0.78ns)   --->   "%lvl1_V_3 = add i17 %zext_ln232_7, i17 %zext_ln232_6"   --->   Operation 108 'add' 'lvl1_V_3' <Predicate = true> <Delay = 0.78> <CoreInst = "Adder">   --->   Core 1 'Adder' <Latency = 0> <II = 1> <Delay = 0.79> <FuncUnit> <Opcode : 'add' 'sub'> <InPorts = 2> <OutPorts = 1>
ST_3 : Operation 109 [1/1] (0.00ns)   --->   "%ret_V_8 = bitconcatenate i16 @_ssdm_op_BitConcatenate.i16.i8.i8, i8 %p_15, i8 %p_16" [/home/efrink/mled/split_cu/U280_CRC_Accelerator/src/kernel.cpp:673]   --->   Operation 109 'bitconcatenate' 'ret_V_8' <Predicate = true> <Delay = 0.00>
ST_3 : Operation 110 [1/1] (0.00ns)   --->   "%ret_V_9 = bitconcatenate i16 @_ssdm_op_BitConcatenate.i16.i8.i8, i8 %p_17, i8 %p_18" [/home/efrink/mled/split_cu/U280_CRC_Accelerator/src/kernel.cpp:673]   --->   Operation 110 'bitconcatenate' 'ret_V_9' <Predicate = true> <Delay = 0.00>
ST_3 : Operation 111 [1/1] (0.00ns)   --->   "%zext_ln232_8 = zext i16 %ret_V_8"   --->   Operation 111 'zext' 'zext_ln232_8' <Predicate = true> <Delay = 0.00>
ST_3 : Operation 112 [1/1] (0.00ns)   --->   "%zext_ln232_9 = zext i16 %ret_V_9"   --->   Operation 112 'zext' 'zext_ln232_9' <Predicate = true> <Delay = 0.00>
ST_3 : Operation 113 [1/1] (0.78ns)   --->   "%lvl1_V_4 = add i17 %zext_ln232_9, i17 %zext_ln232_8"   --->   Operation 113 'add' 'lvl1_V_4' <Predicate = true> <Delay = 0.78> <CoreInst = "Adder">   --->   Core 1 'Adder' <Latency = 0> <II = 1> <Delay = 0.79> <FuncUnit> <Opcode : 'add' 'sub'> <InPorts = 2> <OutPorts = 1>
ST_3 : Operation 114 [1/1] (0.00ns)   --->   "%ret_V_10 = bitconcatenate i16 @_ssdm_op_BitConcatenate.i16.i8.i8, i8 %p_19, i8 %p_20" [/home/efrink/mled/split_cu/U280_CRC_Accelerator/src/kernel.cpp:673]   --->   Operation 114 'bitconcatenate' 'ret_V_10' <Predicate = true> <Delay = 0.00>
ST_3 : Operation 115 [1/1] (0.00ns)   --->   "%ret_V_11 = bitconcatenate i16 @_ssdm_op_BitConcatenate.i16.i8.i8, i8 %p_21, i8 %p_22" [/home/efrink/mled/split_cu/U280_CRC_Accelerator/src/kernel.cpp:673]   --->   Operation 115 'bitconcatenate' 'ret_V_11' <Predicate = true> <Delay = 0.00>
ST_3 : Operation 116 [1/1] (0.00ns)   --->   "%zext_ln232_10 = zext i16 %ret_V_10"   --->   Operation 116 'zext' 'zext_ln232_10' <Predicate = true> <Delay = 0.00>
ST_3 : Operation 117 [1/1] (0.00ns)   --->   "%zext_ln232_11 = zext i16 %ret_V_11"   --->   Operation 117 'zext' 'zext_ln232_11' <Predicate = true> <Delay = 0.00>
ST_3 : Operation 118 [1/1] (0.78ns)   --->   "%lvl1_V_5 = add i17 %zext_ln232_11, i17 %zext_ln232_10"   --->   Operation 118 'add' 'lvl1_V_5' <Predicate = true> <Delay = 0.78> <CoreInst = "Adder">   --->   Core 1 'Adder' <Latency = 0> <II = 1> <Delay = 0.79> <FuncUnit> <Opcode : 'add' 'sub'> <InPorts = 2> <OutPorts = 1>
ST_3 : Operation 119 [1/1] (0.00ns)   --->   "%ret_V_12 = bitconcatenate i16 @_ssdm_op_BitConcatenate.i16.i8.i8, i8 %p_23, i8 %p_24" [/home/efrink/mled/split_cu/U280_CRC_Accelerator/src/kernel.cpp:673]   --->   Operation 119 'bitconcatenate' 'ret_V_12' <Predicate = true> <Delay = 0.00>
ST_3 : Operation 120 [1/1] (0.00ns)   --->   "%ret_V_13 = bitconcatenate i16 @_ssdm_op_BitConcatenate.i16.i8.i8, i8 %p_25, i8 %p_26" [/home/efrink/mled/split_cu/U280_CRC_Accelerator/src/kernel.cpp:673]   --->   Operation 120 'bitconcatenate' 'ret_V_13' <Predicate = true> <Delay = 0.00>
ST_3 : Operation 121 [1/1] (0.00ns)   --->   "%zext_ln232_12 = zext i16 %ret_V_12"   --->   Operation 121 'zext' 'zext_ln232_12' <Predicate = true> <Delay = 0.00>
ST_3 : Operation 122 [1/1] (0.00ns)   --->   "%zext_ln232_13 = zext i16 %ret_V_13"   --->   Operation 122 'zext' 'zext_ln232_13' <Predicate = true> <Delay = 0.00>
ST_3 : Operation 123 [1/1] (0.78ns)   --->   "%lvl1_V_6 = add i17 %zext_ln232_13, i17 %zext_ln232_12"   --->   Operation 123 'add' 'lvl1_V_6' <Predicate = true> <Delay = 0.78> <CoreInst = "Adder">   --->   Core 1 'Adder' <Latency = 0> <II = 1> <Delay = 0.79> <FuncUnit> <Opcode : 'add' 'sub'> <InPorts = 2> <OutPorts = 1>
ST_3 : Operation 124 [1/1] (0.00ns)   --->   "%ret_V_14 = bitconcatenate i16 @_ssdm_op_BitConcatenate.i16.i8.i8, i8 %p_27, i8 %p_28" [/home/efrink/mled/split_cu/U280_CRC_Accelerator/src/kernel.cpp:673]   --->   Operation 124 'bitconcatenate' 'ret_V_14' <Predicate = true> <Delay = 0.00>
ST_3 : Operation 125 [1/1] (0.00ns)   --->   "%ret_V_15 = bitconcatenate i16 @_ssdm_op_BitConcatenate.i16.i8.i8, i8 %p_29, i8 %p_30" [/home/efrink/mled/split_cu/U280_CRC_Accelerator/src/kernel.cpp:673]   --->   Operation 125 'bitconcatenate' 'ret_V_15' <Predicate = true> <Delay = 0.00>
ST_3 : Operation 126 [1/1] (0.00ns)   --->   "%zext_ln232_14 = zext i16 %ret_V_14"   --->   Operation 126 'zext' 'zext_ln232_14' <Predicate = true> <Delay = 0.00>
ST_3 : Operation 127 [1/1] (0.00ns)   --->   "%zext_ln232_15 = zext i16 %ret_V_15"   --->   Operation 127 'zext' 'zext_ln232_15' <Predicate = true> <Delay = 0.00>
ST_3 : Operation 128 [1/1] (0.78ns)   --->   "%lvl1_V_7 = add i17 %zext_ln232_15, i17 %zext_ln232_14"   --->   Operation 128 'add' 'lvl1_V_7' <Predicate = true> <Delay = 0.78> <CoreInst = "Adder">   --->   Core 1 'Adder' <Latency = 0> <II = 1> <Delay = 0.79> <FuncUnit> <Opcode : 'add' 'sub'> <InPorts = 2> <OutPorts = 1>
ST_3 : Operation 129 [1/1] (0.00ns)   --->   "%ret_V_16 = bitconcatenate i16 @_ssdm_op_BitConcatenate.i16.i8.i8, i8 %p_31, i8 %p_32" [/home/efrink/mled/split_cu/U280_CRC_Accelerator/src/kernel.cpp:673]   --->   Operation 129 'bitconcatenate' 'ret_V_16' <Predicate = true> <Delay = 0.00>
ST_3 : Operation 130 [1/1] (0.00ns)   --->   "%ret_V_17 = bitconcatenate i16 @_ssdm_op_BitConcatenate.i16.i8.i8, i8 %p_33, i8 %p_34" [/home/efrink/mled/split_cu/U280_CRC_Accelerator/src/kernel.cpp:673]   --->   Operation 130 'bitconcatenate' 'ret_V_17' <Predicate = true> <Delay = 0.00>
ST_3 : Operation 131 [1/1] (0.00ns)   --->   "%zext_ln232_16 = zext i16 %ret_V_16"   --->   Operation 131 'zext' 'zext_ln232_16' <Predicate = true> <Delay = 0.00>
ST_3 : Operation 132 [1/1] (0.00ns)   --->   "%zext_ln232_17 = zext i16 %ret_V_17"   --->   Operation 132 'zext' 'zext_ln232_17' <Predicate = true> <Delay = 0.00>
ST_3 : Operation 133 [1/1] (0.78ns)   --->   "%lvl1_V_8 = add i17 %zext_ln232_17, i17 %zext_ln232_16"   --->   Operation 133 'add' 'lvl1_V_8' <Predicate = true> <Delay = 0.78> <CoreInst = "Adder">   --->   Core 1 'Adder' <Latency = 0> <II = 1> <Delay = 0.79> <FuncUnit> <Opcode : 'add' 'sub'> <InPorts = 2> <OutPorts = 1>
ST_3 : Operation 134 [1/1] (0.00ns)   --->   "%ret_V_18 = bitconcatenate i16 @_ssdm_op_BitConcatenate.i16.i8.i8, i8 %p_35, i8 %p_36" [/home/efrink/mled/split_cu/U280_CRC_Accelerator/src/kernel.cpp:673]   --->   Operation 134 'bitconcatenate' 'ret_V_18' <Predicate = true> <Delay = 0.00>
ST_3 : Operation 135 [1/1] (0.00ns)   --->   "%ret_V_19 = bitconcatenate i16 @_ssdm_op_BitConcatenate.i16.i8.i8, i8 %p_37, i8 %p_38" [/home/efrink/mled/split_cu/U280_CRC_Accelerator/src/kernel.cpp:673]   --->   Operation 135 'bitconcatenate' 'ret_V_19' <Predicate = true> <Delay = 0.00>
ST_3 : Operation 136 [1/1] (0.00ns)   --->   "%zext_ln232_18 = zext i16 %ret_V_18"   --->   Operation 136 'zext' 'zext_ln232_18' <Predicate = true> <Delay = 0.00>
ST_3 : Operation 137 [1/1] (0.00ns)   --->   "%zext_ln232_19 = zext i16 %ret_V_19"   --->   Operation 137 'zext' 'zext_ln232_19' <Predicate = true> <Delay = 0.00>
ST_3 : Operation 138 [1/1] (0.78ns)   --->   "%lvl1_V_9 = add i17 %zext_ln232_19, i17 %zext_ln232_18"   --->   Operation 138 'add' 'lvl1_V_9' <Predicate = true> <Delay = 0.78> <CoreInst = "Adder">   --->   Core 1 'Adder' <Latency = 0> <II = 1> <Delay = 0.79> <FuncUnit> <Opcode : 'add' 'sub'> <InPorts = 2> <OutPorts = 1>
ST_3 : Operation 139 [1/1] (0.00ns)   --->   "%ret_V_20 = bitconcatenate i16 @_ssdm_op_BitConcatenate.i16.i8.i8, i8 %p_39, i8 %p_40" [/home/efrink/mled/split_cu/U280_CRC_Accelerator/src/kernel.cpp:673]   --->   Operation 139 'bitconcatenate' 'ret_V_20' <Predicate = true> <Delay = 0.00>
ST_3 : Operation 140 [1/1] (0.00ns)   --->   "%ret_V_21 = bitconcatenate i16 @_ssdm_op_BitConcatenate.i16.i8.i8, i8 %p_41, i8 %p_42" [/home/efrink/mled/split_cu/U280_CRC_Accelerator/src/kernel.cpp:673]   --->   Operation 140 'bitconcatenate' 'ret_V_21' <Predicate = true> <Delay = 0.00>
ST_3 : Operation 141 [1/1] (0.00ns)   --->   "%zext_ln232_20 = zext i16 %ret_V_20"   --->   Operation 141 'zext' 'zext_ln232_20' <Predicate = true> <Delay = 0.00>
ST_3 : Operation 142 [1/1] (0.00ns)   --->   "%zext_ln232_21 = zext i16 %ret_V_21"   --->   Operation 142 'zext' 'zext_ln232_21' <Predicate = true> <Delay = 0.00>
ST_3 : Operation 143 [1/1] (0.78ns)   --->   "%lvl1_V_10 = add i17 %zext_ln232_21, i17 %zext_ln232_20"   --->   Operation 143 'add' 'lvl1_V_10' <Predicate = true> <Delay = 0.78> <CoreInst = "Adder">   --->   Core 1 'Adder' <Latency = 0> <II = 1> <Delay = 0.79> <FuncUnit> <Opcode : 'add' 'sub'> <InPorts = 2> <OutPorts = 1>
ST_3 : Operation 144 [1/1] (0.00ns)   --->   "%ret_V_22 = bitconcatenate i16 @_ssdm_op_BitConcatenate.i16.i8.i8, i8 %p_43, i8 %p_44" [/home/efrink/mled/split_cu/U280_CRC_Accelerator/src/kernel.cpp:673]   --->   Operation 144 'bitconcatenate' 'ret_V_22' <Predicate = true> <Delay = 0.00>
ST_3 : Operation 145 [1/1] (0.00ns)   --->   "%ret_V_23 = bitconcatenate i16 @_ssdm_op_BitConcatenate.i16.i8.i8, i8 %p_45, i8 %p_46" [/home/efrink/mled/split_cu/U280_CRC_Accelerator/src/kernel.cpp:673]   --->   Operation 145 'bitconcatenate' 'ret_V_23' <Predicate = true> <Delay = 0.00>
ST_3 : Operation 146 [1/1] (0.00ns)   --->   "%zext_ln232_22 = zext i16 %ret_V_22"   --->   Operation 146 'zext' 'zext_ln232_22' <Predicate = true> <Delay = 0.00>
ST_3 : Operation 147 [1/1] (0.00ns)   --->   "%zext_ln232_23 = zext i16 %ret_V_23"   --->   Operation 147 'zext' 'zext_ln232_23' <Predicate = true> <Delay = 0.00>
ST_3 : Operation 148 [1/1] (0.78ns)   --->   "%lvl1_V_11 = add i17 %zext_ln232_23, i17 %zext_ln232_22"   --->   Operation 148 'add' 'lvl1_V_11' <Predicate = true> <Delay = 0.78> <CoreInst = "Adder">   --->   Core 1 'Adder' <Latency = 0> <II = 1> <Delay = 0.79> <FuncUnit> <Opcode : 'add' 'sub'> <InPorts = 2> <OutPorts = 1>
ST_3 : Operation 149 [1/1] (0.00ns)   --->   "%ret_V_24 = bitconcatenate i16 @_ssdm_op_BitConcatenate.i16.i8.i8, i8 %p_47, i8 %p_48" [/home/efrink/mled/split_cu/U280_CRC_Accelerator/src/kernel.cpp:673]   --->   Operation 149 'bitconcatenate' 'ret_V_24' <Predicate = true> <Delay = 0.00>
ST_3 : Operation 150 [1/1] (0.00ns)   --->   "%ret_V_25 = bitconcatenate i16 @_ssdm_op_BitConcatenate.i16.i8.i8, i8 %p_49, i8 %p_50" [/home/efrink/mled/split_cu/U280_CRC_Accelerator/src/kernel.cpp:673]   --->   Operation 150 'bitconcatenate' 'ret_V_25' <Predicate = true> <Delay = 0.00>
ST_3 : Operation 151 [1/1] (0.00ns)   --->   "%zext_ln232_24 = zext i16 %ret_V_24"   --->   Operation 151 'zext' 'zext_ln232_24' <Predicate = true> <Delay = 0.00>
ST_3 : Operation 152 [1/1] (0.00ns)   --->   "%zext_ln232_25 = zext i16 %ret_V_25"   --->   Operation 152 'zext' 'zext_ln232_25' <Predicate = true> <Delay = 0.00>
ST_3 : Operation 153 [1/1] (0.78ns)   --->   "%lvl1_V_12 = add i17 %zext_ln232_25, i17 %zext_ln232_24"   --->   Operation 153 'add' 'lvl1_V_12' <Predicate = true> <Delay = 0.78> <CoreInst = "Adder">   --->   Core 1 'Adder' <Latency = 0> <II = 1> <Delay = 0.79> <FuncUnit> <Opcode : 'add' 'sub'> <InPorts = 2> <OutPorts = 1>
ST_3 : Operation 154 [1/1] (0.00ns)   --->   "%ret_V_26 = bitconcatenate i16 @_ssdm_op_BitConcatenate.i16.i8.i8, i8 %p_51, i8 %p_52" [/home/efrink/mled/split_cu/U280_CRC_Accelerator/src/kernel.cpp:673]   --->   Operation 154 'bitconcatenate' 'ret_V_26' <Predicate = true> <Delay = 0.00>
ST_3 : Operation 155 [1/1] (0.00ns)   --->   "%ret_V_27 = bitconcatenate i16 @_ssdm_op_BitConcatenate.i16.i8.i8, i8 %p_53, i8 %p_54" [/home/efrink/mled/split_cu/U280_CRC_Accelerator/src/kernel.cpp:673]   --->   Operation 155 'bitconcatenate' 'ret_V_27' <Predicate = true> <Delay = 0.00>
ST_3 : Operation 156 [1/1] (0.00ns)   --->   "%zext_ln232_26 = zext i16 %ret_V_26"   --->   Operation 156 'zext' 'zext_ln232_26' <Predicate = true> <Delay = 0.00>
ST_3 : Operation 157 [1/1] (0.00ns)   --->   "%zext_ln232_27 = zext i16 %ret_V_27"   --->   Operation 157 'zext' 'zext_ln232_27' <Predicate = true> <Delay = 0.00>
ST_3 : Operation 158 [1/1] (0.78ns)   --->   "%lvl1_V_13 = add i17 %zext_ln232_27, i17 %zext_ln232_26"   --->   Operation 158 'add' 'lvl1_V_13' <Predicate = true> <Delay = 0.78> <CoreInst = "Adder">   --->   Core 1 'Adder' <Latency = 0> <II = 1> <Delay = 0.79> <FuncUnit> <Opcode : 'add' 'sub'> <InPorts = 2> <OutPorts = 1>
ST_3 : Operation 159 [1/1] (0.00ns)   --->   "%ret_V_28 = bitconcatenate i16 @_ssdm_op_BitConcatenate.i16.i8.i8, i8 %p_55, i8 %p_56" [/home/efrink/mled/split_cu/U280_CRC_Accelerator/src/kernel.cpp:673]   --->   Operation 159 'bitconcatenate' 'ret_V_28' <Predicate = true> <Delay = 0.00>
ST_3 : Operation 160 [1/1] (0.00ns)   --->   "%ret_V_29 = bitconcatenate i16 @_ssdm_op_BitConcatenate.i16.i8.i8, i8 %p_57, i8 %p_58" [/home/efrink/mled/split_cu/U280_CRC_Accelerator/src/kernel.cpp:673]   --->   Operation 160 'bitconcatenate' 'ret_V_29' <Predicate = true> <Delay = 0.00>
ST_3 : Operation 161 [1/1] (0.00ns)   --->   "%zext_ln232_28 = zext i16 %ret_V_28"   --->   Operation 161 'zext' 'zext_ln232_28' <Predicate = true> <Delay = 0.00>
ST_3 : Operation 162 [1/1] (0.00ns)   --->   "%zext_ln232_29 = zext i16 %ret_V_29"   --->   Operation 162 'zext' 'zext_ln232_29' <Predicate = true> <Delay = 0.00>
ST_3 : Operation 163 [1/1] (0.78ns)   --->   "%lvl1_V_14 = add i17 %zext_ln232_29, i17 %zext_ln232_28"   --->   Operation 163 'add' 'lvl1_V_14' <Predicate = true> <Delay = 0.78> <CoreInst = "Adder">   --->   Core 1 'Adder' <Latency = 0> <II = 1> <Delay = 0.79> <FuncUnit> <Opcode : 'add' 'sub'> <InPorts = 2> <OutPorts = 1>
ST_3 : Operation 164 [1/1] (0.00ns)   --->   "%ret_V_30 = bitconcatenate i16 @_ssdm_op_BitConcatenate.i16.i8.i8, i8 %p_59, i8 %p_60" [/home/efrink/mled/split_cu/U280_CRC_Accelerator/src/kernel.cpp:673]   --->   Operation 164 'bitconcatenate' 'ret_V_30' <Predicate = true> <Delay = 0.00>
ST_3 : Operation 165 [1/1] (0.00ns)   --->   "%ret_V_31 = bitconcatenate i16 @_ssdm_op_BitConcatenate.i16.i8.i8, i8 %p_61, i8 %p_62" [/home/efrink/mled/split_cu/U280_CRC_Accelerator/src/kernel.cpp:673]   --->   Operation 165 'bitconcatenate' 'ret_V_31' <Predicate = true> <Delay = 0.00>
ST_3 : Operation 166 [1/1] (0.00ns)   --->   "%zext_ln232_30 = zext i16 %ret_V_30"   --->   Operation 166 'zext' 'zext_ln232_30' <Predicate = true> <Delay = 0.00>
ST_3 : Operation 167 [1/1] (0.00ns)   --->   "%zext_ln232_31 = zext i16 %ret_V_31"   --->   Operation 167 'zext' 'zext_ln232_31' <Predicate = true> <Delay = 0.00>
ST_3 : Operation 168 [1/1] (0.78ns)   --->   "%lvl1_V_15 = add i17 %zext_ln232_31, i17 %zext_ln232_30"   --->   Operation 168 'add' 'lvl1_V_15' <Predicate = true> <Delay = 0.78> <CoreInst = "Adder">   --->   Core 1 'Adder' <Latency = 0> <II = 1> <Delay = 0.79> <FuncUnit> <Opcode : 'add' 'sub'> <InPorts = 2> <OutPorts = 1>
ST_3 : Operation 169 [1/1] (0.00ns)   --->   "%zext_ln232_32 = zext i17 %lvl1_V"   --->   Operation 169 'zext' 'zext_ln232_32' <Predicate = true> <Delay = 0.00>
ST_3 : Operation 170 [1/1] (0.00ns)   --->   "%zext_ln232_33 = zext i17 %lvl1_V_1"   --->   Operation 170 'zext' 'zext_ln232_33' <Predicate = true> <Delay = 0.00>
ST_3 : Operation 171 [1/1] (0.79ns)   --->   "%add_ln232 = add i18 %zext_ln232_33, i18 %zext_ln232_32"   --->   Operation 171 'add' 'add_ln232' <Predicate = true> <Delay = 0.79> <CoreInst = "Adder">   --->   Core 1 'Adder' <Latency = 0> <II = 1> <Delay = 0.79> <FuncUnit> <Opcode : 'add' 'sub'> <InPorts = 2> <OutPorts = 1>
ST_3 : Operation 172 [1/1] (0.00ns)   --->   "%zext_ln232_34 = zext i17 %lvl1_V_2"   --->   Operation 172 'zext' 'zext_ln232_34' <Predicate = true> <Delay = 0.00>
ST_3 : Operation 173 [1/1] (0.00ns)   --->   "%zext_ln232_35 = zext i17 %lvl1_V_3"   --->   Operation 173 'zext' 'zext_ln232_35' <Predicate = true> <Delay = 0.00>
ST_3 : Operation 174 [1/1] (0.79ns)   --->   "%add_ln232_1 = add i18 %zext_ln232_35, i18 %zext_ln232_34"   --->   Operation 174 'add' 'add_ln232_1' <Predicate = true> <Delay = 0.79> <CoreInst = "Adder">   --->   Core 1 'Adder' <Latency = 0> <II = 1> <Delay = 0.79> <FuncUnit> <Opcode : 'add' 'sub'> <InPorts = 2> <OutPorts = 1>
ST_3 : Operation 175 [1/1] (0.00ns)   --->   "%zext_ln232_36 = zext i17 %lvl1_V_4"   --->   Operation 175 'zext' 'zext_ln232_36' <Predicate = true> <Delay = 0.00>
ST_3 : Operation 176 [1/1] (0.00ns)   --->   "%zext_ln232_37 = zext i17 %lvl1_V_5"   --->   Operation 176 'zext' 'zext_ln232_37' <Predicate = true> <Delay = 0.00>
ST_3 : Operation 177 [1/1] (0.79ns)   --->   "%add_ln232_2 = add i18 %zext_ln232_37, i18 %zext_ln232_36"   --->   Operation 177 'add' 'add_ln232_2' <Predicate = true> <Delay = 0.79> <CoreInst = "Adder">   --->   Core 1 'Adder' <Latency = 0> <II = 1> <Delay = 0.79> <FuncUnit> <Opcode : 'add' 'sub'> <InPorts = 2> <OutPorts = 1>
ST_3 : Operation 178 [1/1] (0.00ns)   --->   "%zext_ln232_38 = zext i17 %lvl1_V_6"   --->   Operation 178 'zext' 'zext_ln232_38' <Predicate = true> <Delay = 0.00>
ST_3 : Operation 179 [1/1] (0.00ns)   --->   "%zext_ln232_39 = zext i17 %lvl1_V_7"   --->   Operation 179 'zext' 'zext_ln232_39' <Predicate = true> <Delay = 0.00>
ST_3 : Operation 180 [1/1] (0.79ns)   --->   "%add_ln232_3 = add i18 %zext_ln232_39, i18 %zext_ln232_38"   --->   Operation 180 'add' 'add_ln232_3' <Predicate = true> <Delay = 0.79> <CoreInst = "Adder">   --->   Core 1 'Adder' <Latency = 0> <II = 1> <Delay = 0.79> <FuncUnit> <Opcode : 'add' 'sub'> <InPorts = 2> <OutPorts = 1>
ST_3 : Operation 181 [1/1] (0.00ns)   --->   "%zext_ln232_40 = zext i17 %lvl1_V_8"   --->   Operation 181 'zext' 'zext_ln232_40' <Predicate = true> <Delay = 0.00>
ST_3 : Operation 182 [1/1] (0.00ns)   --->   "%zext_ln232_41 = zext i17 %lvl1_V_9"   --->   Operation 182 'zext' 'zext_ln232_41' <Predicate = true> <Delay = 0.00>
ST_3 : Operation 183 [1/1] (0.79ns)   --->   "%add_ln232_4 = add i18 %zext_ln232_41, i18 %zext_ln232_40"   --->   Operation 183 'add' 'add_ln232_4' <Predicate = true> <Delay = 0.79> <CoreInst = "Adder">   --->   Core 1 'Adder' <Latency = 0> <II = 1> <Delay = 0.79> <FuncUnit> <Opcode : 'add' 'sub'> <InPorts = 2> <OutPorts = 1>
ST_3 : Operation 184 [1/1] (0.00ns)   --->   "%zext_ln232_42 = zext i17 %lvl1_V_10"   --->   Operation 184 'zext' 'zext_ln232_42' <Predicate = true> <Delay = 0.00>
ST_3 : Operation 185 [1/1] (0.00ns)   --->   "%zext_ln232_43 = zext i17 %lvl1_V_11"   --->   Operation 185 'zext' 'zext_ln232_43' <Predicate = true> <Delay = 0.00>
ST_3 : Operation 186 [1/1] (0.79ns)   --->   "%add_ln232_5 = add i18 %zext_ln232_43, i18 %zext_ln232_42"   --->   Operation 186 'add' 'add_ln232_5' <Predicate = true> <Delay = 0.79> <CoreInst = "Adder">   --->   Core 1 'Adder' <Latency = 0> <II = 1> <Delay = 0.79> <FuncUnit> <Opcode : 'add' 'sub'> <InPorts = 2> <OutPorts = 1>
ST_3 : Operation 187 [1/1] (0.00ns)   --->   "%zext_ln232_44 = zext i17 %lvl1_V_12"   --->   Operation 187 'zext' 'zext_ln232_44' <Predicate = true> <Delay = 0.00>
ST_3 : Operation 188 [1/1] (0.00ns)   --->   "%zext_ln232_45 = zext i17 %lvl1_V_13"   --->   Operation 188 'zext' 'zext_ln232_45' <Predicate = true> <Delay = 0.00>
ST_3 : Operation 189 [1/1] (0.79ns)   --->   "%add_ln232_6 = add i18 %zext_ln232_45, i18 %zext_ln232_44"   --->   Operation 189 'add' 'add_ln232_6' <Predicate = true> <Delay = 0.79> <CoreInst = "Adder">   --->   Core 1 'Adder' <Latency = 0> <II = 1> <Delay = 0.79> <FuncUnit> <Opcode : 'add' 'sub'> <InPorts = 2> <OutPorts = 1>
ST_3 : Operation 190 [1/1] (0.00ns)   --->   "%zext_ln232_46 = zext i17 %lvl1_V_14"   --->   Operation 190 'zext' 'zext_ln232_46' <Predicate = true> <Delay = 0.00>
ST_3 : Operation 191 [1/1] (0.00ns)   --->   "%zext_ln232_47 = zext i17 %lvl1_V_15"   --->   Operation 191 'zext' 'zext_ln232_47' <Predicate = true> <Delay = 0.00>
ST_3 : Operation 192 [1/1] (0.79ns)   --->   "%add_ln232_7 = add i18 %zext_ln232_47, i18 %zext_ln232_46"   --->   Operation 192 'add' 'add_ln232_7' <Predicate = true> <Delay = 0.79> <CoreInst = "Adder">   --->   Core 1 'Adder' <Latency = 0> <II = 1> <Delay = 0.79> <FuncUnit> <Opcode : 'add' 'sub'> <InPorts = 2> <OutPorts = 1>
ST_3 : Operation 193 [1/1] (0.00ns)   --->   "%zext_ln232_48 = zext i18 %add_ln232"   --->   Operation 193 'zext' 'zext_ln232_48' <Predicate = true> <Delay = 0.00>
ST_3 : Operation 194 [1/1] (0.00ns)   --->   "%zext_ln232_49 = zext i18 %add_ln232_1"   --->   Operation 194 'zext' 'zext_ln232_49' <Predicate = true> <Delay = 0.00>
ST_3 : Operation 195 [1/1] (0.79ns)   --->   "%add_ln232_8 = add i19 %zext_ln232_49, i19 %zext_ln232_48"   --->   Operation 195 'add' 'add_ln232_8' <Predicate = true> <Delay = 0.79> <CoreInst = "Adder">   --->   Core 1 'Adder' <Latency = 0> <II = 1> <Delay = 0.80> <FuncUnit> <Opcode : 'add' 'sub'> <InPorts = 2> <OutPorts = 1>
ST_3 : Operation 196 [1/1] (0.00ns)   --->   "%zext_ln232_50 = zext i18 %add_ln232_2"   --->   Operation 196 'zext' 'zext_ln232_50' <Predicate = true> <Delay = 0.00>
ST_3 : Operation 197 [1/1] (0.00ns)   --->   "%zext_ln232_51 = zext i18 %add_ln232_3"   --->   Operation 197 'zext' 'zext_ln232_51' <Predicate = true> <Delay = 0.00>
ST_3 : Operation 198 [1/1] (0.79ns)   --->   "%add_ln232_9 = add i19 %zext_ln232_51, i19 %zext_ln232_50"   --->   Operation 198 'add' 'add_ln232_9' <Predicate = true> <Delay = 0.79> <CoreInst = "Adder">   --->   Core 1 'Adder' <Latency = 0> <II = 1> <Delay = 0.80> <FuncUnit> <Opcode : 'add' 'sub'> <InPorts = 2> <OutPorts = 1>
ST_3 : Operation 199 [1/1] (0.00ns)   --->   "%zext_ln232_52 = zext i18 %add_ln232_4"   --->   Operation 199 'zext' 'zext_ln232_52' <Predicate = true> <Delay = 0.00>
ST_3 : Operation 200 [1/1] (0.00ns)   --->   "%zext_ln232_53 = zext i18 %add_ln232_5"   --->   Operation 200 'zext' 'zext_ln232_53' <Predicate = true> <Delay = 0.00>
ST_3 : Operation 201 [1/1] (0.79ns)   --->   "%add_ln232_10 = add i19 %zext_ln232_53, i19 %zext_ln232_52"   --->   Operation 201 'add' 'add_ln232_10' <Predicate = true> <Delay = 0.79> <CoreInst = "Adder">   --->   Core 1 'Adder' <Latency = 0> <II = 1> <Delay = 0.80> <FuncUnit> <Opcode : 'add' 'sub'> <InPorts = 2> <OutPorts = 1>
ST_3 : Operation 202 [1/1] (0.00ns)   --->   "%zext_ln232_54 = zext i18 %add_ln232_6"   --->   Operation 202 'zext' 'zext_ln232_54' <Predicate = true> <Delay = 0.00>
ST_3 : Operation 203 [1/1] (0.00ns)   --->   "%zext_ln232_55 = zext i18 %add_ln232_7"   --->   Operation 203 'zext' 'zext_ln232_55' <Predicate = true> <Delay = 0.00>
ST_3 : Operation 204 [1/1] (0.79ns)   --->   "%add_ln232_11 = add i19 %zext_ln232_55, i19 %zext_ln232_54"   --->   Operation 204 'add' 'add_ln232_11' <Predicate = true> <Delay = 0.79> <CoreInst = "Adder">   --->   Core 1 'Adder' <Latency = 0> <II = 1> <Delay = 0.80> <FuncUnit> <Opcode : 'add' 'sub'> <InPorts = 2> <OutPorts = 1>

State 4 <SV = 3> <Delay = 1.61>
ST_4 : Operation 205 [1/1] (0.00ns)   --->   "%zext_ln232_56 = zext i19 %add_ln232_8"   --->   Operation 205 'zext' 'zext_ln232_56' <Predicate = true> <Delay = 0.00>
ST_4 : Operation 206 [1/1] (0.00ns)   --->   "%zext_ln232_57 = zext i19 %add_ln232_9"   --->   Operation 206 'zext' 'zext_ln232_57' <Predicate = true> <Delay = 0.00>
ST_4 : Operation 207 [1/1] (0.80ns)   --->   "%add_ln232_12 = add i20 %zext_ln232_57, i20 %zext_ln232_56"   --->   Operation 207 'add' 'add_ln232_12' <Predicate = true> <Delay = 0.80> <CoreInst = "Adder">   --->   Core 1 'Adder' <Latency = 0> <II = 1> <Delay = 0.80> <FuncUnit> <Opcode : 'add' 'sub'> <InPorts = 2> <OutPorts = 1>
ST_4 : Operation 208 [1/1] (0.00ns)   --->   "%zext_ln232_58 = zext i19 %add_ln232_10"   --->   Operation 208 'zext' 'zext_ln232_58' <Predicate = true> <Delay = 0.00>
ST_4 : Operation 209 [1/1] (0.00ns)   --->   "%zext_ln232_59 = zext i19 %add_ln232_11"   --->   Operation 209 'zext' 'zext_ln232_59' <Predicate = true> <Delay = 0.00>
ST_4 : Operation 210 [1/1] (0.80ns)   --->   "%add_ln232_13 = add i20 %zext_ln232_59, i20 %zext_ln232_58"   --->   Operation 210 'add' 'add_ln232_13' <Predicate = true> <Delay = 0.80> <CoreInst = "Adder">   --->   Core 1 'Adder' <Latency = 0> <II = 1> <Delay = 0.80> <FuncUnit> <Opcode : 'add' 'sub'> <InPorts = 2> <OutPorts = 1>
ST_4 : Operation 211 [1/1] (0.00ns)   --->   "%zext_ln232_60 = zext i20 %add_ln232_12"   --->   Operation 211 'zext' 'zext_ln232_60' <Predicate = true> <Delay = 0.00>
ST_4 : Operation 212 [1/1] (0.00ns)   --->   "%zext_ln886 = zext i20 %add_ln232_13"   --->   Operation 212 'zext' 'zext_ln886' <Predicate = true> <Delay = 0.00>
ST_4 : Operation 213 [1/1] (0.80ns)   --->   "%add_ln886 = add i21 %zext_ln886, i21 %zext_ln232_60"   --->   Operation 213 'add' 'add_ln886' <Predicate = true> <Delay = 0.80> <CoreInst = "Adder">   --->   Core 1 'Adder' <Latency = 0> <II = 1> <Delay = 0.81> <FuncUnit> <Opcode : 'add' 'sub'> <InPorts = 2> <OutPorts = 1>
ST_4 : Operation 221 [1/1] (0.00ns)   --->   "%sum_V_2_load_1 = load i47 %sum_V_2"   --->   Operation 221 'load' 'sum_V_2_load_1' <Predicate = (icmp_ln670)> <Delay = 0.00>
ST_4 : Operation 222 [1/1] (0.00ns)   --->   "%write_ln0 = write void @_ssdm_op_Write.ap_auto.i47P0A, i47 %sum_V_2_out, i47 %sum_V_2_load_1"   --->   Operation 222 'write' 'write_ln0' <Predicate = (icmp_ln670)> <Delay = 0.00>
ST_4 : Operation 223 [1/1] (0.00ns)   --->   "%ret_ln0 = ret"   --->   Operation 223 'ret' 'ret_ln0' <Predicate = (icmp_ln670)> <Delay = 0.00>

State 5 <SV = 4> <Delay = 1.34>
ST_5 : Operation 214 [1/1] (0.00ns)   --->   "%sum_V_2_load = load i47 %sum_V_2"   --->   Operation 214 'load' 'sum_V_2_load' <Predicate = true> <Delay = 0.00>
ST_5 : Operation 215 [1/1] (0.00ns)   --->   "%specpipeline_ln672 = specpipeline void @_ssdm_op_SpecPipeline, i32 1, i32 0, i32 0, i32 0, void @empty_5" [/home/efrink/mled/split_cu/U280_CRC_Accelerator/src/kernel.cpp:672]   --->   Operation 215 'specpipeline' 'specpipeline_ln672' <Predicate = true> <Delay = 0.00>
ST_5 : Operation 216 [1/1] (0.00ns)   --->   "%specloopname_ln666 = specloopname void @_ssdm_op_SpecLoopName, void @empty_1" [/home/efrink/mled/split_cu/U280_CRC_Accelerator/src/kernel.cpp:666]   --->   Operation 216 'specloopname' 'specloopname_ln666' <Predicate = true> <Delay = 0.00>
ST_5 : Operation 217 [1/1] (0.00ns)   --->   "%zext_ln886_1 = zext i21 %add_ln886"   --->   Operation 217 'zext' 'zext_ln886_1' <Predicate = true> <Delay = 0.00>
ST_5 : Operation 218 [1/1] (0.95ns)   --->   "%sum_V = add i47 %sum_V_2_load, i47 %zext_ln886_1"   --->   Operation 218 'add' 'sum_V' <Predicate = true> <Delay = 0.95> <CoreInst = "Adder">   --->   Core 1 'Adder' <Latency = 0> <II = 1> <Delay = 0.95> <FuncUnit> <Opcode : 'add' 'sub'> <InPorts = 2> <OutPorts = 1>
ST_5 : Operation 219 [1/1] (0.38ns)   --->   "%store_ln670 = store i47 %sum_V, i47 %sum_V_2" [/home/efrink/mled/split_cu/U280_CRC_Accelerator/src/kernel.cpp:670]   --->   Operation 219 'store' 'store_ln670' <Predicate = true> <Delay = 0.38>
ST_5 : Operation 220 [1/1] (0.00ns)   --->   "%br_ln670 = br void %for.body87.i" [/home/efrink/mled/split_cu/U280_CRC_Accelerator/src/kernel.cpp:670]   --->   Operation 220 'br' 'br_ln670' <Predicate = true> <Delay = 0.00>


============================================================
+ Verbose Summary: Binding
============================================================
STG Binding: 
---------------- STG Properties BEGIN ----------------
- Is combinational: 0
- Is one-state seq: 0
- Is datapath-only: 0
- Is pipelined: 0
- Is top level: 0
Port [ Return ] is wired: 1; IO mode=ap_ctrl_hs:ce=0
Port [ gmem0]:  wired=1; compound=1; hidden=0; nouse=0; global=0; static=0; extern=0; dir=0; type=4; pingpong=0; private_global=0; IO mode=m_axi:ce=0
Port [ sext_ln670]:  wired=1; compound=0; hidden=0; nouse=0; global=0; static=0; extern=0; dir=0; type=0; pingpong=0; private_global=0; IO mode=ap_none:ce=0
Port [ vec_words]:  wired=1; compound=0; hidden=0; nouse=0; global=0; static=0; extern=0; dir=0; type=0; pingpong=0; private_global=0; IO mode=ap_none:ce=0
Port [ sum_V_2_out]:  wired=1; compound=0; hidden=0; nouse=0; global=0; static=0; extern=0; dir=1; type=0; pingpong=0; private_global=0; IO mode=ap_vld:ce=0
---------------- STG Properties END ------------------

---------------- Datapath Model BEGIN ----------------

<LifeTime>
<method=bitvector/>
sum_V_2            (alloca           ) [ 011111]
w                  (alloca           ) [ 010000]
vec_words_read     (read             ) [ 000000]
sext_ln670_read    (read             ) [ 000000]
sext_ln670_cast    (sext             ) [ 011000]
specinterface_ln0  (specinterface    ) [ 000000]
store_ln0          (store            ) [ 000000]
store_ln0          (store            ) [ 000000]
br_ln0             (br               ) [ 000000]
w_1                (load             ) [ 000000]
icmp_ln670         (icmp             ) [ 011110]
add_ln670          (add              ) [ 000000]
br_ln670           (br               ) [ 000000]
store_ln670        (store            ) [ 000000]
gmem0_addr         (getelementptr    ) [ 000000]
empty              (speclooptripcount) [ 000000]
packed_V           (read             ) [ 000000]
empty_27           (trunc            ) [ 010100]
p_1                (partselect       ) [ 010100]
p_s                (partselect       ) [ 010100]
p_2                (partselect       ) [ 010100]
p_3                (partselect       ) [ 010100]
p_4                (partselect       ) [ 010100]
p_5                (partselect       ) [ 010100]
p_6                (partselect       ) [ 010100]
p_7                (partselect       ) [ 010100]
p_8                (partselect       ) [ 010100]
p_9                (partselect       ) [ 010100]
p_10               (partselect       ) [ 010100]
p_11               (partselect       ) [ 010100]
p_12               (partselect       ) [ 010100]
p_13               (partselect       ) [ 010100]
p_14               (partselect       ) [ 010100]
p_15               (partselect       ) [ 010100]
p_16               (partselect       ) [ 010100]
p_17               (partselect       ) [ 010100]
p_18               (partselect       ) [ 010100]
p_19               (partselect       ) [ 010100]
p_20               (partselect       ) [ 010100]
p_21               (partselect       ) [ 010100]
p_22               (partselect       ) [ 010100]
p_23               (partselect       ) [ 010100]
p_24               (partselect       ) [ 010100]
p_25               (partselect       ) [ 010100]
p_26               (partselect       ) [ 010100]
p_27               (partselect       ) [ 010100]
p_28               (partselect       ) [ 010100]
p_29               (partselect       ) [ 010100]
p_30               (partselect       ) [ 010100]
p_31               (partselect       ) [ 010100]
p_32               (partselect       ) [ 010100]
p_33               (partselect       ) [ 010100]
p_34               (partselect       ) [ 010100]
p_35               (partselect       ) [ 010100]
p_36               (partselect       ) [ 010100]
p_37               (partselect       ) [ 010100]
p_38               (partselect       ) [ 010100]
p_39               (partselect       ) [ 010100]
p_40               (partselect       ) [ 010100]
p_41               (partselect       ) [ 010100]
p_42               (partselect       ) [ 010100]
p_43               (partselect       ) [ 010100]
p_44               (partselect       ) [ 010100]
p_45               (partselect       ) [ 010100]
p_46               (partselect       ) [ 010100]
p_47               (partselect       ) [ 010100]
p_48               (partselect       ) [ 010100]
p_49               (partselect       ) [ 010100]
p_50               (partselect       ) [ 010100]
p_51               (partselect       ) [ 010100]
p_52               (partselect       ) [ 010100]
p_53               (partselect       ) [ 010100]
p_54               (partselect       ) [ 010100]
p_55               (partselect       ) [ 010100]
p_56               (partselect       ) [ 010100]
p_57               (partselect       ) [ 010100]
p_58               (partselect       ) [ 010100]
p_59               (partselect       ) [ 010100]
p_60               (partselect       ) [ 010100]
p_61               (partselect       ) [ 010100]
p_62               (partselect       ) [ 010100]
ret_V              (bitconcatenate   ) [ 000000]
ret_V_1            (bitconcatenate   ) [ 000000]
zext_ln232         (zext             ) [ 000000]
zext_ln232_1       (zext             ) [ 000000]
lvl1_V             (add              ) [ 000000]
ret_V_2            (bitconcatenate   ) [ 000000]
ret_V_3            (bitconcatenate   ) [ 000000]
zext_ln232_2       (zext             ) [ 000000]
zext_ln232_3       (zext             ) [ 000000]
lvl1_V_1           (add              ) [ 000000]
ret_V_4            (bitconcatenate   ) [ 000000]
ret_V_5            (bitconcatenate   ) [ 000000]
zext_ln232_4       (zext             ) [ 000000]
zext_ln232_5       (zext             ) [ 000000]
lvl1_V_2           (add              ) [ 000000]
ret_V_6            (bitconcatenate   ) [ 000000]
ret_V_7            (bitconcatenate   ) [ 000000]
zext_ln232_6       (zext             ) [ 000000]
zext_ln232_7       (zext             ) [ 000000]
lvl1_V_3           (add              ) [ 000000]
ret_V_8            (bitconcatenate   ) [ 000000]
ret_V_9            (bitconcatenate   ) [ 000000]
zext_ln232_8       (zext             ) [ 000000]
zext_ln232_9       (zext             ) [ 000000]
lvl1_V_4           (add              ) [ 000000]
ret_V_10           (bitconcatenate   ) [ 000000]
ret_V_11           (bitconcatenate   ) [ 000000]
zext_ln232_10      (zext             ) [ 000000]
zext_ln232_11      (zext             ) [ 000000]
lvl1_V_5           (add              ) [ 000000]
ret_V_12           (bitconcatenate   ) [ 000000]
ret_V_13           (bitconcatenate   ) [ 000000]
zext_ln232_12      (zext             ) [ 000000]
zext_ln232_13      (zext             ) [ 000000]
lvl1_V_6           (add              ) [ 000000]
ret_V_14           (bitconcatenate   ) [ 000000]
ret_V_15           (bitconcatenate   ) [ 000000]
zext_ln232_14      (zext             ) [ 000000]
zext_ln232_15      (zext             ) [ 000000]
lvl1_V_7           (add              ) [ 000000]
ret_V_16           (bitconcatenate   ) [ 000000]
ret_V_17           (bitconcatenate   ) [ 000000]
zext_ln232_16      (zext             ) [ 000000]
zext_ln232_17      (zext             ) [ 000000]
lvl1_V_8           (add              ) [ 000000]
ret_V_18           (bitconcatenate   ) [ 000000]
ret_V_19           (bitconcatenate   ) [ 000000]
zext_ln232_18      (zext             ) [ 000000]
zext_ln232_19      (zext             ) [ 000000]
lvl1_V_9           (add              ) [ 000000]
ret_V_20           (bitconcatenate   ) [ 000000]
ret_V_21           (bitconcatenate   ) [ 000000]
zext_ln232_20      (zext             ) [ 000000]
zext_ln232_21      (zext             ) [ 000000]
lvl1_V_10          (add              ) [ 000000]
ret_V_22           (bitconcatenate   ) [ 000000]
ret_V_23           (bitconcatenate   ) [ 000000]
zext_ln232_22      (zext             ) [ 000000]
zext_ln232_23      (zext             ) [ 000000]
lvl1_V_11          (add              ) [ 000000]
ret_V_24           (bitconcatenate   ) [ 000000]
ret_V_25           (bitconcatenate   ) [ 000000]
zext_ln232_24      (zext             ) [ 000000]
zext_ln232_25      (zext             ) [ 000000]
lvl1_V_12          (add              ) [ 000000]
ret_V_26           (bitconcatenate   ) [ 000000]
ret_V_27           (bitconcatenate   ) [ 000000]
zext_ln232_26      (zext             ) [ 000000]
zext_ln232_27      (zext             ) [ 000000]
lvl1_V_13          (add              ) [ 000000]
ret_V_28           (bitconcatenate   ) [ 000000]
ret_V_29           (bitconcatenate   ) [ 000000]
zext_ln232_28      (zext             ) [ 000000]
zext_ln232_29      (zext             ) [ 000000]
lvl1_V_14          (add              ) [ 000000]
ret_V_30           (bitconcatenate   ) [ 000000]
ret_V_31           (bitconcatenate   ) [ 000000]
zext_ln232_30      (zext             ) [ 000000]
zext_ln232_31      (zext             ) [ 000000]
lvl1_V_15          (add              ) [ 000000]
zext_ln232_32      (zext             ) [ 000000]
zext_ln232_33      (zext             ) [ 000000]
add_ln232          (add              ) [ 000000]
zext_ln232_34      (zext             ) [ 000000]
zext_ln232_35      (zext             ) [ 000000]
add_ln232_1        (add              ) [ 000000]
zext_ln232_36      (zext             ) [ 000000]
zext_ln232_37      (zext             ) [ 000000]
add_ln232_2        (add              ) [ 000000]
zext_ln232_38      (zext             ) [ 000000]
zext_ln232_39      (zext             ) [ 000000]
add_ln232_3        (add              ) [ 000000]
zext_ln232_40      (zext             ) [ 000000]
zext_ln232_41      (zext             ) [ 000000]
add_ln232_4        (add              ) [ 000000]
zext_ln232_42      (zext             ) [ 000000]
zext_ln232_43      (zext             ) [ 000000]
add_ln232_5        (add              ) [ 000000]
zext_ln232_44      (zext             ) [ 000000]
zext_ln232_45      (zext             ) [ 000000]
add_ln232_6        (add              ) [ 000000]
zext_ln232_46      (zext             ) [ 000000]
zext_ln232_47      (zext             ) [ 000000]
add_ln232_7        (add              ) [ 000000]
zext_ln232_48      (zext             ) [ 000000]
zext_ln232_49      (zext             ) [ 000000]
add_ln232_8        (add              ) [ 010010]
zext_ln232_50      (zext             ) [ 000000]
zext_ln232_51      (zext             ) [ 000000]
add_ln232_9        (add              ) [ 010010]
zext_ln232_52      (zext             ) [ 000000]
zext_ln232_53      (zext             ) [ 000000]
add_ln232_10       (add              ) [ 010010]
zext_ln232_54      (zext             ) [ 000000]
zext_ln232_55      (zext             ) [ 000000]
add_ln232_11       (add              ) [ 010010]
zext_ln232_56      (zext             ) [ 000000]
zext_ln232_57      (zext             ) [ 000000]
add_ln232_12       (add              ) [ 000000]
zext_ln232_58      (zext             ) [ 000000]
zext_ln232_59      (zext             ) [ 000000]
add_ln232_13       (add              ) [ 000000]
zext_ln232_60      (zext             ) [ 000000]
zext_ln886         (zext             ) [ 000000]
add_ln886          (add              ) [ 010001]
sum_V_2_load       (load             ) [ 000000]
specpipeline_ln672 (specpipeline     ) [ 000000]
specloopname_ln666 (specloopname     ) [ 000000]
zext_ln886_1       (zext             ) [ 000000]
sum_V              (add              ) [ 000000]
store_ln670        (store            ) [ 000000]
br_ln670           (br               ) [ 000000]
sum_V_2_load_1     (load             ) [ 000000]
write_ln0          (write            ) [ 000000]
ret_ln0            (ret              ) [ 000000]
</LifeTime>

<model>

<comp_list>
<comp id="0" class="1000" name="gmem0">
<pin_list>
<pin id="1" dir="1" index="0" bw="1" slack="0"/>
</pin_list>
<bind>
<StgValue><ssdm name="gmem0"/></StgValue>
</bind>
</comp>

<comp id="2" class="1000" name="sext_ln670">
<pin_list>
<pin id="3" dir="1" index="0" bw="1" slack="0"/>
</pin_list>
<bind>
<StgValue><ssdm name="sext_ln670"/></StgValue>
</bind>
</comp>

<comp id="4" class="1000" name="vec_words">
<pin_list>
<pin id="5" dir="1" index="0" bw="1" slack="0"/>
</pin_list>
<bind>
<StgValue><ssdm name="vec_words"/></StgValue>
</bind>
</comp>

<comp id="6" class="1000" name="sum_V_2_out">
<pin_list>
<pin id="7" dir="1" index="0" bw="1" slack="0"/>
</pin_list>
<bind>
<StgValue><ssdm name="sum_V_2_out"/></StgValue>
</bind>
</comp>

<comp id="8" class="1001" name="const_8">
<pin_list>
<pin id="9" dir="1" index="0" bw="1" slack="0"/>
</pin_list>
<bind>
<StgValue><ssdm name=""/></StgValue>
</bind>
</comp>

<comp id="10" class="1001" name="const_10">
<pin_list>
<pin id="11" dir="1" index="0" bw="1" slack="0"/>
</pin_list>
<bind>
<StgValue><ssdm name="_ssdm_op_Read.ap_auto.i26"/></StgValue>
</bind>
</comp>

<comp id="12" class="1001" name="const_12">
<pin_list>
<pin id="13" dir="1" index="0" bw="1" slack="0"/>
</pin_list>
<bind>
<StgValue><ssdm name="_ssdm_op_Read.ap_auto.i58"/></StgValue>
</bind>
</comp>

<comp id="14" class="1001" name="const_14">
<pin_list>
<pin id="15" dir="1" index="0" bw="1" slack="2147483647"/>
</pin_list>
<bind>
<StgValue><ssdm name="_ssdm_op_SpecInterface"/></StgValue>
</bind>
</comp>

<comp id="16" class="1001" name="const_16">
<pin_list>
<pin id="17" dir="1" index="0" bw="1" slack="2147483647"/>
</pin_list>
<bind>
<StgValue><ssdm name="empty_4"/></StgValue>
</bind>
</comp>

<comp id="18" class="1001" name="const_18">
<pin_list>
<pin id="19" dir="1" index="0" bw="1" slack="2147483647"/>
</pin_list>
<bind>
<StgValue><ssdm name=""/></StgValue>
</bind>
</comp>

<comp id="20" class="1001" name="const_20">
<pin_list>
<pin id="21" dir="1" index="0" bw="1" slack="2147483647"/>
</pin_list>
<bind>
<StgValue><ssdm name="empty_5"/></StgValue>
</bind>
</comp>

<comp id="22" class="1001" name="const_22">
<pin_list>
<pin id="23" dir="1" index="0" bw="1" slack="0"/>
</pin_list>
<bind>
<StgValue><ssdm name=""/></StgValue>
</bind>
</comp>

<comp id="24" class="1001" name="const_24">
<pin_list>
<pin id="25" dir="1" index="0" bw="1" slack="2147483647"/>
</pin_list>
<bind>
<StgValue><ssdm name=""/></StgValue>
</bind>
</comp>

<comp id="26" class="1001" name="const_26">
<pin_list>
<pin id="27" dir="1" index="0" bw="1" slack="2147483647"/>
</pin_list>
<bind>
<StgValue><ssdm name="empty_6"/></StgValue>
</bind>
</comp>

<comp id="28" class="1001" name="const_28">
<pin_list>
<pin id="29" dir="1" index="0" bw="1" slack="2147483647"/>
</pin_list>
<bind>
<StgValue><ssdm name="empty_7"/></StgValue>
</bind>
</comp>

<comp id="30" class="1001" name="const_30">
<pin_list>
<pin id="31" dir="1" index="0" bw="1" slack="0"/>
</pin_list>
<bind>
<StgValue><ssdm name=""/></StgValue>
</bind>
</comp>

<comp id="32" class="1001" name="const_32">
<pin_list>
<pin id="33" dir="1" index="0" bw="1" slack="2147483647"/>
</pin_list>
<bind>
<StgValue><ssdm name=""/></StgValue>
</bind>
</comp>

<comp id="34" class="1001" name="const_34">
<pin_list>
<pin id="35" dir="1" index="0" bw="1" slack="0"/>
</pin_list>
<bind>
<StgValue><ssdm name=""/></StgValue>
</bind>
</comp>

<comp id="36" class="1001" name="const_36">
<pin_list>
<pin id="37" dir="1" index="0" bw="1" slack="0"/>
</pin_list>
<bind>
<StgValue><ssdm name=""/></StgValue>
</bind>
</comp>

<comp id="38" class="1001" name="const_38">
<pin_list>
<pin id="39" dir="1" index="0" bw="1" slack="0"/>
</pin_list>
<bind>
<StgValue><ssdm name=""/></StgValue>
</bind>
</comp>

<comp id="40" class="1001" name="const_40">
<pin_list>
<pin id="41" dir="1" index="0" bw="1" slack="2147483647"/>
</pin_list>
<bind>
<StgValue><ssdm name="_ssdm_op_SpecLoopTripCount"/></StgValue>
</bind>
</comp>

<comp id="42" class="1001" name="const_42">
<pin_list>
<pin id="43" dir="1" index="0" bw="1" slack="2147483647"/>
</pin_list>
<bind>
<StgValue><ssdm name=""/></StgValue>
</bind>
</comp>

<comp id="44" class="1001" name="const_44">
<pin_list>
<pin id="45" dir="1" index="0" bw="1" slack="2147483647"/>
</pin_list>
<bind>
<StgValue><ssdm name=""/></StgValue>
</bind>
</comp>

<comp id="46" class="1001" name="const_46">
<pin_list>
<pin id="47" dir="1" index="0" bw="1" slack="2147483647"/>
</pin_list>
<bind>
<StgValue><ssdm name=""/></StgValue>
</bind>
</comp>

<comp id="48" class="1001" name="const_48">
<pin_list>
<pin id="49" dir="1" index="0" bw="1" slack="0"/>
</pin_list>
<bind>
<StgValue><ssdm name="_ssdm_op_Read.m_axi.p1i512"/></StgValue>
</bind>
</comp>

<comp id="50" class="1001" name="const_50">
<pin_list>
<pin id="51" dir="1" index="0" bw="1" slack="0"/>
</pin_list>
<bind>
<StgValue><ssdm name="_ssdm_op_PartSelect.i8.i512.i32.i32"/></StgValue>
</bind>
</comp>

<comp id="52" class="1001" name="const_52">
<pin_list>
<pin id="53" dir="1" index="0" bw="1" slack="0"/>
</pin_list>
<bind>
<StgValue><ssdm name=""/></StgValue>
</bind>
</comp>

<comp id="54" class="1001" name="const_54">
<pin_list>
<pin id="55" dir="1" index="0" bw="1" slack="0"/>
</pin_list>
<bind>
<StgValue><ssdm name=""/></StgValue>
</bind>
</comp>

<comp id="56" class="1001" name="const_56">
<pin_list>
<pin id="57" dir="1" index="0" bw="1" slack="0"/>
</pin_list>
<bind>
<StgValue><ssdm name=""/></StgValue>
</bind>
</comp>

<comp id="58" class="1001" name="const_58">
<pin_list>
<pin id="59" dir="1" index="0" bw="1" slack="0"/>
</pin_list>
<bind>
<StgValue><ssdm name=""/></StgValue>
</bind>
</comp>

<comp id="60" class="1001" name="const_60">
<pin_list>
<pin id="61" dir="1" index="0" bw="1" slack="0"/>
</pin_list>
<bind>
<StgValue><ssdm name=""/></StgValue>
</bind>
</comp>

<comp id="62" class="1001" name="const_62">
<pin_list>
<pin id="63" dir="1" index="0" bw="1" slack="0"/>
</pin_list>
<bind>
<StgValue><ssdm name=""/></StgValue>
</bind>
</comp>

<comp id="64" class="1001" name="const_64">
<pin_list>
<pin id="65" dir="1" index="0" bw="1" slack="0"/>
</pin_list>
<bind>
<StgValue><ssdm name=""/></StgValue>
</bind>
</comp>

<comp id="66" class="1001" name="const_66">
<pin_list>
<pin id="67" dir="1" index="0" bw="1" slack="0"/>
</pin_list>
<bind>
<StgValue><ssdm name=""/></StgValue>
</bind>
</comp>

<comp id="68" class="1001" name="const_68">
<pin_list>
<pin id="69" dir="1" index="0" bw="1" slack="0"/>
</pin_list>
<bind>
<StgValue><ssdm name=""/></StgValue>
</bind>
</comp>

<comp id="70" class="1001" name="const_70">
<pin_list>
<pin id="71" dir="1" index="0" bw="1" slack="0"/>
</pin_list>
<bind>
<StgValue><ssdm name=""/></StgValue>
</bind>
</comp>

<comp id="72" class="1001" name="const_72">
<pin_list>
<pin id="73" dir="1" index="0" bw="1" slack="0"/>
</pin_list>
<bind>
<StgValue><ssdm name=""/></StgValue>
</bind>
</comp>

<comp id="74" class="1001" name="const_74">
<pin_list>
<pin id="75" dir="1" index="0" bw="1" slack="0"/>
</pin_list>
<bind>
<StgValue><ssdm name=""/></StgValue>
</bind>
</comp>

<comp id="76" class="1001" name="const_76">
<pin_list>
<pin id="77" dir="1" index="0" bw="1" slack="0"/>
</pin_list>
<bind>
<StgValue><ssdm name=""/></StgValue>
</bind>
</comp>

<comp id="78" class="1001" name="const_78">
<pin_list>
<pin id="79" dir="1" index="0" bw="1" slack="0"/>
</pin_list>
<bind>
<StgValue><ssdm name=""/></StgValue>
</bind>
</comp>

<comp id="80" class="1001" name="const_80">
<pin_list>
<pin id="81" dir="1" index="0" bw="1" slack="0"/>
</pin_list>
<bind>
<StgValue><ssdm name=""/></StgValue>
</bind>
</comp>

<comp id="82" class="1001" name="const_82">
<pin_list>
<pin id="83" dir="1" index="0" bw="1" slack="0"/>
</pin_list>
<bind>
<StgValue><ssdm name=""/></StgValue>
</bind>
</comp>

<comp id="84" class="1001" name="const_84">
<pin_list>
<pin id="85" dir="1" index="0" bw="1" slack="0"/>
</pin_list>
<bind>
<StgValue><ssdm name=""/></StgValue>
</bind>
</comp>

<comp id="86" class="1001" name="const_86">
<pin_list>
<pin id="87" dir="1" index="0" bw="1" slack="0"/>
</pin_list>
<bind>
<StgValue><ssdm name=""/></StgValue>
</bind>
</comp>

<comp id="88" class="1001" name="const_88">
<pin_list>
<pin id="89" dir="1" index="0" bw="1" slack="0"/>
</pin_list>
<bind>
<StgValue><ssdm name=""/></StgValue>
</bind>
</comp>

<comp id="90" class="1001" name="const_90">
<pin_list>
<pin id="91" dir="1" index="0" bw="1" slack="0"/>
</pin_list>
<bind>
<StgValue><ssdm name=""/></StgValue>
</bind>
</comp>

<comp id="92" class="1001" name="const_92">
<pin_list>
<pin id="93" dir="1" index="0" bw="1" slack="0"/>
</pin_list>
<bind>
<StgValue><ssdm name=""/></StgValue>
</bind>
</comp>

<comp id="94" class="1001" name="const_94">
<pin_list>
<pin id="95" dir="1" index="0" bw="1" slack="0"/>
</pin_list>
<bind>
<StgValue><ssdm name=""/></StgValue>
</bind>
</comp>

<comp id="96" class="1001" name="const_96">
<pin_list>
<pin id="97" dir="1" index="0" bw="1" slack="0"/>
</pin_list>
<bind>
<StgValue><ssdm name=""/></StgValue>
</bind>
</comp>

<comp id="98" class="1001" name="const_98">
<pin_list>
<pin id="99" dir="1" index="0" bw="1" slack="0"/>
</pin_list>
<bind>
<StgValue><ssdm name=""/></StgValue>
</bind>
</comp>

<comp id="100" class="1001" name="const_100">
<pin_list>
<pin id="101" dir="1" index="0" bw="1" slack="0"/>
</pin_list>
<bind>
<StgValue><ssdm name=""/></StgValue>
</bind>
</comp>

<comp id="102" class="1001" name="const_102">
<pin_list>
<pin id="103" dir="1" index="0" bw="1" slack="0"/>
</pin_list>
<bind>
<StgValue><ssdm name=""/></StgValue>
</bind>
</comp>

<comp id="104" class="1001" name="const_104">
<pin_list>
<pin id="105" dir="1" index="0" bw="1" slack="0"/>
</pin_list>
<bind>
<StgValue><ssdm name=""/></StgValue>
</bind>
</comp>

<comp id="106" class="1001" name="const_106">
<pin_list>
<pin id="107" dir="1" index="0" bw="1" slack="0"/>
</pin_list>
<bind>
<StgValue><ssdm name=""/></StgValue>
</bind>
</comp>

<comp id="108" class="1001" name="const_108">
<pin_list>
<pin id="109" dir="1" index="0" bw="1" slack="0"/>
</pin_list>
<bind>
<StgValue><ssdm name=""/></StgValue>
</bind>
</comp>

<comp id="110" class="1001" name="const_110">
<pin_list>
<pin id="111" dir="1" index="0" bw="1" slack="0"/>
</pin_list>
<bind>
<StgValue><ssdm name=""/></StgValue>
</bind>
</comp>

<comp id="112" class="1001" name="const_112">
<pin_list>
<pin id="113" dir="1" index="0" bw="1" slack="0"/>
</pin_list>
<bind>
<StgValue><ssdm name=""/></StgValue>
</bind>
</comp>

<comp id="114" class="1001" name="const_114">
<pin_list>
<pin id="115" dir="1" index="0" bw="1" slack="0"/>
</pin_list>
<bind>
<StgValue><ssdm name=""/></StgValue>
</bind>
</comp>

<comp id="116" class="1001" name="const_116">
<pin_list>
<pin id="117" dir="1" index="0" bw="1" slack="0"/>
</pin_list>
<bind>
<StgValue><ssdm name=""/></StgValue>
</bind>
</comp>

<comp id="118" class="1001" name="const_118">
<pin_list>
<pin id="119" dir="1" index="0" bw="1" slack="0"/>
</pin_list>
<bind>
<StgValue><ssdm name=""/></StgValue>
</bind>
</comp>

<comp id="120" class="1001" name="const_120">
<pin_list>
<pin id="121" dir="1" index="0" bw="1" slack="0"/>
</pin_list>
<bind>
<StgValue><ssdm name=""/></StgValue>
</bind>
</comp>

<comp id="122" class="1001" name="const_122">
<pin_list>
<pin id="123" dir="1" index="0" bw="1" slack="0"/>
</pin_list>
<bind>
<StgValue><ssdm name=""/></StgValue>
</bind>
</comp>

<comp id="124" class="1001" name="const_124">
<pin_list>
<pin id="125" dir="1" index="0" bw="1" slack="0"/>
</pin_list>
<bind>
<StgValue><ssdm name=""/></StgValue>
</bind>
</comp>

<comp id="126" class="1001" name="const_126">
<pin_list>
<pin id="127" dir="1" index="0" bw="1" slack="0"/>
</pin_list>
<bind>
<StgValue><ssdm name=""/></StgValue>
</bind>
</comp>

<comp id="128" class="1001" name="const_128">
<pin_list>
<pin id="129" dir="1" index="0" bw="1" slack="0"/>
</pin_list>
<bind>
<StgValue><ssdm name=""/></StgValue>
</bind>
</comp>

<comp id="130" class="1001" name="const_130">
<pin_list>
<pin id="131" dir="1" index="0" bw="1" slack="0"/>
</pin_list>
<bind>
<StgValue><ssdm name=""/></StgValue>
</bind>
</comp>

<comp id="132" class="1001" name="const_132">
<pin_list>
<pin id="133" dir="1" index="0" bw="1" slack="0"/>
</pin_list>
<bind>
<StgValue><ssdm name=""/></StgValue>
</bind>
</comp>

<comp id="134" class="1001" name="const_134">
<pin_list>
<pin id="135" dir="1" index="0" bw="1" slack="0"/>
</pin_list>
<bind>
<StgValue><ssdm name=""/></StgValue>
</bind>
</comp>

<comp id="136" class="1001" name="const_136">
<pin_list>
<pin id="137" dir="1" index="0" bw="1" slack="0"/>
</pin_list>
<bind>
<StgValue><ssdm name=""/></StgValue>
</bind>
</comp>

<comp id="138" class="1001" name="const_138">
<pin_list>
<pin id="139" dir="1" index="0" bw="1" slack="0"/>
</pin_list>
<bind>
<StgValue><ssdm name=""/></StgValue>
</bind>
</comp>

<comp id="140" class="1001" name="const_140">
<pin_list>
<pin id="141" dir="1" index="0" bw="1" slack="0"/>
</pin_list>
<bind>
<StgValue><ssdm name=""/></StgValue>
</bind>
</comp>

<comp id="142" class="1001" name="const_142">
<pin_list>
<pin id="143" dir="1" index="0" bw="1" slack="0"/>
</pin_list>
<bind>
<StgValue><ssdm name=""/></StgValue>
</bind>
</comp>

<comp id="144" class="1001" name="const_144">
<pin_list>
<pin id="145" dir="1" index="0" bw="1" slack="0"/>
</pin_list>
<bind>
<StgValue><ssdm name=""/></StgValue>
</bind>
</comp>

<comp id="146" class="1001" name="const_146">
<pin_list>
<pin id="147" dir="1" index="0" bw="1" slack="0"/>
</pin_list>
<bind>
<StgValue><ssdm name=""/></StgValue>
</bind>
</comp>

<comp id="148" class="1001" name="const_148">
<pin_list>
<pin id="149" dir="1" index="0" bw="1" slack="0"/>
</pin_list>
<bind>
<StgValue><ssdm name=""/></StgValue>
</bind>
</comp>

<comp id="150" class="1001" name="const_150">
<pin_list>
<pin id="151" dir="1" index="0" bw="1" slack="0"/>
</pin_list>
<bind>
<StgValue><ssdm name=""/></StgValue>
</bind>
</comp>

<comp id="152" class="1001" name="const_152">
<pin_list>
<pin id="153" dir="1" index="0" bw="1" slack="0"/>
</pin_list>
<bind>
<StgValue><ssdm name=""/></StgValue>
</bind>
</comp>

<comp id="154" class="1001" name="const_154">
<pin_list>
<pin id="155" dir="1" index="0" bw="1" slack="0"/>
</pin_list>
<bind>
<StgValue><ssdm name=""/></StgValue>
</bind>
</comp>

<comp id="156" class="1001" name="const_156">
<pin_list>
<pin id="157" dir="1" index="0" bw="1" slack="0"/>
</pin_list>
<bind>
<StgValue><ssdm name=""/></StgValue>
</bind>
</comp>

<comp id="158" class="1001" name="const_158">
<pin_list>
<pin id="159" dir="1" index="0" bw="1" slack="0"/>
</pin_list>
<bind>
<StgValue><ssdm name=""/></StgValue>
</bind>
</comp>

<comp id="160" class="1001" name="const_160">
<pin_list>
<pin id="161" dir="1" index="0" bw="1" slack="0"/>
</pin_list>
<bind>
<StgValue><ssdm name=""/></StgValue>
</bind>
</comp>

<comp id="162" class="1001" name="const_162">
<pin_list>
<pin id="163" dir="1" index="0" bw="1" slack="0"/>
</pin_list>
<bind>
<StgValue><ssdm name=""/></StgValue>
</bind>
</comp>

<comp id="164" class="1001" name="const_164">
<pin_list>
<pin id="165" dir="1" index="0" bw="1" slack="0"/>
</pin_list>
<bind>
<StgValue><ssdm name=""/></StgValue>
</bind>
</comp>

<comp id="166" class="1001" name="const_166">
<pin_list>
<pin id="167" dir="1" index="0" bw="1" slack="0"/>
</pin_list>
<bind>
<StgValue><ssdm name=""/></StgValue>
</bind>
</comp>

<comp id="168" class="1001" name="const_168">
<pin_list>
<pin id="169" dir="1" index="0" bw="1" slack="0"/>
</pin_list>
<bind>
<StgValue><ssdm name=""/></StgValue>
</bind>
</comp>

<comp id="170" class="1001" name="const_170">
<pin_list>
<pin id="171" dir="1" index="0" bw="1" slack="0"/>
</pin_list>
<bind>
<StgValue><ssdm name=""/></StgValue>
</bind>
</comp>

<comp id="172" class="1001" name="const_172">
<pin_list>
<pin id="173" dir="1" index="0" bw="1" slack="0"/>
</pin_list>
<bind>
<StgValue><ssdm name=""/></StgValue>
</bind>
</comp>

<comp id="174" class="1001" name="const_174">
<pin_list>
<pin id="175" dir="1" index="0" bw="1" slack="0"/>
</pin_list>
<bind>
<StgValue><ssdm name=""/></StgValue>
</bind>
</comp>

<comp id="176" class="1001" name="const_176">
<pin_list>
<pin id="177" dir="1" index="0" bw="1" slack="0"/>
</pin_list>
<bind>
<StgValue><ssdm name=""/></StgValue>
</bind>
</comp>

<comp id="178" class="1001" name="const_178">
<pin_list>
<pin id="179" dir="1" index="0" bw="1" slack="0"/>
</pin_list>
<bind>
<StgValue><ssdm name=""/></StgValue>
</bind>
</comp>

<comp id="180" class="1001" name="const_180">
<pin_list>
<pin id="181" dir="1" index="0" bw="1" slack="0"/>
</pin_list>
<bind>
<StgValue><ssdm name=""/></StgValue>
</bind>
</comp>

<comp id="182" class="1001" name="const_182">
<pin_list>
<pin id="183" dir="1" index="0" bw="1" slack="0"/>
</pin_list>
<bind>
<StgValue><ssdm name=""/></StgValue>
</bind>
</comp>

<comp id="184" class="1001" name="const_184">
<pin_list>
<pin id="185" dir="1" index="0" bw="1" slack="0"/>
</pin_list>
<bind>
<StgValue><ssdm name=""/></StgValue>
</bind>
</comp>

<comp id="186" class="1001" name="const_186">
<pin_list>
<pin id="187" dir="1" index="0" bw="1" slack="0"/>
</pin_list>
<bind>
<StgValue><ssdm name=""/></StgValue>
</bind>
</comp>

<comp id="188" class="1001" name="const_188">
<pin_list>
<pin id="189" dir="1" index="0" bw="1" slack="0"/>
</pin_list>
<bind>
<StgValue><ssdm name=""/></StgValue>
</bind>
</comp>

<comp id="190" class="1001" name="const_190">
<pin_list>
<pin id="191" dir="1" index="0" bw="1" slack="0"/>
</pin_list>
<bind>
<StgValue><ssdm name=""/></StgValue>
</bind>
</comp>

<comp id="192" class="1001" name="const_192">
<pin_list>
<pin id="193" dir="1" index="0" bw="1" slack="0"/>
</pin_list>
<bind>
<StgValue><ssdm name=""/></StgValue>
</bind>
</comp>

<comp id="194" class="1001" name="const_194">
<pin_list>
<pin id="195" dir="1" index="0" bw="1" slack="0"/>
</pin_list>
<bind>
<StgValue><ssdm name=""/></StgValue>
</bind>
</comp>

<comp id="196" class="1001" name="const_196">
<pin_list>
<pin id="197" dir="1" index="0" bw="1" slack="0"/>
</pin_list>
<bind>
<StgValue><ssdm name=""/></StgValue>
</bind>
</comp>

<comp id="198" class="1001" name="const_198">
<pin_list>
<pin id="199" dir="1" index="0" bw="1" slack="0"/>
</pin_list>
<bind>
<StgValue><ssdm name=""/></StgValue>
</bind>
</comp>

<comp id="200" class="1001" name="const_200">
<pin_list>
<pin id="201" dir="1" index="0" bw="1" slack="0"/>
</pin_list>
<bind>
<StgValue><ssdm name=""/></StgValue>
</bind>
</comp>

<comp id="202" class="1001" name="const_202">
<pin_list>
<pin id="203" dir="1" index="0" bw="1" slack="0"/>
</pin_list>
<bind>
<StgValue><ssdm name=""/></StgValue>
</bind>
</comp>

<comp id="204" class="1001" name="const_204">
<pin_list>
<pin id="205" dir="1" index="0" bw="1" slack="0"/>
</pin_list>
<bind>
<StgValue><ssdm name=""/></StgValue>
</bind>
</comp>

<comp id="206" class="1001" name="const_206">
<pin_list>
<pin id="207" dir="1" index="0" bw="1" slack="0"/>
</pin_list>
<bind>
<StgValue><ssdm name=""/></StgValue>
</bind>
</comp>

<comp id="208" class="1001" name="const_208">
<pin_list>
<pin id="209" dir="1" index="0" bw="1" slack="0"/>
</pin_list>
<bind>
<StgValue><ssdm name=""/></StgValue>
</bind>
</comp>

<comp id="210" class="1001" name="const_210">
<pin_list>
<pin id="211" dir="1" index="0" bw="1" slack="0"/>
</pin_list>
<bind>
<StgValue><ssdm name=""/></StgValue>
</bind>
</comp>

<comp id="212" class="1001" name="const_212">
<pin_list>
<pin id="213" dir="1" index="0" bw="1" slack="0"/>
</pin_list>
<bind>
<StgValue><ssdm name=""/></StgValue>
</bind>
</comp>

<comp id="214" class="1001" name="const_214">
<pin_list>
<pin id="215" dir="1" index="0" bw="1" slack="0"/>
</pin_list>
<bind>
<StgValue><ssdm name=""/></StgValue>
</bind>
</comp>

<comp id="216" class="1001" name="const_216">
<pin_list>
<pin id="217" dir="1" index="0" bw="1" slack="0"/>
</pin_list>
<bind>
<StgValue><ssdm name=""/></StgValue>
</bind>
</comp>

<comp id="218" class="1001" name="const_218">
<pin_list>
<pin id="219" dir="1" index="0" bw="1" slack="0"/>
</pin_list>
<bind>
<StgValue><ssdm name=""/></StgValue>
</bind>
</comp>

<comp id="220" class="1001" name="const_220">
<pin_list>
<pin id="221" dir="1" index="0" bw="1" slack="0"/>
</pin_list>
<bind>
<StgValue><ssdm name=""/></StgValue>
</bind>
</comp>

<comp id="222" class="1001" name="const_222">
<pin_list>
<pin id="223" dir="1" index="0" bw="1" slack="0"/>
</pin_list>
<bind>
<StgValue><ssdm name=""/></StgValue>
</bind>
</comp>

<comp id="224" class="1001" name="const_224">
<pin_list>
<pin id="225" dir="1" index="0" bw="1" slack="0"/>
</pin_list>
<bind>
<StgValue><ssdm name=""/></StgValue>
</bind>
</comp>

<comp id="226" class="1001" name="const_226">
<pin_list>
<pin id="227" dir="1" index="0" bw="1" slack="0"/>
</pin_list>
<bind>
<StgValue><ssdm name=""/></StgValue>
</bind>
</comp>

<comp id="228" class="1001" name="const_228">
<pin_list>
<pin id="229" dir="1" index="0" bw="1" slack="0"/>
</pin_list>
<bind>
<StgValue><ssdm name=""/></StgValue>
</bind>
</comp>

<comp id="230" class="1001" name="const_230">
<pin_list>
<pin id="231" dir="1" index="0" bw="1" slack="0"/>
</pin_list>
<bind>
<StgValue><ssdm name=""/></StgValue>
</bind>
</comp>

<comp id="232" class="1001" name="const_232">
<pin_list>
<pin id="233" dir="1" index="0" bw="1" slack="0"/>
</pin_list>
<bind>
<StgValue><ssdm name=""/></StgValue>
</bind>
</comp>

<comp id="234" class="1001" name="const_234">
<pin_list>
<pin id="235" dir="1" index="0" bw="1" slack="0"/>
</pin_list>
<bind>
<StgValue><ssdm name=""/></StgValue>
</bind>
</comp>

<comp id="236" class="1001" name="const_236">
<pin_list>
<pin id="237" dir="1" index="0" bw="1" slack="0"/>
</pin_list>
<bind>
<StgValue><ssdm name=""/></StgValue>
</bind>
</comp>

<comp id="238" class="1001" name="const_238">
<pin_list>
<pin id="239" dir="1" index="0" bw="1" slack="0"/>
</pin_list>
<bind>
<StgValue><ssdm name=""/></StgValue>
</bind>
</comp>

<comp id="240" class="1001" name="const_240">
<pin_list>
<pin id="241" dir="1" index="0" bw="1" slack="0"/>
</pin_list>
<bind>
<StgValue><ssdm name=""/></StgValue>
</bind>
</comp>

<comp id="242" class="1001" name="const_242">
<pin_list>
<pin id="243" dir="1" index="0" bw="1" slack="0"/>
</pin_list>
<bind>
<StgValue><ssdm name=""/></StgValue>
</bind>
</comp>

<comp id="244" class="1001" name="const_244">
<pin_list>
<pin id="245" dir="1" index="0" bw="1" slack="0"/>
</pin_list>
<bind>
<StgValue><ssdm name=""/></StgValue>
</bind>
</comp>

<comp id="246" class="1001" name="const_246">
<pin_list>
<pin id="247" dir="1" index="0" bw="1" slack="0"/>
</pin_list>
<bind>
<StgValue><ssdm name=""/></StgValue>
</bind>
</comp>

<comp id="248" class="1001" name="const_248">
<pin_list>
<pin id="249" dir="1" index="0" bw="1" slack="0"/>
</pin_list>
<bind>
<StgValue><ssdm name=""/></StgValue>
</bind>
</comp>

<comp id="250" class="1001" name="const_250">
<pin_list>
<pin id="251" dir="1" index="0" bw="1" slack="0"/>
</pin_list>
<bind>
<StgValue><ssdm name=""/></StgValue>
</bind>
</comp>

<comp id="252" class="1001" name="const_252">
<pin_list>
<pin id="253" dir="1" index="0" bw="1" slack="0"/>
</pin_list>
<bind>
<StgValue><ssdm name=""/></StgValue>
</bind>
</comp>

<comp id="254" class="1001" name="const_254">
<pin_list>
<pin id="255" dir="1" index="0" bw="1" slack="0"/>
</pin_list>
<bind>
<StgValue><ssdm name=""/></StgValue>
</bind>
</comp>

<comp id="256" class="1001" name="const_256">
<pin_list>
<pin id="257" dir="1" index="0" bw="1" slack="0"/>
</pin_list>
<bind>
<StgValue><ssdm name=""/></StgValue>
</bind>
</comp>

<comp id="258" class="1001" name="const_258">
<pin_list>
<pin id="259" dir="1" index="0" bw="1" slack="0"/>
</pin_list>
<bind>
<StgValue><ssdm name=""/></StgValue>
</bind>
</comp>

<comp id="260" class="1001" name="const_260">
<pin_list>
<pin id="261" dir="1" index="0" bw="1" slack="0"/>
</pin_list>
<bind>
<StgValue><ssdm name=""/></StgValue>
</bind>
</comp>

<comp id="262" class="1001" name="const_262">
<pin_list>
<pin id="263" dir="1" index="0" bw="1" slack="0"/>
</pin_list>
<bind>
<StgValue><ssdm name=""/></StgValue>
</bind>
</comp>

<comp id="264" class="1001" name="const_264">
<pin_list>
<pin id="265" dir="1" index="0" bw="1" slack="0"/>
</pin_list>
<bind>
<StgValue><ssdm name=""/></StgValue>
</bind>
</comp>

<comp id="266" class="1001" name="const_266">
<pin_list>
<pin id="267" dir="1" index="0" bw="1" slack="0"/>
</pin_list>
<bind>
<StgValue><ssdm name=""/></StgValue>
</bind>
</comp>

<comp id="268" class="1001" name="const_268">
<pin_list>
<pin id="269" dir="1" index="0" bw="1" slack="0"/>
</pin_list>
<bind>
<StgValue><ssdm name=""/></StgValue>
</bind>
</comp>

<comp id="270" class="1001" name="const_270">
<pin_list>
<pin id="271" dir="1" index="0" bw="1" slack="0"/>
</pin_list>
<bind>
<StgValue><ssdm name=""/></StgValue>
</bind>
</comp>

<comp id="272" class="1001" name="const_272">
<pin_list>
<pin id="273" dir="1" index="0" bw="1" slack="0"/>
</pin_list>
<bind>
<StgValue><ssdm name=""/></StgValue>
</bind>
</comp>

<comp id="274" class="1001" name="const_274">
<pin_list>
<pin id="275" dir="1" index="0" bw="1" slack="0"/>
</pin_list>
<bind>
<StgValue><ssdm name=""/></StgValue>
</bind>
</comp>

<comp id="276" class="1001" name="const_276">
<pin_list>
<pin id="277" dir="1" index="0" bw="1" slack="0"/>
</pin_list>
<bind>
<StgValue><ssdm name=""/></StgValue>
</bind>
</comp>

<comp id="278" class="1001" name="const_278">
<pin_list>
<pin id="279" dir="1" index="0" bw="1" slack="0"/>
</pin_list>
<bind>
<StgValue><ssdm name=""/></StgValue>
</bind>
</comp>

<comp id="280" class="1001" name="const_280">
<pin_list>
<pin id="281" dir="1" index="0" bw="1" slack="0"/>
</pin_list>
<bind>
<StgValue><ssdm name=""/></StgValue>
</bind>
</comp>

<comp id="282" class="1001" name="const_282">
<pin_list>
<pin id="283" dir="1" index="0" bw="1" slack="0"/>
</pin_list>
<bind>
<StgValue><ssdm name=""/></StgValue>
</bind>
</comp>

<comp id="284" class="1001" name="const_284">
<pin_list>
<pin id="285" dir="1" index="0" bw="1" slack="0"/>
</pin_list>
<bind>
<StgValue><ssdm name=""/></StgValue>
</bind>
</comp>

<comp id="286" class="1001" name="const_286">
<pin_list>
<pin id="287" dir="1" index="0" bw="1" slack="0"/>
</pin_list>
<bind>
<StgValue><ssdm name=""/></StgValue>
</bind>
</comp>

<comp id="288" class="1001" name="const_288">
<pin_list>
<pin id="289" dir="1" index="0" bw="1" slack="0"/>
</pin_list>
<bind>
<StgValue><ssdm name=""/></StgValue>
</bind>
</comp>

<comp id="290" class="1001" name="const_290">
<pin_list>
<pin id="291" dir="1" index="0" bw="1" slack="0"/>
</pin_list>
<bind>
<StgValue><ssdm name=""/></StgValue>
</bind>
</comp>

<comp id="292" class="1001" name="const_292">
<pin_list>
<pin id="293" dir="1" index="0" bw="1" slack="0"/>
</pin_list>
<bind>
<StgValue><ssdm name=""/></StgValue>
</bind>
</comp>

<comp id="294" class="1001" name="const_294">
<pin_list>
<pin id="295" dir="1" index="0" bw="1" slack="0"/>
</pin_list>
<bind>
<StgValue><ssdm name=""/></StgValue>
</bind>
</comp>

<comp id="296" class="1001" name="const_296">
<pin_list>
<pin id="297" dir="1" index="0" bw="1" slack="0"/>
</pin_list>
<bind>
<StgValue><ssdm name=""/></StgValue>
</bind>
</comp>

<comp id="298" class="1001" name="const_298">
<pin_list>
<pin id="299" dir="1" index="0" bw="1" slack="0"/>
</pin_list>
<bind>
<StgValue><ssdm name=""/></StgValue>
</bind>
</comp>

<comp id="300" class="1001" name="const_300">
<pin_list>
<pin id="301" dir="1" index="0" bw="1" slack="0"/>
</pin_list>
<bind>
<StgValue><ssdm name="_ssdm_op_BitConcatenate.i16.i8.i8"/></StgValue>
</bind>
</comp>

<comp id="302" class="1001" name="const_302">
<pin_list>
<pin id="303" dir="1" index="0" bw="1" slack="2147483647"/>
</pin_list>
<bind>
<StgValue><ssdm name="_ssdm_op_SpecPipeline"/></StgValue>
</bind>
</comp>

<comp id="304" class="1001" name="const_304">
<pin_list>
<pin id="305" dir="1" index="0" bw="1" slack="2147483647"/>
</pin_list>
<bind>
<StgValue><ssdm name="_ssdm_op_SpecLoopName"/></StgValue>
</bind>
</comp>

<comp id="306" class="1001" name="const_306">
<pin_list>
<pin id="307" dir="1" index="0" bw="1" slack="2147483647"/>
</pin_list>
<bind>
<StgValue><ssdm name="empty_1"/></StgValue>
</bind>
</comp>

<comp id="308" class="1001" name="const_308">
<pin_list>
<pin id="309" dir="1" index="0" bw="1" slack="0"/>
</pin_list>
<bind>
<StgValue><ssdm name="_ssdm_op_Write.ap_auto.i47P0A"/></StgValue>
</bind>
</comp>

<comp id="310" class="1004" name="sum_V_2_fu_310">
<pin_list>
<pin id="311" dir="0" index="0" bw="1" slack="0"/>
<pin id="312" dir="1" index="1" bw="47" slack="0"/>
</pin_list>
<bind>
<opcode="alloca(26) " fcode="alloca"/>
<opset="sum_V_2/1 "/>
</bind>
</comp>

<comp id="314" class="1004" name="w_fu_314">
<pin_list>
<pin id="315" dir="0" index="0" bw="1" slack="0"/>
<pin id="316" dir="1" index="1" bw="26" slack="0"/>
</pin_list>
<bind>
<opcode="alloca(26) " fcode="alloca"/>
<opset="w/1 "/>
</bind>
</comp>

<comp id="318" class="1004" name="vec_words_read_read_fu_318">
<pin_list>
<pin id="319" dir="0" index="0" bw="26" slack="0"/>
<pin id="320" dir="0" index="1" bw="26" slack="0"/>
<pin id="321" dir="1" index="2" bw="26" slack="0"/>
</pin_list>
<bind>
<opcode="read(1150) " fcode="read"/>
<opset="vec_words_read/1 "/>
</bind>
</comp>

<comp id="324" class="1004" name="sext_ln670_read_read_fu_324">
<pin_list>
<pin id="325" dir="0" index="0" bw="58" slack="0"/>
<pin id="326" dir="0" index="1" bw="58" slack="0"/>
<pin id="327" dir="1" index="2" bw="58" slack="0"/>
</pin_list>
<bind>
<opcode="read(1150) " fcode="read"/>
<opset="sext_ln670_read/1 "/>
</bind>
</comp>

<comp id="330" class="1004" name="packed_V_read_fu_330">
<pin_list>
<pin id="331" dir="0" index="0" bw="512" slack="0"/>
<pin id="332" dir="0" index="1" bw="512" slack="0"/>
<pin id="333" dir="1" index="2" bw="512" slack="0"/>
</pin_list>
<bind>
<opcode="read(1150) " fcode="read"/>
<opset="packed_V/2 "/>
</bind>
</comp>

<comp id="335" class="1004" name="write_ln0_write_fu_335">
<pin_list>
<pin id="336" dir="0" index="0" bw="0" slack="0"/>
<pin id="337" dir="0" index="1" bw="47" slack="0"/>
<pin id="338" dir="0" index="2" bw="47" slack="0"/>
<pin id="339" dir="1" index="3" bw="0" slack="2147483647"/>
</pin_list>
<bind>
<opcode="write(1151) " fcode="write"/>
<opset="write_ln0/4 "/>
</bind>
</comp>

<comp id="342" class="1004" name="sext_ln670_cast_fu_342">
<pin_list>
<pin id="343" dir="0" index="0" bw="58" slack="0"/>
<pin id="344" dir="1" index="1" bw="64" slack="1"/>
</pin_list>
<bind>
<opcode="sext(35) " fcode="sext"/>
<opset="sext_ln670_cast/1 "/>
</bind>
</comp>

<comp id="346" class="1004" name="store_ln0_store_fu_346">
<pin_list>
<pin id="347" dir="0" index="0" bw="1" slack="0"/>
<pin id="348" dir="0" index="1" bw="26" slack="0"/>
<pin id="349" dir="1" index="2" bw="0" slack="2147483647"/>
</pin_list>
<bind>
<opcode="store(28) " fcode="store"/>
<opset="store_ln0/1 "/>
</bind>
</comp>

<comp id="351" class="1004" name="store_ln0_store_fu_351">
<pin_list>
<pin id="352" dir="0" index="0" bw="1" slack="0"/>
<pin id="353" dir="0" index="1" bw="47" slack="0"/>
<pin id="354" dir="1" index="2" bw="0" slack="2147483647"/>
</pin_list>
<bind>
<opcode="store(28) " fcode="store"/>
<opset="store_ln0/1 "/>
</bind>
</comp>

<comp id="356" class="1004" name="w_1_load_fu_356">
<pin_list>
<pin id="357" dir="0" index="0" bw="26" slack="0"/>
<pin id="358" dir="1" index="1" bw="26" slack="0"/>
</pin_list>
<bind>
<opcode="load(27) " fcode="load"/>
<opset="w_1/1 "/>
</bind>
</comp>

<comp id="359" class="1004" name="icmp_ln670_fu_359">
<pin_list>
<pin id="360" dir="0" index="0" bw="26" slack="0"/>
<pin id="361" dir="0" index="1" bw="26" slack="0"/>
<pin id="362" dir="1" index="2" bw="1" slack="1"/>
</pin_list>
<bind>
<opcode="icmp(45) " fcode="icmp"/>
<opset="icmp_ln670/1 "/>
</bind>
</comp>

<comp id="365" class="1004" name="add_ln670_fu_365">
<pin_list>
<pin id="366" dir="0" index="0" bw="26" slack="0"/>
<pin id="367" dir="0" index="1" bw="1" slack="0"/>
<pin id="368" dir="1" index="2" bw="26" slack="0"/>
</pin_list>
<bind>
<opcode="add(8) " fcode="add"/>
<opset="add_ln670/1 "/>
</bind>
</comp>

<comp id="371" class="1004" name="store_ln670_store_fu_371">
<pin_list>
<pin id="372" dir="0" index="0" bw="26" slack="0"/>
<pin id="373" dir="0" index="1" bw="26" slack="0"/>
<pin id="374" dir="1" index="2" bw="0" slack="2147483647"/>
</pin_list>
<bind>
<opcode="store(28) " fcode="store"/>
<opset="store_ln670/1 "/>
</bind>
</comp>

<comp id="376" class="1004" name="gmem0_addr_fu_376">
<pin_list>
<pin id="377" dir="0" index="0" bw="64" slack="0"/>
<pin id="378" dir="0" index="1" bw="64" slack="1"/>
<pin id="379" dir="1" index="2" bw="64" slack="0"/>
</pin_list>
<bind>
<opcode="getelementptr(29) " fcode="getelementptr"/>
<opset="gmem0_addr/2 "/>
</bind>
</comp>

<comp id="382" class="1004" name="empty_27_fu_382">
<pin_list>
<pin id="383" dir="0" index="0" bw="512" slack="0"/>
<pin id="384" dir="1" index="1" bw="8" slack="1"/>
</pin_list>
<bind>
<opcode="trunc(33) " fcode="trunc"/>
<opset="empty_27/2 "/>
</bind>
</comp>

<comp id="386" class="1004" name="p_1_fu_386">
<pin_list>
<pin id="387" dir="0" index="0" bw="8" slack="0"/>
<pin id="388" dir="0" index="1" bw="512" slack="0"/>
<pin id="389" dir="0" index="2" bw="5" slack="0"/>
<pin id="390" dir="0" index="3" bw="5" slack="0"/>
<pin id="391" dir="1" index="4" bw="8" slack="1"/>
</pin_list>
<bind>
<opcode="partselect(1002) " fcode="partselect"/>
<opset="p_1/2 "/>
</bind>
</comp>

<comp id="396" class="1004" name="p_s_fu_396">
<pin_list>
<pin id="397" dir="0" index="0" bw="8" slack="0"/>
<pin id="398" dir="0" index="1" bw="512" slack="0"/>
<pin id="399" dir="0" index="2" bw="6" slack="0"/>
<pin id="400" dir="0" index="3" bw="6" slack="0"/>
<pin id="401" dir="1" index="4" bw="8" slack="1"/>
</pin_list>
<bind>
<opcode="partselect(1002) " fcode="partselect"/>
<opset="p_s/2 "/>
</bind>
</comp>

<comp id="406" class="1004" name="p_2_fu_406">
<pin_list>
<pin id="407" dir="0" index="0" bw="8" slack="0"/>
<pin id="408" dir="0" index="1" bw="512" slack="0"/>
<pin id="409" dir="0" index="2" bw="6" slack="0"/>
<pin id="410" dir="0" index="3" bw="6" slack="0"/>
<pin id="411" dir="1" index="4" bw="8" slack="1"/>
</pin_list>
<bind>
<opcode="partselect(1002) " fcode="partselect"/>
<opset="p_2/2 "/>
</bind>
</comp>

<comp id="416" class="1004" name="p_3_fu_416">
<pin_list>
<pin id="417" dir="0" index="0" bw="8" slack="0"/>
<pin id="418" dir="0" index="1" bw="512" slack="0"/>
<pin id="419" dir="0" index="2" bw="7" slack="0"/>
<pin id="420" dir="0" index="3" bw="7" slack="0"/>
<pin id="421" dir="1" index="4" bw="8" slack="1"/>
</pin_list>
<bind>
<opcode="partselect(1002) " fcode="partselect"/>
<opset="p_3/2 "/>
</bind>
</comp>

<comp id="426" class="1004" name="p_4_fu_426">
<pin_list>
<pin id="427" dir="0" index="0" bw="8" slack="0"/>
<pin id="428" dir="0" index="1" bw="512" slack="0"/>
<pin id="429" dir="0" index="2" bw="7" slack="0"/>
<pin id="430" dir="0" index="3" bw="7" slack="0"/>
<pin id="431" dir="1" index="4" bw="8" slack="1"/>
</pin_list>
<bind>
<opcode="partselect(1002) " fcode="partselect"/>
<opset="p_4/2 "/>
</bind>
</comp>

<comp id="436" class="1004" name="p_5_fu_436">
<pin_list>
<pin id="437" dir="0" index="0" bw="8" slack="0"/>
<pin id="438" dir="0" index="1" bw="512" slack="0"/>
<pin id="439" dir="0" index="2" bw="7" slack="0"/>
<pin id="440" dir="0" index="3" bw="7" slack="0"/>
<pin id="441" dir="1" index="4" bw="8" slack="1"/>
</pin_list>
<bind>
<opcode="partselect(1002) " fcode="partselect"/>
<opset="p_5/2 "/>
</bind>
</comp>

<comp id="446" class="1004" name="p_6_fu_446">
<pin_list>
<pin id="447" dir="0" index="0" bw="8" slack="0"/>
<pin id="448" dir="0" index="1" bw="512" slack="0"/>
<pin id="449" dir="0" index="2" bw="7" slack="0"/>
<pin id="450" dir="0" index="3" bw="7" slack="0"/>
<pin id="451" dir="1" index="4" bw="8" slack="1"/>
</pin_list>
<bind>
<opcode="partselect(1002) " fcode="partselect"/>
<opset="p_6/2 "/>
</bind>
</comp>

<comp id="456" class="1004" name="p_7_fu_456">
<pin_list>
<pin id="457" dir="0" index="0" bw="8" slack="0"/>
<pin id="458" dir="0" index="1" bw="512" slack="0"/>
<pin id="459" dir="0" index="2" bw="8" slack="0"/>
<pin id="460" dir="0" index="3" bw="8" slack="0"/>
<pin id="461" dir="1" index="4" bw="8" slack="1"/>
</pin_list>
<bind>
<opcode="partselect(1002) " fcode="partselect"/>
<opset="p_7/2 "/>
</bind>
</comp>

<comp id="466" class="1004" name="p_8_fu_466">
<pin_list>
<pin id="467" dir="0" index="0" bw="8" slack="0"/>
<pin id="468" dir="0" index="1" bw="512" slack="0"/>
<pin id="469" dir="0" index="2" bw="8" slack="0"/>
<pin id="470" dir="0" index="3" bw="8" slack="0"/>
<pin id="471" dir="1" index="4" bw="8" slack="1"/>
</pin_list>
<bind>
<opcode="partselect(1002) " fcode="partselect"/>
<opset="p_8/2 "/>
</bind>
</comp>

<comp id="476" class="1004" name="p_9_fu_476">
<pin_list>
<pin id="477" dir="0" index="0" bw="8" slack="0"/>
<pin id="478" dir="0" index="1" bw="512" slack="0"/>
<pin id="479" dir="0" index="2" bw="8" slack="0"/>
<pin id="480" dir="0" index="3" bw="8" slack="0"/>
<pin id="481" dir="1" index="4" bw="8" slack="1"/>
</pin_list>
<bind>
<opcode="partselect(1002) " fcode="partselect"/>
<opset="p_9/2 "/>
</bind>
</comp>

<comp id="486" class="1004" name="p_10_fu_486">
<pin_list>
<pin id="487" dir="0" index="0" bw="8" slack="0"/>
<pin id="488" dir="0" index="1" bw="512" slack="0"/>
<pin id="489" dir="0" index="2" bw="8" slack="0"/>
<pin id="490" dir="0" index="3" bw="8" slack="0"/>
<pin id="491" dir="1" index="4" bw="8" slack="1"/>
</pin_list>
<bind>
<opcode="partselect(1002) " fcode="partselect"/>
<opset="p_10/2 "/>
</bind>
</comp>

<comp id="496" class="1004" name="p_11_fu_496">
<pin_list>
<pin id="497" dir="0" index="0" bw="8" slack="0"/>
<pin id="498" dir="0" index="1" bw="512" slack="0"/>
<pin id="499" dir="0" index="2" bw="8" slack="0"/>
<pin id="500" dir="0" index="3" bw="8" slack="0"/>
<pin id="501" dir="1" index="4" bw="8" slack="1"/>
</pin_list>
<bind>
<opcode="partselect(1002) " fcode="partselect"/>
<opset="p_11/2 "/>
</bind>
</comp>

<comp id="506" class="1004" name="p_12_fu_506">
<pin_list>
<pin id="507" dir="0" index="0" bw="8" slack="0"/>
<pin id="508" dir="0" index="1" bw="512" slack="0"/>
<pin id="509" dir="0" index="2" bw="8" slack="0"/>
<pin id="510" dir="0" index="3" bw="8" slack="0"/>
<pin id="511" dir="1" index="4" bw="8" slack="1"/>
</pin_list>
<bind>
<opcode="partselect(1002) " fcode="partselect"/>
<opset="p_12/2 "/>
</bind>
</comp>

<comp id="516" class="1004" name="p_13_fu_516">
<pin_list>
<pin id="517" dir="0" index="0" bw="8" slack="0"/>
<pin id="518" dir="0" index="1" bw="512" slack="0"/>
<pin id="519" dir="0" index="2" bw="8" slack="0"/>
<pin id="520" dir="0" index="3" bw="8" slack="0"/>
<pin id="521" dir="1" index="4" bw="8" slack="1"/>
</pin_list>
<bind>
<opcode="partselect(1002) " fcode="partselect"/>
<opset="p_13/2 "/>
</bind>
</comp>

<comp id="526" class="1004" name="p_14_fu_526">
<pin_list>
<pin id="527" dir="0" index="0" bw="8" slack="0"/>
<pin id="528" dir="0" index="1" bw="512" slack="0"/>
<pin id="529" dir="0" index="2" bw="8" slack="0"/>
<pin id="530" dir="0" index="3" bw="8" slack="0"/>
<pin id="531" dir="1" index="4" bw="8" slack="1"/>
</pin_list>
<bind>
<opcode="partselect(1002) " fcode="partselect"/>
<opset="p_14/2 "/>
</bind>
</comp>

<comp id="536" class="1004" name="p_15_fu_536">
<pin_list>
<pin id="537" dir="0" index="0" bw="8" slack="0"/>
<pin id="538" dir="0" index="1" bw="512" slack="0"/>
<pin id="539" dir="0" index="2" bw="9" slack="0"/>
<pin id="540" dir="0" index="3" bw="9" slack="0"/>
<pin id="541" dir="1" index="4" bw="8" slack="1"/>
</pin_list>
<bind>
<opcode="partselect(1002) " fcode="partselect"/>
<opset="p_15/2 "/>
</bind>
</comp>

<comp id="546" class="1004" name="p_16_fu_546">
<pin_list>
<pin id="547" dir="0" index="0" bw="8" slack="0"/>
<pin id="548" dir="0" index="1" bw="512" slack="0"/>
<pin id="549" dir="0" index="2" bw="9" slack="0"/>
<pin id="550" dir="0" index="3" bw="9" slack="0"/>
<pin id="551" dir="1" index="4" bw="8" slack="1"/>
</pin_list>
<bind>
<opcode="partselect(1002) " fcode="partselect"/>
<opset="p_16/2 "/>
</bind>
</comp>

<comp id="556" class="1004" name="p_17_fu_556">
<pin_list>
<pin id="557" dir="0" index="0" bw="8" slack="0"/>
<pin id="558" dir="0" index="1" bw="512" slack="0"/>
<pin id="559" dir="0" index="2" bw="9" slack="0"/>
<pin id="560" dir="0" index="3" bw="9" slack="0"/>
<pin id="561" dir="1" index="4" bw="8" slack="1"/>
</pin_list>
<bind>
<opcode="partselect(1002) " fcode="partselect"/>
<opset="p_17/2 "/>
</bind>
</comp>

<comp id="566" class="1004" name="p_18_fu_566">
<pin_list>
<pin id="567" dir="0" index="0" bw="8" slack="0"/>
<pin id="568" dir="0" index="1" bw="512" slack="0"/>
<pin id="569" dir="0" index="2" bw="9" slack="0"/>
<pin id="570" dir="0" index="3" bw="9" slack="0"/>
<pin id="571" dir="1" index="4" bw="8" slack="1"/>
</pin_list>
<bind>
<opcode="partselect(1002) " fcode="partselect"/>
<opset="p_18/2 "/>
</bind>
</comp>

<comp id="576" class="1004" name="p_19_fu_576">
<pin_list>
<pin id="577" dir="0" index="0" bw="8" slack="0"/>
<pin id="578" dir="0" index="1" bw="512" slack="0"/>
<pin id="579" dir="0" index="2" bw="9" slack="0"/>
<pin id="580" dir="0" index="3" bw="9" slack="0"/>
<pin id="581" dir="1" index="4" bw="8" slack="1"/>
</pin_list>
<bind>
<opcode="partselect(1002) " fcode="partselect"/>
<opset="p_19/2 "/>
</bind>
</comp>

<comp id="586" class="1004" name="p_20_fu_586">
<pin_list>
<pin id="587" dir="0" index="0" bw="8" slack="0"/>
<pin id="588" dir="0" index="1" bw="512" slack="0"/>
<pin id="589" dir="0" index="2" bw="9" slack="0"/>
<pin id="590" dir="0" index="3" bw="9" slack="0"/>
<pin id="591" dir="1" index="4" bw="8" slack="1"/>
</pin_list>
<bind>
<opcode="partselect(1002) " fcode="partselect"/>
<opset="p_20/2 "/>
</bind>
</comp>

<comp id="596" class="1004" name="p_21_fu_596">
<pin_list>
<pin id="597" dir="0" index="0" bw="8" slack="0"/>
<pin id="598" dir="0" index="1" bw="512" slack="0"/>
<pin id="599" dir="0" index="2" bw="9" slack="0"/>
<pin id="600" dir="0" index="3" bw="9" slack="0"/>
<pin id="601" dir="1" index="4" bw="8" slack="1"/>
</pin_list>
<bind>
<opcode="partselect(1002) " fcode="partselect"/>
<opset="p_21/2 "/>
</bind>
</comp>

<comp id="606" class="1004" name="p_22_fu_606">
<pin_list>
<pin id="607" dir="0" index="0" bw="8" slack="0"/>
<pin id="608" dir="0" index="1" bw="512" slack="0"/>
<pin id="609" dir="0" index="2" bw="9" slack="0"/>
<pin id="610" dir="0" index="3" bw="9" slack="0"/>
<pin id="611" dir="1" index="4" bw="8" slack="1"/>
</pin_list>
<bind>
<opcode="partselect(1002) " fcode="partselect"/>
<opset="p_22/2 "/>
</bind>
</comp>

<comp id="616" class="1004" name="p_23_fu_616">
<pin_list>
<pin id="617" dir="0" index="0" bw="8" slack="0"/>
<pin id="618" dir="0" index="1" bw="512" slack="0"/>
<pin id="619" dir="0" index="2" bw="9" slack="0"/>
<pin id="620" dir="0" index="3" bw="9" slack="0"/>
<pin id="621" dir="1" index="4" bw="8" slack="1"/>
</pin_list>
<bind>
<opcode="partselect(1002) " fcode="partselect"/>
<opset="p_23/2 "/>
</bind>
</comp>

<comp id="626" class="1004" name="p_24_fu_626">
<pin_list>
<pin id="627" dir="0" index="0" bw="8" slack="0"/>
<pin id="628" dir="0" index="1" bw="512" slack="0"/>
<pin id="629" dir="0" index="2" bw="9" slack="0"/>
<pin id="630" dir="0" index="3" bw="9" slack="0"/>
<pin id="631" dir="1" index="4" bw="8" slack="1"/>
</pin_list>
<bind>
<opcode="partselect(1002) " fcode="partselect"/>
<opset="p_24/2 "/>
</bind>
</comp>

<comp id="636" class="1004" name="p_25_fu_636">
<pin_list>
<pin id="637" dir="0" index="0" bw="8" slack="0"/>
<pin id="638" dir="0" index="1" bw="512" slack="0"/>
<pin id="639" dir="0" index="2" bw="9" slack="0"/>
<pin id="640" dir="0" index="3" bw="9" slack="0"/>
<pin id="641" dir="1" index="4" bw="8" slack="1"/>
</pin_list>
<bind>
<opcode="partselect(1002) " fcode="partselect"/>
<opset="p_25/2 "/>
</bind>
</comp>

<comp id="646" class="1004" name="p_26_fu_646">
<pin_list>
<pin id="647" dir="0" index="0" bw="8" slack="0"/>
<pin id="648" dir="0" index="1" bw="512" slack="0"/>
<pin id="649" dir="0" index="2" bw="9" slack="0"/>
<pin id="650" dir="0" index="3" bw="9" slack="0"/>
<pin id="651" dir="1" index="4" bw="8" slack="1"/>
</pin_list>
<bind>
<opcode="partselect(1002) " fcode="partselect"/>
<opset="p_26/2 "/>
</bind>
</comp>

<comp id="656" class="1004" name="p_27_fu_656">
<pin_list>
<pin id="657" dir="0" index="0" bw="8" slack="0"/>
<pin id="658" dir="0" index="1" bw="512" slack="0"/>
<pin id="659" dir="0" index="2" bw="9" slack="0"/>
<pin id="660" dir="0" index="3" bw="9" slack="0"/>
<pin id="661" dir="1" index="4" bw="8" slack="1"/>
</pin_list>
<bind>
<opcode="partselect(1002) " fcode="partselect"/>
<opset="p_27/2 "/>
</bind>
</comp>

<comp id="666" class="1004" name="p_28_fu_666">
<pin_list>
<pin id="667" dir="0" index="0" bw="8" slack="0"/>
<pin id="668" dir="0" index="1" bw="512" slack="0"/>
<pin id="669" dir="0" index="2" bw="9" slack="0"/>
<pin id="670" dir="0" index="3" bw="9" slack="0"/>
<pin id="671" dir="1" index="4" bw="8" slack="1"/>
</pin_list>
<bind>
<opcode="partselect(1002) " fcode="partselect"/>
<opset="p_28/2 "/>
</bind>
</comp>

<comp id="676" class="1004" name="p_29_fu_676">
<pin_list>
<pin id="677" dir="0" index="0" bw="8" slack="0"/>
<pin id="678" dir="0" index="1" bw="512" slack="0"/>
<pin id="679" dir="0" index="2" bw="9" slack="0"/>
<pin id="680" dir="0" index="3" bw="9" slack="0"/>
<pin id="681" dir="1" index="4" bw="8" slack="1"/>
</pin_list>
<bind>
<opcode="partselect(1002) " fcode="partselect"/>
<opset="p_29/2 "/>
</bind>
</comp>

<comp id="686" class="1004" name="p_30_fu_686">
<pin_list>
<pin id="687" dir="0" index="0" bw="8" slack="0"/>
<pin id="688" dir="0" index="1" bw="512" slack="0"/>
<pin id="689" dir="0" index="2" bw="9" slack="0"/>
<pin id="690" dir="0" index="3" bw="9" slack="0"/>
<pin id="691" dir="1" index="4" bw="8" slack="1"/>
</pin_list>
<bind>
<opcode="partselect(1002) " fcode="partselect"/>
<opset="p_30/2 "/>
</bind>
</comp>

<comp id="696" class="1004" name="p_31_fu_696">
<pin_list>
<pin id="697" dir="0" index="0" bw="8" slack="0"/>
<pin id="698" dir="0" index="1" bw="512" slack="0"/>
<pin id="699" dir="0" index="2" bw="10" slack="0"/>
<pin id="700" dir="0" index="3" bw="10" slack="0"/>
<pin id="701" dir="1" index="4" bw="8" slack="1"/>
</pin_list>
<bind>
<opcode="partselect(1002) " fcode="partselect"/>
<opset="p_31/2 "/>
</bind>
</comp>

<comp id="706" class="1004" name="p_32_fu_706">
<pin_list>
<pin id="707" dir="0" index="0" bw="8" slack="0"/>
<pin id="708" dir="0" index="1" bw="512" slack="0"/>
<pin id="709" dir="0" index="2" bw="10" slack="0"/>
<pin id="710" dir="0" index="3" bw="10" slack="0"/>
<pin id="711" dir="1" index="4" bw="8" slack="1"/>
</pin_list>
<bind>
<opcode="partselect(1002) " fcode="partselect"/>
<opset="p_32/2 "/>
</bind>
</comp>

<comp id="716" class="1004" name="p_33_fu_716">
<pin_list>
<pin id="717" dir="0" index="0" bw="8" slack="0"/>
<pin id="718" dir="0" index="1" bw="512" slack="0"/>
<pin id="719" dir="0" index="2" bw="10" slack="0"/>
<pin id="720" dir="0" index="3" bw="10" slack="0"/>
<pin id="721" dir="1" index="4" bw="8" slack="1"/>
</pin_list>
<bind>
<opcode="partselect(1002) " fcode="partselect"/>
<opset="p_33/2 "/>
</bind>
</comp>

<comp id="726" class="1004" name="p_34_fu_726">
<pin_list>
<pin id="727" dir="0" index="0" bw="8" slack="0"/>
<pin id="728" dir="0" index="1" bw="512" slack="0"/>
<pin id="729" dir="0" index="2" bw="10" slack="0"/>
<pin id="730" dir="0" index="3" bw="10" slack="0"/>
<pin id="731" dir="1" index="4" bw="8" slack="1"/>
</pin_list>
<bind>
<opcode="partselect(1002) " fcode="partselect"/>
<opset="p_34/2 "/>
</bind>
</comp>

<comp id="736" class="1004" name="p_35_fu_736">
<pin_list>
<pin id="737" dir="0" index="0" bw="8" slack="0"/>
<pin id="738" dir="0" index="1" bw="512" slack="0"/>
<pin id="739" dir="0" index="2" bw="10" slack="0"/>
<pin id="740" dir="0" index="3" bw="10" slack="0"/>
<pin id="741" dir="1" index="4" bw="8" slack="1"/>
</pin_list>
<bind>
<opcode="partselect(1002) " fcode="partselect"/>
<opset="p_35/2 "/>
</bind>
</comp>

<comp id="746" class="1004" name="p_36_fu_746">
<pin_list>
<pin id="747" dir="0" index="0" bw="8" slack="0"/>
<pin id="748" dir="0" index="1" bw="512" slack="0"/>
<pin id="749" dir="0" index="2" bw="10" slack="0"/>
<pin id="750" dir="0" index="3" bw="10" slack="0"/>
<pin id="751" dir="1" index="4" bw="8" slack="1"/>
</pin_list>
<bind>
<opcode="partselect(1002) " fcode="partselect"/>
<opset="p_36/2 "/>
</bind>
</comp>

<comp id="756" class="1004" name="p_37_fu_756">
<pin_list>
<pin id="757" dir="0" index="0" bw="8" slack="0"/>
<pin id="758" dir="0" index="1" bw="512" slack="0"/>
<pin id="759" dir="0" index="2" bw="10" slack="0"/>
<pin id="760" dir="0" index="3" bw="10" slack="0"/>
<pin id="761" dir="1" index="4" bw="8" slack="1"/>
</pin_list>
<bind>
<opcode="partselect(1002) " fcode="partselect"/>
<opset="p_37/2 "/>
</bind>
</comp>

<comp id="766" class="1004" name="p_38_fu_766">
<pin_list>
<pin id="767" dir="0" index="0" bw="8" slack="0"/>
<pin id="768" dir="0" index="1" bw="512" slack="0"/>
<pin id="769" dir="0" index="2" bw="10" slack="0"/>
<pin id="770" dir="0" index="3" bw="10" slack="0"/>
<pin id="771" dir="1" index="4" bw="8" slack="1"/>
</pin_list>
<bind>
<opcode="partselect(1002) " fcode="partselect"/>
<opset="p_38/2 "/>
</bind>
</comp>

<comp id="776" class="1004" name="p_39_fu_776">
<pin_list>
<pin id="777" dir="0" index="0" bw="8" slack="0"/>
<pin id="778" dir="0" index="1" bw="512" slack="0"/>
<pin id="779" dir="0" index="2" bw="10" slack="0"/>
<pin id="780" dir="0" index="3" bw="10" slack="0"/>
<pin id="781" dir="1" index="4" bw="8" slack="1"/>
</pin_list>
<bind>
<opcode="partselect(1002) " fcode="partselect"/>
<opset="p_39/2 "/>
</bind>
</comp>

<comp id="786" class="1004" name="p_40_fu_786">
<pin_list>
<pin id="787" dir="0" index="0" bw="8" slack="0"/>
<pin id="788" dir="0" index="1" bw="512" slack="0"/>
<pin id="789" dir="0" index="2" bw="10" slack="0"/>
<pin id="790" dir="0" index="3" bw="10" slack="0"/>
<pin id="791" dir="1" index="4" bw="8" slack="1"/>
</pin_list>
<bind>
<opcode="partselect(1002) " fcode="partselect"/>
<opset="p_40/2 "/>
</bind>
</comp>

<comp id="796" class="1004" name="p_41_fu_796">
<pin_list>
<pin id="797" dir="0" index="0" bw="8" slack="0"/>
<pin id="798" dir="0" index="1" bw="512" slack="0"/>
<pin id="799" dir="0" index="2" bw="10" slack="0"/>
<pin id="800" dir="0" index="3" bw="10" slack="0"/>
<pin id="801" dir="1" index="4" bw="8" slack="1"/>
</pin_list>
<bind>
<opcode="partselect(1002) " fcode="partselect"/>
<opset="p_41/2 "/>
</bind>
</comp>

<comp id="806" class="1004" name="p_42_fu_806">
<pin_list>
<pin id="807" dir="0" index="0" bw="8" slack="0"/>
<pin id="808" dir="0" index="1" bw="512" slack="0"/>
<pin id="809" dir="0" index="2" bw="10" slack="0"/>
<pin id="810" dir="0" index="3" bw="10" slack="0"/>
<pin id="811" dir="1" index="4" bw="8" slack="1"/>
</pin_list>
<bind>
<opcode="partselect(1002) " fcode="partselect"/>
<opset="p_42/2 "/>
</bind>
</comp>

<comp id="816" class="1004" name="p_43_fu_816">
<pin_list>
<pin id="817" dir="0" index="0" bw="8" slack="0"/>
<pin id="818" dir="0" index="1" bw="512" slack="0"/>
<pin id="819" dir="0" index="2" bw="10" slack="0"/>
<pin id="820" dir="0" index="3" bw="10" slack="0"/>
<pin id="821" dir="1" index="4" bw="8" slack="1"/>
</pin_list>
<bind>
<opcode="partselect(1002) " fcode="partselect"/>
<opset="p_43/2 "/>
</bind>
</comp>

<comp id="826" class="1004" name="p_44_fu_826">
<pin_list>
<pin id="827" dir="0" index="0" bw="8" slack="0"/>
<pin id="828" dir="0" index="1" bw="512" slack="0"/>
<pin id="829" dir="0" index="2" bw="10" slack="0"/>
<pin id="830" dir="0" index="3" bw="10" slack="0"/>
<pin id="831" dir="1" index="4" bw="8" slack="1"/>
</pin_list>
<bind>
<opcode="partselect(1002) " fcode="partselect"/>
<opset="p_44/2 "/>
</bind>
</comp>

<comp id="836" class="1004" name="p_45_fu_836">
<pin_list>
<pin id="837" dir="0" index="0" bw="8" slack="0"/>
<pin id="838" dir="0" index="1" bw="512" slack="0"/>
<pin id="839" dir="0" index="2" bw="10" slack="0"/>
<pin id="840" dir="0" index="3" bw="10" slack="0"/>
<pin id="841" dir="1" index="4" bw="8" slack="1"/>
</pin_list>
<bind>
<opcode="partselect(1002) " fcode="partselect"/>
<opset="p_45/2 "/>
</bind>
</comp>

<comp id="846" class="1004" name="p_46_fu_846">
<pin_list>
<pin id="847" dir="0" index="0" bw="8" slack="0"/>
<pin id="848" dir="0" index="1" bw="512" slack="0"/>
<pin id="849" dir="0" index="2" bw="10" slack="0"/>
<pin id="850" dir="0" index="3" bw="10" slack="0"/>
<pin id="851" dir="1" index="4" bw="8" slack="1"/>
</pin_list>
<bind>
<opcode="partselect(1002) " fcode="partselect"/>
<opset="p_46/2 "/>
</bind>
</comp>

<comp id="856" class="1004" name="p_47_fu_856">
<pin_list>
<pin id="857" dir="0" index="0" bw="8" slack="0"/>
<pin id="858" dir="0" index="1" bw="512" slack="0"/>
<pin id="859" dir="0" index="2" bw="10" slack="0"/>
<pin id="860" dir="0" index="3" bw="10" slack="0"/>
<pin id="861" dir="1" index="4" bw="8" slack="1"/>
</pin_list>
<bind>
<opcode="partselect(1002) " fcode="partselect"/>
<opset="p_47/2 "/>
</bind>
</comp>

<comp id="866" class="1004" name="p_48_fu_866">
<pin_list>
<pin id="867" dir="0" index="0" bw="8" slack="0"/>
<pin id="868" dir="0" index="1" bw="512" slack="0"/>
<pin id="869" dir="0" index="2" bw="10" slack="0"/>
<pin id="870" dir="0" index="3" bw="10" slack="0"/>
<pin id="871" dir="1" index="4" bw="8" slack="1"/>
</pin_list>
<bind>
<opcode="partselect(1002) " fcode="partselect"/>
<opset="p_48/2 "/>
</bind>
</comp>

<comp id="876" class="1004" name="p_49_fu_876">
<pin_list>
<pin id="877" dir="0" index="0" bw="8" slack="0"/>
<pin id="878" dir="0" index="1" bw="512" slack="0"/>
<pin id="879" dir="0" index="2" bw="10" slack="0"/>
<pin id="880" dir="0" index="3" bw="10" slack="0"/>
<pin id="881" dir="1" index="4" bw="8" slack="1"/>
</pin_list>
<bind>
<opcode="partselect(1002) " fcode="partselect"/>
<opset="p_49/2 "/>
</bind>
</comp>

<comp id="886" class="1004" name="p_50_fu_886">
<pin_list>
<pin id="887" dir="0" index="0" bw="8" slack="0"/>
<pin id="888" dir="0" index="1" bw="512" slack="0"/>
<pin id="889" dir="0" index="2" bw="10" slack="0"/>
<pin id="890" dir="0" index="3" bw="10" slack="0"/>
<pin id="891" dir="1" index="4" bw="8" slack="1"/>
</pin_list>
<bind>
<opcode="partselect(1002) " fcode="partselect"/>
<opset="p_50/2 "/>
</bind>
</comp>

<comp id="896" class="1004" name="p_51_fu_896">
<pin_list>
<pin id="897" dir="0" index="0" bw="8" slack="0"/>
<pin id="898" dir="0" index="1" bw="512" slack="0"/>
<pin id="899" dir="0" index="2" bw="10" slack="0"/>
<pin id="900" dir="0" index="3" bw="10" slack="0"/>
<pin id="901" dir="1" index="4" bw="8" slack="1"/>
</pin_list>
<bind>
<opcode="partselect(1002) " fcode="partselect"/>
<opset="p_51/2 "/>
</bind>
</comp>

<comp id="906" class="1004" name="p_52_fu_906">
<pin_list>
<pin id="907" dir="0" index="0" bw="8" slack="0"/>
<pin id="908" dir="0" index="1" bw="512" slack="0"/>
<pin id="909" dir="0" index="2" bw="10" slack="0"/>
<pin id="910" dir="0" index="3" bw="10" slack="0"/>
<pin id="911" dir="1" index="4" bw="8" slack="1"/>
</pin_list>
<bind>
<opcode="partselect(1002) " fcode="partselect"/>
<opset="p_52/2 "/>
</bind>
</comp>

<comp id="916" class="1004" name="p_53_fu_916">
<pin_list>
<pin id="917" dir="0" index="0" bw="8" slack="0"/>
<pin id="918" dir="0" index="1" bw="512" slack="0"/>
<pin id="919" dir="0" index="2" bw="10" slack="0"/>
<pin id="920" dir="0" index="3" bw="10" slack="0"/>
<pin id="921" dir="1" index="4" bw="8" slack="1"/>
</pin_list>
<bind>
<opcode="partselect(1002) " fcode="partselect"/>
<opset="p_53/2 "/>
</bind>
</comp>

<comp id="926" class="1004" name="p_54_fu_926">
<pin_list>
<pin id="927" dir="0" index="0" bw="8" slack="0"/>
<pin id="928" dir="0" index="1" bw="512" slack="0"/>
<pin id="929" dir="0" index="2" bw="10" slack="0"/>
<pin id="930" dir="0" index="3" bw="10" slack="0"/>
<pin id="931" dir="1" index="4" bw="8" slack="1"/>
</pin_list>
<bind>
<opcode="partselect(1002) " fcode="partselect"/>
<opset="p_54/2 "/>
</bind>
</comp>

<comp id="936" class="1004" name="p_55_fu_936">
<pin_list>
<pin id="937" dir="0" index="0" bw="8" slack="0"/>
<pin id="938" dir="0" index="1" bw="512" slack="0"/>
<pin id="939" dir="0" index="2" bw="10" slack="0"/>
<pin id="940" dir="0" index="3" bw="10" slack="0"/>
<pin id="941" dir="1" index="4" bw="8" slack="1"/>
</pin_list>
<bind>
<opcode="partselect(1002) " fcode="partselect"/>
<opset="p_55/2 "/>
</bind>
</comp>

<comp id="946" class="1004" name="p_56_fu_946">
<pin_list>
<pin id="947" dir="0" index="0" bw="8" slack="0"/>
<pin id="948" dir="0" index="1" bw="512" slack="0"/>
<pin id="949" dir="0" index="2" bw="10" slack="0"/>
<pin id="950" dir="0" index="3" bw="10" slack="0"/>
<pin id="951" dir="1" index="4" bw="8" slack="1"/>
</pin_list>
<bind>
<opcode="partselect(1002) " fcode="partselect"/>
<opset="p_56/2 "/>
</bind>
</comp>

<comp id="956" class="1004" name="p_57_fu_956">
<pin_list>
<pin id="957" dir="0" index="0" bw="8" slack="0"/>
<pin id="958" dir="0" index="1" bw="512" slack="0"/>
<pin id="959" dir="0" index="2" bw="10" slack="0"/>
<pin id="960" dir="0" index="3" bw="10" slack="0"/>
<pin id="961" dir="1" index="4" bw="8" slack="1"/>
</pin_list>
<bind>
<opcode="partselect(1002) " fcode="partselect"/>
<opset="p_57/2 "/>
</bind>
</comp>

<comp id="966" class="1004" name="p_58_fu_966">
<pin_list>
<pin id="967" dir="0" index="0" bw="8" slack="0"/>
<pin id="968" dir="0" index="1" bw="512" slack="0"/>
<pin id="969" dir="0" index="2" bw="10" slack="0"/>
<pin id="970" dir="0" index="3" bw="10" slack="0"/>
<pin id="971" dir="1" index="4" bw="8" slack="1"/>
</pin_list>
<bind>
<opcode="partselect(1002) " fcode="partselect"/>
<opset="p_58/2 "/>
</bind>
</comp>

<comp id="976" class="1004" name="p_59_fu_976">
<pin_list>
<pin id="977" dir="0" index="0" bw="8" slack="0"/>
<pin id="978" dir="0" index="1" bw="512" slack="0"/>
<pin id="979" dir="0" index="2" bw="10" slack="0"/>
<pin id="980" dir="0" index="3" bw="10" slack="0"/>
<pin id="981" dir="1" index="4" bw="8" slack="1"/>
</pin_list>
<bind>
<opcode="partselect(1002) " fcode="partselect"/>
<opset="p_59/2 "/>
</bind>
</comp>

<comp id="986" class="1004" name="p_60_fu_986">
<pin_list>
<pin id="987" dir="0" index="0" bw="8" slack="0"/>
<pin id="988" dir="0" index="1" bw="512" slack="0"/>
<pin id="989" dir="0" index="2" bw="10" slack="0"/>
<pin id="990" dir="0" index="3" bw="10" slack="0"/>
<pin id="991" dir="1" index="4" bw="8" slack="1"/>
</pin_list>
<bind>
<opcode="partselect(1002) " fcode="partselect"/>
<opset="p_60/2 "/>
</bind>
</comp>

<comp id="996" class="1004" name="p_61_fu_996">
<pin_list>
<pin id="997" dir="0" index="0" bw="8" slack="0"/>
<pin id="998" dir="0" index="1" bw="512" slack="0"/>
<pin id="999" dir="0" index="2" bw="10" slack="0"/>
<pin id="1000" dir="0" index="3" bw="10" slack="0"/>
<pin id="1001" dir="1" index="4" bw="8" slack="1"/>
</pin_list>
<bind>
<opcode="partselect(1002) " fcode="partselect"/>
<opset="p_61/2 "/>
</bind>
</comp>

<comp id="1006" class="1004" name="p_62_fu_1006">
<pin_list>
<pin id="1007" dir="0" index="0" bw="8" slack="0"/>
<pin id="1008" dir="0" index="1" bw="512" slack="0"/>
<pin id="1009" dir="0" index="2" bw="10" slack="0"/>
<pin id="1010" dir="0" index="3" bw="10" slack="0"/>
<pin id="1011" dir="1" index="4" bw="8" slack="1"/>
</pin_list>
<bind>
<opcode="partselect(1002) " fcode="partselect"/>
<opset="p_62/2 "/>
</bind>
</comp>

<comp id="1016" class="1004" name="ret_V_fu_1016">
<pin_list>
<pin id="1017" dir="0" index="0" bw="16" slack="0"/>
<pin id="1018" dir="0" index="1" bw="8" slack="1"/>
<pin id="1019" dir="0" index="2" bw="8" slack="1"/>
<pin id="1020" dir="1" index="3" bw="16" slack="0"/>
</pin_list>
<bind>
<opcode="bitconcatenate(1004) " fcode="bitconcatenate"/>
<opset="ret_V/3 "/>
</bind>
</comp>

<comp id="1022" class="1004" name="ret_V_1_fu_1022">
<pin_list>
<pin id="1023" dir="0" index="0" bw="16" slack="0"/>
<pin id="1024" dir="0" index="1" bw="8" slack="1"/>
<pin id="1025" dir="0" index="2" bw="8" slack="1"/>
<pin id="1026" dir="1" index="3" bw="16" slack="0"/>
</pin_list>
<bind>
<opcode="bitconcatenate(1004) " fcode="bitconcatenate"/>
<opset="ret_V_1/3 "/>
</bind>
</comp>

<comp id="1028" class="1004" name="zext_ln232_fu_1028">
<pin_list>
<pin id="1029" dir="0" index="0" bw="16" slack="0"/>
<pin id="1030" dir="1" index="1" bw="17" slack="0"/>
</pin_list>
<bind>
<opcode="zext(34) " fcode="zext"/>
<opset="zext_ln232/3 "/>
</bind>
</comp>

<comp id="1032" class="1004" name="zext_ln232_1_fu_1032">
<pin_list>
<pin id="1033" dir="0" index="0" bw="16" slack="0"/>
<pin id="1034" dir="1" index="1" bw="17" slack="0"/>
</pin_list>
<bind>
<opcode="zext(34) " fcode="zext"/>
<opset="zext_ln232_1/3 "/>
</bind>
</comp>

<comp id="1036" class="1004" name="lvl1_V_fu_1036">
<pin_list>
<pin id="1037" dir="0" index="0" bw="16" slack="0"/>
<pin id="1038" dir="0" index="1" bw="16" slack="0"/>
<pin id="1039" dir="1" index="2" bw="17" slack="0"/>
</pin_list>
<bind>
<opcode="add(8) " fcode="add"/>
<opset="lvl1_V/3 "/>
</bind>
</comp>

<comp id="1042" class="1004" name="ret_V_2_fu_1042">
<pin_list>
<pin id="1043" dir="0" index="0" bw="16" slack="0"/>
<pin id="1044" dir="0" index="1" bw="8" slack="1"/>
<pin id="1045" dir="0" index="2" bw="8" slack="1"/>
<pin id="1046" dir="1" index="3" bw="16" slack="0"/>
</pin_list>
<bind>
<opcode="bitconcatenate(1004) " fcode="bitconcatenate"/>
<opset="ret_V_2/3 "/>
</bind>
</comp>

<comp id="1048" class="1004" name="ret_V_3_fu_1048">
<pin_list>
<pin id="1049" dir="0" index="0" bw="16" slack="0"/>
<pin id="1050" dir="0" index="1" bw="8" slack="1"/>
<pin id="1051" dir="0" index="2" bw="8" slack="1"/>
<pin id="1052" dir="1" index="3" bw="16" slack="0"/>
</pin_list>
<bind>
<opcode="bitconcatenate(1004) " fcode="bitconcatenate"/>
<opset="ret_V_3/3 "/>
</bind>
</comp>

<comp id="1054" class="1004" name="zext_ln232_2_fu_1054">
<pin_list>
<pin id="1055" dir="0" index="0" bw="16" slack="0"/>
<pin id="1056" dir="1" index="1" bw="17" slack="0"/>
</pin_list>
<bind>
<opcode="zext(34) " fcode="zext"/>
<opset="zext_ln232_2/3 "/>
</bind>
</comp>

<comp id="1058" class="1004" name="zext_ln232_3_fu_1058">
<pin_list>
<pin id="1059" dir="0" index="0" bw="16" slack="0"/>
<pin id="1060" dir="1" index="1" bw="17" slack="0"/>
</pin_list>
<bind>
<opcode="zext(34) " fcode="zext"/>
<opset="zext_ln232_3/3 "/>
</bind>
</comp>

<comp id="1062" class="1004" name="lvl1_V_1_fu_1062">
<pin_list>
<pin id="1063" dir="0" index="0" bw="16" slack="0"/>
<pin id="1064" dir="0" index="1" bw="16" slack="0"/>
<pin id="1065" dir="1" index="2" bw="17" slack="0"/>
</pin_list>
<bind>
<opcode="add(8) " fcode="add"/>
<opset="lvl1_V_1/3 "/>
</bind>
</comp>

<comp id="1068" class="1004" name="ret_V_4_fu_1068">
<pin_list>
<pin id="1069" dir="0" index="0" bw="16" slack="0"/>
<pin id="1070" dir="0" index="1" bw="8" slack="1"/>
<pin id="1071" dir="0" index="2" bw="8" slack="1"/>
<pin id="1072" dir="1" index="3" bw="16" slack="0"/>
</pin_list>
<bind>
<opcode="bitconcatenate(1004) " fcode="bitconcatenate"/>
<opset="ret_V_4/3 "/>
</bind>
</comp>

<comp id="1074" class="1004" name="ret_V_5_fu_1074">
<pin_list>
<pin id="1075" dir="0" index="0" bw="16" slack="0"/>
<pin id="1076" dir="0" index="1" bw="8" slack="1"/>
<pin id="1077" dir="0" index="2" bw="8" slack="1"/>
<pin id="1078" dir="1" index="3" bw="16" slack="0"/>
</pin_list>
<bind>
<opcode="bitconcatenate(1004) " fcode="bitconcatenate"/>
<opset="ret_V_5/3 "/>
</bind>
</comp>

<comp id="1080" class="1004" name="zext_ln232_4_fu_1080">
<pin_list>
<pin id="1081" dir="0" index="0" bw="16" slack="0"/>
<pin id="1082" dir="1" index="1" bw="17" slack="0"/>
</pin_list>
<bind>
<opcode="zext(34) " fcode="zext"/>
<opset="zext_ln232_4/3 "/>
</bind>
</comp>

<comp id="1084" class="1004" name="zext_ln232_5_fu_1084">
<pin_list>
<pin id="1085" dir="0" index="0" bw="16" slack="0"/>
<pin id="1086" dir="1" index="1" bw="17" slack="0"/>
</pin_list>
<bind>
<opcode="zext(34) " fcode="zext"/>
<opset="zext_ln232_5/3 "/>
</bind>
</comp>

<comp id="1088" class="1004" name="lvl1_V_2_fu_1088">
<pin_list>
<pin id="1089" dir="0" index="0" bw="16" slack="0"/>
<pin id="1090" dir="0" index="1" bw="16" slack="0"/>
<pin id="1091" dir="1" index="2" bw="17" slack="0"/>
</pin_list>
<bind>
<opcode="add(8) " fcode="add"/>
<opset="lvl1_V_2/3 "/>
</bind>
</comp>

<comp id="1094" class="1004" name="ret_V_6_fu_1094">
<pin_list>
<pin id="1095" dir="0" index="0" bw="16" slack="0"/>
<pin id="1096" dir="0" index="1" bw="8" slack="1"/>
<pin id="1097" dir="0" index="2" bw="8" slack="1"/>
<pin id="1098" dir="1" index="3" bw="16" slack="0"/>
</pin_list>
<bind>
<opcode="bitconcatenate(1004) " fcode="bitconcatenate"/>
<opset="ret_V_6/3 "/>
</bind>
</comp>

<comp id="1100" class="1004" name="ret_V_7_fu_1100">
<pin_list>
<pin id="1101" dir="0" index="0" bw="16" slack="0"/>
<pin id="1102" dir="0" index="1" bw="8" slack="1"/>
<pin id="1103" dir="0" index="2" bw="8" slack="1"/>
<pin id="1104" dir="1" index="3" bw="16" slack="0"/>
</pin_list>
<bind>
<opcode="bitconcatenate(1004) " fcode="bitconcatenate"/>
<opset="ret_V_7/3 "/>
</bind>
</comp>

<comp id="1106" class="1004" name="zext_ln232_6_fu_1106">
<pin_list>
<pin id="1107" dir="0" index="0" bw="16" slack="0"/>
<pin id="1108" dir="1" index="1" bw="17" slack="0"/>
</pin_list>
<bind>
<opcode="zext(34) " fcode="zext"/>
<opset="zext_ln232_6/3 "/>
</bind>
</comp>

<comp id="1110" class="1004" name="zext_ln232_7_fu_1110">
<pin_list>
<pin id="1111" dir="0" index="0" bw="16" slack="0"/>
<pin id="1112" dir="1" index="1" bw="17" slack="0"/>
</pin_list>
<bind>
<opcode="zext(34) " fcode="zext"/>
<opset="zext_ln232_7/3 "/>
</bind>
</comp>

<comp id="1114" class="1004" name="lvl1_V_3_fu_1114">
<pin_list>
<pin id="1115" dir="0" index="0" bw="16" slack="0"/>
<pin id="1116" dir="0" index="1" bw="16" slack="0"/>
<pin id="1117" dir="1" index="2" bw="17" slack="0"/>
</pin_list>
<bind>
<opcode="add(8) " fcode="add"/>
<opset="lvl1_V_3/3 "/>
</bind>
</comp>

<comp id="1120" class="1004" name="ret_V_8_fu_1120">
<pin_list>
<pin id="1121" dir="0" index="0" bw="16" slack="0"/>
<pin id="1122" dir="0" index="1" bw="8" slack="1"/>
<pin id="1123" dir="0" index="2" bw="8" slack="1"/>
<pin id="1124" dir="1" index="3" bw="16" slack="0"/>
</pin_list>
<bind>
<opcode="bitconcatenate(1004) " fcode="bitconcatenate"/>
<opset="ret_V_8/3 "/>
</bind>
</comp>

<comp id="1126" class="1004" name="ret_V_9_fu_1126">
<pin_list>
<pin id="1127" dir="0" index="0" bw="16" slack="0"/>
<pin id="1128" dir="0" index="1" bw="8" slack="1"/>
<pin id="1129" dir="0" index="2" bw="8" slack="1"/>
<pin id="1130" dir="1" index="3" bw="16" slack="0"/>
</pin_list>
<bind>
<opcode="bitconcatenate(1004) " fcode="bitconcatenate"/>
<opset="ret_V_9/3 "/>
</bind>
</comp>

<comp id="1132" class="1004" name="zext_ln232_8_fu_1132">
<pin_list>
<pin id="1133" dir="0" index="0" bw="16" slack="0"/>
<pin id="1134" dir="1" index="1" bw="17" slack="0"/>
</pin_list>
<bind>
<opcode="zext(34) " fcode="zext"/>
<opset="zext_ln232_8/3 "/>
</bind>
</comp>

<comp id="1136" class="1004" name="zext_ln232_9_fu_1136">
<pin_list>
<pin id="1137" dir="0" index="0" bw="16" slack="0"/>
<pin id="1138" dir="1" index="1" bw="17" slack="0"/>
</pin_list>
<bind>
<opcode="zext(34) " fcode="zext"/>
<opset="zext_ln232_9/3 "/>
</bind>
</comp>

<comp id="1140" class="1004" name="lvl1_V_4_fu_1140">
<pin_list>
<pin id="1141" dir="0" index="0" bw="16" slack="0"/>
<pin id="1142" dir="0" index="1" bw="16" slack="0"/>
<pin id="1143" dir="1" index="2" bw="17" slack="0"/>
</pin_list>
<bind>
<opcode="add(8) " fcode="add"/>
<opset="lvl1_V_4/3 "/>
</bind>
</comp>

<comp id="1146" class="1004" name="ret_V_10_fu_1146">
<pin_list>
<pin id="1147" dir="0" index="0" bw="16" slack="0"/>
<pin id="1148" dir="0" index="1" bw="8" slack="1"/>
<pin id="1149" dir="0" index="2" bw="8" slack="1"/>
<pin id="1150" dir="1" index="3" bw="16" slack="0"/>
</pin_list>
<bind>
<opcode="bitconcatenate(1004) " fcode="bitconcatenate"/>
<opset="ret_V_10/3 "/>
</bind>
</comp>

<comp id="1152" class="1004" name="ret_V_11_fu_1152">
<pin_list>
<pin id="1153" dir="0" index="0" bw="16" slack="0"/>
<pin id="1154" dir="0" index="1" bw="8" slack="1"/>
<pin id="1155" dir="0" index="2" bw="8" slack="1"/>
<pin id="1156" dir="1" index="3" bw="16" slack="0"/>
</pin_list>
<bind>
<opcode="bitconcatenate(1004) " fcode="bitconcatenate"/>
<opset="ret_V_11/3 "/>
</bind>
</comp>

<comp id="1158" class="1004" name="zext_ln232_10_fu_1158">
<pin_list>
<pin id="1159" dir="0" index="0" bw="16" slack="0"/>
<pin id="1160" dir="1" index="1" bw="17" slack="0"/>
</pin_list>
<bind>
<opcode="zext(34) " fcode="zext"/>
<opset="zext_ln232_10/3 "/>
</bind>
</comp>

<comp id="1162" class="1004" name="zext_ln232_11_fu_1162">
<pin_list>
<pin id="1163" dir="0" index="0" bw="16" slack="0"/>
<pin id="1164" dir="1" index="1" bw="17" slack="0"/>
</pin_list>
<bind>
<opcode="zext(34) " fcode="zext"/>
<opset="zext_ln232_11/3 "/>
</bind>
</comp>

<comp id="1166" class="1004" name="lvl1_V_5_fu_1166">
<pin_list>
<pin id="1167" dir="0" index="0" bw="16" slack="0"/>
<pin id="1168" dir="0" index="1" bw="16" slack="0"/>
<pin id="1169" dir="1" index="2" bw="17" slack="0"/>
</pin_list>
<bind>
<opcode="add(8) " fcode="add"/>
<opset="lvl1_V_5/3 "/>
</bind>
</comp>

<comp id="1172" class="1004" name="ret_V_12_fu_1172">
<pin_list>
<pin id="1173" dir="0" index="0" bw="16" slack="0"/>
<pin id="1174" dir="0" index="1" bw="8" slack="1"/>
<pin id="1175" dir="0" index="2" bw="8" slack="1"/>
<pin id="1176" dir="1" index="3" bw="16" slack="0"/>
</pin_list>
<bind>
<opcode="bitconcatenate(1004) " fcode="bitconcatenate"/>
<opset="ret_V_12/3 "/>
</bind>
</comp>

<comp id="1178" class="1004" name="ret_V_13_fu_1178">
<pin_list>
<pin id="1179" dir="0" index="0" bw="16" slack="0"/>
<pin id="1180" dir="0" index="1" bw="8" slack="1"/>
<pin id="1181" dir="0" index="2" bw="8" slack="1"/>
<pin id="1182" dir="1" index="3" bw="16" slack="0"/>
</pin_list>
<bind>
<opcode="bitconcatenate(1004) " fcode="bitconcatenate"/>
<opset="ret_V_13/3 "/>
</bind>
</comp>

<comp id="1184" class="1004" name="zext_ln232_12_fu_1184">
<pin_list>
<pin id="1185" dir="0" index="0" bw="16" slack="0"/>
<pin id="1186" dir="1" index="1" bw="17" slack="0"/>
</pin_list>
<bind>
<opcode="zext(34) " fcode="zext"/>
<opset="zext_ln232_12/3 "/>
</bind>
</comp>

<comp id="1188" class="1004" name="zext_ln232_13_fu_1188">
<pin_list>
<pin id="1189" dir="0" index="0" bw="16" slack="0"/>
<pin id="1190" dir="1" index="1" bw="17" slack="0"/>
</pin_list>
<bind>
<opcode="zext(34) " fcode="zext"/>
<opset="zext_ln232_13/3 "/>
</bind>
</comp>

<comp id="1192" class="1004" name="lvl1_V_6_fu_1192">
<pin_list>
<pin id="1193" dir="0" index="0" bw="16" slack="0"/>
<pin id="1194" dir="0" index="1" bw="16" slack="0"/>
<pin id="1195" dir="1" index="2" bw="17" slack="0"/>
</pin_list>
<bind>
<opcode="add(8) " fcode="add"/>
<opset="lvl1_V_6/3 "/>
</bind>
</comp>

<comp id="1198" class="1004" name="ret_V_14_fu_1198">
<pin_list>
<pin id="1199" dir="0" index="0" bw="16" slack="0"/>
<pin id="1200" dir="0" index="1" bw="8" slack="1"/>
<pin id="1201" dir="0" index="2" bw="8" slack="1"/>
<pin id="1202" dir="1" index="3" bw="16" slack="0"/>
</pin_list>
<bind>
<opcode="bitconcatenate(1004) " fcode="bitconcatenate"/>
<opset="ret_V_14/3 "/>
</bind>
</comp>

<comp id="1204" class="1004" name="ret_V_15_fu_1204">
<pin_list>
<pin id="1205" dir="0" index="0" bw="16" slack="0"/>
<pin id="1206" dir="0" index="1" bw="8" slack="1"/>
<pin id="1207" dir="0" index="2" bw="8" slack="1"/>
<pin id="1208" dir="1" index="3" bw="16" slack="0"/>
</pin_list>
<bind>
<opcode="bitconcatenate(1004) " fcode="bitconcatenate"/>
<opset="ret_V_15/3 "/>
</bind>
</comp>

<comp id="1210" class="1004" name="zext_ln232_14_fu_1210">
<pin_list>
<pin id="1211" dir="0" index="0" bw="16" slack="0"/>
<pin id="1212" dir="1" index="1" bw="17" slack="0"/>
</pin_list>
<bind>
<opcode="zext(34) " fcode="zext"/>
<opset="zext_ln232_14/3 "/>
</bind>
</comp>

<comp id="1214" class="1004" name="zext_ln232_15_fu_1214">
<pin_list>
<pin id="1215" dir="0" index="0" bw="16" slack="0"/>
<pin id="1216" dir="1" index="1" bw="17" slack="0"/>
</pin_list>
<bind>
<opcode="zext(34) " fcode="zext"/>
<opset="zext_ln232_15/3 "/>
</bind>
</comp>

<comp id="1218" class="1004" name="lvl1_V_7_fu_1218">
<pin_list>
<pin id="1219" dir="0" index="0" bw="16" slack="0"/>
<pin id="1220" dir="0" index="1" bw="16" slack="0"/>
<pin id="1221" dir="1" index="2" bw="17" slack="0"/>
</pin_list>
<bind>
<opcode="add(8) " fcode="add"/>
<opset="lvl1_V_7/3 "/>
</bind>
</comp>

<comp id="1224" class="1004" name="ret_V_16_fu_1224">
<pin_list>
<pin id="1225" dir="0" index="0" bw="16" slack="0"/>
<pin id="1226" dir="0" index="1" bw="8" slack="1"/>
<pin id="1227" dir="0" index="2" bw="8" slack="1"/>
<pin id="1228" dir="1" index="3" bw="16" slack="0"/>
</pin_list>
<bind>
<opcode="bitconcatenate(1004) " fcode="bitconcatenate"/>
<opset="ret_V_16/3 "/>
</bind>
</comp>

<comp id="1230" class="1004" name="ret_V_17_fu_1230">
<pin_list>
<pin id="1231" dir="0" index="0" bw="16" slack="0"/>
<pin id="1232" dir="0" index="1" bw="8" slack="1"/>
<pin id="1233" dir="0" index="2" bw="8" slack="1"/>
<pin id="1234" dir="1" index="3" bw="16" slack="0"/>
</pin_list>
<bind>
<opcode="bitconcatenate(1004) " fcode="bitconcatenate"/>
<opset="ret_V_17/3 "/>
</bind>
</comp>

<comp id="1236" class="1004" name="zext_ln232_16_fu_1236">
<pin_list>
<pin id="1237" dir="0" index="0" bw="16" slack="0"/>
<pin id="1238" dir="1" index="1" bw="17" slack="0"/>
</pin_list>
<bind>
<opcode="zext(34) " fcode="zext"/>
<opset="zext_ln232_16/3 "/>
</bind>
</comp>

<comp id="1240" class="1004" name="zext_ln232_17_fu_1240">
<pin_list>
<pin id="1241" dir="0" index="0" bw="16" slack="0"/>
<pin id="1242" dir="1" index="1" bw="17" slack="0"/>
</pin_list>
<bind>
<opcode="zext(34) " fcode="zext"/>
<opset="zext_ln232_17/3 "/>
</bind>
</comp>

<comp id="1244" class="1004" name="lvl1_V_8_fu_1244">
<pin_list>
<pin id="1245" dir="0" index="0" bw="16" slack="0"/>
<pin id="1246" dir="0" index="1" bw="16" slack="0"/>
<pin id="1247" dir="1" index="2" bw="17" slack="0"/>
</pin_list>
<bind>
<opcode="add(8) " fcode="add"/>
<opset="lvl1_V_8/3 "/>
</bind>
</comp>

<comp id="1250" class="1004" name="ret_V_18_fu_1250">
<pin_list>
<pin id="1251" dir="0" index="0" bw="16" slack="0"/>
<pin id="1252" dir="0" index="1" bw="8" slack="1"/>
<pin id="1253" dir="0" index="2" bw="8" slack="1"/>
<pin id="1254" dir="1" index="3" bw="16" slack="0"/>
</pin_list>
<bind>
<opcode="bitconcatenate(1004) " fcode="bitconcatenate"/>
<opset="ret_V_18/3 "/>
</bind>
</comp>

<comp id="1256" class="1004" name="ret_V_19_fu_1256">
<pin_list>
<pin id="1257" dir="0" index="0" bw="16" slack="0"/>
<pin id="1258" dir="0" index="1" bw="8" slack="1"/>
<pin id="1259" dir="0" index="2" bw="8" slack="1"/>
<pin id="1260" dir="1" index="3" bw="16" slack="0"/>
</pin_list>
<bind>
<opcode="bitconcatenate(1004) " fcode="bitconcatenate"/>
<opset="ret_V_19/3 "/>
</bind>
</comp>

<comp id="1262" class="1004" name="zext_ln232_18_fu_1262">
<pin_list>
<pin id="1263" dir="0" index="0" bw="16" slack="0"/>
<pin id="1264" dir="1" index="1" bw="17" slack="0"/>
</pin_list>
<bind>
<opcode="zext(34) " fcode="zext"/>
<opset="zext_ln232_18/3 "/>
</bind>
</comp>

<comp id="1266" class="1004" name="zext_ln232_19_fu_1266">
<pin_list>
<pin id="1267" dir="0" index="0" bw="16" slack="0"/>
<pin id="1268" dir="1" index="1" bw="17" slack="0"/>
</pin_list>
<bind>
<opcode="zext(34) " fcode="zext"/>
<opset="zext_ln232_19/3 "/>
</bind>
</comp>

<comp id="1270" class="1004" name="lvl1_V_9_fu_1270">
<pin_list>
<pin id="1271" dir="0" index="0" bw="16" slack="0"/>
<pin id="1272" dir="0" index="1" bw="16" slack="0"/>
<pin id="1273" dir="1" index="2" bw="17" slack="0"/>
</pin_list>
<bind>
<opcode="add(8) " fcode="add"/>
<opset="lvl1_V_9/3 "/>
</bind>
</comp>

<comp id="1276" class="1004" name="ret_V_20_fu_1276">
<pin_list>
<pin id="1277" dir="0" index="0" bw="16" slack="0"/>
<pin id="1278" dir="0" index="1" bw="8" slack="1"/>
<pin id="1279" dir="0" index="2" bw="8" slack="1"/>
<pin id="1280" dir="1" index="3" bw="16" slack="0"/>
</pin_list>
<bind>
<opcode="bitconcatenate(1004) " fcode="bitconcatenate"/>
<opset="ret_V_20/3 "/>
</bind>
</comp>

<comp id="1282" class="1004" name="ret_V_21_fu_1282">
<pin_list>
<pin id="1283" dir="0" index="0" bw="16" slack="0"/>
<pin id="1284" dir="0" index="1" bw="8" slack="1"/>
<pin id="1285" dir="0" index="2" bw="8" slack="1"/>
<pin id="1286" dir="1" index="3" bw="16" slack="0"/>
</pin_list>
<bind>
<opcode="bitconcatenate(1004) " fcode="bitconcatenate"/>
<opset="ret_V_21/3 "/>
</bind>
</comp>

<comp id="1288" class="1004" name="zext_ln232_20_fu_1288">
<pin_list>
<pin id="1289" dir="0" index="0" bw="16" slack="0"/>
<pin id="1290" dir="1" index="1" bw="17" slack="0"/>
</pin_list>
<bind>
<opcode="zext(34) " fcode="zext"/>
<opset="zext_ln232_20/3 "/>
</bind>
</comp>

<comp id="1292" class="1004" name="zext_ln232_21_fu_1292">
<pin_list>
<pin id="1293" dir="0" index="0" bw="16" slack="0"/>
<pin id="1294" dir="1" index="1" bw="17" slack="0"/>
</pin_list>
<bind>
<opcode="zext(34) " fcode="zext"/>
<opset="zext_ln232_21/3 "/>
</bind>
</comp>

<comp id="1296" class="1004" name="lvl1_V_10_fu_1296">
<pin_list>
<pin id="1297" dir="0" index="0" bw="16" slack="0"/>
<pin id="1298" dir="0" index="1" bw="16" slack="0"/>
<pin id="1299" dir="1" index="2" bw="17" slack="0"/>
</pin_list>
<bind>
<opcode="add(8) " fcode="add"/>
<opset="lvl1_V_10/3 "/>
</bind>
</comp>

<comp id="1302" class="1004" name="ret_V_22_fu_1302">
<pin_list>
<pin id="1303" dir="0" index="0" bw="16" slack="0"/>
<pin id="1304" dir="0" index="1" bw="8" slack="1"/>
<pin id="1305" dir="0" index="2" bw="8" slack="1"/>
<pin id="1306" dir="1" index="3" bw="16" slack="0"/>
</pin_list>
<bind>
<opcode="bitconcatenate(1004) " fcode="bitconcatenate"/>
<opset="ret_V_22/3 "/>
</bind>
</comp>

<comp id="1308" class="1004" name="ret_V_23_fu_1308">
<pin_list>
<pin id="1309" dir="0" index="0" bw="16" slack="0"/>
<pin id="1310" dir="0" index="1" bw="8" slack="1"/>
<pin id="1311" dir="0" index="2" bw="8" slack="1"/>
<pin id="1312" dir="1" index="3" bw="16" slack="0"/>
</pin_list>
<bind>
<opcode="bitconcatenate(1004) " fcode="bitconcatenate"/>
<opset="ret_V_23/3 "/>
</bind>
</comp>

<comp id="1314" class="1004" name="zext_ln232_22_fu_1314">
<pin_list>
<pin id="1315" dir="0" index="0" bw="16" slack="0"/>
<pin id="1316" dir="1" index="1" bw="17" slack="0"/>
</pin_list>
<bind>
<opcode="zext(34) " fcode="zext"/>
<opset="zext_ln232_22/3 "/>
</bind>
</comp>

<comp id="1318" class="1004" name="zext_ln232_23_fu_1318">
<pin_list>
<pin id="1319" dir="0" index="0" bw="16" slack="0"/>
<pin id="1320" dir="1" index="1" bw="17" slack="0"/>
</pin_list>
<bind>
<opcode="zext(34) " fcode="zext"/>
<opset="zext_ln232_23/3 "/>
</bind>
</comp>

<comp id="1322" class="1004" name="lvl1_V_11_fu_1322">
<pin_list>
<pin id="1323" dir="0" index="0" bw="16" slack="0"/>
<pin id="1324" dir="0" index="1" bw="16" slack="0"/>
<pin id="1325" dir="1" index="2" bw="17" slack="0"/>
</pin_list>
<bind>
<opcode="add(8) " fcode="add"/>
<opset="lvl1_V_11/3 "/>
</bind>
</comp>

<comp id="1328" class="1004" name="ret_V_24_fu_1328">
<pin_list>
<pin id="1329" dir="0" index="0" bw="16" slack="0"/>
<pin id="1330" dir="0" index="1" bw="8" slack="1"/>
<pin id="1331" dir="0" index="2" bw="8" slack="1"/>
<pin id="1332" dir="1" index="3" bw="16" slack="0"/>
</pin_list>
<bind>
<opcode="bitconcatenate(1004) " fcode="bitconcatenate"/>
<opset="ret_V_24/3 "/>
</bind>
</comp>

<comp id="1334" class="1004" name="ret_V_25_fu_1334">
<pin_list>
<pin id="1335" dir="0" index="0" bw="16" slack="0"/>
<pin id="1336" dir="0" index="1" bw="8" slack="1"/>
<pin id="1337" dir="0" index="2" bw="8" slack="1"/>
<pin id="1338" dir="1" index="3" bw="16" slack="0"/>
</pin_list>
<bind>
<opcode="bitconcatenate(1004) " fcode="bitconcatenate"/>
<opset="ret_V_25/3 "/>
</bind>
</comp>

<comp id="1340" class="1004" name="zext_ln232_24_fu_1340">
<pin_list>
<pin id="1341" dir="0" index="0" bw="16" slack="0"/>
<pin id="1342" dir="1" index="1" bw="17" slack="0"/>
</pin_list>
<bind>
<opcode="zext(34) " fcode="zext"/>
<opset="zext_ln232_24/3 "/>
</bind>
</comp>

<comp id="1344" class="1004" name="zext_ln232_25_fu_1344">
<pin_list>
<pin id="1345" dir="0" index="0" bw="16" slack="0"/>
<pin id="1346" dir="1" index="1" bw="17" slack="0"/>
</pin_list>
<bind>
<opcode="zext(34) " fcode="zext"/>
<opset="zext_ln232_25/3 "/>
</bind>
</comp>

<comp id="1348" class="1004" name="lvl1_V_12_fu_1348">
<pin_list>
<pin id="1349" dir="0" index="0" bw="16" slack="0"/>
<pin id="1350" dir="0" index="1" bw="16" slack="0"/>
<pin id="1351" dir="1" index="2" bw="17" slack="0"/>
</pin_list>
<bind>
<opcode="add(8) " fcode="add"/>
<opset="lvl1_V_12/3 "/>
</bind>
</comp>

<comp id="1354" class="1004" name="ret_V_26_fu_1354">
<pin_list>
<pin id="1355" dir="0" index="0" bw="16" slack="0"/>
<pin id="1356" dir="0" index="1" bw="8" slack="1"/>
<pin id="1357" dir="0" index="2" bw="8" slack="1"/>
<pin id="1358" dir="1" index="3" bw="16" slack="0"/>
</pin_list>
<bind>
<opcode="bitconcatenate(1004) " fcode="bitconcatenate"/>
<opset="ret_V_26/3 "/>
</bind>
</comp>

<comp id="1360" class="1004" name="ret_V_27_fu_1360">
<pin_list>
<pin id="1361" dir="0" index="0" bw="16" slack="0"/>
<pin id="1362" dir="0" index="1" bw="8" slack="1"/>
<pin id="1363" dir="0" index="2" bw="8" slack="1"/>
<pin id="1364" dir="1" index="3" bw="16" slack="0"/>
</pin_list>
<bind>
<opcode="bitconcatenate(1004) " fcode="bitconcatenate"/>
<opset="ret_V_27/3 "/>
</bind>
</comp>

<comp id="1366" class="1004" name="zext_ln232_26_fu_1366">
<pin_list>
<pin id="1367" dir="0" index="0" bw="16" slack="0"/>
<pin id="1368" dir="1" index="1" bw="17" slack="0"/>
</pin_list>
<bind>
<opcode="zext(34) " fcode="zext"/>
<opset="zext_ln232_26/3 "/>
</bind>
</comp>

<comp id="1370" class="1004" name="zext_ln232_27_fu_1370">
<pin_list>
<pin id="1371" dir="0" index="0" bw="16" slack="0"/>
<pin id="1372" dir="1" index="1" bw="17" slack="0"/>
</pin_list>
<bind>
<opcode="zext(34) " fcode="zext"/>
<opset="zext_ln232_27/3 "/>
</bind>
</comp>

<comp id="1374" class="1004" name="lvl1_V_13_fu_1374">
<pin_list>
<pin id="1375" dir="0" index="0" bw="16" slack="0"/>
<pin id="1376" dir="0" index="1" bw="16" slack="0"/>
<pin id="1377" dir="1" index="2" bw="17" slack="0"/>
</pin_list>
<bind>
<opcode="add(8) " fcode="add"/>
<opset="lvl1_V_13/3 "/>
</bind>
</comp>

<comp id="1380" class="1004" name="ret_V_28_fu_1380">
<pin_list>
<pin id="1381" dir="0" index="0" bw="16" slack="0"/>
<pin id="1382" dir="0" index="1" bw="8" slack="1"/>
<pin id="1383" dir="0" index="2" bw="8" slack="1"/>
<pin id="1384" dir="1" index="3" bw="16" slack="0"/>
</pin_list>
<bind>
<opcode="bitconcatenate(1004) " fcode="bitconcatenate"/>
<opset="ret_V_28/3 "/>
</bind>
</comp>

<comp id="1386" class="1004" name="ret_V_29_fu_1386">
<pin_list>
<pin id="1387" dir="0" index="0" bw="16" slack="0"/>
<pin id="1388" dir="0" index="1" bw="8" slack="1"/>
<pin id="1389" dir="0" index="2" bw="8" slack="1"/>
<pin id="1390" dir="1" index="3" bw="16" slack="0"/>
</pin_list>
<bind>
<opcode="bitconcatenate(1004) " fcode="bitconcatenate"/>
<opset="ret_V_29/3 "/>
</bind>
</comp>

<comp id="1392" class="1004" name="zext_ln232_28_fu_1392">
<pin_list>
<pin id="1393" dir="0" index="0" bw="16" slack="0"/>
<pin id="1394" dir="1" index="1" bw="17" slack="0"/>
</pin_list>
<bind>
<opcode="zext(34) " fcode="zext"/>
<opset="zext_ln232_28/3 "/>
</bind>
</comp>

<comp id="1396" class="1004" name="zext_ln232_29_fu_1396">
<pin_list>
<pin id="1397" dir="0" index="0" bw="16" slack="0"/>
<pin id="1398" dir="1" index="1" bw="17" slack="0"/>
</pin_list>
<bind>
<opcode="zext(34) " fcode="zext"/>
<opset="zext_ln232_29/3 "/>
</bind>
</comp>

<comp id="1400" class="1004" name="lvl1_V_14_fu_1400">
<pin_list>
<pin id="1401" dir="0" index="0" bw="16" slack="0"/>
<pin id="1402" dir="0" index="1" bw="16" slack="0"/>
<pin id="1403" dir="1" index="2" bw="17" slack="0"/>
</pin_list>
<bind>
<opcode="add(8) " fcode="add"/>
<opset="lvl1_V_14/3 "/>
</bind>
</comp>

<comp id="1406" class="1004" name="ret_V_30_fu_1406">
<pin_list>
<pin id="1407" dir="0" index="0" bw="16" slack="0"/>
<pin id="1408" dir="0" index="1" bw="8" slack="1"/>
<pin id="1409" dir="0" index="2" bw="8" slack="1"/>
<pin id="1410" dir="1" index="3" bw="16" slack="0"/>
</pin_list>
<bind>
<opcode="bitconcatenate(1004) " fcode="bitconcatenate"/>
<opset="ret_V_30/3 "/>
</bind>
</comp>

<comp id="1412" class="1004" name="ret_V_31_fu_1412">
<pin_list>
<pin id="1413" dir="0" index="0" bw="16" slack="0"/>
<pin id="1414" dir="0" index="1" bw="8" slack="1"/>
<pin id="1415" dir="0" index="2" bw="8" slack="1"/>
<pin id="1416" dir="1" index="3" bw="16" slack="0"/>
</pin_list>
<bind>
<opcode="bitconcatenate(1004) " fcode="bitconcatenate"/>
<opset="ret_V_31/3 "/>
</bind>
</comp>

<comp id="1418" class="1004" name="zext_ln232_30_fu_1418">
<pin_list>
<pin id="1419" dir="0" index="0" bw="16" slack="0"/>
<pin id="1420" dir="1" index="1" bw="17" slack="0"/>
</pin_list>
<bind>
<opcode="zext(34) " fcode="zext"/>
<opset="zext_ln232_30/3 "/>
</bind>
</comp>

<comp id="1422" class="1004" name="zext_ln232_31_fu_1422">
<pin_list>
<pin id="1423" dir="0" index="0" bw="16" slack="0"/>
<pin id="1424" dir="1" index="1" bw="17" slack="0"/>
</pin_list>
<bind>
<opcode="zext(34) " fcode="zext"/>
<opset="zext_ln232_31/3 "/>
</bind>
</comp>

<comp id="1426" class="1004" name="lvl1_V_15_fu_1426">
<pin_list>
<pin id="1427" dir="0" index="0" bw="16" slack="0"/>
<pin id="1428" dir="0" index="1" bw="16" slack="0"/>
<pin id="1429" dir="1" index="2" bw="17" slack="0"/>
</pin_list>
<bind>
<opcode="add(8) " fcode="add"/>
<opset="lvl1_V_15/3 "/>
</bind>
</comp>

<comp id="1432" class="1004" name="zext_ln232_32_fu_1432">
<pin_list>
<pin id="1433" dir="0" index="0" bw="17" slack="0"/>
<pin id="1434" dir="1" index="1" bw="18" slack="0"/>
</pin_list>
<bind>
<opcode="zext(34) " fcode="zext"/>
<opset="zext_ln232_32/3 "/>
</bind>
</comp>

<comp id="1436" class="1004" name="zext_ln232_33_fu_1436">
<pin_list>
<pin id="1437" dir="0" index="0" bw="17" slack="0"/>
<pin id="1438" dir="1" index="1" bw="18" slack="0"/>
</pin_list>
<bind>
<opcode="zext(34) " fcode="zext"/>
<opset="zext_ln232_33/3 "/>
</bind>
</comp>

<comp id="1440" class="1004" name="add_ln232_fu_1440">
<pin_list>
<pin id="1441" dir="0" index="0" bw="17" slack="0"/>
<pin id="1442" dir="0" index="1" bw="17" slack="0"/>
<pin id="1443" dir="1" index="2" bw="18" slack="0"/>
</pin_list>
<bind>
<opcode="add(8) " fcode="add"/>
<opset="add_ln232/3 "/>
</bind>
</comp>

<comp id="1446" class="1004" name="zext_ln232_34_fu_1446">
<pin_list>
<pin id="1447" dir="0" index="0" bw="17" slack="0"/>
<pin id="1448" dir="1" index="1" bw="18" slack="0"/>
</pin_list>
<bind>
<opcode="zext(34) " fcode="zext"/>
<opset="zext_ln232_34/3 "/>
</bind>
</comp>

<comp id="1450" class="1004" name="zext_ln232_35_fu_1450">
<pin_list>
<pin id="1451" dir="0" index="0" bw="17" slack="0"/>
<pin id="1452" dir="1" index="1" bw="18" slack="0"/>
</pin_list>
<bind>
<opcode="zext(34) " fcode="zext"/>
<opset="zext_ln232_35/3 "/>
</bind>
</comp>

<comp id="1454" class="1004" name="add_ln232_1_fu_1454">
<pin_list>
<pin id="1455" dir="0" index="0" bw="17" slack="0"/>
<pin id="1456" dir="0" index="1" bw="17" slack="0"/>
<pin id="1457" dir="1" index="2" bw="18" slack="0"/>
</pin_list>
<bind>
<opcode="add(8) " fcode="add"/>
<opset="add_ln232_1/3 "/>
</bind>
</comp>

<comp id="1460" class="1004" name="zext_ln232_36_fu_1460">
<pin_list>
<pin id="1461" dir="0" index="0" bw="17" slack="0"/>
<pin id="1462" dir="1" index="1" bw="18" slack="0"/>
</pin_list>
<bind>
<opcode="zext(34) " fcode="zext"/>
<opset="zext_ln232_36/3 "/>
</bind>
</comp>

<comp id="1464" class="1004" name="zext_ln232_37_fu_1464">
<pin_list>
<pin id="1465" dir="0" index="0" bw="17" slack="0"/>
<pin id="1466" dir="1" index="1" bw="18" slack="0"/>
</pin_list>
<bind>
<opcode="zext(34) " fcode="zext"/>
<opset="zext_ln232_37/3 "/>
</bind>
</comp>

<comp id="1468" class="1004" name="add_ln232_2_fu_1468">
<pin_list>
<pin id="1469" dir="0" index="0" bw="17" slack="0"/>
<pin id="1470" dir="0" index="1" bw="17" slack="0"/>
<pin id="1471" dir="1" index="2" bw="18" slack="0"/>
</pin_list>
<bind>
<opcode="add(8) " fcode="add"/>
<opset="add_ln232_2/3 "/>
</bind>
</comp>

<comp id="1474" class="1004" name="zext_ln232_38_fu_1474">
<pin_list>
<pin id="1475" dir="0" index="0" bw="17" slack="0"/>
<pin id="1476" dir="1" index="1" bw="18" slack="0"/>
</pin_list>
<bind>
<opcode="zext(34) " fcode="zext"/>
<opset="zext_ln232_38/3 "/>
</bind>
</comp>

<comp id="1478" class="1004" name="zext_ln232_39_fu_1478">
<pin_list>
<pin id="1479" dir="0" index="0" bw="17" slack="0"/>
<pin id="1480" dir="1" index="1" bw="18" slack="0"/>
</pin_list>
<bind>
<opcode="zext(34) " fcode="zext"/>
<opset="zext_ln232_39/3 "/>
</bind>
</comp>

<comp id="1482" class="1004" name="add_ln232_3_fu_1482">
<pin_list>
<pin id="1483" dir="0" index="0" bw="17" slack="0"/>
<pin id="1484" dir="0" index="1" bw="17" slack="0"/>
<pin id="1485" dir="1" index="2" bw="18" slack="0"/>
</pin_list>
<bind>
<opcode="add(8) " fcode="add"/>
<opset="add_ln232_3/3 "/>
</bind>
</comp>

<comp id="1488" class="1004" name="zext_ln232_40_fu_1488">
<pin_list>
<pin id="1489" dir="0" index="0" bw="17" slack="0"/>
<pin id="1490" dir="1" index="1" bw="18" slack="0"/>
</pin_list>
<bind>
<opcode="zext(34) " fcode="zext"/>
<opset="zext_ln232_40/3 "/>
</bind>
</comp>

<comp id="1492" class="1004" name="zext_ln232_41_fu_1492">
<pin_list>
<pin id="1493" dir="0" index="0" bw="17" slack="0"/>
<pin id="1494" dir="1" index="1" bw="18" slack="0"/>
</pin_list>
<bind>
<opcode="zext(34) " fcode="zext"/>
<opset="zext_ln232_41/3 "/>
</bind>
</comp>

<comp id="1496" class="1004" name="add_ln232_4_fu_1496">
<pin_list>
<pin id="1497" dir="0" index="0" bw="17" slack="0"/>
<pin id="1498" dir="0" index="1" bw="17" slack="0"/>
<pin id="1499" dir="1" index="2" bw="18" slack="0"/>
</pin_list>
<bind>
<opcode="add(8) " fcode="add"/>
<opset="add_ln232_4/3 "/>
</bind>
</comp>

<comp id="1502" class="1004" name="zext_ln232_42_fu_1502">
<pin_list>
<pin id="1503" dir="0" index="0" bw="17" slack="0"/>
<pin id="1504" dir="1" index="1" bw="18" slack="0"/>
</pin_list>
<bind>
<opcode="zext(34) " fcode="zext"/>
<opset="zext_ln232_42/3 "/>
</bind>
</comp>

<comp id="1506" class="1004" name="zext_ln232_43_fu_1506">
<pin_list>
<pin id="1507" dir="0" index="0" bw="17" slack="0"/>
<pin id="1508" dir="1" index="1" bw="18" slack="0"/>
</pin_list>
<bind>
<opcode="zext(34) " fcode="zext"/>
<opset="zext_ln232_43/3 "/>
</bind>
</comp>

<comp id="1510" class="1004" name="add_ln232_5_fu_1510">
<pin_list>
<pin id="1511" dir="0" index="0" bw="17" slack="0"/>
<pin id="1512" dir="0" index="1" bw="17" slack="0"/>
<pin id="1513" dir="1" index="2" bw="18" slack="0"/>
</pin_list>
<bind>
<opcode="add(8) " fcode="add"/>
<opset="add_ln232_5/3 "/>
</bind>
</comp>

<comp id="1516" class="1004" name="zext_ln232_44_fu_1516">
<pin_list>
<pin id="1517" dir="0" index="0" bw="17" slack="0"/>
<pin id="1518" dir="1" index="1" bw="18" slack="0"/>
</pin_list>
<bind>
<opcode="zext(34) " fcode="zext"/>
<opset="zext_ln232_44/3 "/>
</bind>
</comp>

<comp id="1520" class="1004" name="zext_ln232_45_fu_1520">
<pin_list>
<pin id="1521" dir="0" index="0" bw="17" slack="0"/>
<pin id="1522" dir="1" index="1" bw="18" slack="0"/>
</pin_list>
<bind>
<opcode="zext(34) " fcode="zext"/>
<opset="zext_ln232_45/3 "/>
</bind>
</comp>

<comp id="1524" class="1004" name="add_ln232_6_fu_1524">
<pin_list>
<pin id="1525" dir="0" index="0" bw="17" slack="0"/>
<pin id="1526" dir="0" index="1" bw="17" slack="0"/>
<pin id="1527" dir="1" index="2" bw="18" slack="0"/>
</pin_list>
<bind>
<opcode="add(8) " fcode="add"/>
<opset="add_ln232_6/3 "/>
</bind>
</comp>

<comp id="1530" class="1004" name="zext_ln232_46_fu_1530">
<pin_list>
<pin id="1531" dir="0" index="0" bw="17" slack="0"/>
<pin id="1532" dir="1" index="1" bw="18" slack="0"/>
</pin_list>
<bind>
<opcode="zext(34) " fcode="zext"/>
<opset="zext_ln232_46/3 "/>
</bind>
</comp>

<comp id="1534" class="1004" name="zext_ln232_47_fu_1534">
<pin_list>
<pin id="1535" dir="0" index="0" bw="17" slack="0"/>
<pin id="1536" dir="1" index="1" bw="18" slack="0"/>
</pin_list>
<bind>
<opcode="zext(34) " fcode="zext"/>
<opset="zext_ln232_47/3 "/>
</bind>
</comp>

<comp id="1538" class="1004" name="add_ln232_7_fu_1538">
<pin_list>
<pin id="1539" dir="0" index="0" bw="17" slack="0"/>
<pin id="1540" dir="0" index="1" bw="17" slack="0"/>
<pin id="1541" dir="1" index="2" bw="18" slack="0"/>
</pin_list>
<bind>
<opcode="add(8) " fcode="add"/>
<opset="add_ln232_7/3 "/>
</bind>
</comp>

<comp id="1544" class="1004" name="zext_ln232_48_fu_1544">
<pin_list>
<pin id="1545" dir="0" index="0" bw="18" slack="0"/>
<pin id="1546" dir="1" index="1" bw="19" slack="0"/>
</pin_list>
<bind>
<opcode="zext(34) " fcode="zext"/>
<opset="zext_ln232_48/3 "/>
</bind>
</comp>

<comp id="1548" class="1004" name="zext_ln232_49_fu_1548">
<pin_list>
<pin id="1549" dir="0" index="0" bw="18" slack="0"/>
<pin id="1550" dir="1" index="1" bw="19" slack="0"/>
</pin_list>
<bind>
<opcode="zext(34) " fcode="zext"/>
<opset="zext_ln232_49/3 "/>
</bind>
</comp>

<comp id="1552" class="1004" name="add_ln232_8_fu_1552">
<pin_list>
<pin id="1553" dir="0" index="0" bw="18" slack="0"/>
<pin id="1554" dir="0" index="1" bw="18" slack="0"/>
<pin id="1555" dir="1" index="2" bw="19" slack="1"/>
</pin_list>
<bind>
<opcode="add(8) " fcode="add"/>
<opset="add_ln232_8/3 "/>
</bind>
</comp>

<comp id="1558" class="1004" name="zext_ln232_50_fu_1558">
<pin_list>
<pin id="1559" dir="0" index="0" bw="18" slack="0"/>
<pin id="1560" dir="1" index="1" bw="19" slack="0"/>
</pin_list>
<bind>
<opcode="zext(34) " fcode="zext"/>
<opset="zext_ln232_50/3 "/>
</bind>
</comp>

<comp id="1562" class="1004" name="zext_ln232_51_fu_1562">
<pin_list>
<pin id="1563" dir="0" index="0" bw="18" slack="0"/>
<pin id="1564" dir="1" index="1" bw="19" slack="0"/>
</pin_list>
<bind>
<opcode="zext(34) " fcode="zext"/>
<opset="zext_ln232_51/3 "/>
</bind>
</comp>

<comp id="1566" class="1004" name="add_ln232_9_fu_1566">
<pin_list>
<pin id="1567" dir="0" index="0" bw="18" slack="0"/>
<pin id="1568" dir="0" index="1" bw="18" slack="0"/>
<pin id="1569" dir="1" index="2" bw="19" slack="1"/>
</pin_list>
<bind>
<opcode="add(8) " fcode="add"/>
<opset="add_ln232_9/3 "/>
</bind>
</comp>

<comp id="1572" class="1004" name="zext_ln232_52_fu_1572">
<pin_list>
<pin id="1573" dir="0" index="0" bw="18" slack="0"/>
<pin id="1574" dir="1" index="1" bw="19" slack="0"/>
</pin_list>
<bind>
<opcode="zext(34) " fcode="zext"/>
<opset="zext_ln232_52/3 "/>
</bind>
</comp>

<comp id="1576" class="1004" name="zext_ln232_53_fu_1576">
<pin_list>
<pin id="1577" dir="0" index="0" bw="18" slack="0"/>
<pin id="1578" dir="1" index="1" bw="19" slack="0"/>
</pin_list>
<bind>
<opcode="zext(34) " fcode="zext"/>
<opset="zext_ln232_53/3 "/>
</bind>
</comp>

<comp id="1580" class="1004" name="add_ln232_10_fu_1580">
<pin_list>
<pin id="1581" dir="0" index="0" bw="18" slack="0"/>
<pin id="1582" dir="0" index="1" bw="18" slack="0"/>
<pin id="1583" dir="1" index="2" bw="19" slack="1"/>
</pin_list>
<bind>
<opcode="add(8) " fcode="add"/>
<opset="add_ln232_10/3 "/>
</bind>
</comp>

<comp id="1586" class="1004" name="zext_ln232_54_fu_1586">
<pin_list>
<pin id="1587" dir="0" index="0" bw="18" slack="0"/>
<pin id="1588" dir="1" index="1" bw="19" slack="0"/>
</pin_list>
<bind>
<opcode="zext(34) " fcode="zext"/>
<opset="zext_ln232_54/3 "/>
</bind>
</comp>

<comp id="1590" class="1004" name="zext_ln232_55_fu_1590">
<pin_list>
<pin id="1591" dir="0" index="0" bw="18" slack="0"/>
<pin id="1592" dir="1" index="1" bw="19" slack="0"/>
</pin_list>
<bind>
<opcode="zext(34) " fcode="zext"/>
<opset="zext_ln232_55/3 "/>
</bind>
</comp>

<comp id="1594" class="1004" name="add_ln232_11_fu_1594">
<pin_list>
<pin id="1595" dir="0" index="0" bw="18" slack="0"/>
<pin id="1596" dir="0" index="1" bw="18" slack="0"/>
<pin id="1597" dir="1" index="2" bw="19" slack="1"/>
</pin_list>
<bind>
<opcode="add(8) " fcode="add"/>
<opset="add_ln232_11/3 "/>
</bind>
</comp>

<comp id="1600" class="1004" name="zext_ln232_56_fu_1600">
<pin_list>
<pin id="1601" dir="0" index="0" bw="19" slack="1"/>
<pin id="1602" dir="1" index="1" bw="20" slack="0"/>
</pin_list>
<bind>
<opcode="zext(34) " fcode="zext"/>
<opset="zext_ln232_56/4 "/>
</bind>
</comp>

<comp id="1603" class="1004" name="zext_ln232_57_fu_1603">
<pin_list>
<pin id="1604" dir="0" index="0" bw="19" slack="1"/>
<pin id="1605" dir="1" index="1" bw="20" slack="0"/>
</pin_list>
<bind>
<opcode="zext(34) " fcode="zext"/>
<opset="zext_ln232_57/4 "/>
</bind>
</comp>

<comp id="1606" class="1004" name="add_ln232_12_fu_1606">
<pin_list>
<pin id="1607" dir="0" index="0" bw="19" slack="0"/>
<pin id="1608" dir="0" index="1" bw="19" slack="0"/>
<pin id="1609" dir="1" index="2" bw="20" slack="0"/>
</pin_list>
<bind>
<opcode="add(8) " fcode="add"/>
<opset="add_ln232_12/4 "/>
</bind>
</comp>

<comp id="1612" class="1004" name="zext_ln232_58_fu_1612">
<pin_list>
<pin id="1613" dir="0" index="0" bw="19" slack="1"/>
<pin id="1614" dir="1" index="1" bw="20" slack="0"/>
</pin_list>
<bind>
<opcode="zext(34) " fcode="zext"/>
<opset="zext_ln232_58/4 "/>
</bind>
</comp>

<comp id="1615" class="1004" name="zext_ln232_59_fu_1615">
<pin_list>
<pin id="1616" dir="0" index="0" bw="19" slack="1"/>
<pin id="1617" dir="1" index="1" bw="20" slack="0"/>
</pin_list>
<bind>
<opcode="zext(34) " fcode="zext"/>
<opset="zext_ln232_59/4 "/>
</bind>
</comp>

<comp id="1618" class="1004" name="add_ln232_13_fu_1618">
<pin_list>
<pin id="1619" dir="0" index="0" bw="19" slack="0"/>
<pin id="1620" dir="0" index="1" bw="19" slack="0"/>
<pin id="1621" dir="1" index="2" bw="20" slack="0"/>
</pin_list>
<bind>
<opcode="add(8) " fcode="add"/>
<opset="add_ln232_13/4 "/>
</bind>
</comp>

<comp id="1624" class="1004" name="zext_ln232_60_fu_1624">
<pin_list>
<pin id="1625" dir="0" index="0" bw="20" slack="0"/>
<pin id="1626" dir="1" index="1" bw="21" slack="0"/>
</pin_list>
<bind>
<opcode="zext(34) " fcode="zext"/>
<opset="zext_ln232_60/4 "/>
</bind>
</comp>

<comp id="1628" class="1004" name="zext_ln886_fu_1628">
<pin_list>
<pin id="1629" dir="0" index="0" bw="20" slack="0"/>
<pin id="1630" dir="1" index="1" bw="21" slack="0"/>
</pin_list>
<bind>
<opcode="zext(34) " fcode="zext"/>
<opset="zext_ln886/4 "/>
</bind>
</comp>

<comp id="1632" class="1004" name="add_ln886_fu_1632">
<pin_list>
<pin id="1633" dir="0" index="0" bw="20" slack="0"/>
<pin id="1634" dir="0" index="1" bw="20" slack="0"/>
<pin id="1635" dir="1" index="2" bw="21" slack="1"/>
</pin_list>
<bind>
<opcode="add(8) " fcode="add"/>
<opset="add_ln886/4 "/>
</bind>
</comp>

<comp id="1638" class="1004" name="sum_V_2_load_load_fu_1638">
<pin_list>
<pin id="1639" dir="0" index="0" bw="47" slack="4"/>
<pin id="1640" dir="1" index="1" bw="47" slack="0"/>
</pin_list>
<bind>
<opcode="load(27) " fcode="load"/>
<opset="sum_V_2_load/5 "/>
</bind>
</comp>

<comp id="1641" class="1004" name="zext_ln886_1_fu_1641">
<pin_list>
<pin id="1642" dir="0" index="0" bw="21" slack="1"/>
<pin id="1643" dir="1" index="1" bw="47" slack="0"/>
</pin_list>
<bind>
<opcode="zext(34) " fcode="zext"/>
<opset="zext_ln886_1/5 "/>
</bind>
</comp>

<comp id="1644" class="1004" name="sum_V_fu_1644">
<pin_list>
<pin id="1645" dir="0" index="0" bw="47" slack="0"/>
<pin id="1646" dir="0" index="1" bw="21" slack="0"/>
<pin id="1647" dir="1" index="2" bw="47" slack="0"/>
</pin_list>
<bind>
<opcode="add(8) " fcode="add"/>
<opset="sum_V/5 "/>
</bind>
</comp>

<comp id="1650" class="1004" name="store_ln670_store_fu_1650">
<pin_list>
<pin id="1651" dir="0" index="0" bw="47" slack="0"/>
<pin id="1652" dir="0" index="1" bw="47" slack="4"/>
<pin id="1653" dir="1" index="2" bw="0" slack="2147483647"/>
</pin_list>
<bind>
<opcode="store(28) " fcode="store"/>
<opset="store_ln670/5 "/>
</bind>
</comp>

<comp id="1655" class="1004" name="sum_V_2_load_1_load_fu_1655">
<pin_list>
<pin id="1656" dir="0" index="0" bw="47" slack="3"/>
<pin id="1657" dir="1" index="1" bw="47" slack="0"/>
</pin_list>
<bind>
<opcode="load(27) " fcode="load"/>
<opset="sum_V_2_load_1/4 "/>
</bind>
</comp>

<comp id="1659" class="1005" name="sum_V_2_reg_1659">
<pin_list>
<pin id="1660" dir="0" index="0" bw="47" slack="0"/>
<pin id="1661" dir="1" index="1" bw="47" slack="0"/>
</pin_list>
<bind>
<opset="sum_V_2 "/>
</bind>
</comp>

<comp id="1667" class="1005" name="w_reg_1667">
<pin_list>
<pin id="1668" dir="0" index="0" bw="26" slack="0"/>
<pin id="1669" dir="1" index="1" bw="26" slack="0"/>
</pin_list>
<bind>
<opset="w "/>
</bind>
</comp>

<comp id="1674" class="1005" name="sext_ln670_cast_reg_1674">
<pin_list>
<pin id="1675" dir="0" index="0" bw="64" slack="1"/>
<pin id="1676" dir="1" index="1" bw="64" slack="1"/>
</pin_list>
<bind>
<opset="sext_ln670_cast "/>
</bind>
</comp>

<comp id="1679" class="1005" name="icmp_ln670_reg_1679">
<pin_list>
<pin id="1680" dir="0" index="0" bw="1" slack="1"/>
<pin id="1681" dir="1" index="1" bw="1" slack="2147483647"/>
</pin_list>
<bind>
<opset="icmp_ln670 "/>
</bind>
</comp>

<comp id="1683" class="1005" name="empty_27_reg_1683">
<pin_list>
<pin id="1684" dir="0" index="0" bw="8" slack="1"/>
<pin id="1685" dir="1" index="1" bw="8" slack="1"/>
</pin_list>
<bind>
<opset="empty_27 "/>
</bind>
</comp>

<comp id="1688" class="1005" name="p_1_reg_1688">
<pin_list>
<pin id="1689" dir="0" index="0" bw="8" slack="1"/>
<pin id="1690" dir="1" index="1" bw="8" slack="1"/>
</pin_list>
<bind>
<opset="p_1 "/>
</bind>
</comp>

<comp id="1693" class="1005" name="p_s_reg_1693">
<pin_list>
<pin id="1694" dir="0" index="0" bw="8" slack="1"/>
<pin id="1695" dir="1" index="1" bw="8" slack="1"/>
</pin_list>
<bind>
<opset="p_s "/>
</bind>
</comp>

<comp id="1698" class="1005" name="p_2_reg_1698">
<pin_list>
<pin id="1699" dir="0" index="0" bw="8" slack="1"/>
<pin id="1700" dir="1" index="1" bw="8" slack="1"/>
</pin_list>
<bind>
<opset="p_2 "/>
</bind>
</comp>

<comp id="1703" class="1005" name="p_3_reg_1703">
<pin_list>
<pin id="1704" dir="0" index="0" bw="8" slack="1"/>
<pin id="1705" dir="1" index="1" bw="8" slack="1"/>
</pin_list>
<bind>
<opset="p_3 "/>
</bind>
</comp>

<comp id="1708" class="1005" name="p_4_reg_1708">
<pin_list>
<pin id="1709" dir="0" index="0" bw="8" slack="1"/>
<pin id="1710" dir="1" index="1" bw="8" slack="1"/>
</pin_list>
<bind>
<opset="p_4 "/>
</bind>
</comp>

<comp id="1713" class="1005" name="p_5_reg_1713">
<pin_list>
<pin id="1714" dir="0" index="0" bw="8" slack="1"/>
<pin id="1715" dir="1" index="1" bw="8" slack="1"/>
</pin_list>
<bind>
<opset="p_5 "/>
</bind>
</comp>

<comp id="1718" class="1005" name="p_6_reg_1718">
<pin_list>
<pin id="1719" dir="0" index="0" bw="8" slack="1"/>
<pin id="1720" dir="1" index="1" bw="8" slack="1"/>
</pin_list>
<bind>
<opset="p_6 "/>
</bind>
</comp>

<comp id="1723" class="1005" name="p_7_reg_1723">
<pin_list>
<pin id="1724" dir="0" index="0" bw="8" slack="1"/>
<pin id="1725" dir="1" index="1" bw="8" slack="1"/>
</pin_list>
<bind>
<opset="p_7 "/>
</bind>
</comp>

<comp id="1728" class="1005" name="p_8_reg_1728">
<pin_list>
<pin id="1729" dir="0" index="0" bw="8" slack="1"/>
<pin id="1730" dir="1" index="1" bw="8" slack="1"/>
</pin_list>
<bind>
<opset="p_8 "/>
</bind>
</comp>

<comp id="1733" class="1005" name="p_9_reg_1733">
<pin_list>
<pin id="1734" dir="0" index="0" bw="8" slack="1"/>
<pin id="1735" dir="1" index="1" bw="8" slack="1"/>
</pin_list>
<bind>
<opset="p_9 "/>
</bind>
</comp>

<comp id="1738" class="1005" name="p_10_reg_1738">
<pin_list>
<pin id="1739" dir="0" index="0" bw="8" slack="1"/>
<pin id="1740" dir="1" index="1" bw="8" slack="1"/>
</pin_list>
<bind>
<opset="p_10 "/>
</bind>
</comp>

<comp id="1743" class="1005" name="p_11_reg_1743">
<pin_list>
<pin id="1744" dir="0" index="0" bw="8" slack="1"/>
<pin id="1745" dir="1" index="1" bw="8" slack="1"/>
</pin_list>
<bind>
<opset="p_11 "/>
</bind>
</comp>

<comp id="1748" class="1005" name="p_12_reg_1748">
<pin_list>
<pin id="1749" dir="0" index="0" bw="8" slack="1"/>
<pin id="1750" dir="1" index="1" bw="8" slack="1"/>
</pin_list>
<bind>
<opset="p_12 "/>
</bind>
</comp>

<comp id="1753" class="1005" name="p_13_reg_1753">
<pin_list>
<pin id="1754" dir="0" index="0" bw="8" slack="1"/>
<pin id="1755" dir="1" index="1" bw="8" slack="1"/>
</pin_list>
<bind>
<opset="p_13 "/>
</bind>
</comp>

<comp id="1758" class="1005" name="p_14_reg_1758">
<pin_list>
<pin id="1759" dir="0" index="0" bw="8" slack="1"/>
<pin id="1760" dir="1" index="1" bw="8" slack="1"/>
</pin_list>
<bind>
<opset="p_14 "/>
</bind>
</comp>

<comp id="1763" class="1005" name="p_15_reg_1763">
<pin_list>
<pin id="1764" dir="0" index="0" bw="8" slack="1"/>
<pin id="1765" dir="1" index="1" bw="8" slack="1"/>
</pin_list>
<bind>
<opset="p_15 "/>
</bind>
</comp>

<comp id="1768" class="1005" name="p_16_reg_1768">
<pin_list>
<pin id="1769" dir="0" index="0" bw="8" slack="1"/>
<pin id="1770" dir="1" index="1" bw="8" slack="1"/>
</pin_list>
<bind>
<opset="p_16 "/>
</bind>
</comp>

<comp id="1773" class="1005" name="p_17_reg_1773">
<pin_list>
<pin id="1774" dir="0" index="0" bw="8" slack="1"/>
<pin id="1775" dir="1" index="1" bw="8" slack="1"/>
</pin_list>
<bind>
<opset="p_17 "/>
</bind>
</comp>

<comp id="1778" class="1005" name="p_18_reg_1778">
<pin_list>
<pin id="1779" dir="0" index="0" bw="8" slack="1"/>
<pin id="1780" dir="1" index="1" bw="8" slack="1"/>
</pin_list>
<bind>
<opset="p_18 "/>
</bind>
</comp>

<comp id="1783" class="1005" name="p_19_reg_1783">
<pin_list>
<pin id="1784" dir="0" index="0" bw="8" slack="1"/>
<pin id="1785" dir="1" index="1" bw="8" slack="1"/>
</pin_list>
<bind>
<opset="p_19 "/>
</bind>
</comp>

<comp id="1788" class="1005" name="p_20_reg_1788">
<pin_list>
<pin id="1789" dir="0" index="0" bw="8" slack="1"/>
<pin id="1790" dir="1" index="1" bw="8" slack="1"/>
</pin_list>
<bind>
<opset="p_20 "/>
</bind>
</comp>

<comp id="1793" class="1005" name="p_21_reg_1793">
<pin_list>
<pin id="1794" dir="0" index="0" bw="8" slack="1"/>
<pin id="1795" dir="1" index="1" bw="8" slack="1"/>
</pin_list>
<bind>
<opset="p_21 "/>
</bind>
</comp>

<comp id="1798" class="1005" name="p_22_reg_1798">
<pin_list>
<pin id="1799" dir="0" index="0" bw="8" slack="1"/>
<pin id="1800" dir="1" index="1" bw="8" slack="1"/>
</pin_list>
<bind>
<opset="p_22 "/>
</bind>
</comp>

<comp id="1803" class="1005" name="p_23_reg_1803">
<pin_list>
<pin id="1804" dir="0" index="0" bw="8" slack="1"/>
<pin id="1805" dir="1" index="1" bw="8" slack="1"/>
</pin_list>
<bind>
<opset="p_23 "/>
</bind>
</comp>

<comp id="1808" class="1005" name="p_24_reg_1808">
<pin_list>
<pin id="1809" dir="0" index="0" bw="8" slack="1"/>
<pin id="1810" dir="1" index="1" bw="8" slack="1"/>
</pin_list>
<bind>
<opset="p_24 "/>
</bind>
</comp>

<comp id="1813" class="1005" name="p_25_reg_1813">
<pin_list>
<pin id="1814" dir="0" index="0" bw="8" slack="1"/>
<pin id="1815" dir="1" index="1" bw="8" slack="1"/>
</pin_list>
<bind>
<opset="p_25 "/>
</bind>
</comp>

<comp id="1818" class="1005" name="p_26_reg_1818">
<pin_list>
<pin id="1819" dir="0" index="0" bw="8" slack="1"/>
<pin id="1820" dir="1" index="1" bw="8" slack="1"/>
</pin_list>
<bind>
<opset="p_26 "/>
</bind>
</comp>

<comp id="1823" class="1005" name="p_27_reg_1823">
<pin_list>
<pin id="1824" dir="0" index="0" bw="8" slack="1"/>
<pin id="1825" dir="1" index="1" bw="8" slack="1"/>
</pin_list>
<bind>
<opset="p_27 "/>
</bind>
</comp>

<comp id="1828" class="1005" name="p_28_reg_1828">
<pin_list>
<pin id="1829" dir="0" index="0" bw="8" slack="1"/>
<pin id="1830" dir="1" index="1" bw="8" slack="1"/>
</pin_list>
<bind>
<opset="p_28 "/>
</bind>
</comp>

<comp id="1833" class="1005" name="p_29_reg_1833">
<pin_list>
<pin id="1834" dir="0" index="0" bw="8" slack="1"/>
<pin id="1835" dir="1" index="1" bw="8" slack="1"/>
</pin_list>
<bind>
<opset="p_29 "/>
</bind>
</comp>

<comp id="1838" class="1005" name="p_30_reg_1838">
<pin_list>
<pin id="1839" dir="0" index="0" bw="8" slack="1"/>
<pin id="1840" dir="1" index="1" bw="8" slack="1"/>
</pin_list>
<bind>
<opset="p_30 "/>
</bind>
</comp>

<comp id="1843" class="1005" name="p_31_reg_1843">
<pin_list>
<pin id="1844" dir="0" index="0" bw="8" slack="1"/>
<pin id="1845" dir="1" index="1" bw="8" slack="1"/>
</pin_list>
<bind>
<opset="p_31 "/>
</bind>
</comp>

<comp id="1848" class="1005" name="p_32_reg_1848">
<pin_list>
<pin id="1849" dir="0" index="0" bw="8" slack="1"/>
<pin id="1850" dir="1" index="1" bw="8" slack="1"/>
</pin_list>
<bind>
<opset="p_32 "/>
</bind>
</comp>

<comp id="1853" class="1005" name="p_33_reg_1853">
<pin_list>
<pin id="1854" dir="0" index="0" bw="8" slack="1"/>
<pin id="1855" dir="1" index="1" bw="8" slack="1"/>
</pin_list>
<bind>
<opset="p_33 "/>
</bind>
</comp>

<comp id="1858" class="1005" name="p_34_reg_1858">
<pin_list>
<pin id="1859" dir="0" index="0" bw="8" slack="1"/>
<pin id="1860" dir="1" index="1" bw="8" slack="1"/>
</pin_list>
<bind>
<opset="p_34 "/>
</bind>
</comp>

<comp id="1863" class="1005" name="p_35_reg_1863">
<pin_list>
<pin id="1864" dir="0" index="0" bw="8" slack="1"/>
<pin id="1865" dir="1" index="1" bw="8" slack="1"/>
</pin_list>
<bind>
<opset="p_35 "/>
</bind>
</comp>

<comp id="1868" class="1005" name="p_36_reg_1868">
<pin_list>
<pin id="1869" dir="0" index="0" bw="8" slack="1"/>
<pin id="1870" dir="1" index="1" bw="8" slack="1"/>
</pin_list>
<bind>
<opset="p_36 "/>
</bind>
</comp>

<comp id="1873" class="1005" name="p_37_reg_1873">
<pin_list>
<pin id="1874" dir="0" index="0" bw="8" slack="1"/>
<pin id="1875" dir="1" index="1" bw="8" slack="1"/>
</pin_list>
<bind>
<opset="p_37 "/>
</bind>
</comp>

<comp id="1878" class="1005" name="p_38_reg_1878">
<pin_list>
<pin id="1879" dir="0" index="0" bw="8" slack="1"/>
<pin id="1880" dir="1" index="1" bw="8" slack="1"/>
</pin_list>
<bind>
<opset="p_38 "/>
</bind>
</comp>

<comp id="1883" class="1005" name="p_39_reg_1883">
<pin_list>
<pin id="1884" dir="0" index="0" bw="8" slack="1"/>
<pin id="1885" dir="1" index="1" bw="8" slack="1"/>
</pin_list>
<bind>
<opset="p_39 "/>
</bind>
</comp>

<comp id="1888" class="1005" name="p_40_reg_1888">
<pin_list>
<pin id="1889" dir="0" index="0" bw="8" slack="1"/>
<pin id="1890" dir="1" index="1" bw="8" slack="1"/>
</pin_list>
<bind>
<opset="p_40 "/>
</bind>
</comp>

<comp id="1893" class="1005" name="p_41_reg_1893">
<pin_list>
<pin id="1894" dir="0" index="0" bw="8" slack="1"/>
<pin id="1895" dir="1" index="1" bw="8" slack="1"/>
</pin_list>
<bind>
<opset="p_41 "/>
</bind>
</comp>

<comp id="1898" class="1005" name="p_42_reg_1898">
<pin_list>
<pin id="1899" dir="0" index="0" bw="8" slack="1"/>
<pin id="1900" dir="1" index="1" bw="8" slack="1"/>
</pin_list>
<bind>
<opset="p_42 "/>
</bind>
</comp>

<comp id="1903" class="1005" name="p_43_reg_1903">
<pin_list>
<pin id="1904" dir="0" index="0" bw="8" slack="1"/>
<pin id="1905" dir="1" index="1" bw="8" slack="1"/>
</pin_list>
<bind>
<opset="p_43 "/>
</bind>
</comp>

<comp id="1908" class="1005" name="p_44_reg_1908">
<pin_list>
<pin id="1909" dir="0" index="0" bw="8" slack="1"/>
<pin id="1910" dir="1" index="1" bw="8" slack="1"/>
</pin_list>
<bind>
<opset="p_44 "/>
</bind>
</comp>

<comp id="1913" class="1005" name="p_45_reg_1913">
<pin_list>
<pin id="1914" dir="0" index="0" bw="8" slack="1"/>
<pin id="1915" dir="1" index="1" bw="8" slack="1"/>
</pin_list>
<bind>
<opset="p_45 "/>
</bind>
</comp>

<comp id="1918" class="1005" name="p_46_reg_1918">
<pin_list>
<pin id="1919" dir="0" index="0" bw="8" slack="1"/>
<pin id="1920" dir="1" index="1" bw="8" slack="1"/>
</pin_list>
<bind>
<opset="p_46 "/>
</bind>
</comp>

<comp id="1923" class="1005" name="p_47_reg_1923">
<pin_list>
<pin id="1924" dir="0" index="0" bw="8" slack="1"/>
<pin id="1925" dir="1" index="1" bw="8" slack="1"/>
</pin_list>
<bind>
<opset="p_47 "/>
</bind>
</comp>

<comp id="1928" class="1005" name="p_48_reg_1928">
<pin_list>
<pin id="1929" dir="0" index="0" bw="8" slack="1"/>
<pin id="1930" dir="1" index="1" bw="8" slack="1"/>
</pin_list>
<bind>
<opset="p_48 "/>
</bind>
</comp>

<comp id="1933" class="1005" name="p_49_reg_1933">
<pin_list>
<pin id="1934" dir="0" index="0" bw="8" slack="1"/>
<pin id="1935" dir="1" index="1" bw="8" slack="1"/>
</pin_list>
<bind>
<opset="p_49 "/>
</bind>
</comp>

<comp id="1938" class="1005" name="p_50_reg_1938">
<pin_list>
<pin id="1939" dir="0" index="0" bw="8" slack="1"/>
<pin id="1940" dir="1" index="1" bw="8" slack="1"/>
</pin_list>
<bind>
<opset="p_50 "/>
</bind>
</comp>

<comp id="1943" class="1005" name="p_51_reg_1943">
<pin_list>
<pin id="1944" dir="0" index="0" bw="8" slack="1"/>
<pin id="1945" dir="1" index="1" bw="8" slack="1"/>
</pin_list>
<bind>
<opset="p_51 "/>
</bind>
</comp>

<comp id="1948" class="1005" name="p_52_reg_1948">
<pin_list>
<pin id="1949" dir="0" index="0" bw="8" slack="1"/>
<pin id="1950" dir="1" index="1" bw="8" slack="1"/>
</pin_list>
<bind>
<opset="p_52 "/>
</bind>
</comp>

<comp id="1953" class="1005" name="p_53_reg_1953">
<pin_list>
<pin id="1954" dir="0" index="0" bw="8" slack="1"/>
<pin id="1955" dir="1" index="1" bw="8" slack="1"/>
</pin_list>
<bind>
<opset="p_53 "/>
</bind>
</comp>

<comp id="1958" class="1005" name="p_54_reg_1958">
<pin_list>
<pin id="1959" dir="0" index="0" bw="8" slack="1"/>
<pin id="1960" dir="1" index="1" bw="8" slack="1"/>
</pin_list>
<bind>
<opset="p_54 "/>
</bind>
</comp>

<comp id="1963" class="1005" name="p_55_reg_1963">
<pin_list>
<pin id="1964" dir="0" index="0" bw="8" slack="1"/>
<pin id="1965" dir="1" index="1" bw="8" slack="1"/>
</pin_list>
<bind>
<opset="p_55 "/>
</bind>
</comp>

<comp id="1968" class="1005" name="p_56_reg_1968">
<pin_list>
<pin id="1969" dir="0" index="0" bw="8" slack="1"/>
<pin id="1970" dir="1" index="1" bw="8" slack="1"/>
</pin_list>
<bind>
<opset="p_56 "/>
</bind>
</comp>

<comp id="1973" class="1005" name="p_57_reg_1973">
<pin_list>
<pin id="1974" dir="0" index="0" bw="8" slack="1"/>
<pin id="1975" dir="1" index="1" bw="8" slack="1"/>
</pin_list>
<bind>
<opset="p_57 "/>
</bind>
</comp>

<comp id="1978" class="1005" name="p_58_reg_1978">
<pin_list>
<pin id="1979" dir="0" index="0" bw="8" slack="1"/>
<pin id="1980" dir="1" index="1" bw="8" slack="1"/>
</pin_list>
<bind>
<opset="p_58 "/>
</bind>
</comp>

<comp id="1983" class="1005" name="p_59_reg_1983">
<pin_list>
<pin id="1984" dir="0" index="0" bw="8" slack="1"/>
<pin id="1985" dir="1" index="1" bw="8" slack="1"/>
</pin_list>
<bind>
<opset="p_59 "/>
</bind>
</comp>

<comp id="1988" class="1005" name="p_60_reg_1988">
<pin_list>
<pin id="1989" dir="0" index="0" bw="8" slack="1"/>
<pin id="1990" dir="1" index="1" bw="8" slack="1"/>
</pin_list>
<bind>
<opset="p_60 "/>
</bind>
</comp>

<comp id="1993" class="1005" name="p_61_reg_1993">
<pin_list>
<pin id="1994" dir="0" index="0" bw="8" slack="1"/>
<pin id="1995" dir="1" index="1" bw="8" slack="1"/>
</pin_list>
<bind>
<opset="p_61 "/>
</bind>
</comp>

<comp id="1998" class="1005" name="p_62_reg_1998">
<pin_list>
<pin id="1999" dir="0" index="0" bw="8" slack="1"/>
<pin id="2000" dir="1" index="1" bw="8" slack="1"/>
</pin_list>
<bind>
<opset="p_62 "/>
</bind>
</comp>

<comp id="2003" class="1005" name="add_ln232_8_reg_2003">
<pin_list>
<pin id="2004" dir="0" index="0" bw="19" slack="1"/>
<pin id="2005" dir="1" index="1" bw="19" slack="1"/>
</pin_list>
<bind>
<opset="add_ln232_8 "/>
</bind>
</comp>

<comp id="2008" class="1005" name="add_ln232_9_reg_2008">
<pin_list>
<pin id="2009" dir="0" index="0" bw="19" slack="1"/>
<pin id="2010" dir="1" index="1" bw="19" slack="1"/>
</pin_list>
<bind>
<opset="add_ln232_9 "/>
</bind>
</comp>

<comp id="2013" class="1005" name="add_ln232_10_reg_2013">
<pin_list>
<pin id="2014" dir="0" index="0" bw="19" slack="1"/>
<pin id="2015" dir="1" index="1" bw="19" slack="1"/>
</pin_list>
<bind>
<opset="add_ln232_10 "/>
</bind>
</comp>

<comp id="2018" class="1005" name="add_ln232_11_reg_2018">
<pin_list>
<pin id="2019" dir="0" index="0" bw="19" slack="1"/>
<pin id="2020" dir="1" index="1" bw="19" slack="1"/>
</pin_list>
<bind>
<opset="add_ln232_11 "/>
</bind>
</comp>

<comp id="2023" class="1005" name="add_ln886_reg_2023">
<pin_list>
<pin id="2024" dir="0" index="0" bw="21" slack="1"/>
<pin id="2025" dir="1" index="1" bw="21" slack="1"/>
</pin_list>
<bind>
<opset="add_ln886 "/>
</bind>
</comp>

</comp_list>

<net_list>
<net id="313"><net_src comp="8" pin="0"/><net_sink comp="310" pin=0"/></net>

<net id="317"><net_src comp="8" pin="0"/><net_sink comp="314" pin=0"/></net>

<net id="322"><net_src comp="10" pin="0"/><net_sink comp="318" pin=0"/></net>

<net id="323"><net_src comp="4" pin="0"/><net_sink comp="318" pin=1"/></net>

<net id="328"><net_src comp="12" pin="0"/><net_sink comp="324" pin=0"/></net>

<net id="329"><net_src comp="2" pin="0"/><net_sink comp="324" pin=1"/></net>

<net id="334"><net_src comp="48" pin="0"/><net_sink comp="330" pin=0"/></net>

<net id="340"><net_src comp="308" pin="0"/><net_sink comp="335" pin=0"/></net>

<net id="341"><net_src comp="6" pin="0"/><net_sink comp="335" pin=1"/></net>

<net id="345"><net_src comp="324" pin="2"/><net_sink comp="342" pin=0"/></net>

<net id="350"><net_src comp="34" pin="0"/><net_sink comp="346" pin=0"/></net>

<net id="355"><net_src comp="36" pin="0"/><net_sink comp="351" pin=0"/></net>

<net id="363"><net_src comp="356" pin="1"/><net_sink comp="359" pin=0"/></net>

<net id="364"><net_src comp="318" pin="2"/><net_sink comp="359" pin=1"/></net>

<net id="369"><net_src comp="356" pin="1"/><net_sink comp="365" pin=0"/></net>

<net id="370"><net_src comp="38" pin="0"/><net_sink comp="365" pin=1"/></net>

<net id="375"><net_src comp="365" pin="2"/><net_sink comp="371" pin=0"/></net>

<net id="380"><net_src comp="0" pin="0"/><net_sink comp="376" pin=0"/></net>

<net id="381"><net_src comp="376" pin="2"/><net_sink comp="330" pin=1"/></net>

<net id="385"><net_src comp="330" pin="2"/><net_sink comp="382" pin=0"/></net>

<net id="392"><net_src comp="50" pin="0"/><net_sink comp="386" pin=0"/></net>

<net id="393"><net_src comp="330" pin="2"/><net_sink comp="386" pin=1"/></net>

<net id="394"><net_src comp="52" pin="0"/><net_sink comp="386" pin=2"/></net>

<net id="395"><net_src comp="54" pin="0"/><net_sink comp="386" pin=3"/></net>

<net id="402"><net_src comp="50" pin="0"/><net_sink comp="396" pin=0"/></net>

<net id="403"><net_src comp="330" pin="2"/><net_sink comp="396" pin=1"/></net>

<net id="404"><net_src comp="30" pin="0"/><net_sink comp="396" pin=2"/></net>

<net id="405"><net_src comp="56" pin="0"/><net_sink comp="396" pin=3"/></net>

<net id="412"><net_src comp="50" pin="0"/><net_sink comp="406" pin=0"/></net>

<net id="413"><net_src comp="330" pin="2"/><net_sink comp="406" pin=1"/></net>

<net id="414"><net_src comp="58" pin="0"/><net_sink comp="406" pin=2"/></net>

<net id="415"><net_src comp="60" pin="0"/><net_sink comp="406" pin=3"/></net>

<net id="422"><net_src comp="50" pin="0"/><net_sink comp="416" pin=0"/></net>

<net id="423"><net_src comp="330" pin="2"/><net_sink comp="416" pin=1"/></net>

<net id="424"><net_src comp="62" pin="0"/><net_sink comp="416" pin=2"/></net>

<net id="425"><net_src comp="64" pin="0"/><net_sink comp="416" pin=3"/></net>

<net id="432"><net_src comp="50" pin="0"/><net_sink comp="426" pin=0"/></net>

<net id="433"><net_src comp="330" pin="2"/><net_sink comp="426" pin=1"/></net>

<net id="434"><net_src comp="66" pin="0"/><net_sink comp="426" pin=2"/></net>

<net id="435"><net_src comp="68" pin="0"/><net_sink comp="426" pin=3"/></net>

<net id="442"><net_src comp="50" pin="0"/><net_sink comp="436" pin=0"/></net>

<net id="443"><net_src comp="330" pin="2"/><net_sink comp="436" pin=1"/></net>

<net id="444"><net_src comp="70" pin="0"/><net_sink comp="436" pin=2"/></net>

<net id="445"><net_src comp="72" pin="0"/><net_sink comp="436" pin=3"/></net>

<net id="452"><net_src comp="50" pin="0"/><net_sink comp="446" pin=0"/></net>

<net id="453"><net_src comp="330" pin="2"/><net_sink comp="446" pin=1"/></net>

<net id="454"><net_src comp="74" pin="0"/><net_sink comp="446" pin=2"/></net>

<net id="455"><net_src comp="76" pin="0"/><net_sink comp="446" pin=3"/></net>

<net id="462"><net_src comp="50" pin="0"/><net_sink comp="456" pin=0"/></net>

<net id="463"><net_src comp="330" pin="2"/><net_sink comp="456" pin=1"/></net>

<net id="464"><net_src comp="22" pin="0"/><net_sink comp="456" pin=2"/></net>

<net id="465"><net_src comp="78" pin="0"/><net_sink comp="456" pin=3"/></net>

<net id="472"><net_src comp="50" pin="0"/><net_sink comp="466" pin=0"/></net>

<net id="473"><net_src comp="330" pin="2"/><net_sink comp="466" pin=1"/></net>

<net id="474"><net_src comp="80" pin="0"/><net_sink comp="466" pin=2"/></net>

<net id="475"><net_src comp="82" pin="0"/><net_sink comp="466" pin=3"/></net>

<net id="482"><net_src comp="50" pin="0"/><net_sink comp="476" pin=0"/></net>

<net id="483"><net_src comp="330" pin="2"/><net_sink comp="476" pin=1"/></net>

<net id="484"><net_src comp="84" pin="0"/><net_sink comp="476" pin=2"/></net>

<net id="485"><net_src comp="86" pin="0"/><net_sink comp="476" pin=3"/></net>

<net id="492"><net_src comp="50" pin="0"/><net_sink comp="486" pin=0"/></net>

<net id="493"><net_src comp="330" pin="2"/><net_sink comp="486" pin=1"/></net>

<net id="494"><net_src comp="88" pin="0"/><net_sink comp="486" pin=2"/></net>

<net id="495"><net_src comp="90" pin="0"/><net_sink comp="486" pin=3"/></net>

<net id="502"><net_src comp="50" pin="0"/><net_sink comp="496" pin=0"/></net>

<net id="503"><net_src comp="330" pin="2"/><net_sink comp="496" pin=1"/></net>

<net id="504"><net_src comp="92" pin="0"/><net_sink comp="496" pin=2"/></net>

<net id="505"><net_src comp="94" pin="0"/><net_sink comp="496" pin=3"/></net>

<net id="512"><net_src comp="50" pin="0"/><net_sink comp="506" pin=0"/></net>

<net id="513"><net_src comp="330" pin="2"/><net_sink comp="506" pin=1"/></net>

<net id="514"><net_src comp="96" pin="0"/><net_sink comp="506" pin=2"/></net>

<net id="515"><net_src comp="98" pin="0"/><net_sink comp="506" pin=3"/></net>

<net id="522"><net_src comp="50" pin="0"/><net_sink comp="516" pin=0"/></net>

<net id="523"><net_src comp="330" pin="2"/><net_sink comp="516" pin=1"/></net>

<net id="524"><net_src comp="100" pin="0"/><net_sink comp="516" pin=2"/></net>

<net id="525"><net_src comp="102" pin="0"/><net_sink comp="516" pin=3"/></net>

<net id="532"><net_src comp="50" pin="0"/><net_sink comp="526" pin=0"/></net>

<net id="533"><net_src comp="330" pin="2"/><net_sink comp="526" pin=1"/></net>

<net id="534"><net_src comp="104" pin="0"/><net_sink comp="526" pin=2"/></net>

<net id="535"><net_src comp="106" pin="0"/><net_sink comp="526" pin=3"/></net>

<net id="542"><net_src comp="50" pin="0"/><net_sink comp="536" pin=0"/></net>

<net id="543"><net_src comp="330" pin="2"/><net_sink comp="536" pin=1"/></net>

<net id="544"><net_src comp="108" pin="0"/><net_sink comp="536" pin=2"/></net>

<net id="545"><net_src comp="110" pin="0"/><net_sink comp="536" pin=3"/></net>

<net id="552"><net_src comp="50" pin="0"/><net_sink comp="546" pin=0"/></net>

<net id="553"><net_src comp="330" pin="2"/><net_sink comp="546" pin=1"/></net>

<net id="554"><net_src comp="112" pin="0"/><net_sink comp="546" pin=2"/></net>

<net id="555"><net_src comp="114" pin="0"/><net_sink comp="546" pin=3"/></net>

<net id="562"><net_src comp="50" pin="0"/><net_sink comp="556" pin=0"/></net>

<net id="563"><net_src comp="330" pin="2"/><net_sink comp="556" pin=1"/></net>

<net id="564"><net_src comp="116" pin="0"/><net_sink comp="556" pin=2"/></net>

<net id="565"><net_src comp="118" pin="0"/><net_sink comp="556" pin=3"/></net>

<net id="572"><net_src comp="50" pin="0"/><net_sink comp="566" pin=0"/></net>

<net id="573"><net_src comp="330" pin="2"/><net_sink comp="566" pin=1"/></net>

<net id="574"><net_src comp="120" pin="0"/><net_sink comp="566" pin=2"/></net>

<net id="575"><net_src comp="122" pin="0"/><net_sink comp="566" pin=3"/></net>

<net id="582"><net_src comp="50" pin="0"/><net_sink comp="576" pin=0"/></net>

<net id="583"><net_src comp="330" pin="2"/><net_sink comp="576" pin=1"/></net>

<net id="584"><net_src comp="124" pin="0"/><net_sink comp="576" pin=2"/></net>

<net id="585"><net_src comp="126" pin="0"/><net_sink comp="576" pin=3"/></net>

<net id="592"><net_src comp="50" pin="0"/><net_sink comp="586" pin=0"/></net>

<net id="593"><net_src comp="330" pin="2"/><net_sink comp="586" pin=1"/></net>

<net id="594"><net_src comp="128" pin="0"/><net_sink comp="586" pin=2"/></net>

<net id="595"><net_src comp="130" pin="0"/><net_sink comp="586" pin=3"/></net>

<net id="602"><net_src comp="50" pin="0"/><net_sink comp="596" pin=0"/></net>

<net id="603"><net_src comp="330" pin="2"/><net_sink comp="596" pin=1"/></net>

<net id="604"><net_src comp="132" pin="0"/><net_sink comp="596" pin=2"/></net>

<net id="605"><net_src comp="134" pin="0"/><net_sink comp="596" pin=3"/></net>

<net id="612"><net_src comp="50" pin="0"/><net_sink comp="606" pin=0"/></net>

<net id="613"><net_src comp="330" pin="2"/><net_sink comp="606" pin=1"/></net>

<net id="614"><net_src comp="136" pin="0"/><net_sink comp="606" pin=2"/></net>

<net id="615"><net_src comp="138" pin="0"/><net_sink comp="606" pin=3"/></net>

<net id="622"><net_src comp="50" pin="0"/><net_sink comp="616" pin=0"/></net>

<net id="623"><net_src comp="330" pin="2"/><net_sink comp="616" pin=1"/></net>

<net id="624"><net_src comp="140" pin="0"/><net_sink comp="616" pin=2"/></net>

<net id="625"><net_src comp="142" pin="0"/><net_sink comp="616" pin=3"/></net>

<net id="632"><net_src comp="50" pin="0"/><net_sink comp="626" pin=0"/></net>

<net id="633"><net_src comp="330" pin="2"/><net_sink comp="626" pin=1"/></net>

<net id="634"><net_src comp="144" pin="0"/><net_sink comp="626" pin=2"/></net>

<net id="635"><net_src comp="146" pin="0"/><net_sink comp="626" pin=3"/></net>

<net id="642"><net_src comp="50" pin="0"/><net_sink comp="636" pin=0"/></net>

<net id="643"><net_src comp="330" pin="2"/><net_sink comp="636" pin=1"/></net>

<net id="644"><net_src comp="148" pin="0"/><net_sink comp="636" pin=2"/></net>

<net id="645"><net_src comp="150" pin="0"/><net_sink comp="636" pin=3"/></net>

<net id="652"><net_src comp="50" pin="0"/><net_sink comp="646" pin=0"/></net>

<net id="653"><net_src comp="330" pin="2"/><net_sink comp="646" pin=1"/></net>

<net id="654"><net_src comp="152" pin="0"/><net_sink comp="646" pin=2"/></net>

<net id="655"><net_src comp="154" pin="0"/><net_sink comp="646" pin=3"/></net>

<net id="662"><net_src comp="50" pin="0"/><net_sink comp="656" pin=0"/></net>

<net id="663"><net_src comp="330" pin="2"/><net_sink comp="656" pin=1"/></net>

<net id="664"><net_src comp="156" pin="0"/><net_sink comp="656" pin=2"/></net>

<net id="665"><net_src comp="158" pin="0"/><net_sink comp="656" pin=3"/></net>

<net id="672"><net_src comp="50" pin="0"/><net_sink comp="666" pin=0"/></net>

<net id="673"><net_src comp="330" pin="2"/><net_sink comp="666" pin=1"/></net>

<net id="674"><net_src comp="160" pin="0"/><net_sink comp="666" pin=2"/></net>

<net id="675"><net_src comp="162" pin="0"/><net_sink comp="666" pin=3"/></net>

<net id="682"><net_src comp="50" pin="0"/><net_sink comp="676" pin=0"/></net>

<net id="683"><net_src comp="330" pin="2"/><net_sink comp="676" pin=1"/></net>

<net id="684"><net_src comp="164" pin="0"/><net_sink comp="676" pin=2"/></net>

<net id="685"><net_src comp="166" pin="0"/><net_sink comp="676" pin=3"/></net>

<net id="692"><net_src comp="50" pin="0"/><net_sink comp="686" pin=0"/></net>

<net id="693"><net_src comp="330" pin="2"/><net_sink comp="686" pin=1"/></net>

<net id="694"><net_src comp="168" pin="0"/><net_sink comp="686" pin=2"/></net>

<net id="695"><net_src comp="170" pin="0"/><net_sink comp="686" pin=3"/></net>

<net id="702"><net_src comp="50" pin="0"/><net_sink comp="696" pin=0"/></net>

<net id="703"><net_src comp="330" pin="2"/><net_sink comp="696" pin=1"/></net>

<net id="704"><net_src comp="172" pin="0"/><net_sink comp="696" pin=2"/></net>

<net id="705"><net_src comp="174" pin="0"/><net_sink comp="696" pin=3"/></net>

<net id="712"><net_src comp="50" pin="0"/><net_sink comp="706" pin=0"/></net>

<net id="713"><net_src comp="330" pin="2"/><net_sink comp="706" pin=1"/></net>

<net id="714"><net_src comp="176" pin="0"/><net_sink comp="706" pin=2"/></net>

<net id="715"><net_src comp="178" pin="0"/><net_sink comp="706" pin=3"/></net>

<net id="722"><net_src comp="50" pin="0"/><net_sink comp="716" pin=0"/></net>

<net id="723"><net_src comp="330" pin="2"/><net_sink comp="716" pin=1"/></net>

<net id="724"><net_src comp="180" pin="0"/><net_sink comp="716" pin=2"/></net>

<net id="725"><net_src comp="182" pin="0"/><net_sink comp="716" pin=3"/></net>

<net id="732"><net_src comp="50" pin="0"/><net_sink comp="726" pin=0"/></net>

<net id="733"><net_src comp="330" pin="2"/><net_sink comp="726" pin=1"/></net>

<net id="734"><net_src comp="184" pin="0"/><net_sink comp="726" pin=2"/></net>

<net id="735"><net_src comp="186" pin="0"/><net_sink comp="726" pin=3"/></net>

<net id="742"><net_src comp="50" pin="0"/><net_sink comp="736" pin=0"/></net>

<net id="743"><net_src comp="330" pin="2"/><net_sink comp="736" pin=1"/></net>

<net id="744"><net_src comp="188" pin="0"/><net_sink comp="736" pin=2"/></net>

<net id="745"><net_src comp="190" pin="0"/><net_sink comp="736" pin=3"/></net>

<net id="752"><net_src comp="50" pin="0"/><net_sink comp="746" pin=0"/></net>

<net id="753"><net_src comp="330" pin="2"/><net_sink comp="746" pin=1"/></net>

<net id="754"><net_src comp="192" pin="0"/><net_sink comp="746" pin=2"/></net>

<net id="755"><net_src comp="194" pin="0"/><net_sink comp="746" pin=3"/></net>

<net id="762"><net_src comp="50" pin="0"/><net_sink comp="756" pin=0"/></net>

<net id="763"><net_src comp="330" pin="2"/><net_sink comp="756" pin=1"/></net>

<net id="764"><net_src comp="196" pin="0"/><net_sink comp="756" pin=2"/></net>

<net id="765"><net_src comp="198" pin="0"/><net_sink comp="756" pin=3"/></net>

<net id="772"><net_src comp="50" pin="0"/><net_sink comp="766" pin=0"/></net>

<net id="773"><net_src comp="330" pin="2"/><net_sink comp="766" pin=1"/></net>

<net id="774"><net_src comp="200" pin="0"/><net_sink comp="766" pin=2"/></net>

<net id="775"><net_src comp="202" pin="0"/><net_sink comp="766" pin=3"/></net>

<net id="782"><net_src comp="50" pin="0"/><net_sink comp="776" pin=0"/></net>

<net id="783"><net_src comp="330" pin="2"/><net_sink comp="776" pin=1"/></net>

<net id="784"><net_src comp="204" pin="0"/><net_sink comp="776" pin=2"/></net>

<net id="785"><net_src comp="206" pin="0"/><net_sink comp="776" pin=3"/></net>

<net id="792"><net_src comp="50" pin="0"/><net_sink comp="786" pin=0"/></net>

<net id="793"><net_src comp="330" pin="2"/><net_sink comp="786" pin=1"/></net>

<net id="794"><net_src comp="208" pin="0"/><net_sink comp="786" pin=2"/></net>

<net id="795"><net_src comp="210" pin="0"/><net_sink comp="786" pin=3"/></net>

<net id="802"><net_src comp="50" pin="0"/><net_sink comp="796" pin=0"/></net>

<net id="803"><net_src comp="330" pin="2"/><net_sink comp="796" pin=1"/></net>

<net id="804"><net_src comp="212" pin="0"/><net_sink comp="796" pin=2"/></net>

<net id="805"><net_src comp="214" pin="0"/><net_sink comp="796" pin=3"/></net>

<net id="812"><net_src comp="50" pin="0"/><net_sink comp="806" pin=0"/></net>

<net id="813"><net_src comp="330" pin="2"/><net_sink comp="806" pin=1"/></net>

<net id="814"><net_src comp="216" pin="0"/><net_sink comp="806" pin=2"/></net>

<net id="815"><net_src comp="218" pin="0"/><net_sink comp="806" pin=3"/></net>

<net id="822"><net_src comp="50" pin="0"/><net_sink comp="816" pin=0"/></net>

<net id="823"><net_src comp="330" pin="2"/><net_sink comp="816" pin=1"/></net>

<net id="824"><net_src comp="220" pin="0"/><net_sink comp="816" pin=2"/></net>

<net id="825"><net_src comp="222" pin="0"/><net_sink comp="816" pin=3"/></net>

<net id="832"><net_src comp="50" pin="0"/><net_sink comp="826" pin=0"/></net>

<net id="833"><net_src comp="330" pin="2"/><net_sink comp="826" pin=1"/></net>

<net id="834"><net_src comp="224" pin="0"/><net_sink comp="826" pin=2"/></net>

<net id="835"><net_src comp="226" pin="0"/><net_sink comp="826" pin=3"/></net>

<net id="842"><net_src comp="50" pin="0"/><net_sink comp="836" pin=0"/></net>

<net id="843"><net_src comp="330" pin="2"/><net_sink comp="836" pin=1"/></net>

<net id="844"><net_src comp="228" pin="0"/><net_sink comp="836" pin=2"/></net>

<net id="845"><net_src comp="230" pin="0"/><net_sink comp="836" pin=3"/></net>

<net id="852"><net_src comp="50" pin="0"/><net_sink comp="846" pin=0"/></net>

<net id="853"><net_src comp="330" pin="2"/><net_sink comp="846" pin=1"/></net>

<net id="854"><net_src comp="232" pin="0"/><net_sink comp="846" pin=2"/></net>

<net id="855"><net_src comp="234" pin="0"/><net_sink comp="846" pin=3"/></net>

<net id="862"><net_src comp="50" pin="0"/><net_sink comp="856" pin=0"/></net>

<net id="863"><net_src comp="330" pin="2"/><net_sink comp="856" pin=1"/></net>

<net id="864"><net_src comp="236" pin="0"/><net_sink comp="856" pin=2"/></net>

<net id="865"><net_src comp="238" pin="0"/><net_sink comp="856" pin=3"/></net>

<net id="872"><net_src comp="50" pin="0"/><net_sink comp="866" pin=0"/></net>

<net id="873"><net_src comp="330" pin="2"/><net_sink comp="866" pin=1"/></net>

<net id="874"><net_src comp="240" pin="0"/><net_sink comp="866" pin=2"/></net>

<net id="875"><net_src comp="242" pin="0"/><net_sink comp="866" pin=3"/></net>

<net id="882"><net_src comp="50" pin="0"/><net_sink comp="876" pin=0"/></net>

<net id="883"><net_src comp="330" pin="2"/><net_sink comp="876" pin=1"/></net>

<net id="884"><net_src comp="244" pin="0"/><net_sink comp="876" pin=2"/></net>

<net id="885"><net_src comp="246" pin="0"/><net_sink comp="876" pin=3"/></net>

<net id="892"><net_src comp="50" pin="0"/><net_sink comp="886" pin=0"/></net>

<net id="893"><net_src comp="330" pin="2"/><net_sink comp="886" pin=1"/></net>

<net id="894"><net_src comp="248" pin="0"/><net_sink comp="886" pin=2"/></net>

<net id="895"><net_src comp="250" pin="0"/><net_sink comp="886" pin=3"/></net>

<net id="902"><net_src comp="50" pin="0"/><net_sink comp="896" pin=0"/></net>

<net id="903"><net_src comp="330" pin="2"/><net_sink comp="896" pin=1"/></net>

<net id="904"><net_src comp="252" pin="0"/><net_sink comp="896" pin=2"/></net>

<net id="905"><net_src comp="254" pin="0"/><net_sink comp="896" pin=3"/></net>

<net id="912"><net_src comp="50" pin="0"/><net_sink comp="906" pin=0"/></net>

<net id="913"><net_src comp="330" pin="2"/><net_sink comp="906" pin=1"/></net>

<net id="914"><net_src comp="256" pin="0"/><net_sink comp="906" pin=2"/></net>

<net id="915"><net_src comp="258" pin="0"/><net_sink comp="906" pin=3"/></net>

<net id="922"><net_src comp="50" pin="0"/><net_sink comp="916" pin=0"/></net>

<net id="923"><net_src comp="330" pin="2"/><net_sink comp="916" pin=1"/></net>

<net id="924"><net_src comp="260" pin="0"/><net_sink comp="916" pin=2"/></net>

<net id="925"><net_src comp="262" pin="0"/><net_sink comp="916" pin=3"/></net>

<net id="932"><net_src comp="50" pin="0"/><net_sink comp="926" pin=0"/></net>

<net id="933"><net_src comp="330" pin="2"/><net_sink comp="926" pin=1"/></net>

<net id="934"><net_src comp="264" pin="0"/><net_sink comp="926" pin=2"/></net>

<net id="935"><net_src comp="266" pin="0"/><net_sink comp="926" pin=3"/></net>

<net id="942"><net_src comp="50" pin="0"/><net_sink comp="936" pin=0"/></net>

<net id="943"><net_src comp="330" pin="2"/><net_sink comp="936" pin=1"/></net>

<net id="944"><net_src comp="268" pin="0"/><net_sink comp="936" pin=2"/></net>

<net id="945"><net_src comp="270" pin="0"/><net_sink comp="936" pin=3"/></net>

<net id="952"><net_src comp="50" pin="0"/><net_sink comp="946" pin=0"/></net>

<net id="953"><net_src comp="330" pin="2"/><net_sink comp="946" pin=1"/></net>

<net id="954"><net_src comp="272" pin="0"/><net_sink comp="946" pin=2"/></net>

<net id="955"><net_src comp="274" pin="0"/><net_sink comp="946" pin=3"/></net>

<net id="962"><net_src comp="50" pin="0"/><net_sink comp="956" pin=0"/></net>

<net id="963"><net_src comp="330" pin="2"/><net_sink comp="956" pin=1"/></net>

<net id="964"><net_src comp="276" pin="0"/><net_sink comp="956" pin=2"/></net>

<net id="965"><net_src comp="278" pin="0"/><net_sink comp="956" pin=3"/></net>

<net id="972"><net_src comp="50" pin="0"/><net_sink comp="966" pin=0"/></net>

<net id="973"><net_src comp="330" pin="2"/><net_sink comp="966" pin=1"/></net>

<net id="974"><net_src comp="280" pin="0"/><net_sink comp="966" pin=2"/></net>

<net id="975"><net_src comp="282" pin="0"/><net_sink comp="966" pin=3"/></net>

<net id="982"><net_src comp="50" pin="0"/><net_sink comp="976" pin=0"/></net>

<net id="983"><net_src comp="330" pin="2"/><net_sink comp="976" pin=1"/></net>

<net id="984"><net_src comp="284" pin="0"/><net_sink comp="976" pin=2"/></net>

<net id="985"><net_src comp="286" pin="0"/><net_sink comp="976" pin=3"/></net>

<net id="992"><net_src comp="50" pin="0"/><net_sink comp="986" pin=0"/></net>

<net id="993"><net_src comp="330" pin="2"/><net_sink comp="986" pin=1"/></net>

<net id="994"><net_src comp="288" pin="0"/><net_sink comp="986" pin=2"/></net>

<net id="995"><net_src comp="290" pin="0"/><net_sink comp="986" pin=3"/></net>

<net id="1002"><net_src comp="50" pin="0"/><net_sink comp="996" pin=0"/></net>

<net id="1003"><net_src comp="330" pin="2"/><net_sink comp="996" pin=1"/></net>

<net id="1004"><net_src comp="292" pin="0"/><net_sink comp="996" pin=2"/></net>

<net id="1005"><net_src comp="294" pin="0"/><net_sink comp="996" pin=3"/></net>

<net id="1012"><net_src comp="50" pin="0"/><net_sink comp="1006" pin=0"/></net>

<net id="1013"><net_src comp="330" pin="2"/><net_sink comp="1006" pin=1"/></net>

<net id="1014"><net_src comp="296" pin="0"/><net_sink comp="1006" pin=2"/></net>

<net id="1015"><net_src comp="298" pin="0"/><net_sink comp="1006" pin=3"/></net>

<net id="1021"><net_src comp="300" pin="0"/><net_sink comp="1016" pin=0"/></net>

<net id="1027"><net_src comp="300" pin="0"/><net_sink comp="1022" pin=0"/></net>

<net id="1031"><net_src comp="1016" pin="3"/><net_sink comp="1028" pin=0"/></net>

<net id="1035"><net_src comp="1022" pin="3"/><net_sink comp="1032" pin=0"/></net>

<net id="1040"><net_src comp="1032" pin="1"/><net_sink comp="1036" pin=0"/></net>

<net id="1041"><net_src comp="1028" pin="1"/><net_sink comp="1036" pin=1"/></net>

<net id="1047"><net_src comp="300" pin="0"/><net_sink comp="1042" pin=0"/></net>

<net id="1053"><net_src comp="300" pin="0"/><net_sink comp="1048" pin=0"/></net>

<net id="1057"><net_src comp="1042" pin="3"/><net_sink comp="1054" pin=0"/></net>

<net id="1061"><net_src comp="1048" pin="3"/><net_sink comp="1058" pin=0"/></net>

<net id="1066"><net_src comp="1058" pin="1"/><net_sink comp="1062" pin=0"/></net>

<net id="1067"><net_src comp="1054" pin="1"/><net_sink comp="1062" pin=1"/></net>

<net id="1073"><net_src comp="300" pin="0"/><net_sink comp="1068" pin=0"/></net>

<net id="1079"><net_src comp="300" pin="0"/><net_sink comp="1074" pin=0"/></net>

<net id="1083"><net_src comp="1068" pin="3"/><net_sink comp="1080" pin=0"/></net>

<net id="1087"><net_src comp="1074" pin="3"/><net_sink comp="1084" pin=0"/></net>

<net id="1092"><net_src comp="1084" pin="1"/><net_sink comp="1088" pin=0"/></net>

<net id="1093"><net_src comp="1080" pin="1"/><net_sink comp="1088" pin=1"/></net>

<net id="1099"><net_src comp="300" pin="0"/><net_sink comp="1094" pin=0"/></net>

<net id="1105"><net_src comp="300" pin="0"/><net_sink comp="1100" pin=0"/></net>

<net id="1109"><net_src comp="1094" pin="3"/><net_sink comp="1106" pin=0"/></net>

<net id="1113"><net_src comp="1100" pin="3"/><net_sink comp="1110" pin=0"/></net>

<net id="1118"><net_src comp="1110" pin="1"/><net_sink comp="1114" pin=0"/></net>

<net id="1119"><net_src comp="1106" pin="1"/><net_sink comp="1114" pin=1"/></net>

<net id="1125"><net_src comp="300" pin="0"/><net_sink comp="1120" pin=0"/></net>

<net id="1131"><net_src comp="300" pin="0"/><net_sink comp="1126" pin=0"/></net>

<net id="1135"><net_src comp="1120" pin="3"/><net_sink comp="1132" pin=0"/></net>

<net id="1139"><net_src comp="1126" pin="3"/><net_sink comp="1136" pin=0"/></net>

<net id="1144"><net_src comp="1136" pin="1"/><net_sink comp="1140" pin=0"/></net>

<net id="1145"><net_src comp="1132" pin="1"/><net_sink comp="1140" pin=1"/></net>

<net id="1151"><net_src comp="300" pin="0"/><net_sink comp="1146" pin=0"/></net>

<net id="1157"><net_src comp="300" pin="0"/><net_sink comp="1152" pin=0"/></net>

<net id="1161"><net_src comp="1146" pin="3"/><net_sink comp="1158" pin=0"/></net>

<net id="1165"><net_src comp="1152" pin="3"/><net_sink comp="1162" pin=0"/></net>

<net id="1170"><net_src comp="1162" pin="1"/><net_sink comp="1166" pin=0"/></net>

<net id="1171"><net_src comp="1158" pin="1"/><net_sink comp="1166" pin=1"/></net>

<net id="1177"><net_src comp="300" pin="0"/><net_sink comp="1172" pin=0"/></net>

<net id="1183"><net_src comp="300" pin="0"/><net_sink comp="1178" pin=0"/></net>

<net id="1187"><net_src comp="1172" pin="3"/><net_sink comp="1184" pin=0"/></net>

<net id="1191"><net_src comp="1178" pin="3"/><net_sink comp="1188" pin=0"/></net>

<net id="1196"><net_src comp="1188" pin="1"/><net_sink comp="1192" pin=0"/></net>

<net id="1197"><net_src comp="1184" pin="1"/><net_sink comp="1192" pin=1"/></net>

<net id="1203"><net_src comp="300" pin="0"/><net_sink comp="1198" pin=0"/></net>

<net id="1209"><net_src comp="300" pin="0"/><net_sink comp="1204" pin=0"/></net>

<net id="1213"><net_src comp="1198" pin="3"/><net_sink comp="1210" pin=0"/></net>

<net id="1217"><net_src comp="1204" pin="3"/><net_sink comp="1214" pin=0"/></net>

<net id="1222"><net_src comp="1214" pin="1"/><net_sink comp="1218" pin=0"/></net>

<net id="1223"><net_src comp="1210" pin="1"/><net_sink comp="1218" pin=1"/></net>

<net id="1229"><net_src comp="300" pin="0"/><net_sink comp="1224" pin=0"/></net>

<net id="1235"><net_src comp="300" pin="0"/><net_sink comp="1230" pin=0"/></net>

<net id="1239"><net_src comp="1224" pin="3"/><net_sink comp="1236" pin=0"/></net>

<net id="1243"><net_src comp="1230" pin="3"/><net_sink comp="1240" pin=0"/></net>

<net id="1248"><net_src comp="1240" pin="1"/><net_sink comp="1244" pin=0"/></net>

<net id="1249"><net_src comp="1236" pin="1"/><net_sink comp="1244" pin=1"/></net>

<net id="1255"><net_src comp="300" pin="0"/><net_sink comp="1250" pin=0"/></net>

<net id="1261"><net_src comp="300" pin="0"/><net_sink comp="1256" pin=0"/></net>

<net id="1265"><net_src comp="1250" pin="3"/><net_sink comp="1262" pin=0"/></net>

<net id="1269"><net_src comp="1256" pin="3"/><net_sink comp="1266" pin=0"/></net>

<net id="1274"><net_src comp="1266" pin="1"/><net_sink comp="1270" pin=0"/></net>

<net id="1275"><net_src comp="1262" pin="1"/><net_sink comp="1270" pin=1"/></net>

<net id="1281"><net_src comp="300" pin="0"/><net_sink comp="1276" pin=0"/></net>

<net id="1287"><net_src comp="300" pin="0"/><net_sink comp="1282" pin=0"/></net>

<net id="1291"><net_src comp="1276" pin="3"/><net_sink comp="1288" pin=0"/></net>

<net id="1295"><net_src comp="1282" pin="3"/><net_sink comp="1292" pin=0"/></net>

<net id="1300"><net_src comp="1292" pin="1"/><net_sink comp="1296" pin=0"/></net>

<net id="1301"><net_src comp="1288" pin="1"/><net_sink comp="1296" pin=1"/></net>

<net id="1307"><net_src comp="300" pin="0"/><net_sink comp="1302" pin=0"/></net>

<net id="1313"><net_src comp="300" pin="0"/><net_sink comp="1308" pin=0"/></net>

<net id="1317"><net_src comp="1302" pin="3"/><net_sink comp="1314" pin=0"/></net>

<net id="1321"><net_src comp="1308" pin="3"/><net_sink comp="1318" pin=0"/></net>

<net id="1326"><net_src comp="1318" pin="1"/><net_sink comp="1322" pin=0"/></net>

<net id="1327"><net_src comp="1314" pin="1"/><net_sink comp="1322" pin=1"/></net>

<net id="1333"><net_src comp="300" pin="0"/><net_sink comp="1328" pin=0"/></net>

<net id="1339"><net_src comp="300" pin="0"/><net_sink comp="1334" pin=0"/></net>

<net id="1343"><net_src comp="1328" pin="3"/><net_sink comp="1340" pin=0"/></net>

<net id="1347"><net_src comp="1334" pin="3"/><net_sink comp="1344" pin=0"/></net>

<net id="1352"><net_src comp="1344" pin="1"/><net_sink comp="1348" pin=0"/></net>

<net id="1353"><net_src comp="1340" pin="1"/><net_sink comp="1348" pin=1"/></net>

<net id="1359"><net_src comp="300" pin="0"/><net_sink comp="1354" pin=0"/></net>

<net id="1365"><net_src comp="300" pin="0"/><net_sink comp="1360" pin=0"/></net>

<net id="1369"><net_src comp="1354" pin="3"/><net_sink comp="1366" pin=0"/></net>

<net id="1373"><net_src comp="1360" pin="3"/><net_sink comp="1370" pin=0"/></net>

<net id="1378"><net_src comp="1370" pin="1"/><net_sink comp="1374" pin=0"/></net>

<net id="1379"><net_src comp="1366" pin="1"/><net_sink comp="1374" pin=1"/></net>

<net id="1385"><net_src comp="300" pin="0"/><net_sink comp="1380" pin=0"/></net>

<net id="1391"><net_src comp="300" pin="0"/><net_sink comp="1386" pin=0"/></net>

<net id="1395"><net_src comp="1380" pin="3"/><net_sink comp="1392" pin=0"/></net>

<net id="1399"><net_src comp="1386" pin="3"/><net_sink comp="1396" pin=0"/></net>

<net id="1404"><net_src comp="1396" pin="1"/><net_sink comp="1400" pin=0"/></net>

<net id="1405"><net_src comp="1392" pin="1"/><net_sink comp="1400" pin=1"/></net>

<net id="1411"><net_src comp="300" pin="0"/><net_sink comp="1406" pin=0"/></net>

<net id="1417"><net_src comp="300" pin="0"/><net_sink comp="1412" pin=0"/></net>

<net id="1421"><net_src comp="1406" pin="3"/><net_sink comp="1418" pin=0"/></net>

<net id="1425"><net_src comp="1412" pin="3"/><net_sink comp="1422" pin=0"/></net>

<net id="1430"><net_src comp="1422" pin="1"/><net_sink comp="1426" pin=0"/></net>

<net id="1431"><net_src comp="1418" pin="1"/><net_sink comp="1426" pin=1"/></net>

<net id="1435"><net_src comp="1036" pin="2"/><net_sink comp="1432" pin=0"/></net>

<net id="1439"><net_src comp="1062" pin="2"/><net_sink comp="1436" pin=0"/></net>

<net id="1444"><net_src comp="1436" pin="1"/><net_sink comp="1440" pin=0"/></net>

<net id="1445"><net_src comp="1432" pin="1"/><net_sink comp="1440" pin=1"/></net>

<net id="1449"><net_src comp="1088" pin="2"/><net_sink comp="1446" pin=0"/></net>

<net id="1453"><net_src comp="1114" pin="2"/><net_sink comp="1450" pin=0"/></net>

<net id="1458"><net_src comp="1450" pin="1"/><net_sink comp="1454" pin=0"/></net>

<net id="1459"><net_src comp="1446" pin="1"/><net_sink comp="1454" pin=1"/></net>

<net id="1463"><net_src comp="1140" pin="2"/><net_sink comp="1460" pin=0"/></net>

<net id="1467"><net_src comp="1166" pin="2"/><net_sink comp="1464" pin=0"/></net>

<net id="1472"><net_src comp="1464" pin="1"/><net_sink comp="1468" pin=0"/></net>

<net id="1473"><net_src comp="1460" pin="1"/><net_sink comp="1468" pin=1"/></net>

<net id="1477"><net_src comp="1192" pin="2"/><net_sink comp="1474" pin=0"/></net>

<net id="1481"><net_src comp="1218" pin="2"/><net_sink comp="1478" pin=0"/></net>

<net id="1486"><net_src comp="1478" pin="1"/><net_sink comp="1482" pin=0"/></net>

<net id="1487"><net_src comp="1474" pin="1"/><net_sink comp="1482" pin=1"/></net>

<net id="1491"><net_src comp="1244" pin="2"/><net_sink comp="1488" pin=0"/></net>

<net id="1495"><net_src comp="1270" pin="2"/><net_sink comp="1492" pin=0"/></net>

<net id="1500"><net_src comp="1492" pin="1"/><net_sink comp="1496" pin=0"/></net>

<net id="1501"><net_src comp="1488" pin="1"/><net_sink comp="1496" pin=1"/></net>

<net id="1505"><net_src comp="1296" pin="2"/><net_sink comp="1502" pin=0"/></net>

<net id="1509"><net_src comp="1322" pin="2"/><net_sink comp="1506" pin=0"/></net>

<net id="1514"><net_src comp="1506" pin="1"/><net_sink comp="1510" pin=0"/></net>

<net id="1515"><net_src comp="1502" pin="1"/><net_sink comp="1510" pin=1"/></net>

<net id="1519"><net_src comp="1348" pin="2"/><net_sink comp="1516" pin=0"/></net>

<net id="1523"><net_src comp="1374" pin="2"/><net_sink comp="1520" pin=0"/></net>

<net id="1528"><net_src comp="1520" pin="1"/><net_sink comp="1524" pin=0"/></net>

<net id="1529"><net_src comp="1516" pin="1"/><net_sink comp="1524" pin=1"/></net>

<net id="1533"><net_src comp="1400" pin="2"/><net_sink comp="1530" pin=0"/></net>

<net id="1537"><net_src comp="1426" pin="2"/><net_sink comp="1534" pin=0"/></net>

<net id="1542"><net_src comp="1534" pin="1"/><net_sink comp="1538" pin=0"/></net>

<net id="1543"><net_src comp="1530" pin="1"/><net_sink comp="1538" pin=1"/></net>

<net id="1547"><net_src comp="1440" pin="2"/><net_sink comp="1544" pin=0"/></net>

<net id="1551"><net_src comp="1454" pin="2"/><net_sink comp="1548" pin=0"/></net>

<net id="1556"><net_src comp="1548" pin="1"/><net_sink comp="1552" pin=0"/></net>

<net id="1557"><net_src comp="1544" pin="1"/><net_sink comp="1552" pin=1"/></net>

<net id="1561"><net_src comp="1468" pin="2"/><net_sink comp="1558" pin=0"/></net>

<net id="1565"><net_src comp="1482" pin="2"/><net_sink comp="1562" pin=0"/></net>

<net id="1570"><net_src comp="1562" pin="1"/><net_sink comp="1566" pin=0"/></net>

<net id="1571"><net_src comp="1558" pin="1"/><net_sink comp="1566" pin=1"/></net>

<net id="1575"><net_src comp="1496" pin="2"/><net_sink comp="1572" pin=0"/></net>

<net id="1579"><net_src comp="1510" pin="2"/><net_sink comp="1576" pin=0"/></net>

<net id="1584"><net_src comp="1576" pin="1"/><net_sink comp="1580" pin=0"/></net>

<net id="1585"><net_src comp="1572" pin="1"/><net_sink comp="1580" pin=1"/></net>

<net id="1589"><net_src comp="1524" pin="2"/><net_sink comp="1586" pin=0"/></net>

<net id="1593"><net_src comp="1538" pin="2"/><net_sink comp="1590" pin=0"/></net>

<net id="1598"><net_src comp="1590" pin="1"/><net_sink comp="1594" pin=0"/></net>

<net id="1599"><net_src comp="1586" pin="1"/><net_sink comp="1594" pin=1"/></net>

<net id="1610"><net_src comp="1603" pin="1"/><net_sink comp="1606" pin=0"/></net>

<net id="1611"><net_src comp="1600" pin="1"/><net_sink comp="1606" pin=1"/></net>

<net id="1622"><net_src comp="1615" pin="1"/><net_sink comp="1618" pin=0"/></net>

<net id="1623"><net_src comp="1612" pin="1"/><net_sink comp="1618" pin=1"/></net>

<net id="1627"><net_src comp="1606" pin="2"/><net_sink comp="1624" pin=0"/></net>

<net id="1631"><net_src comp="1618" pin="2"/><net_sink comp="1628" pin=0"/></net>

<net id="1636"><net_src comp="1628" pin="1"/><net_sink comp="1632" pin=0"/></net>

<net id="1637"><net_src comp="1624" pin="1"/><net_sink comp="1632" pin=1"/></net>

<net id="1648"><net_src comp="1638" pin="1"/><net_sink comp="1644" pin=0"/></net>

<net id="1649"><net_src comp="1641" pin="1"/><net_sink comp="1644" pin=1"/></net>

<net id="1654"><net_src comp="1644" pin="2"/><net_sink comp="1650" pin=0"/></net>

<net id="1658"><net_src comp="1655" pin="1"/><net_sink comp="335" pin=2"/></net>

<net id="1662"><net_src comp="310" pin="1"/><net_sink comp="1659" pin=0"/></net>

<net id="1663"><net_src comp="1659" pin="1"/><net_sink comp="351" pin=1"/></net>

<net id="1664"><net_src comp="1659" pin="1"/><net_sink comp="1638" pin=0"/></net>

<net id="1665"><net_src comp="1659" pin="1"/><net_sink comp="1650" pin=1"/></net>

<net id="1666"><net_src comp="1659" pin="1"/><net_sink comp="1655" pin=0"/></net>

<net id="1670"><net_src comp="314" pin="1"/><net_sink comp="1667" pin=0"/></net>

<net id="1671"><net_src comp="1667" pin="1"/><net_sink comp="346" pin=1"/></net>

<net id="1672"><net_src comp="1667" pin="1"/><net_sink comp="356" pin=0"/></net>

<net id="1673"><net_src comp="1667" pin="1"/><net_sink comp="371" pin=1"/></net>

<net id="1677"><net_src comp="342" pin="1"/><net_sink comp="1674" pin=0"/></net>

<net id="1678"><net_src comp="1674" pin="1"/><net_sink comp="376" pin=1"/></net>

<net id="1682"><net_src comp="359" pin="2"/><net_sink comp="1679" pin=0"/></net>

<net id="1686"><net_src comp="382" pin="1"/><net_sink comp="1683" pin=0"/></net>

<net id="1687"><net_src comp="1683" pin="1"/><net_sink comp="1016" pin=1"/></net>

<net id="1691"><net_src comp="386" pin="4"/><net_sink comp="1688" pin=0"/></net>

<net id="1692"><net_src comp="1688" pin="1"/><net_sink comp="1016" pin=2"/></net>

<net id="1696"><net_src comp="396" pin="4"/><net_sink comp="1693" pin=0"/></net>

<net id="1697"><net_src comp="1693" pin="1"/><net_sink comp="1022" pin=1"/></net>

<net id="1701"><net_src comp="406" pin="4"/><net_sink comp="1698" pin=0"/></net>

<net id="1702"><net_src comp="1698" pin="1"/><net_sink comp="1022" pin=2"/></net>

<net id="1706"><net_src comp="416" pin="4"/><net_sink comp="1703" pin=0"/></net>

<net id="1707"><net_src comp="1703" pin="1"/><net_sink comp="1042" pin=1"/></net>

<net id="1711"><net_src comp="426" pin="4"/><net_sink comp="1708" pin=0"/></net>

<net id="1712"><net_src comp="1708" pin="1"/><net_sink comp="1042" pin=2"/></net>

<net id="1716"><net_src comp="436" pin="4"/><net_sink comp="1713" pin=0"/></net>

<net id="1717"><net_src comp="1713" pin="1"/><net_sink comp="1048" pin=1"/></net>

<net id="1721"><net_src comp="446" pin="4"/><net_sink comp="1718" pin=0"/></net>

<net id="1722"><net_src comp="1718" pin="1"/><net_sink comp="1048" pin=2"/></net>

<net id="1726"><net_src comp="456" pin="4"/><net_sink comp="1723" pin=0"/></net>

<net id="1727"><net_src comp="1723" pin="1"/><net_sink comp="1068" pin=1"/></net>

<net id="1731"><net_src comp="466" pin="4"/><net_sink comp="1728" pin=0"/></net>

<net id="1732"><net_src comp="1728" pin="1"/><net_sink comp="1068" pin=2"/></net>

<net id="1736"><net_src comp="476" pin="4"/><net_sink comp="1733" pin=0"/></net>

<net id="1737"><net_src comp="1733" pin="1"/><net_sink comp="1074" pin=1"/></net>

<net id="1741"><net_src comp="486" pin="4"/><net_sink comp="1738" pin=0"/></net>

<net id="1742"><net_src comp="1738" pin="1"/><net_sink comp="1074" pin=2"/></net>

<net id="1746"><net_src comp="496" pin="4"/><net_sink comp="1743" pin=0"/></net>

<net id="1747"><net_src comp="1743" pin="1"/><net_sink comp="1094" pin=1"/></net>

<net id="1751"><net_src comp="506" pin="4"/><net_sink comp="1748" pin=0"/></net>

<net id="1752"><net_src comp="1748" pin="1"/><net_sink comp="1094" pin=2"/></net>

<net id="1756"><net_src comp="516" pin="4"/><net_sink comp="1753" pin=0"/></net>

<net id="1757"><net_src comp="1753" pin="1"/><net_sink comp="1100" pin=1"/></net>

<net id="1761"><net_src comp="526" pin="4"/><net_sink comp="1758" pin=0"/></net>

<net id="1762"><net_src comp="1758" pin="1"/><net_sink comp="1100" pin=2"/></net>

<net id="1766"><net_src comp="536" pin="4"/><net_sink comp="1763" pin=0"/></net>

<net id="1767"><net_src comp="1763" pin="1"/><net_sink comp="1120" pin=1"/></net>

<net id="1771"><net_src comp="546" pin="4"/><net_sink comp="1768" pin=0"/></net>

<net id="1772"><net_src comp="1768" pin="1"/><net_sink comp="1120" pin=2"/></net>

<net id="1776"><net_src comp="556" pin="4"/><net_sink comp="1773" pin=0"/></net>

<net id="1777"><net_src comp="1773" pin="1"/><net_sink comp="1126" pin=1"/></net>

<net id="1781"><net_src comp="566" pin="4"/><net_sink comp="1778" pin=0"/></net>

<net id="1782"><net_src comp="1778" pin="1"/><net_sink comp="1126" pin=2"/></net>

<net id="1786"><net_src comp="576" pin="4"/><net_sink comp="1783" pin=0"/></net>

<net id="1787"><net_src comp="1783" pin="1"/><net_sink comp="1146" pin=1"/></net>

<net id="1791"><net_src comp="586" pin="4"/><net_sink comp="1788" pin=0"/></net>

<net id="1792"><net_src comp="1788" pin="1"/><net_sink comp="1146" pin=2"/></net>

<net id="1796"><net_src comp="596" pin="4"/><net_sink comp="1793" pin=0"/></net>

<net id="1797"><net_src comp="1793" pin="1"/><net_sink comp="1152" pin=1"/></net>

<net id="1801"><net_src comp="606" pin="4"/><net_sink comp="1798" pin=0"/></net>

<net id="1802"><net_src comp="1798" pin="1"/><net_sink comp="1152" pin=2"/></net>

<net id="1806"><net_src comp="616" pin="4"/><net_sink comp="1803" pin=0"/></net>

<net id="1807"><net_src comp="1803" pin="1"/><net_sink comp="1172" pin=1"/></net>

<net id="1811"><net_src comp="626" pin="4"/><net_sink comp="1808" pin=0"/></net>

<net id="1812"><net_src comp="1808" pin="1"/><net_sink comp="1172" pin=2"/></net>

<net id="1816"><net_src comp="636" pin="4"/><net_sink comp="1813" pin=0"/></net>

<net id="1817"><net_src comp="1813" pin="1"/><net_sink comp="1178" pin=1"/></net>

<net id="1821"><net_src comp="646" pin="4"/><net_sink comp="1818" pin=0"/></net>

<net id="1822"><net_src comp="1818" pin="1"/><net_sink comp="1178" pin=2"/></net>

<net id="1826"><net_src comp="656" pin="4"/><net_sink comp="1823" pin=0"/></net>

<net id="1827"><net_src comp="1823" pin="1"/><net_sink comp="1198" pin=1"/></net>

<net id="1831"><net_src comp="666" pin="4"/><net_sink comp="1828" pin=0"/></net>

<net id="1832"><net_src comp="1828" pin="1"/><net_sink comp="1198" pin=2"/></net>

<net id="1836"><net_src comp="676" pin="4"/><net_sink comp="1833" pin=0"/></net>

<net id="1837"><net_src comp="1833" pin="1"/><net_sink comp="1204" pin=1"/></net>

<net id="1841"><net_src comp="686" pin="4"/><net_sink comp="1838" pin=0"/></net>

<net id="1842"><net_src comp="1838" pin="1"/><net_sink comp="1204" pin=2"/></net>

<net id="1846"><net_src comp="696" pin="4"/><net_sink comp="1843" pin=0"/></net>

<net id="1847"><net_src comp="1843" pin="1"/><net_sink comp="1224" pin=1"/></net>

<net id="1851"><net_src comp="706" pin="4"/><net_sink comp="1848" pin=0"/></net>

<net id="1852"><net_src comp="1848" pin="1"/><net_sink comp="1224" pin=2"/></net>

<net id="1856"><net_src comp="716" pin="4"/><net_sink comp="1853" pin=0"/></net>

<net id="1857"><net_src comp="1853" pin="1"/><net_sink comp="1230" pin=1"/></net>

<net id="1861"><net_src comp="726" pin="4"/><net_sink comp="1858" pin=0"/></net>

<net id="1862"><net_src comp="1858" pin="1"/><net_sink comp="1230" pin=2"/></net>

<net id="1866"><net_src comp="736" pin="4"/><net_sink comp="1863" pin=0"/></net>

<net id="1867"><net_src comp="1863" pin="1"/><net_sink comp="1250" pin=1"/></net>

<net id="1871"><net_src comp="746" pin="4"/><net_sink comp="1868" pin=0"/></net>

<net id="1872"><net_src comp="1868" pin="1"/><net_sink comp="1250" pin=2"/></net>

<net id="1876"><net_src comp="756" pin="4"/><net_sink comp="1873" pin=0"/></net>

<net id="1877"><net_src comp="1873" pin="1"/><net_sink comp="1256" pin=1"/></net>

<net id="1881"><net_src comp="766" pin="4"/><net_sink comp="1878" pin=0"/></net>

<net id="1882"><net_src comp="1878" pin="1"/><net_sink comp="1256" pin=2"/></net>

<net id="1886"><net_src comp="776" pin="4"/><net_sink comp="1883" pin=0"/></net>

<net id="1887"><net_src comp="1883" pin="1"/><net_sink comp="1276" pin=1"/></net>

<net id="1891"><net_src comp="786" pin="4"/><net_sink comp="1888" pin=0"/></net>

<net id="1892"><net_src comp="1888" pin="1"/><net_sink comp="1276" pin=2"/></net>

<net id="1896"><net_src comp="796" pin="4"/><net_sink comp="1893" pin=0"/></net>

<net id="1897"><net_src comp="1893" pin="1"/><net_sink comp="1282" pin=1"/></net>

<net id="1901"><net_src comp="806" pin="4"/><net_sink comp="1898" pin=0"/></net>

<net id="1902"><net_src comp="1898" pin="1"/><net_sink comp="1282" pin=2"/></net>

<net id="1906"><net_src comp="816" pin="4"/><net_sink comp="1903" pin=0"/></net>

<net id="1907"><net_src comp="1903" pin="1"/><net_sink comp="1302" pin=1"/></net>

<net id="1911"><net_src comp="826" pin="4"/><net_sink comp="1908" pin=0"/></net>

<net id="1912"><net_src comp="1908" pin="1"/><net_sink comp="1302" pin=2"/></net>

<net id="1916"><net_src comp="836" pin="4"/><net_sink comp="1913" pin=0"/></net>

<net id="1917"><net_src comp="1913" pin="1"/><net_sink comp="1308" pin=1"/></net>

<net id="1921"><net_src comp="846" pin="4"/><net_sink comp="1918" pin=0"/></net>

<net id="1922"><net_src comp="1918" pin="1"/><net_sink comp="1308" pin=2"/></net>

<net id="1926"><net_src comp="856" pin="4"/><net_sink comp="1923" pin=0"/></net>

<net id="1927"><net_src comp="1923" pin="1"/><net_sink comp="1328" pin=1"/></net>

<net id="1931"><net_src comp="866" pin="4"/><net_sink comp="1928" pin=0"/></net>

<net id="1932"><net_src comp="1928" pin="1"/><net_sink comp="1328" pin=2"/></net>

<net id="1936"><net_src comp="876" pin="4"/><net_sink comp="1933" pin=0"/></net>

<net id="1937"><net_src comp="1933" pin="1"/><net_sink comp="1334" pin=1"/></net>

<net id="1941"><net_src comp="886" pin="4"/><net_sink comp="1938" pin=0"/></net>

<net id="1942"><net_src comp="1938" pin="1"/><net_sink comp="1334" pin=2"/></net>

<net id="1946"><net_src comp="896" pin="4"/><net_sink comp="1943" pin=0"/></net>

<net id="1947"><net_src comp="1943" pin="1"/><net_sink comp="1354" pin=1"/></net>

<net id="1951"><net_src comp="906" pin="4"/><net_sink comp="1948" pin=0"/></net>

<net id="1952"><net_src comp="1948" pin="1"/><net_sink comp="1354" pin=2"/></net>

<net id="1956"><net_src comp="916" pin="4"/><net_sink comp="1953" pin=0"/></net>

<net id="1957"><net_src comp="1953" pin="1"/><net_sink comp="1360" pin=1"/></net>

<net id="1961"><net_src comp="926" pin="4"/><net_sink comp="1958" pin=0"/></net>

<net id="1962"><net_src comp="1958" pin="1"/><net_sink comp="1360" pin=2"/></net>

<net id="1966"><net_src comp="936" pin="4"/><net_sink comp="1963" pin=0"/></net>

<net id="1967"><net_src comp="1963" pin="1"/><net_sink comp="1380" pin=1"/></net>

<net id="1971"><net_src comp="946" pin="4"/><net_sink comp="1968" pin=0"/></net>

<net id="1972"><net_src comp="1968" pin="1"/><net_sink comp="1380" pin=2"/></net>

<net id="1976"><net_src comp="956" pin="4"/><net_sink comp="1973" pin=0"/></net>

<net id="1977"><net_src comp="1973" pin="1"/><net_sink comp="1386" pin=1"/></net>

<net id="1981"><net_src comp="966" pin="4"/><net_sink comp="1978" pin=0"/></net>

<net id="1982"><net_src comp="1978" pin="1"/><net_sink comp="1386" pin=2"/></net>

<net id="1986"><net_src comp="976" pin="4"/><net_sink comp="1983" pin=0"/></net>

<net id="1987"><net_src comp="1983" pin="1"/><net_sink comp="1406" pin=1"/></net>

<net id="1991"><net_src comp="986" pin="4"/><net_sink comp="1988" pin=0"/></net>

<net id="1992"><net_src comp="1988" pin="1"/><net_sink comp="1406" pin=2"/></net>

<net id="1996"><net_src comp="996" pin="4"/><net_sink comp="1993" pin=0"/></net>

<net id="1997"><net_src comp="1993" pin="1"/><net_sink comp="1412" pin=1"/></net>

<net id="2001"><net_src comp="1006" pin="4"/><net_sink comp="1998" pin=0"/></net>

<net id="2002"><net_src comp="1998" pin="1"/><net_sink comp="1412" pin=2"/></net>

<net id="2006"><net_src comp="1552" pin="2"/><net_sink comp="2003" pin=0"/></net>

<net id="2007"><net_src comp="2003" pin="1"/><net_sink comp="1600" pin=0"/></net>

<net id="2011"><net_src comp="1566" pin="2"/><net_sink comp="2008" pin=0"/></net>

<net id="2012"><net_src comp="2008" pin="1"/><net_sink comp="1603" pin=0"/></net>

<net id="2016"><net_src comp="1580" pin="2"/><net_sink comp="2013" pin=0"/></net>

<net id="2017"><net_src comp="2013" pin="1"/><net_sink comp="1612" pin=0"/></net>

<net id="2021"><net_src comp="1594" pin="2"/><net_sink comp="2018" pin=0"/></net>

<net id="2022"><net_src comp="2018" pin="1"/><net_sink comp="1615" pin=0"/></net>

<net id="2026"><net_src comp="1632" pin="2"/><net_sink comp="2023" pin=0"/></net>

<net id="2027"><net_src comp="2023" pin="1"/><net_sink comp="1641" pin=0"/></net>

</net_list>

</model> 
---------------- Datapath Model END ------------------

* FSMD analyzer results:
  - Output states:
	Port: gmem0 | {}
	Port: sum_V_2_out | {4 }
 - Input state : 
	Port: process_tcp_checksum_Pipeline_vec_word_loop : gmem0 | {2 }
	Port: process_tcp_checksum_Pipeline_vec_word_loop : sext_ln670 | {1 }
	Port: process_tcp_checksum_Pipeline_vec_word_loop : vec_words | {1 }
  - Chain level:
	State 1
		store_ln0 : 1
		store_ln0 : 1
		w_1 : 1
		icmp_ln670 : 2
		add_ln670 : 2
		br_ln670 : 3
		store_ln670 : 3
	State 2
		packed_V : 1
		empty_27 : 1
		p_1 : 1
		p_s : 1
		p_2 : 1
		p_3 : 1
		p_4 : 1
		p_5 : 1
		p_6 : 1
		p_7 : 1
		p_8 : 1
		p_9 : 1
		p_10 : 1
		p_11 : 1
		p_12 : 1
		p_13 : 1
		p_14 : 1
		p_15 : 1
		p_16 : 1
		p_17 : 1
		p_18 : 1
		p_19 : 1
		p_20 : 1
		p_21 : 1
		p_22 : 1
		p_23 : 1
		p_24 : 1
		p_25 : 1
		p_26 : 1
		p_27 : 1
		p_28 : 1
		p_29 : 1
		p_30 : 1
		p_31 : 1
		p_32 : 1
		p_33 : 1
		p_34 : 1
		p_35 : 1
		p_36 : 1
		p_37 : 1
		p_38 : 1
		p_39 : 1
		p_40 : 1
		p_41 : 1
		p_42 : 1
		p_43 : 1
		p_44 : 1
		p_45 : 1
		p_46 : 1
		p_47 : 1
		p_48 : 1
		p_49 : 1
		p_50 : 1
		p_51 : 1
		p_52 : 1
		p_53 : 1
		p_54 : 1
		p_55 : 1
		p_56 : 1
		p_57 : 1
		p_58 : 1
		p_59 : 1
		p_60 : 1
		p_61 : 1
		p_62 : 1
	State 3
		zext_ln232 : 1
		zext_ln232_1 : 1
		lvl1_V : 2
		zext_ln232_2 : 1
		zext_ln232_3 : 1
		lvl1_V_1 : 2
		zext_ln232_4 : 1
		zext_ln232_5 : 1
		lvl1_V_2 : 2
		zext_ln232_6 : 1
		zext_ln232_7 : 1
		lvl1_V_3 : 2
		zext_ln232_8 : 1
		zext_ln232_9 : 1
		lvl1_V_4 : 2
		zext_ln232_10 : 1
		zext_ln232_11 : 1
		lvl1_V_5 : 2
		zext_ln232_12 : 1
		zext_ln232_13 : 1
		lvl1_V_6 : 2
		zext_ln232_14 : 1
		zext_ln232_15 : 1
		lvl1_V_7 : 2
		zext_ln232_16 : 1
		zext_ln232_17 : 1
		lvl1_V_8 : 2
		zext_ln232_18 : 1
		zext_ln232_19 : 1
		lvl1_V_9 : 2
		zext_ln232_20 : 1
		zext_ln232_21 : 1
		lvl1_V_10 : 2
		zext_ln232_22 : 1
		zext_ln232_23 : 1
		lvl1_V_11 : 2
		zext_ln232_24 : 1
		zext_ln232_25 : 1
		lvl1_V_12 : 2
		zext_ln232_26 : 1
		zext_ln232_27 : 1
		lvl1_V_13 : 2
		zext_ln232_28 : 1
		zext_ln232_29 : 1
		lvl1_V_14 : 2
		zext_ln232_30 : 1
		zext_ln232_31 : 1
		lvl1_V_15 : 2
		zext_ln232_32 : 3
		zext_ln232_33 : 3
		add_ln232 : 4
		zext_ln232_34 : 3
		zext_ln232_35 : 3
		add_ln232_1 : 4
		zext_ln232_36 : 3
		zext_ln232_37 : 3
		add_ln232_2 : 4
		zext_ln232_38 : 3
		zext_ln232_39 : 3
		add_ln232_3 : 4
		zext_ln232_40 : 3
		zext_ln232_41 : 3
		add_ln232_4 : 4
		zext_ln232_42 : 3
		zext_ln232_43 : 3
		add_ln232_5 : 4
		zext_ln232_44 : 3
		zext_ln232_45 : 3
		add_ln232_6 : 4
		zext_ln232_46 : 3
		zext_ln232_47 : 3
		add_ln232_7 : 4
		zext_ln232_48 : 5
		zext_ln232_49 : 5
		add_ln232_8 : 6
		zext_ln232_50 : 5
		zext_ln232_51 : 5
		add_ln232_9 : 6
		zext_ln232_52 : 5
		zext_ln232_53 : 5
		add_ln232_10 : 6
		zext_ln232_54 : 5
		zext_ln232_55 : 5
		add_ln232_11 : 6
	State 4
		add_ln232_12 : 1
		add_ln232_13 : 1
		zext_ln232_60 : 2
		zext_ln886 : 2
		add_ln886 : 3
		write_ln0 : 1
	State 5
		sum_V : 1
		store_ln670 : 2


============================================================
+ Verbose Summary: Datapath Resource usage 
============================================================

* Functional unit list:
|----------|-----------------------------|---------|---------|
| Operation|       Functional Unit       |    FF   |   LUT   |
|----------|-----------------------------|---------|---------|
|          |       add_ln670_fu_365      |    0    |    33   |
|          |        lvl1_V_fu_1036       |    0    |    23   |
|          |       lvl1_V_1_fu_1062      |    0    |    23   |
|          |       lvl1_V_2_fu_1088      |    0    |    23   |
|          |       lvl1_V_3_fu_1114      |    0    |    23   |
|          |       lvl1_V_4_fu_1140      |    0    |    23   |
|          |       lvl1_V_5_fu_1166      |    0    |    23   |
|          |       lvl1_V_6_fu_1192      |    0    |    23   |
|          |       lvl1_V_7_fu_1218      |    0    |    23   |
|          |       lvl1_V_8_fu_1244      |    0    |    23   |
|          |       lvl1_V_9_fu_1270      |    0    |    23   |
|          |      lvl1_V_10_fu_1296      |    0    |    23   |
|          |      lvl1_V_11_fu_1322      |    0    |    23   |
|          |      lvl1_V_12_fu_1348      |    0    |    23   |
|          |      lvl1_V_13_fu_1374      |    0    |    23   |
|          |      lvl1_V_14_fu_1400      |    0    |    23   |
|    add   |      lvl1_V_15_fu_1426      |    0    |    23   |
|          |      add_ln232_fu_1440      |    0    |    24   |
|          |     add_ln232_1_fu_1454     |    0    |    24   |
|          |     add_ln232_2_fu_1468     |    0    |    24   |
|          |     add_ln232_3_fu_1482     |    0    |    24   |
|          |     add_ln232_4_fu_1496     |    0    |    24   |
|          |     add_ln232_5_fu_1510     |    0    |    24   |
|          |     add_ln232_6_fu_1524     |    0    |    24   |
|          |     add_ln232_7_fu_1538     |    0    |    24   |
|          |     add_ln232_8_fu_1552     |    0    |    25   |
|          |     add_ln232_9_fu_1566     |    0    |    25   |
|          |     add_ln232_10_fu_1580    |    0    |    25   |
|          |     add_ln232_11_fu_1594    |    0    |    25   |
|          |     add_ln232_12_fu_1606    |    0    |    26   |
|          |     add_ln232_13_fu_1618    |    0    |    26   |
|          |      add_ln886_fu_1632      |    0    |    27   |
|          |        sum_V_fu_1644        |    0    |    54   |
|----------|-----------------------------|---------|---------|
|   icmp   |      icmp_ln670_fu_359      |    0    |    17   |
|----------|-----------------------------|---------|---------|
|          |  vec_words_read_read_fu_318 |    0    |    0    |
|   read   | sext_ln670_read_read_fu_324 |    0    |    0    |
|          |     packed_V_read_fu_330    |    0    |    0    |
|----------|-----------------------------|---------|---------|
|   write  |    write_ln0_write_fu_335   |    0    |    0    |
|----------|-----------------------------|---------|---------|
|   sext   |    sext_ln670_cast_fu_342   |    0    |    0    |
|----------|-----------------------------|---------|---------|
|   trunc  |       empty_27_fu_382       |    0    |    0    |
|----------|-----------------------------|---------|---------|
|          |          p_1_fu_386         |    0    |    0    |
|          |          p_s_fu_396         |    0    |    0    |
|          |          p_2_fu_406         |    0    |    0    |
|          |          p_3_fu_416         |    0    |    0    |
|          |          p_4_fu_426         |    0    |    0    |
|          |          p_5_fu_436         |    0    |    0    |
|          |          p_6_fu_446         |    0    |    0    |
|          |          p_7_fu_456         |    0    |    0    |
|          |          p_8_fu_466         |    0    |    0    |
|          |          p_9_fu_476         |    0    |    0    |
|          |         p_10_fu_486         |    0    |    0    |
|          |         p_11_fu_496         |    0    |    0    |
|          |         p_12_fu_506         |    0    |    0    |
|          |         p_13_fu_516         |    0    |    0    |
|          |         p_14_fu_526         |    0    |    0    |
|          |         p_15_fu_536         |    0    |    0    |
|          |         p_16_fu_546         |    0    |    0    |
|          |         p_17_fu_556         |    0    |    0    |
|          |         p_18_fu_566         |    0    |    0    |
|          |         p_19_fu_576         |    0    |    0    |
|          |         p_20_fu_586         |    0    |    0    |
|          |         p_21_fu_596         |    0    |    0    |
|          |         p_22_fu_606         |    0    |    0    |
|          |         p_23_fu_616         |    0    |    0    |
|          |         p_24_fu_626         |    0    |    0    |
|          |         p_25_fu_636         |    0    |    0    |
|          |         p_26_fu_646         |    0    |    0    |
|          |         p_27_fu_656         |    0    |    0    |
|          |         p_28_fu_666         |    0    |    0    |
|          |         p_29_fu_676         |    0    |    0    |
|          |         p_30_fu_686         |    0    |    0    |
|partselect|         p_31_fu_696         |    0    |    0    |
|          |         p_32_fu_706         |    0    |    0    |
|          |         p_33_fu_716         |    0    |    0    |
|          |         p_34_fu_726         |    0    |    0    |
|          |         p_35_fu_736         |    0    |    0    |
|          |         p_36_fu_746         |    0    |    0    |
|          |         p_37_fu_756         |    0    |    0    |
|          |         p_38_fu_766         |    0    |    0    |
|          |         p_39_fu_776         |    0    |    0    |
|          |         p_40_fu_786         |    0    |    0    |
|          |         p_41_fu_796         |    0    |    0    |
|          |         p_42_fu_806         |    0    |    0    |
|          |         p_43_fu_816         |    0    |    0    |
|          |         p_44_fu_826         |    0    |    0    |
|          |         p_45_fu_836         |    0    |    0    |
|          |         p_46_fu_846         |    0    |    0    |
|          |         p_47_fu_856         |    0    |    0    |
|          |         p_48_fu_866         |    0    |    0    |
|          |         p_49_fu_876         |    0    |    0    |
|          |         p_50_fu_886         |    0    |    0    |
|          |         p_51_fu_896         |    0    |    0    |
|          |         p_52_fu_906         |    0    |    0    |
|          |         p_53_fu_916         |    0    |    0    |
|          |         p_54_fu_926         |    0    |    0    |
|          |         p_55_fu_936         |    0    |    0    |
|          |         p_56_fu_946         |    0    |    0    |
|          |         p_57_fu_956         |    0    |    0    |
|          |         p_58_fu_966         |    0    |    0    |
|          |         p_59_fu_976         |    0    |    0    |
|          |         p_60_fu_986         |    0    |    0    |
|          |         p_61_fu_996         |    0    |    0    |
|          |         p_62_fu_1006        |    0    |    0    |
|----------|-----------------------------|---------|---------|
|          |        ret_V_fu_1016        |    0    |    0    |
|          |       ret_V_1_fu_1022       |    0    |    0    |
|          |       ret_V_2_fu_1042       |    0    |    0    |
|          |       ret_V_3_fu_1048       |    0    |    0    |
|          |       ret_V_4_fu_1068       |    0    |    0    |
|          |       ret_V_5_fu_1074       |    0    |    0    |
|          |       ret_V_6_fu_1094       |    0    |    0    |
|          |       ret_V_7_fu_1100       |    0    |    0    |
|          |       ret_V_8_fu_1120       |    0    |    0    |
|          |       ret_V_9_fu_1126       |    0    |    0    |
|          |       ret_V_10_fu_1146      |    0    |    0    |
|          |       ret_V_11_fu_1152      |    0    |    0    |
|          |       ret_V_12_fu_1172      |    0    |    0    |
|          |       ret_V_13_fu_1178      |    0    |    0    |
|          |       ret_V_14_fu_1198      |    0    |    0    |
|bitconcatenate|       ret_V_15_fu_1204      |    0    |    0    |
|          |       ret_V_16_fu_1224      |    0    |    0    |
|          |       ret_V_17_fu_1230      |    0    |    0    |
|          |       ret_V_18_fu_1250      |    0    |    0    |
|          |       ret_V_19_fu_1256      |    0    |    0    |
|          |       ret_V_20_fu_1276      |    0    |    0    |
|          |       ret_V_21_fu_1282      |    0    |    0    |
|          |       ret_V_22_fu_1302      |    0    |    0    |
|          |       ret_V_23_fu_1308      |    0    |    0    |
|          |       ret_V_24_fu_1328      |    0    |    0    |
|          |       ret_V_25_fu_1334      |    0    |    0    |
|          |       ret_V_26_fu_1354      |    0    |    0    |
|          |       ret_V_27_fu_1360      |    0    |    0    |
|          |       ret_V_28_fu_1380      |    0    |    0    |
|          |       ret_V_29_fu_1386      |    0    |    0    |
|          |       ret_V_30_fu_1406      |    0    |    0    |
|          |       ret_V_31_fu_1412      |    0    |    0    |
|----------|-----------------------------|---------|---------|
|          |      zext_ln232_fu_1028     |    0    |    0    |
|          |     zext_ln232_1_fu_1032    |    0    |    0    |
|          |     zext_ln232_2_fu_1054    |    0    |    0    |
|          |     zext_ln232_3_fu_1058    |    0    |    0    |
|          |     zext_ln232_4_fu_1080    |    0    |    0    |
|          |     zext_ln232_5_fu_1084    |    0    |    0    |
|          |     zext_ln232_6_fu_1106    |    0    |    0    |
|          |     zext_ln232_7_fu_1110    |    0    |    0    |
|          |     zext_ln232_8_fu_1132    |    0    |    0    |
|          |     zext_ln232_9_fu_1136    |    0    |    0    |
|          |    zext_ln232_10_fu_1158    |    0    |    0    |
|          |    zext_ln232_11_fu_1162    |    0    |    0    |
|          |    zext_ln232_12_fu_1184    |    0    |    0    |
|          |    zext_ln232_13_fu_1188    |    0    |    0    |
|          |    zext_ln232_14_fu_1210    |    0    |    0    |
|          |    zext_ln232_15_fu_1214    |    0    |    0    |
|          |    zext_ln232_16_fu_1236    |    0    |    0    |
|          |    zext_ln232_17_fu_1240    |    0    |    0    |
|          |    zext_ln232_18_fu_1262    |    0    |    0    |
|          |    zext_ln232_19_fu_1266    |    0    |    0    |
|          |    zext_ln232_20_fu_1288    |    0    |    0    |
|          |    zext_ln232_21_fu_1292    |    0    |    0    |
|          |    zext_ln232_22_fu_1314    |    0    |    0    |
|          |    zext_ln232_23_fu_1318    |    0    |    0    |
|          |    zext_ln232_24_fu_1340    |    0    |    0    |
|          |    zext_ln232_25_fu_1344    |    0    |    0    |
|          |    zext_ln232_26_fu_1366    |    0    |    0    |
|          |    zext_ln232_27_fu_1370    |    0    |    0    |
|          |    zext_ln232_28_fu_1392    |    0    |    0    |
|          |    zext_ln232_29_fu_1396    |    0    |    0    |
|          |    zext_ln232_30_fu_1418    |    0    |    0    |
|   zext   |    zext_ln232_31_fu_1422    |    0    |    0    |
|          |    zext_ln232_32_fu_1432    |    0    |    0    |
|          |    zext_ln232_33_fu_1436    |    0    |    0    |
|          |    zext_ln232_34_fu_1446    |    0    |    0    |
|          |    zext_ln232_35_fu_1450    |    0    |    0    |
|          |    zext_ln232_36_fu_1460    |    0    |    0    |
|          |    zext_ln232_37_fu_1464    |    0    |    0    |
|          |    zext_ln232_38_fu_1474    |    0    |    0    |
|          |    zext_ln232_39_fu_1478    |    0    |    0    |
|          |    zext_ln232_40_fu_1488    |    0    |    0    |
|          |    zext_ln232_41_fu_1492    |    0    |    0    |
|          |    zext_ln232_42_fu_1502    |    0    |    0    |
|          |    zext_ln232_43_fu_1506    |    0    |    0    |
|          |    zext_ln232_44_fu_1516    |    0    |    0    |
|          |    zext_ln232_45_fu_1520    |    0    |    0    |
|          |    zext_ln232_46_fu_1530    |    0    |    0    |
|          |    zext_ln232_47_fu_1534    |    0    |    0    |
|          |    zext_ln232_48_fu_1544    |    0    |    0    |
|          |    zext_ln232_49_fu_1548    |    0    |    0    |
|          |    zext_ln232_50_fu_1558    |    0    |    0    |
|          |    zext_ln232_51_fu_1562    |    0    |    0    |
|          |    zext_ln232_52_fu_1572    |    0    |    0    |
|          |    zext_ln232_53_fu_1576    |    0    |    0    |
|          |    zext_ln232_54_fu_1586    |    0    |    0    |
|          |    zext_ln232_55_fu_1590    |    0    |    0    |
|          |    zext_ln232_56_fu_1600    |    0    |    0    |
|          |    zext_ln232_57_fu_1603    |    0    |    0    |
|          |    zext_ln232_58_fu_1612    |    0    |    0    |
|          |    zext_ln232_59_fu_1615    |    0    |    0    |
|          |    zext_ln232_60_fu_1624    |    0    |    0    |
|          |      zext_ln886_fu_1628     |    0    |    0    |
|          |     zext_ln886_1_fu_1641    |    0    |    0    |
|----------|-----------------------------|---------|---------|
|   Total  |                             |    0    |   843   |
|----------|-----------------------------|---------|---------|

Memories:
N/A

* Register list:
+------------------------+--------+
|                        |   FF   |
+------------------------+--------+
|  add_ln232_10_reg_2013 |   19   |
|  add_ln232_11_reg_2018 |   19   |
|  add_ln232_8_reg_2003  |   19   |
|  add_ln232_9_reg_2008  |   19   |
|   add_ln886_reg_2023   |   21   |
|    empty_27_reg_1683   |    8   |
|   icmp_ln670_reg_1679  |    1   |
|      p_10_reg_1738     |    8   |
|      p_11_reg_1743     |    8   |
|      p_12_reg_1748     |    8   |
|      p_13_reg_1753     |    8   |
|      p_14_reg_1758     |    8   |
|      p_15_reg_1763     |    8   |
|      p_16_reg_1768     |    8   |
|      p_17_reg_1773     |    8   |
|      p_18_reg_1778     |    8   |
|      p_19_reg_1783     |    8   |
|      p_1_reg_1688      |    8   |
|      p_20_reg_1788     |    8   |
|      p_21_reg_1793     |    8   |
|      p_22_reg_1798     |    8   |
|      p_23_reg_1803     |    8   |
|      p_24_reg_1808     |    8   |
|      p_25_reg_1813     |    8   |
|      p_26_reg_1818     |    8   |
|      p_27_reg_1823     |    8   |
|      p_28_reg_1828     |    8   |
|      p_29_reg_1833     |    8   |
|      p_2_reg_1698      |    8   |
|      p_30_reg_1838     |    8   |
|      p_31_reg_1843     |    8   |
|      p_32_reg_1848     |    8   |
|      p_33_reg_1853     |    8   |
|      p_34_reg_1858     |    8   |
|      p_35_reg_1863     |    8   |
|      p_36_reg_1868     |    8   |
|      p_37_reg_1873     |    8   |
|      p_38_reg_1878     |    8   |
|      p_39_reg_1883     |    8   |
|      p_3_reg_1703      |    8   |
|      p_40_reg_1888     |    8   |
|      p_41_reg_1893     |    8   |
|      p_42_reg_1898     |    8   |
|      p_43_reg_1903     |    8   |
|      p_44_reg_1908     |    8   |
|      p_45_reg_1913     |    8   |
|      p_46_reg_1918     |    8   |
|      p_47_reg_1923     |    8   |
|      p_48_reg_1928     |    8   |
|      p_49_reg_1933     |    8   |
|      p_4_reg_1708      |    8   |
|      p_50_reg_1938     |    8   |
|      p_51_reg_1943     |    8   |
|      p_52_reg_1948     |    8   |
|      p_53_reg_1953     |    8   |
|      p_54_reg_1958     |    8   |
|      p_55_reg_1963     |    8   |
|      p_56_reg_1968     |    8   |
|      p_57_reg_1973     |    8   |
|      p_58_reg_1978     |    8   |
|      p_59_reg_1983     |    8   |
|      p_5_reg_1713      |    8   |
|      p_60_reg_1988     |    8   |
|      p_61_reg_1993     |    8   |
|      p_62_reg_1998     |    8   |
|      p_6_reg_1718      |    8   |
|      p_7_reg_1723      |    8   |
|      p_8_reg_1728      |    8   |
|      p_9_reg_1733      |    8   |
|      p_s_reg_1693      |    8   |
|sext_ln670_cast_reg_1674|   64   |
|    sum_V_2_reg_1659    |   47   |
|       w_reg_1667       |   26   |
+------------------------+--------+
|          Total         |   747  |
+------------------------+--------+

* Multiplexer (MUX) list: 
|--------|------|------|------|--------|
|  Comp  |  Pin | Size |  BW  | S x BW |
|--------|------|------|------|--------|
|  Total |      |      |      |    0   |
|--------|------|------|------|--------|



* Summary:
+-----------+--------+--------+
|           |   FF   |   LUT  |
+-----------+--------+--------+
|  Function |    0   |   843  |
|   Memory  |    -   |    -   |
|Multiplexer|    -   |    -   |
|  Register |   747  |    -   |
+-----------+--------+--------+
|   Total   |   747  |   843  |
+-----------+--------+--------+
