

================================================================
== Vitis HLS Report for 'process_tcp_checksum'
================================================================
* Date:           Thu Apr  2 18:18:22 2026

* Version:        2022.1 (Build 3526262 on Mon Apr 18 15:47:01 MDT 2022)
* Project:        calculate_tcp_checksum
* Solution:       solution (Vitis Kernel Flow Target)
* Product family: virtexuplus
* Target device:  xcu280-fsvh2892-2L-e


================================================================
== Performance Estimates
================================================================
+ Timing: 
    * Summary: 
    +--------+---------+----------+------------+
    |  Clock |  Target | Estimated| Uncertainty|
    +--------+---------+----------+------------+
    |ap_clk  |  3.33 ns|  2.433 ns|     0.90 ns|
    +--------+---------+----------+------------+

+ Latency: 
    * Summary: 
    +---------+---------+----------+----------+-----+-----+---------+
    |  Latency (cycles) |  Latency (absolute) |  Interval | Pipeline|
    |   min   |   max   |    min   |    max   | min | max |   Type  |
    +---------+---------+----------+----------+-----+-----+---------+
    |        ?|        ?|         ?|         ?|    ?|    ?|       no|
    +---------+---------+----------+----------+-----+-----+---------+

    + Detail: 
        * Instance: 
        +---------------------------------------------------------+----------------------------------------------+---------+---------+-----------+----------+-----+-----+---------+
        |                                                         |                                              |  Latency (cycles) |  Latency (absolute)  |  Interval | Pipeline|
        |                         Instance                        |                    Module                    |   min   |   max   |    min    |    max   | min | max |   Type  |
        +---------------------------------------------------------+----------------------------------------------+---------+---------+-----------+----------+-----+-----+---------+
        |grp_process_tcp_checksum_Pipeline_word_loop_fu_283       |process_tcp_checksum_Pipeline_word_loop       |        ?|        ?|          ?|         ?|    ?|    ?|       no|
        |grp_process_tcp_checksum_Pipeline_vec_word_loop_fu_294   |process_tcp_checksum_Pipeline_vec_word_loop   |        6|        ?|  19.998 ns|         ?|    6|    ?|       no|
        |grp_process_tcp_checksum_Pipeline_tail_word_loop_fu_303  |process_tcp_checksum_Pipeline_tail_word_loop  |        ?|        ?|          ?|         ?|    ?|    ?|       no|
        +---------------------------------------------------------+----------------------------------------------+---------+---------+-----------+----------+-----+-----+---------+

        * Loop: 
        +------------------+---------+---------+----------+-----------+-----------+------+----------+
        |                  |  Latency (cycles) | Iteration|  Initiation Interval  | Trip |          |
        |     Loop Name    |   min   |   max   |  Latency |  achieved |   target  | Count| Pipelined|
        +------------------+---------+---------+----------+-----------+-----------+------+----------+
        |- tcp_chunk_loop  |        ?|        ?|         ?|          -|          -|     ?|        no|
        +------------------+---------+---------+----------+-----------+-----------+------+----------+



================================================================
== Utilization Estimates
================================================================
* Summary: 
+---------------------+---------+------+---------+---------+-----+
|         Name        | BRAM_18K|  DSP |    FF   |   LUT   | URAM|
+---------------------+---------+------+---------+---------+-----+
|DSP                  |        -|     -|        -|        -|    -|
|Expression           |        -|     -|        0|     7786|    -|
|FIFO                 |        -|     -|        -|        -|    -|
|Instance             |        -|     -|     3860|    11056|    -|
|Memory               |        -|     -|        -|        -|    -|
|Multiplexer          |        -|     -|        -|     2039|    -|
|Register             |        -|     -|     2897|        -|    -|
+---------------------+---------+------+---------+---------+-----+
|Total                |        0|     0|     6757|    20881|    0|
+---------------------+---------+------+---------+---------+-----+
|Available SLR        |     1344|  3008|   869120|   434560|  320|
+---------------------+---------+------+---------+---------+-----+
|Utilization SLR (%)  |        0|     0|       ~0|        4|    0|
+---------------------+---------+------+---------+---------+-----+
|Available            |     4032|  9024|  2607360|  1303680|  960|
+---------------------+---------+------+---------+---------+-----+
|Utilization (%)      |        0|     0|       ~0|        1|    0|
+---------------------+---------+------+---------+---------+-----+

+ Detail: 
    * Instance: 
    +---------------------------------------------------------+----------------------------------------------+---------+----+------+------+-----+
    |                         Instance                        |                    Module                    | BRAM_18K| DSP|  FF  |  LUT | URAM|
    +---------------------------------------------------------+----------------------------------------------+---------+----+------+------+-----+
    |grp_process_tcp_checksum_Pipeline_tail_word_loop_fu_303  |process_tcp_checksum_Pipeline_tail_word_loop  |        0|   0|  1558|  4874|    0|
    |grp_process_tcp_checksum_Pipeline_vec_word_loop_fu_294   |process_tcp_checksum_Pipeline_vec_word_loop   |        0|   0|   756|   966|    0|
    |grp_process_tcp_checksum_Pipeline_word_loop_fu_283       |process_tcp_checksum_Pipeline_word_loop       |        0|   0|  1546|  5216|    0|
    +---------------------------------------------------------+----------------------------------------------+---------+----+------+------+-----+
    |Total                                                    |                                              |        0|   0|  3860| 11056|    0|
    +---------------------------------------------------------+----------------------------------------------+---------+----+------+------+-----+

    * DSP: 
    N/A

    * Memory: 
    N/A

    * FIFO: 
    N/A

    * Expression: 
    +-------------------------+----------+----+---+------+------------+------------+
    |      Variable Name      | Operation| DSP| FF|  LUT | Bitwidth P0| Bitwidth P1|
    +-------------------------+----------+----+---+------+------------+------------+
    |add_ln1543_1_fu_820_p2   |         +|   0|  0|    23|          16|          16|
    |add_ln1543_fu_788_p2     |         +|   0|  0|    23|          16|          16|
    |add_ln630_fu_595_p2      |         +|   0|  0|    23|          16|          16|
    |add_ln652_1_fu_522_p2    |         +|   0|  0|    71|          64|          64|
    |add_ln652_2_fu_538_p2    |         +|   0|  0|    13|           6|           6|
    |add_ln723_1_fu_677_p2    |         +|   0|  0|    39|          32|          32|
    |add_ln735_1_fu_692_p2    |         +|   0|  0|    71|          64|          64|
    |add_ln735_2_fu_707_p2    |         +|   0|  0|    13|           6|           6|
    |add_ln735_fu_684_p2      |         +|   0|  0|    71|          64|          64|
    |add_ln758_1_fu_446_p2    |         +|   0|  0|    71|          64|          64|
    |add_ln758_fu_456_p2      |         +|   0|  0|    39|          32|           1|
    |add_ln761_fu_480_p2      |         +|   0|  0|    71|          64|          64|
    |add_ln774_1_fu_913_p2    |         +|   0|  0|    13|           6|           6|
    |add_ln774_fu_908_p2      |         +|   0|  0|    71|          64|          64|
    |add_ln955_1_fu_865_p2    |         +|   0|  0|     2|           2|           2|
    |add_ln955_2_fu_871_p2    |         +|   0|  0|     2|           2|           2|
    |add_ln955_fu_881_p2      |         +|   0|  0|    23|          16|          16|
    |folded_V_2_fu_782_p2     |         +|   0|  0|    24|          17|          17|
    |folded_V_3_fu_814_p2     |         +|   0|  0|    24|          17|          17|
    |folded_V_4_fu_842_p2     |         +|   0|  0|    24|          17|          17|
    |folded_V_fu_639_p2       |         +|   0|  0|    23|          16|          16|
    |grp_fu_317_p2            |         +|   0|  0|    71|          64|          64|
    |sub136_i_fu_373_p2       |         +|   0|  0|    39|          32|           2|
    |sum_V_7_fu_754_p2        |         +|   0|  0|    39|          32|          32|
    |sum_V_fu_617_p2          |         +|   0|  0|    24|          17|          17|
    |tmp_4_fu_589_p2          |         +|   0|  0|    24|          17|          17|
    |tail_bytes_fu_363_p2     |         -|   0|  0|    39|          32|          32|
    |cmp_i211268_fu_383_p2    |      icmp|   0|  0|    17|          26|           1|
    |icmp39_fu_415_p2         |      icmp|   0|  0|    19|          31|           1|
    |icmp_fu_399_p2           |      icmp|   0|  0|    19|          31|           1|
    |icmp_ln650_fu_505_p2     |      icmp|   0|  0|    20|          32|          32|
    |icmp_ln758_fu_451_p2     |      icmp|   0|  0|    20|          32|          32|
    |vector_blocks_fu_331_p2  |      icmp|   0|  0|    10|           6|           1|
    |lshr_ln652_fu_565_p2     |      lshr|   0|  0|  2171|         512|         512|
    |lshr_ln735_fu_733_p2     |      lshr|   0|  0|  2171|         512|         512|
    |shl_ln774_1_fu_966_p2    |       shl|   0|  0|  2171|         512|         512|
    |shl_ln774_fu_949_p2      |       shl|   0|  0|   182|           4|          64|
    |checksum_V_fu_936_p2     |       xor|   0|  0|    16|          16|           2|
    +-------------------------+----------+----+---+------+------------+------------+
    |Total                    |          |   0|  0|  7786|        2509|        2404|
    +-------------------------+----------+----+---+------+------------+------------+

    * Multiplexer: 
    +------------------------------------------+------+-----------+-----+-----------+
    |                   Name                   |  LUT | Input Size| Bits| Total Bits|
    +------------------------------------------+------+-----------+-----+-----------+
    |ap_NS_fsm                                 |  1595|        301|    1|        301|
    |ap_phi_mux_sum_V_4_phi_fu_246_p4          |     9|          2|   47|         94|
    |ap_phi_mux_sum_i13_1_lcssa_phi_fu_257_p4  |     9|          2|   32|         64|
    |c_fu_116                                  |     9|          2|   32|         64|
    |checksum_0_in_reg_274                     |     9|          2|   16|         32|
    |chunk_offset_fu_112                       |     9|          2|   64|        128|
    |gmem0_blk_n_AR                            |     9|          2|    1|          2|
    |gmem0_blk_n_AW                            |     9|          2|    1|          2|
    |gmem0_blk_n_B                             |     9|          2|    1|          2|
    |gmem0_blk_n_R                             |     9|          2|    1|          2|
    |gmem0_blk_n_W                             |     9|          2|    1|          2|
    |i_0_i_lcssa_reg_221                       |     9|          2|   32|         64|
    |m_axi_gmem0_ARADDR                        |    37|          7|   64|        448|
    |m_axi_gmem0_ARBURST                       |    20|          4|    2|          8|
    |m_axi_gmem0_ARCACHE                       |    20|          4|    4|         16|
    |m_axi_gmem0_ARID                          |    20|          4|    1|          4|
    |m_axi_gmem0_ARLEN                         |    31|          6|   32|        192|
    |m_axi_gmem0_ARLOCK                        |    20|          4|    2|          8|
    |m_axi_gmem0_ARPROT                        |    20|          4|    3|         12|
    |m_axi_gmem0_ARQOS                         |    20|          4|    4|         16|
    |m_axi_gmem0_ARREGION                      |    20|          4|    4|         16|
    |m_axi_gmem0_ARSIZE                        |    20|          4|    3|         12|
    |m_axi_gmem0_ARUSER                        |    20|          4|    1|          4|
    |m_axi_gmem0_ARVALID                       |    26|          5|    1|          5|
    |m_axi_gmem0_RREADY                        |    26|          5|    1|          5|
    |sum_V_4_reg_242                           |     9|          2|   47|         94|
    |sum_V_6_reg_232                           |     9|          2|   17|         34|
    |sum_V_9_reg_264                           |     9|          2|   32|         64|
    |sum_i13_1_lcssa_reg_254                   |     9|          2|   32|         64|
    |sum_i_0_lcssa_reg_209                     |     9|          2|   17|         34|
    +------------------------------------------+------+-----------+-----+-----------+
    |Total                                     |  2039|        392|  496|       1793|
    +------------------------------------------+------+-----------+-----+-----------+

    * Register: 
    +----------------------------------------------------------------------+-----+----+-----+-----------+
    |                                 Name                                 |  FF | LUT| Bits| Const Bits|
    +----------------------------------------------------------------------+-----+----+-----+-----------+
    |add_ln1543_reg_1225                                                   |   16|   0|   16|          0|
    |add_ln652_2_reg_1153                                                  |    6|   0|    6|          0|
    |add_ln735_2_reg_1204                                                  |    6|   0|    6|          0|
    |add_ln758_1_reg_1115                                                  |   64|   0|   64|          0|
    |add_ln758_reg_1123                                                    |   32|   0|   32|          0|
    |add_ln774_1_reg_1250                                                  |    6|   0|    6|          0|
    |ap_CS_fsm                                                             |  300|   0|  300|          0|
    |c_fu_116                                                              |   32|   0|   32|          0|
    |checksum_0_in_reg_274                                                 |   16|   0|   16|          0|
    |chunk_offset_fu_112                                                   |   64|   0|   64|          0|
    |cmp_i211268_reg_1087                                                  |    1|   0|    1|          0|
    |conv2_reg_1053                                                        |   32|   0|   64|         32|
    |empty_28_reg_1078                                                     |    1|   0|    1|          0|
    |gmem0_addr_3_read_reg_1164                                            |  512|   0|  512|          0|
    |gmem0_addr_4_read_reg_1215                                            |  512|   0|  512|          0|
    |grp_process_tcp_checksum_Pipeline_tail_word_loop_fu_303_ap_start_reg  |    1|   0|    1|          0|
    |grp_process_tcp_checksum_Pipeline_vec_word_loop_fu_294_ap_start_reg   |    1|   0|    1|          0|
    |grp_process_tcp_checksum_Pipeline_word_loop_fu_283_ap_start_reg       |    1|   0|    1|          0|
    |i_0_i_lcssa_reg_221                                                   |   32|   0|   32|          0|
    |icmp39_reg_1095                                                       |    1|   0|    1|          0|
    |icmp_reg_1091                                                         |    1|   0|    1|          0|
    |idxprom137_i_reg_1082                                                 |   32|   0|   64|         32|
    |r_V_2_reg_1230                                                        |    1|   0|    1|          0|
    |r_V_3_reg_1235                                                        |    1|   0|    1|          0|
    |reg_321                                                               |   64|   0|   64|          0|
    |ret_V_33_loc_fu_128                                                   |   16|   0|   16|          0|
    |shl_ln774_1_reg_1266                                                  |  512|   0|  512|          0|
    |shl_ln774_reg_1261                                                    |   64|   0|   64|          0|
    |sum_V_1_loc_fu_124                                                    |   17|   0|   17|          0|
    |sum_V_4_reg_242                                                       |   47|   0|   47|          0|
    |sum_V_6_reg_232                                                       |   17|   0|   17|          0|
    |sum_V_7_loc_fu_132                                                    |   32|   0|   32|          0|
    |sum_V_9_reg_264                                                       |   32|   0|   32|          0|
    |sum_i13_1_lcssa_reg_254                                               |   32|   0|   32|          0|
    |sum_i_0_lcssa_reg_209                                                 |   17|   0|   17|          0|
    |tail_bytes_reg_1073                                                   |   32|   0|   32|          0|
    |tail_offset_reg_1068                                                  |   26|   0|   32|          6|
    |tmp_9_reg_1240                                                        |    1|   0|    1|          0|
    |trunc_ln1715_reg_1169                                                 |    8|   0|    8|          0|
    |trunc_ln645_reg_1128                                                  |    6|   0|    6|          0|
    |trunc_ln652_2_reg_1148                                                |   58|   0|   58|          0|
    |trunc_ln727_reg_1194                                                  |    6|   0|    6|          0|
    |trunc_ln735_1_reg_1199                                                |   58|   0|   58|          0|
    |trunc_ln735_reg_1104                                                  |    6|   0|    6|          0|
    |trunc_ln774_reg_1099                                                  |    6|   0|    6|          0|
    |trunc_ln9_reg_1256                                                    |   58|   0|   58|          0|
    |trunc_ln_reg_1133                                                     |   58|   0|   58|          0|
    |vec_words_1_reg_1063                                                  |   26|   0|   32|          6|
    |vec_words_reg_1058                                                    |   26|   0|   26|          0|
    |vector_blocks_reg_1049                                                |    1|   0|    1|          0|
    +----------------------------------------------------------------------+-----+----+-----+-----------+
    |Total                                                                 | 2897|   0| 2973|         76|
    +----------------------------------------------------------------------+-----+----+-----+-----------+



================================================================
== Interface
================================================================
* Summary: 
+----------------------+-----+-----+------------+----------------------+--------------+
|       RTL Ports      | Dir | Bits|  Protocol  |     Source Object    |    C Type    |
+----------------------+-----+-----+------------+----------------------+--------------+
|ap_clk                |   in|    1|  ap_ctrl_hs|  process_tcp_checksum|  return value|
|ap_rst                |   in|    1|  ap_ctrl_hs|  process_tcp_checksum|  return value|
|ap_start              |   in|    1|  ap_ctrl_hs|  process_tcp_checksum|  return value|
|ap_done               |  out|    1|  ap_ctrl_hs|  process_tcp_checksum|  return value|
|ap_idle               |  out|    1|  ap_ctrl_hs|  process_tcp_checksum|  return value|
|ap_ready              |  out|    1|  ap_ctrl_hs|  process_tcp_checksum|  return value|
|m_axi_gmem0_AWVALID   |  out|    1|       m_axi|                 gmem0|       pointer|
|m_axi_gmem0_AWREADY   |   in|    1|       m_axi|                 gmem0|       pointer|
|m_axi_gmem0_AWADDR    |  out|   64|       m_axi|                 gmem0|       pointer|
|m_axi_gmem0_AWID      |  out|    1|       m_axi|                 gmem0|       pointer|
|m_axi_gmem0_AWLEN     |  out|   32|       m_axi|                 gmem0|       pointer|
|m_axi_gmem0_AWSIZE    |  out|    3|       m_axi|                 gmem0|       pointer|
|m_axi_gmem0_AWBURST   |  out|    2|       m_axi|                 gmem0|       pointer|
|m_axi_gmem0_AWLOCK    |  out|    2|       m_axi|                 gmem0|       pointer|
|m_axi_gmem0_AWCACHE   |  out|    4|       m_axi|                 gmem0|       pointer|
|m_axi_gmem0_AWPROT    |  out|    3|       m_axi|                 gmem0|       pointer|
|m_axi_gmem0_AWQOS     |  out|    4|       m_axi|                 gmem0|       pointer|
|m_axi_gmem0_AWREGION  |  out|    4|       m_axi|                 gmem0|       pointer|
|m_axi_gmem0_AWUSER    |  out|    1|       m_axi|                 gmem0|       pointer|
|m_axi_gmem0_WVALID    |  out|    1|       m_axi|                 gmem0|       pointer|
|m_axi_gmem0_WREADY    |   in|    1|       m_axi|                 gmem0|       pointer|
|m_axi_gmem0_WDATA     |  out|  512|       m_axi|                 gmem0|       pointer|
|m_axi_gmem0_WSTRB     |  out|   64|       m_axi|                 gmem0|       pointer|
|m_axi_gmem0_WLAST     |  out|    1|       m_axi|                 gmem0|       pointer|
|m_axi_gmem0_WID       |  out|    1|       m_axi|                 gmem0|       pointer|
|m_axi_gmem0_WUSER     |  out|    1|       m_axi|                 gmem0|       pointer|
|m_axi_gmem0_ARVALID   |  out|    1|       m_axi|                 gmem0|       pointer|
|m_axi_gmem0_ARREADY   |   in|    1|       m_axi|                 gmem0|       pointer|
|m_axi_gmem0_ARADDR    |  out|   64|       m_axi|                 gmem0|       pointer|
|m_axi_gmem0_ARID      |  out|    1|       m_axi|                 gmem0|       pointer|
|m_axi_gmem0_ARLEN     |  out|   32|       m_axi|                 gmem0|       pointer|
|m_axi_gmem0_ARSIZE    |  out|    3|       m_axi|                 gmem0|       pointer|
|m_axi_gmem0_ARBURST   |  out|    2|       m_axi|                 gmem0|       pointer|
|m_axi_gmem0_ARLOCK    |  out|    2|       m_axi|                 gmem0|       pointer|
|m_axi_gmem0_ARCACHE   |  out|    4|       m_axi|                 gmem0|       pointer|
|m_axi_gmem0_ARPROT    |  out|    3|       m_axi|                 gmem0|       pointer|
|m_axi_gmem0_ARQOS     |  out|    4|       m_axi|                 gmem0|       pointer|
|m_axi_gmem0_ARREGION  |  out|    4|       m_axi|                 gmem0|       pointer|
|m_axi_gmem0_ARUSER    |  out|    1|       m_axi|                 gmem0|       pointer|
|m_axi_gmem0_RVALID    |   in|    1|       m_axi|                 gmem0|       pointer|
|m_axi_gmem0_RREADY    |  out|    1|       m_axi|                 gmem0|       pointer|
|m_axi_gmem0_RDATA     |   in|  512|       m_axi|                 gmem0|       pointer|
|m_axi_gmem0_RLAST     |   in|    1|       m_axi|                 gmem0|       pointer|
|m_axi_gmem0_RID       |   in|    1|       m_axi|                 gmem0|       pointer|
|m_axi_gmem0_RFIFONUM  |   in|    9|       m_axi|                 gmem0|       pointer|
|m_axi_gmem0_RUSER     |   in|    1|       m_axi|                 gmem0|       pointer|
|m_axi_gmem0_RRESP     |   in|    2|       m_axi|                 gmem0|       pointer|
|m_axi_gmem0_BVALID    |   in|    1|       m_axi|                 gmem0|       pointer|
|m_axi_gmem0_BREADY    |  out|    1|       m_axi|                 gmem0|       pointer|
|m_axi_gmem0_BRESP     |   in|    2|       m_axi|                 gmem0|       pointer|
|m_axi_gmem0_BID       |   in|    1|       m_axi|                 gmem0|       pointer|
|m_axi_gmem0_BUSER     |   in|    1|       m_axi|                 gmem0|       pointer|
|data_in               |   in|   64|     ap_none|               data_in|        scalar|
|crc_out               |   in|   64|     ap_none|               crc_out|        scalar|
|numChunks             |   in|   32|     ap_none|             numChunks|        scalar|
|chunkSize             |   in|   32|     ap_none|             chunkSize|        scalar|
+----------------------+-----+-----+------------+----------------------+--------------+

============================================================
+ Verbose Summary: Synthesis Manager
============================================================
InlineROM: 1
ExposeGlobal: 0
============================================================
+ Verbose Summary: CDFG Model
============================================================
IsTopModel: 0
ResetActiveHigh: 1
IsCombinational: 2
IsDatapathOnly: 2
HasWiredReturn: 1
HasMFsm: 0
HasVarLatency: 1
IsPipeline: 0
IsRtlPipelined: 0
IsInstanceOverlapped: 0
IsDontTouch: 0
HasImplIP: 0
IsGatedGlobalClock: 0


============================================================
+ Verbose Summary: Schedule
============================================================
* Number of FSM states : 300
* Pipeline : 0
* Dataflow Pipeline: 0

* FSM state transitions: 
1 --> 2 
2 --> 3 6 81 153 
3 --> 4 
4 --> 5 
5 --> 6 
6 --> 7 80 
7 --> 8 
8 --> 9 
9 --> 10 
10 --> 11 
11 --> 12 
12 --> 13 
13 --> 14 
14 --> 15 
15 --> 16 
16 --> 17 
17 --> 18 
18 --> 19 
19 --> 20 
20 --> 21 
21 --> 22 
22 --> 23 
23 --> 24 
24 --> 25 
25 --> 26 
26 --> 27 
27 --> 28 
28 --> 29 
29 --> 30 
30 --> 31 
31 --> 32 
32 --> 33 
33 --> 34 
34 --> 35 
35 --> 36 
36 --> 37 
37 --> 38 
38 --> 39 
39 --> 40 
40 --> 41 
41 --> 42 
42 --> 43 
43 --> 44 
44 --> 45 
45 --> 46 
46 --> 47 
47 --> 48 
48 --> 49 
49 --> 50 
50 --> 51 
51 --> 52 
52 --> 53 
53 --> 54 
54 --> 55 
55 --> 56 
56 --> 57 
57 --> 58 
58 --> 59 
59 --> 60 
60 --> 61 
61 --> 62 
62 --> 63 
63 --> 64 
64 --> 65 
65 --> 66 
66 --> 67 
67 --> 68 
68 --> 69 
69 --> 70 
70 --> 71 
71 --> 72 
72 --> 73 
73 --> 74 
74 --> 75 
75 --> 76 
76 --> 77 
77 --> 78 
78 --> 79 
79 --> 80 
80 --> 230 
81 --> 82 
82 --> 83 
83 --> 84 
84 --> 85 
85 --> 86 
86 --> 87 
87 --> 88 
88 --> 89 
89 --> 90 
90 --> 91 
91 --> 92 
92 --> 93 
93 --> 94 
94 --> 95 
95 --> 96 
96 --> 97 
97 --> 98 
98 --> 99 
99 --> 100 
100 --> 101 
101 --> 102 
102 --> 103 
103 --> 104 
104 --> 105 
105 --> 106 
106 --> 107 
107 --> 108 
108 --> 109 
109 --> 110 
110 --> 111 
111 --> 112 
112 --> 113 
113 --> 114 
114 --> 115 
115 --> 116 
116 --> 117 
117 --> 118 
118 --> 119 
119 --> 120 
120 --> 121 
121 --> 122 
122 --> 123 
123 --> 124 
124 --> 125 
125 --> 126 
126 --> 127 
127 --> 128 
128 --> 129 
129 --> 130 
130 --> 131 
131 --> 132 
132 --> 133 
133 --> 134 
134 --> 135 
135 --> 136 
136 --> 137 
137 --> 138 
138 --> 139 
139 --> 140 
140 --> 141 
141 --> 142 
142 --> 143 
143 --> 144 
144 --> 145 
145 --> 146 
146 --> 147 
147 --> 148 
148 --> 149 
149 --> 150 
150 --> 151 
151 --> 152 
152 --> 153 
153 --> 154 156 
154 --> 155 
155 --> 156 
156 --> 157 229 
157 --> 158 
158 --> 159 
159 --> 160 
160 --> 161 
161 --> 162 
162 --> 163 
163 --> 164 
164 --> 165 
165 --> 166 
166 --> 167 
167 --> 168 
168 --> 169 
169 --> 170 
170 --> 171 
171 --> 172 
172 --> 173 
173 --> 174 
174 --> 175 
175 --> 176 
176 --> 177 
177 --> 178 
178 --> 179 
179 --> 180 
180 --> 181 
181 --> 182 
182 --> 183 
183 --> 184 
184 --> 185 
185 --> 186 
186 --> 187 
187 --> 188 
188 --> 189 
189 --> 190 
190 --> 191 
191 --> 192 
192 --> 193 
193 --> 194 
194 --> 195 
195 --> 196 
196 --> 197 
197 --> 198 
198 --> 199 
199 --> 200 
200 --> 201 
201 --> 202 
202 --> 203 
203 --> 204 
204 --> 205 
205 --> 206 
206 --> 207 
207 --> 208 
208 --> 209 
209 --> 210 
210 --> 211 
211 --> 212 
212 --> 213 
213 --> 214 
214 --> 215 
215 --> 216 
216 --> 217 
217 --> 218 
218 --> 219 
219 --> 220 
220 --> 221 
221 --> 222 
222 --> 223 
223 --> 224 
224 --> 225 
225 --> 226 
226 --> 227 
227 --> 228 
228 --> 229 
229 --> 230 
230 --> 231 
231 --> 232 
232 --> 233 
233 --> 234 
234 --> 235 
235 --> 236 
236 --> 237 
237 --> 238 
238 --> 239 
239 --> 240 
240 --> 241 
241 --> 242 
242 --> 243 
243 --> 244 
244 --> 245 
245 --> 246 
246 --> 247 
247 --> 248 
248 --> 249 
249 --> 250 
250 --> 251 
251 --> 252 
252 --> 253 
253 --> 254 
254 --> 255 
255 --> 256 
256 --> 257 
257 --> 258 
258 --> 259 
259 --> 260 
260 --> 261 
261 --> 262 
262 --> 263 
263 --> 264 
264 --> 265 
265 --> 266 
266 --> 267 
267 --> 268 
268 --> 269 
269 --> 270 
270 --> 271 
271 --> 272 
272 --> 273 
273 --> 274 
274 --> 275 
275 --> 276 
276 --> 277 
277 --> 278 
278 --> 279 
279 --> 280 
280 --> 281 
281 --> 282 
282 --> 283 
283 --> 284 
284 --> 285 
285 --> 286 
286 --> 287 
287 --> 288 
288 --> 289 
289 --> 290 
290 --> 291 
291 --> 292 
292 --> 293 
293 --> 294 
294 --> 295 
295 --> 296 
296 --> 297 
297 --> 298 
298 --> 299 
299 --> 300 
300 --> 2 

* FSM state operations: 

State 1 <SV = 0> <Delay = 1.72>
ST_1 : Operation 301 [1/1] (0.00ns)   --->   "%chunk_offset = alloca i32 1"   --->   Operation 301 'alloca' 'chunk_offset' <Predicate = true> <Delay = 0.00>
ST_1 : Operation 302 [1/1] (0.00ns)   --->   "%c = alloca i32 1"   --->   Operation 302 'alloca' 'c' <Predicate = true> <Delay = 0.00>
ST_1 : Operation 303 [1/1] (0.00ns)   --->   "%chunkSize_read = read i32 @_ssdm_op_Read.ap_auto.i32, i32 %chunkSize"   --->   Operation 303 'read' 'chunkSize_read' <Predicate = true> <Delay = 0.00>
ST_1 : Operation 304 [1/1] (0.00ns)   --->   "%numChunks_read = read i32 @_ssdm_op_Read.ap_auto.i32, i32 %numChunks"   --->   Operation 304 'read' 'numChunks_read' <Predicate = true> <Delay = 0.00>
ST_1 : Operation 305 [1/1] (0.00ns)   --->   "%crc_out_read = read i64 @_ssdm_op_Read.ap_auto.i64, i64 %crc_out"   --->   Operation 305 'read' 'crc_out_read' <Predicate = true> <Delay = 0.00>
ST_1 : Operation 306 [1/1] (0.00ns)   --->   "%data_in_read = read i64 @_ssdm_op_Read.ap_auto.i64, i64 %data_in"   --->   Operation 306 'read' 'data_in_read' <Predicate = true> <Delay = 0.00>
ST_1 : Operation 307 [1/1] (0.00ns)   --->   "%i_1_loc = alloca i64 1"   --->   Operation 307 'alloca' 'i_1_loc' <Predicate = true> <Delay = 0.00>
ST_1 : Operation 308 [1/1] (0.00ns)   --->   "%sum_V_1_loc = alloca i64 1"   --->   Operation 308 'alloca' 'sum_V_1_loc' <Predicate = true> <Delay = 0.00>
ST_1 : Operation 309 [1/1] (0.00ns)   --->   "%ret_V_33_loc = alloca i64 1"   --->   Operation 309 'alloca' 'ret_V_33_loc' <Predicate = true> <Delay = 0.00>
ST_1 : Operation 310 [1/1] (0.00ns)   --->   "%sum_V_7_loc = alloca i64 1"   --->   Operation 310 'alloca' 'sum_V_7_loc' <Predicate = true> <Delay = 0.00>
ST_1 : Operation 311 [1/1] (0.00ns)   --->   "%sum_V_2_loc = alloca i64 1"   --->   Operation 311 'alloca' 'sum_V_2_loc' <Predicate = true> <Delay = 0.00>
ST_1 : Operation 312 [1/1] (0.00ns)   --->   "%empty = trunc i32 %chunkSize_read"   --->   Operation 312 'trunc' 'empty' <Predicate = true> <Delay = 0.00>
ST_1 : Operation 313 [1/1] (0.00ns)   --->   "%specinterface_ln0 = specinterface void @_ssdm_op_SpecInterface, i512 %gmem0, void @empty_4, i32 0, i32 0, void @empty_5, i32 64, i32 1024, void @empty_6, void @empty_7, void @empty_5, i32 16, i32 16, i32 16, i32 16, void @empty_5, void @empty_5, i32 4294967295, i32 0"   --->   Operation 313 'specinterface' 'specinterface_ln0' <Predicate = true> <Delay = 0.00>
ST_1 : Operation 314 [1/1] (0.61ns)   --->   "%vector_blocks = icmp_eq  i6 %empty, i6 0" [/home/efrink/mled/split_cu/U280_CRC_Accelerator/src/kernel.cpp:755]   --->   Operation 314 'icmp' 'vector_blocks' <Predicate = true> <Delay = 0.61> <CoreInst = "Cmp">   --->   Core 9 'Cmp' <Latency = 0> <II = 1> <Delay = 0.61> <FuncUnit> <Opcode : 'icmp'> <InPorts = 2> <OutPorts = 1>
ST_1 : Operation 315 [1/1] (0.00ns)   --->   "%conv2 = zext i32 %chunkSize_read"   --->   Operation 315 'zext' 'conv2' <Predicate = true> <Delay = 0.00>
ST_1 : Operation 316 [1/1] (0.00ns)   --->   "%vec_words = partselect i26 @_ssdm_op_PartSelect.i26.i32.i32.i32, i32 %chunkSize_read, i32 6, i32 31"   --->   Operation 316 'partselect' 'vec_words' <Predicate = true> <Delay = 0.00>
ST_1 : Operation 317 [1/1] (0.00ns)   --->   "%vec_words_1 = zext i26 %vec_words"   --->   Operation 317 'zext' 'vec_words_1' <Predicate = true> <Delay = 0.00>
ST_1 : Operation 318 [1/1] (0.00ns)   --->   "%tail_offset = bitconcatenate i32 @_ssdm_op_BitConcatenate.i32.i26.i6, i26 %vec_words, i6 0"   --->   Operation 318 'bitconcatenate' 'tail_offset' <Predicate = true> <Delay = 0.00>
ST_1 : Operation 319 [1/1] (0.88ns)   --->   "%tail_bytes = sub i32 %chunkSize_read, i32 %tail_offset"   --->   Operation 319 'sub' 'tail_bytes' <Predicate = true> <Delay = 0.88> <CoreInst = "Adder">   --->   Core 1 'Adder' <Latency = 0> <II = 1> <Delay = 0.88> <FuncUnit> <Opcode : 'add' 'sub'> <InPorts = 2> <OutPorts = 1>
ST_1 : Operation 320 [1/1] (0.00ns)   --->   "%empty_28 = trunc i32 %tail_bytes"   --->   Operation 320 'trunc' 'empty_28' <Predicate = true> <Delay = 0.00>
ST_1 : Operation 321 [1/1] (0.88ns)   --->   "%sub136_i = add i32 %chunkSize_read, i32 4294967295"   --->   Operation 321 'add' 'sub136_i' <Predicate = true> <Delay = 0.88> <CoreInst = "Adder">   --->   Core 1 'Adder' <Latency = 0> <II = 1> <Delay = 0.88> <FuncUnit> <Opcode : 'add' 'sub'> <InPorts = 2> <OutPorts = 1>
ST_1 : Operation 322 [1/1] (0.00ns)   --->   "%idxprom137_i = zext i32 %sub136_i"   --->   Operation 322 'zext' 'idxprom137_i' <Predicate = true> <Delay = 0.00>
ST_1 : Operation 323 [1/1] (0.79ns)   --->   "%cmp_i211268 = icmp_eq  i26 %vec_words, i26 0"   --->   Operation 323 'icmp' 'cmp_i211268' <Predicate = true> <Delay = 0.79> <CoreInst = "Cmp">   --->   Core 9 'Cmp' <Latency = 0> <II = 1> <Delay = 0.79> <FuncUnit> <Opcode : 'icmp'> <InPorts = 2> <OutPorts = 1>
ST_1 : Operation 324 [1/1] (0.00ns)   --->   "%tmp = partselect i31 @_ssdm_op_PartSelect.i31.i32.i32.i32, i32 %chunkSize_read, i32 1, i32 31"   --->   Operation 324 'partselect' 'tmp' <Predicate = true> <Delay = 0.00>
ST_1 : Operation 325 [1/1] (0.84ns)   --->   "%icmp = icmp_eq  i31 %tmp, i31 0"   --->   Operation 325 'icmp' 'icmp' <Predicate = true> <Delay = 0.84> <CoreInst = "Cmp">   --->   Core 9 'Cmp' <Latency = 0> <II = 1> <Delay = 0.84> <FuncUnit> <Opcode : 'icmp'> <InPorts = 2> <OutPorts = 1>
ST_1 : Operation 326 [1/1] (0.00ns)   --->   "%tmp_2 = partselect i31 @_ssdm_op_PartSelect.i31.i32.i32.i32, i32 %tail_bytes, i32 1, i32 31"   --->   Operation 326 'partselect' 'tmp_2' <Predicate = true> <Delay = 0.00>
ST_1 : Operation 327 [1/1] (0.84ns)   --->   "%icmp39 = icmp_eq  i31 %tmp_2, i31 0"   --->   Operation 327 'icmp' 'icmp39' <Predicate = true> <Delay = 0.84> <CoreInst = "Cmp">   --->   Core 9 'Cmp' <Latency = 0> <II = 1> <Delay = 0.84> <FuncUnit> <Opcode : 'icmp'> <InPorts = 2> <OutPorts = 1>
ST_1 : Operation 328 [1/1] (0.00ns)   --->   "%trunc_ln774 = trunc i64 %crc_out_read" [/home/efrink/mled/split_cu/U280_CRC_Accelerator/src/kernel.cpp:774]   --->   Operation 328 'trunc' 'trunc_ln774' <Predicate = true> <Delay = 0.00>
ST_1 : Operation 329 [1/1] (0.00ns)   --->   "%trunc_ln735 = trunc i64 %data_in_read" [/home/efrink/mled/split_cu/U280_CRC_Accelerator/src/kernel.cpp:735]   --->   Operation 329 'trunc' 'trunc_ln735' <Predicate = true> <Delay = 0.00>
ST_1 : Operation 330 [1/1] (0.38ns)   --->   "%store_ln758 = store i32 0, i32 %c" [/home/efrink/mled/split_cu/U280_CRC_Accelerator/src/kernel.cpp:758]   --->   Operation 330 'store' 'store_ln758' <Predicate = true> <Delay = 0.38>
ST_1 : Operation 331 [1/1] (0.38ns)   --->   "%store_ln758 = store i64 0, i64 %chunk_offset" [/home/efrink/mled/split_cu/U280_CRC_Accelerator/src/kernel.cpp:758]   --->   Operation 331 'store' 'store_ln758' <Predicate = true> <Delay = 0.38>
ST_1 : Operation 332 [1/1] (0.00ns)   --->   "%br_ln758 = br void %for.body" [/home/efrink/mled/split_cu/U280_CRC_Accelerator/src/kernel.cpp:758]   --->   Operation 332 'br' 'br_ln758' <Predicate = true> <Delay = 0.00>

State 2 <SV = 1> <Delay = 1.14>
ST_2 : Operation 333 [1/1] (0.00ns)   --->   "%chunk_offset_1 = load i64 %chunk_offset" [/home/efrink/mled/split_cu/U280_CRC_Accelerator/src/kernel.cpp:652]   --->   Operation 333 'load' 'chunk_offset_1' <Predicate = true> <Delay = 0.00>
ST_2 : Operation 334 [1/1] (0.00ns)   --->   "%c_1 = load i32 %c" [/home/efrink/mled/split_cu/U280_CRC_Accelerator/src/kernel.cpp:774]   --->   Operation 334 'load' 'c_1' <Predicate = true> <Delay = 0.00>
ST_2 : Operation 335 [1/1] (1.14ns)   --->   "%add_ln758_1 = add i64 %chunk_offset_1, i64 %conv2" [/home/efrink/mled/split_cu/U280_CRC_Accelerator/src/kernel.cpp:758]   --->   Operation 335 'add' 'add_ln758_1' <Predicate = true> <Delay = 1.14> <CoreInst = "Adder">   --->   Core 1 'Adder' <Latency = 0> <II = 1> <Delay = 1.14> <FuncUnit> <Opcode : 'add' 'sub'> <InPorts = 2> <OutPorts = 1>
ST_2 : Operation 336 [1/1] (0.85ns)   --->   "%icmp_ln758 = icmp_eq  i32 %c_1, i32 %numChunks_read" [/home/efrink/mled/split_cu/U280_CRC_Accelerator/src/kernel.cpp:758]   --->   Operation 336 'icmp' 'icmp_ln758' <Predicate = true> <Delay = 0.85> <CoreInst = "Cmp">   --->   Core 9 'Cmp' <Latency = 0> <II = 1> <Delay = 0.85> <FuncUnit> <Opcode : 'icmp'> <InPorts = 2> <OutPorts = 1>
ST_2 : Operation 337 [1/1] (0.88ns)   --->   "%add_ln758 = add i32 %c_1, i32 1" [/home/efrink/mled/split_cu/U280_CRC_Accelerator/src/kernel.cpp:758]   --->   Operation 337 'add' 'add_ln758' <Predicate = true> <Delay = 0.88> <CoreInst = "Adder">   --->   Core 1 'Adder' <Latency = 0> <II = 1> <Delay = 0.88> <FuncUnit> <Opcode : 'add' 'sub'> <InPorts = 2> <OutPorts = 1>
ST_2 : Operation 338 [1/1] (0.00ns)   --->   "%br_ln758 = br i1 %icmp_ln758, void %for.body.split, void %for.end.loopexit" [/home/efrink/mled/split_cu/U280_CRC_Accelerator/src/kernel.cpp:758]   --->   Operation 338 'br' 'br_ln758' <Predicate = true> <Delay = 0.00>
ST_2 : Operation 339 [1/1] (0.00ns)   --->   "%specpipeline_ln760 = specpipeline void @_ssdm_op_SpecPipeline, i32 1, i32 0, i32 0, i32 0, void @empty_5" [/home/efrink/mled/split_cu/U280_CRC_Accelerator/src/kernel.cpp:760]   --->   Operation 339 'specpipeline' 'specpipeline_ln760' <Predicate = (!icmp_ln758)> <Delay = 0.00>
ST_2 : Operation 340 [1/1] (0.00ns)   --->   "%specloopname_ln758 = specloopname void @_ssdm_op_SpecLoopName, void @empty_13" [/home/efrink/mled/split_cu/U280_CRC_Accelerator/src/kernel.cpp:758]   --->   Operation 340 'specloopname' 'specloopname_ln758' <Predicate = (!icmp_ln758)> <Delay = 0.00>
ST_2 : Operation 341 [1/1] (0.00ns)   --->   "%tmp_3 = partselect i58 @_ssdm_op_PartSelect.i58.i64.i32.i32, i64 %chunk_offset_1, i32 6, i32 63" [/home/efrink/mled/split_cu/U280_CRC_Accelerator/src/kernel.cpp:761]   --->   Operation 341 'partselect' 'tmp_3' <Predicate = (!icmp_ln758)> <Delay = 0.00>
ST_2 : Operation 342 [1/1] (0.00ns)   --->   "%and_ln = bitconcatenate i64 @_ssdm_op_BitConcatenate.i64.i58.i6, i58 %tmp_3, i6 0" [/home/efrink/mled/split_cu/U280_CRC_Accelerator/src/kernel.cpp:761]   --->   Operation 342 'bitconcatenate' 'and_ln' <Predicate = (!icmp_ln758)> <Delay = 0.00>
ST_2 : Operation 343 [1/1] (1.14ns)   --->   "%add_ln761 = add i64 %and_ln, i64 %data_in_read" [/home/efrink/mled/split_cu/U280_CRC_Accelerator/src/kernel.cpp:761]   --->   Operation 343 'add' 'add_ln761' <Predicate = (!icmp_ln758)> <Delay = 1.14> <CoreInst = "Adder">   --->   Core 1 'Adder' <Latency = 0> <II = 1> <Delay = 1.14> <FuncUnit> <Opcode : 'add' 'sub'> <InPorts = 2> <OutPorts = 1>
ST_2 : Operation 344 [1/1] (0.00ns)   --->   "%br_ln765 = br i1 %vector_blocks, void %if.else, void %if.then" [/home/efrink/mled/split_cu/U280_CRC_Accelerator/src/kernel.cpp:765]   --->   Operation 344 'br' 'br_ln765' <Predicate = (!icmp_ln758)> <Delay = 0.00>
ST_2 : Operation 345 [1/1] (0.38ns)   --->   "%br_ln641 = br i1 %icmp, void %for.body.i.preheader, void %for.end.i" [/home/efrink/mled/split_cu/U280_CRC_Accelerator/src/kernel.cpp:641]   --->   Operation 345 'br' 'br_ln641' <Predicate = (!icmp_ln758 & !vector_blocks)> <Delay = 0.38>
ST_2 : Operation 346 [1/1] (1.14ns)   --->   "%add_ln645 = add i64 %chunk_offset_1, i64 %data_in_read" [/home/efrink/mled/split_cu/U280_CRC_Accelerator/src/kernel.cpp:645]   --->   Operation 346 'add' 'add_ln645' <Predicate = (!icmp_ln758 & !vector_blocks & !icmp)> <Delay = 1.14> <CoreInst = "Adder">   --->   Core 1 'Adder' <Latency = 0> <II = 1> <Delay = 1.14> <FuncUnit> <Opcode : 'add' 'sub'> <InPorts = 2> <OutPorts = 1>
ST_2 : Operation 347 [1/1] (0.00ns)   --->   "%trunc_ln645 = trunc i64 %add_ln645" [/home/efrink/mled/split_cu/U280_CRC_Accelerator/src/kernel.cpp:645]   --->   Operation 347 'trunc' 'trunc_ln645' <Predicate = (!icmp_ln758 & !vector_blocks & !icmp)> <Delay = 0.00>
ST_2 : Operation 348 [1/1] (0.38ns)   --->   "%br_ln670 = br i1 %cmp_i211268, void %for.body.i25.lr.ph, void %for.cond.cleanup.i" [/home/efrink/mled/split_cu/U280_CRC_Accelerator/src/kernel.cpp:670]   --->   Operation 348 'br' 'br_ln670' <Predicate = (!icmp_ln758 & vector_blocks)> <Delay = 0.38>
ST_2 : Operation 349 [1/1] (0.00ns)   --->   "%trunc_ln = partselect i58 @_ssdm_op_PartSelect.i58.i64.i32.i32, i64 %add_ln761, i32 6, i32 63" [/home/efrink/mled/split_cu/U280_CRC_Accelerator/src/kernel.cpp:670]   --->   Operation 349 'partselect' 'trunc_ln' <Predicate = (!icmp_ln758 & vector_blocks & !cmp_i211268)> <Delay = 0.00>
ST_2 : Operation 350 [1/1] (0.00ns)   --->   "%ret_ln776 = ret" [/home/efrink/mled/split_cu/U280_CRC_Accelerator/src/kernel.cpp:776]   --->   Operation 350 'ret' 'ret_ln776' <Predicate = (icmp_ln758)> <Delay = 0.00>

State 3 <SV = 2> <Delay = 2.29>
ST_3 : Operation 351 [2/2] (2.29ns)   --->   "%call_ln645 = call void @process_tcp_checksum_Pipeline_word_loop, i64 %add_ln645, i512 %gmem0, i6 %trunc_ln645, i32 %chunkSize_read, i17 %sum_V_1_loc, i32 %i_1_loc" [/home/efrink/mled/split_cu/U280_CRC_Accelerator/src/kernel.cpp:645]   --->   Operation 351 'call' 'call_ln645' <Predicate = true> <Delay = 2.29> <CoreType = "Generic">   --->   Core 0 '' <Latency = 0> <II = 1> <Delay = 1.00> <Generic> <Opcode : >

State 4 <SV = 3> <Delay = 1.57>
ST_4 : Operation 352 [1/2] (1.57ns)   --->   "%call_ln645 = call void @process_tcp_checksum_Pipeline_word_loop, i64 %add_ln645, i512 %gmem0, i6 %trunc_ln645, i32 %chunkSize_read, i17 %sum_V_1_loc, i32 %i_1_loc" [/home/efrink/mled/split_cu/U280_CRC_Accelerator/src/kernel.cpp:645]   --->   Operation 352 'call' 'call_ln645' <Predicate = true> <Delay = 1.57> <CoreType = "Generic">   --->   Core 0 '' <Latency = 0> <II = 1> <Delay = 1.00> <Generic> <Opcode : >

State 5 <SV = 4> <Delay = 0.38>
ST_5 : Operation 353 [1/1] (0.00ns)   --->   "%sum_V_1_loc_load = load i17 %sum_V_1_loc"   --->   Operation 353 'load' 'sum_V_1_loc_load' <Predicate = true> <Delay = 0.00>
ST_5 : Operation 354 [1/1] (0.00ns)   --->   "%i_1_loc_load = load i32 %i_1_loc"   --->   Operation 354 'load' 'i_1_loc_load' <Predicate = true> <Delay = 0.00>
ST_5 : Operation 355 [1/1] (0.38ns)   --->   "%br_ln0 = br void %for.end.i"   --->   Operation 355 'br' 'br_ln0' <Predicate = true> <Delay = 0.38>

State 6 <SV = 5> <Delay = 2.29>
ST_6 : Operation 356 [1/1] (0.00ns)   --->   "%sum_i_0_lcssa = phi i17 %sum_V_1_loc_load, void %for.body.i.preheader, i17 0, void %if.else"   --->   Operation 356 'phi' 'sum_i_0_lcssa' <Predicate = true> <Delay = 0.00>
ST_6 : Operation 357 [1/1] (0.00ns)   --->   "%i_0_i_lcssa = phi i32 %i_1_loc_load, void %for.body.i.preheader, i32 0, void %if.else"   --->   Operation 357 'phi' 'i_0_i_lcssa' <Predicate = true> <Delay = 0.00>
ST_6 : Operation 358 [1/1] (0.85ns)   --->   "%icmp_ln650 = icmp_ult  i32 %i_0_i_lcssa, i32 %chunkSize_read" [/home/efrink/mled/split_cu/U280_CRC_Accelerator/src/kernel.cpp:650]   --->   Operation 358 'icmp' 'icmp_ln650' <Predicate = true> <Delay = 0.85> <CoreInst = "Cmp">   --->   Core 9 'Cmp' <Latency = 0> <II = 1> <Delay = 0.85> <FuncUnit> <Opcode : 'icmp'> <InPorts = 2> <OutPorts = 1>
ST_6 : Operation 359 [1/1] (0.38ns)   --->   "%br_ln650 = br i1 %icmp_ln650, void %_ZL25tcp_checksum_chunk_scalarPKhj.exit, void %if.then.i" [/home/efrink/mled/split_cu/U280_CRC_Accelerator/src/kernel.cpp:650]   --->   Operation 359 'br' 'br_ln650' <Predicate = true> <Delay = 0.38>
ST_6 : Operation 360 [1/1] (0.00ns)   --->   "%zext_ln652 = zext i32 %i_0_i_lcssa" [/home/efrink/mled/split_cu/U280_CRC_Accelerator/src/kernel.cpp:652]   --->   Operation 360 'zext' 'zext_ln652' <Predicate = (icmp_ln650)> <Delay = 0.00>
ST_6 : Operation 361 [1/1] (1.14ns)   --->   "%add_ln652 = add i64 %chunk_offset_1, i64 %data_in_read" [/home/efrink/mled/split_cu/U280_CRC_Accelerator/src/kernel.cpp:652]   --->   Operation 361 'add' 'add_ln652' <Predicate = (icmp_ln650)> <Delay = 1.14> <CoreInst = "Adder">   --->   Core 1 'Adder' <Latency = 0> <II = 1> <Delay = 1.14> <FuncUnit> <Opcode : 'add' 'sub'> <InPorts = 2> <OutPorts = 1>
ST_6 : Operation 362 [1/1] (0.00ns)   --->   "%trunc_ln652 = trunc i32 %i_0_i_lcssa" [/home/efrink/mled/split_cu/U280_CRC_Accelerator/src/kernel.cpp:652]   --->   Operation 362 'trunc' 'trunc_ln652' <Predicate = (icmp_ln650)> <Delay = 0.00>
ST_6 : Operation 363 [1/1] (0.00ns)   --->   "%trunc_ln652_1 = trunc i64 %add_ln652" [/home/efrink/mled/split_cu/U280_CRC_Accelerator/src/kernel.cpp:652]   --->   Operation 363 'trunc' 'trunc_ln652_1' <Predicate = (icmp_ln650)> <Delay = 0.00>
ST_6 : Operation 364 [1/1] (1.14ns)   --->   "%add_ln652_1 = add i64 %add_ln652, i64 %zext_ln652" [/home/efrink/mled/split_cu/U280_CRC_Accelerator/src/kernel.cpp:652]   --->   Operation 364 'add' 'add_ln652_1' <Predicate = (icmp_ln650)> <Delay = 1.14> <CoreInst = "Adder">   --->   Core 1 'Adder' <Latency = 0> <II = 1> <Delay = 1.14> <FuncUnit> <Opcode : 'add' 'sub'> <InPorts = 2> <OutPorts = 1>
ST_6 : Operation 365 [1/1] (0.00ns)   --->   "%trunc_ln652_2 = partselect i58 @_ssdm_op_PartSelect.i58.i64.i32.i32, i64 %add_ln652_1, i32 6, i32 63" [/home/efrink/mled/split_cu/U280_CRC_Accelerator/src/kernel.cpp:652]   --->   Operation 365 'partselect' 'trunc_ln652_2' <Predicate = (icmp_ln650)> <Delay = 0.00>
ST_6 : Operation 366 [1/1] (0.70ns)   --->   "%add_ln652_2 = add i6 %trunc_ln652_1, i6 %trunc_ln652" [/home/efrink/mled/split_cu/U280_CRC_Accelerator/src/kernel.cpp:652]   --->   Operation 366 'add' 'add_ln652_2' <Predicate = (icmp_ln650)> <Delay = 0.70> <CoreInst = "Adder">   --->   Core 1 'Adder' <Latency = 0> <II = 1> <Delay = 0.70> <FuncUnit> <Opcode : 'add' 'sub'> <InPorts = 2> <OutPorts = 1>

State 7 <SV = 6> <Delay = 2.43>
ST_7 : Operation 367 [1/1] (0.00ns)   --->   "%sext_ln652 = sext i58 %trunc_ln652_2" [/home/efrink/mled/split_cu/U280_CRC_Accelerator/src/kernel.cpp:652]   --->   Operation 367 'sext' 'sext_ln652' <Predicate = true> <Delay = 0.00>
ST_7 : Operation 368 [1/1] (0.00ns)   --->   "%gmem0_addr_3 = getelementptr i512 %gmem0, i64 %sext_ln652" [/home/efrink/mled/split_cu/U280_CRC_Accelerator/src/kernel.cpp:652]   --->   Operation 368 'getelementptr' 'gmem0_addr_3' <Predicate = true> <Delay = 0.00>
ST_7 : Operation 369 [70/70] (2.43ns)   --->   "%gmem0_load_2_req = readreq i1 @_ssdm_op_ReadReq.m_axi.i512P1A, i64 %gmem0_addr_3, i32 1" [/home/efrink/mled/split_cu/U280_CRC_Accelerator/src/kernel.cpp:652]   --->   Operation 369 'readreq' 'gmem0_load_2_req' <Predicate = true> <Delay = 2.43> <CoreInst = "m_axi">   --->   Core 121 'm_axi' <Latency = 0> <II = 1> <Delay = 1.00> <Adapter> <Opcode : 'read' 'write' 'readreq' 'writereq' 'writeresp'>

State 8 <SV = 7> <Delay = 2.43>
ST_8 : Operation 370 [69/70] (2.43ns)   --->   "%gmem0_load_2_req = readreq i1 @_ssdm_op_ReadReq.m_axi.i512P1A, i64 %gmem0_addr_3, i32 1" [/home/efrink/mled/split_cu/U280_CRC_Accelerator/src/kernel.cpp:652]   --->   Operation 370 'readreq' 'gmem0_load_2_req' <Predicate = true> <Delay = 2.43> <CoreInst = "m_axi">   --->   Core 121 'm_axi' <Latency = 0> <II = 1> <Delay = 1.00> <Adapter> <Opcode : 'read' 'write' 'readreq' 'writereq' 'writeresp'>

State 9 <SV = 8> <Delay = 2.43>
ST_9 : Operation 371 [68/70] (2.43ns)   --->   "%gmem0_load_2_req = readreq i1 @_ssdm_op_ReadReq.m_axi.i512P1A, i64 %gmem0_addr_3, i32 1" [/home/efrink/mled/split_cu/U280_CRC_Accelerator/src/kernel.cpp:652]   --->   Operation 371 'readreq' 'gmem0_load_2_req' <Predicate = true> <Delay = 2.43> <CoreInst = "m_axi">   --->   Core 121 'm_axi' <Latency = 0> <II = 1> <Delay = 1.00> <Adapter> <Opcode : 'read' 'write' 'readreq' 'writereq' 'writeresp'>

State 10 <SV = 9> <Delay = 2.43>
ST_10 : Operation 372 [67/70] (2.43ns)   --->   "%gmem0_load_2_req = readreq i1 @_ssdm_op_ReadReq.m_axi.i512P1A, i64 %gmem0_addr_3, i32 1" [/home/efrink/mled/split_cu/U280_CRC_Accelerator/src/kernel.cpp:652]   --->   Operation 372 'readreq' 'gmem0_load_2_req' <Predicate = true> <Delay = 2.43> <CoreInst = "m_axi">   --->   Core 121 'm_axi' <Latency = 0> <II = 1> <Delay = 1.00> <Adapter> <Opcode : 'read' 'write' 'readreq' 'writereq' 'writeresp'>

State 11 <SV = 10> <Delay = 2.43>
ST_11 : Operation 373 [66/70] (2.43ns)   --->   "%gmem0_load_2_req = readreq i1 @_ssdm_op_ReadReq.m_axi.i512P1A, i64 %gmem0_addr_3, i32 1" [/home/efrink/mled/split_cu/U280_CRC_Accelerator/src/kernel.cpp:652]   --->   Operation 373 'readreq' 'gmem0_load_2_req' <Predicate = true> <Delay = 2.43> <CoreInst = "m_axi">   --->   Core 121 'm_axi' <Latency = 0> <II = 1> <Delay = 1.00> <Adapter> <Opcode : 'read' 'write' 'readreq' 'writereq' 'writeresp'>

State 12 <SV = 11> <Delay = 2.43>
ST_12 : Operation 374 [65/70] (2.43ns)   --->   "%gmem0_load_2_req = readreq i1 @_ssdm_op_ReadReq.m_axi.i512P1A, i64 %gmem0_addr_3, i32 1" [/home/efrink/mled/split_cu/U280_CRC_Accelerator/src/kernel.cpp:652]   --->   Operation 374 'readreq' 'gmem0_load_2_req' <Predicate = true> <Delay = 2.43> <CoreInst = "m_axi">   --->   Core 121 'm_axi' <Latency = 0> <II = 1> <Delay = 1.00> <Adapter> <Opcode : 'read' 'write' 'readreq' 'writereq' 'writeresp'>

State 13 <SV = 12> <Delay = 2.43>
ST_13 : Operation 375 [64/70] (2.43ns)   --->   "%gmem0_load_2_req = readreq i1 @_ssdm_op_ReadReq.m_axi.i512P1A, i64 %gmem0_addr_3, i32 1" [/home/efrink/mled/split_cu/U280_CRC_Accelerator/src/kernel.cpp:652]   --->   Operation 375 'readreq' 'gmem0_load_2_req' <Predicate = true> <Delay = 2.43> <CoreInst = "m_axi">   --->   Core 121 'm_axi' <Latency = 0> <II = 1> <Delay = 1.00> <Adapter> <Opcode : 'read' 'write' 'readreq' 'writereq' 'writeresp'>

State 14 <SV = 13> <Delay = 2.43>
ST_14 : Operation 376 [63/70] (2.43ns)   --->   "%gmem0_load_2_req = readreq i1 @_ssdm_op_ReadReq.m_axi.i512P1A, i64 %gmem0_addr_3, i32 1" [/home/efrink/mled/split_cu/U280_CRC_Accelerator/src/kernel.cpp:652]   --->   Operation 376 'readreq' 'gmem0_load_2_req' <Predicate = true> <Delay = 2.43> <CoreInst = "m_axi">   --->   Core 121 'm_axi' <Latency = 0> <II = 1> <Delay = 1.00> <Adapter> <Opcode : 'read' 'write' 'readreq' 'writereq' 'writeresp'>

State 15 <SV = 14> <Delay = 2.43>
ST_15 : Operation 377 [62/70] (2.43ns)   --->   "%gmem0_load_2_req = readreq i1 @_ssdm_op_ReadReq.m_axi.i512P1A, i64 %gmem0_addr_3, i32 1" [/home/efrink/mled/split_cu/U280_CRC_Accelerator/src/kernel.cpp:652]   --->   Operation 377 'readreq' 'gmem0_load_2_req' <Predicate = true> <Delay = 2.43> <CoreInst = "m_axi">   --->   Core 121 'm_axi' <Latency = 0> <II = 1> <Delay = 1.00> <Adapter> <Opcode : 'read' 'write' 'readreq' 'writereq' 'writeresp'>

State 16 <SV = 15> <Delay = 2.43>
ST_16 : Operation 378 [61/70] (2.43ns)   --->   "%gmem0_load_2_req = readreq i1 @_ssdm_op_ReadReq.m_axi.i512P1A, i64 %gmem0_addr_3, i32 1" [/home/efrink/mled/split_cu/U280_CRC_Accelerator/src/kernel.cpp:652]   --->   Operation 378 'readreq' 'gmem0_load_2_req' <Predicate = true> <Delay = 2.43> <CoreInst = "m_axi">   --->   Core 121 'm_axi' <Latency = 0> <II = 1> <Delay = 1.00> <Adapter> <Opcode : 'read' 'write' 'readreq' 'writereq' 'writeresp'>

State 17 <SV = 16> <Delay = 2.43>
ST_17 : Operation 379 [60/70] (2.43ns)   --->   "%gmem0_load_2_req = readreq i1 @_ssdm_op_ReadReq.m_axi.i512P1A, i64 %gmem0_addr_3, i32 1" [/home/efrink/mled/split_cu/U280_CRC_Accelerator/src/kernel.cpp:652]   --->   Operation 379 'readreq' 'gmem0_load_2_req' <Predicate = true> <Delay = 2.43> <CoreInst = "m_axi">   --->   Core 121 'm_axi' <Latency = 0> <II = 1> <Delay = 1.00> <Adapter> <Opcode : 'read' 'write' 'readreq' 'writereq' 'writeresp'>

State 18 <SV = 17> <Delay = 2.43>
ST_18 : Operation 380 [59/70] (2.43ns)   --->   "%gmem0_load_2_req = readreq i1 @_ssdm_op_ReadReq.m_axi.i512P1A, i64 %gmem0_addr_3, i32 1" [/home/efrink/mled/split_cu/U280_CRC_Accelerator/src/kernel.cpp:652]   --->   Operation 380 'readreq' 'gmem0_load_2_req' <Predicate = true> <Delay = 2.43> <CoreInst = "m_axi">   --->   Core 121 'm_axi' <Latency = 0> <II = 1> <Delay = 1.00> <Adapter> <Opcode : 'read' 'write' 'readreq' 'writereq' 'writeresp'>

State 19 <SV = 18> <Delay = 2.43>
ST_19 : Operation 381 [58/70] (2.43ns)   --->   "%gmem0_load_2_req = readreq i1 @_ssdm_op_ReadReq.m_axi.i512P1A, i64 %gmem0_addr_3, i32 1" [/home/efrink/mled/split_cu/U280_CRC_Accelerator/src/kernel.cpp:652]   --->   Operation 381 'readreq' 'gmem0_load_2_req' <Predicate = true> <Delay = 2.43> <CoreInst = "m_axi">   --->   Core 121 'm_axi' <Latency = 0> <II = 1> <Delay = 1.00> <Adapter> <Opcode : 'read' 'write' 'readreq' 'writereq' 'writeresp'>

State 20 <SV = 19> <Delay = 2.43>
ST_20 : Operation 382 [57/70] (2.43ns)   --->   "%gmem0_load_2_req = readreq i1 @_ssdm_op_ReadReq.m_axi.i512P1A, i64 %gmem0_addr_3, i32 1" [/home/efrink/mled/split_cu/U280_CRC_Accelerator/src/kernel.cpp:652]   --->   Operation 382 'readreq' 'gmem0_load_2_req' <Predicate = true> <Delay = 2.43> <CoreInst = "m_axi">   --->   Core 121 'm_axi' <Latency = 0> <II = 1> <Delay = 1.00> <Adapter> <Opcode : 'read' 'write' 'readreq' 'writereq' 'writeresp'>

State 21 <SV = 20> <Delay = 2.43>
ST_21 : Operation 383 [56/70] (2.43ns)   --->   "%gmem0_load_2_req = readreq i1 @_ssdm_op_ReadReq.m_axi.i512P1A, i64 %gmem0_addr_3, i32 1" [/home/efrink/mled/split_cu/U280_CRC_Accelerator/src/kernel.cpp:652]   --->   Operation 383 'readreq' 'gmem0_load_2_req' <Predicate = true> <Delay = 2.43> <CoreInst = "m_axi">   --->   Core 121 'm_axi' <Latency = 0> <II = 1> <Delay = 1.00> <Adapter> <Opcode : 'read' 'write' 'readreq' 'writereq' 'writeresp'>

State 22 <SV = 21> <Delay = 2.43>
ST_22 : Operation 384 [55/70] (2.43ns)   --->   "%gmem0_load_2_req = readreq i1 @_ssdm_op_ReadReq.m_axi.i512P1A, i64 %gmem0_addr_3, i32 1" [/home/efrink/mled/split_cu/U280_CRC_Accelerator/src/kernel.cpp:652]   --->   Operation 384 'readreq' 'gmem0_load_2_req' <Predicate = true> <Delay = 2.43> <CoreInst = "m_axi">   --->   Core 121 'm_axi' <Latency = 0> <II = 1> <Delay = 1.00> <Adapter> <Opcode : 'read' 'write' 'readreq' 'writereq' 'writeresp'>

State 23 <SV = 22> <Delay = 2.43>
ST_23 : Operation 385 [54/70] (2.43ns)   --->   "%gmem0_load_2_req = readreq i1 @_ssdm_op_ReadReq.m_axi.i512P1A, i64 %gmem0_addr_3, i32 1" [/home/efrink/mled/split_cu/U280_CRC_Accelerator/src/kernel.cpp:652]   --->   Operation 385 'readreq' 'gmem0_load_2_req' <Predicate = true> <Delay = 2.43> <CoreInst = "m_axi">   --->   Core 121 'm_axi' <Latency = 0> <II = 1> <Delay = 1.00> <Adapter> <Opcode : 'read' 'write' 'readreq' 'writereq' 'writeresp'>

State 24 <SV = 23> <Delay = 2.43>
ST_24 : Operation 386 [53/70] (2.43ns)   --->   "%gmem0_load_2_req = readreq i1 @_ssdm_op_ReadReq.m_axi.i512P1A, i64 %gmem0_addr_3, i32 1" [/home/efrink/mled/split_cu/U280_CRC_Accelerator/src/kernel.cpp:652]   --->   Operation 386 'readreq' 'gmem0_load_2_req' <Predicate = true> <Delay = 2.43> <CoreInst = "m_axi">   --->   Core 121 'm_axi' <Latency = 0> <II = 1> <Delay = 1.00> <Adapter> <Opcode : 'read' 'write' 'readreq' 'writereq' 'writeresp'>

State 25 <SV = 24> <Delay = 2.43>
ST_25 : Operation 387 [52/70] (2.43ns)   --->   "%gmem0_load_2_req = readreq i1 @_ssdm_op_ReadReq.m_axi.i512P1A, i64 %gmem0_addr_3, i32 1" [/home/efrink/mled/split_cu/U280_CRC_Accelerator/src/kernel.cpp:652]   --->   Operation 387 'readreq' 'gmem0_load_2_req' <Predicate = true> <Delay = 2.43> <CoreInst = "m_axi">   --->   Core 121 'm_axi' <Latency = 0> <II = 1> <Delay = 1.00> <Adapter> <Opcode : 'read' 'write' 'readreq' 'writereq' 'writeresp'>

State 26 <SV = 25> <Delay = 2.43>
ST_26 : Operation 388 [51/70] (2.43ns)   --->   "%gmem0_load_2_req = readreq i1 @_ssdm_op_ReadReq.m_axi.i512P1A, i64 %gmem0_addr_3, i32 1" [/home/efrink/mled/split_cu/U280_CRC_Accelerator/src/kernel.cpp:652]   --->   Operation 388 'readreq' 'gmem0_load_2_req' <Predicate = true> <Delay = 2.43> <CoreInst = "m_axi">   --->   Core 121 'm_axi' <Latency = 0> <II = 1> <Delay = 1.00> <Adapter> <Opcode : 'read' 'write' 'readreq' 'writereq' 'writeresp'>

State 27 <SV = 26> <Delay = 2.43>
ST_27 : Operation 389 [50/70] (2.43ns)   --->   "%gmem0_load_2_req = readreq i1 @_ssdm_op_ReadReq.m_axi.i512P1A, i64 %gmem0_addr_3, i32 1" [/home/efrink/mled/split_cu/U280_CRC_Accelerator/src/kernel.cpp:652]   --->   Operation 389 'readreq' 'gmem0_load_2_req' <Predicate = true> <Delay = 2.43> <CoreInst = "m_axi">   --->   Core 121 'm_axi' <Latency = 0> <II = 1> <Delay = 1.00> <Adapter> <Opcode : 'read' 'write' 'readreq' 'writereq' 'writeresp'>

State 28 <SV = 27> <Delay = 2.43>
ST_28 : Operation 390 [49/70] (2.43ns)   --->   "%gmem0_load_2_req = readreq i1 @_ssdm_op_ReadReq.m_axi.i512P1A, i64 %gmem0_addr_3, i32 1" [/home/efrink/mled/split_cu/U280_CRC_Accelerator/src/kernel.cpp:652]   --->   Operation 390 'readreq' 'gmem0_load_2_req' <Predicate = true> <Delay = 2.43> <CoreInst = "m_axi">   --->   Core 121 'm_axi' <Latency = 0> <II = 1> <Delay = 1.00> <Adapter> <Opcode : 'read' 'write' 'readreq' 'writereq' 'writeresp'>

State 29 <SV = 28> <Delay = 2.43>
ST_29 : Operation 391 [48/70] (2.43ns)   --->   "%gmem0_load_2_req = readreq i1 @_ssdm_op_ReadReq.m_axi.i512P1A, i64 %gmem0_addr_3, i32 1" [/home/efrink/mled/split_cu/U280_CRC_Accelerator/src/kernel.cpp:652]   --->   Operation 391 'readreq' 'gmem0_load_2_req' <Predicate = true> <Delay = 2.43> <CoreInst = "m_axi">   --->   Core 121 'm_axi' <Latency = 0> <II = 1> <Delay = 1.00> <Adapter> <Opcode : 'read' 'write' 'readreq' 'writereq' 'writeresp'>

State 30 <SV = 29> <Delay = 2.43>
ST_30 : Operation 392 [47/70] (2.43ns)   --->   "%gmem0_load_2_req = readreq i1 @_ssdm_op_ReadReq.m_axi.i512P1A, i64 %gmem0_addr_3, i32 1" [/home/efrink/mled/split_cu/U280_CRC_Accelerator/src/kernel.cpp:652]   --->   Operation 392 'readreq' 'gmem0_load_2_req' <Predicate = true> <Delay = 2.43> <CoreInst = "m_axi">   --->   Core 121 'm_axi' <Latency = 0> <II = 1> <Delay = 1.00> <Adapter> <Opcode : 'read' 'write' 'readreq' 'writereq' 'writeresp'>

State 31 <SV = 30> <Delay = 2.43>
ST_31 : Operation 393 [46/70] (2.43ns)   --->   "%gmem0_load_2_req = readreq i1 @_ssdm_op_ReadReq.m_axi.i512P1A, i64 %gmem0_addr_3, i32 1" [/home/efrink/mled/split_cu/U280_CRC_Accelerator/src/kernel.cpp:652]   --->   Operation 393 'readreq' 'gmem0_load_2_req' <Predicate = true> <Delay = 2.43> <CoreInst = "m_axi">   --->   Core 121 'm_axi' <Latency = 0> <II = 1> <Delay = 1.00> <Adapter> <Opcode : 'read' 'write' 'readreq' 'writereq' 'writeresp'>

State 32 <SV = 31> <Delay = 2.43>
ST_32 : Operation 394 [45/70] (2.43ns)   --->   "%gmem0_load_2_req = readreq i1 @_ssdm_op_ReadReq.m_axi.i512P1A, i64 %gmem0_addr_3, i32 1" [/home/efrink/mled/split_cu/U280_CRC_Accelerator/src/kernel.cpp:652]   --->   Operation 394 'readreq' 'gmem0_load_2_req' <Predicate = true> <Delay = 2.43> <CoreInst = "m_axi">   --->   Core 121 'm_axi' <Latency = 0> <II = 1> <Delay = 1.00> <Adapter> <Opcode : 'read' 'write' 'readreq' 'writereq' 'writeresp'>

State 33 <SV = 32> <Delay = 2.43>
ST_33 : Operation 395 [44/70] (2.43ns)   --->   "%gmem0_load_2_req = readreq i1 @_ssdm_op_ReadReq.m_axi.i512P1A, i64 %gmem0_addr_3, i32 1" [/home/efrink/mled/split_cu/U280_CRC_Accelerator/src/kernel.cpp:652]   --->   Operation 395 'readreq' 'gmem0_load_2_req' <Predicate = true> <Delay = 2.43> <CoreInst = "m_axi">   --->   Core 121 'm_axi' <Latency = 0> <II = 1> <Delay = 1.00> <Adapter> <Opcode : 'read' 'write' 'readreq' 'writereq' 'writeresp'>

State 34 <SV = 33> <Delay = 2.43>
ST_34 : Operation 396 [43/70] (2.43ns)   --->   "%gmem0_load_2_req = readreq i1 @_ssdm_op_ReadReq.m_axi.i512P1A, i64 %gmem0_addr_3, i32 1" [/home/efrink/mled/split_cu/U280_CRC_Accelerator/src/kernel.cpp:652]   --->   Operation 396 'readreq' 'gmem0_load_2_req' <Predicate = true> <Delay = 2.43> <CoreInst = "m_axi">   --->   Core 121 'm_axi' <Latency = 0> <II = 1> <Delay = 1.00> <Adapter> <Opcode : 'read' 'write' 'readreq' 'writereq' 'writeresp'>

State 35 <SV = 34> <Delay = 2.43>
ST_35 : Operation 397 [42/70] (2.43ns)   --->   "%gmem0_load_2_req = readreq i1 @_ssdm_op_ReadReq.m_axi.i512P1A, i64 %gmem0_addr_3, i32 1" [/home/efrink/mled/split_cu/U280_CRC_Accelerator/src/kernel.cpp:652]   --->   Operation 397 'readreq' 'gmem0_load_2_req' <Predicate = true> <Delay = 2.43> <CoreInst = "m_axi">   --->   Core 121 'm_axi' <Latency = 0> <II = 1> <Delay = 1.00> <Adapter> <Opcode : 'read' 'write' 'readreq' 'writereq' 'writeresp'>

State 36 <SV = 35> <Delay = 2.43>
ST_36 : Operation 398 [41/70] (2.43ns)   --->   "%gmem0_load_2_req = readreq i1 @_ssdm_op_ReadReq.m_axi.i512P1A, i64 %gmem0_addr_3, i32 1" [/home/efrink/mled/split_cu/U280_CRC_Accelerator/src/kernel.cpp:652]   --->   Operation 398 'readreq' 'gmem0_load_2_req' <Predicate = true> <Delay = 2.43> <CoreInst = "m_axi">   --->   Core 121 'm_axi' <Latency = 0> <II = 1> <Delay = 1.00> <Adapter> <Opcode : 'read' 'write' 'readreq' 'writereq' 'writeresp'>

State 37 <SV = 36> <Delay = 2.43>
ST_37 : Operation 399 [40/70] (2.43ns)   --->   "%gmem0_load_2_req = readreq i1 @_ssdm_op_ReadReq.m_axi.i512P1A, i64 %gmem0_addr_3, i32 1" [/home/efrink/mled/split_cu/U280_CRC_Accelerator/src/kernel.cpp:652]   --->   Operation 399 'readreq' 'gmem0_load_2_req' <Predicate = true> <Delay = 2.43> <CoreInst = "m_axi">   --->   Core 121 'm_axi' <Latency = 0> <II = 1> <Delay = 1.00> <Adapter> <Opcode : 'read' 'write' 'readreq' 'writereq' 'writeresp'>

State 38 <SV = 37> <Delay = 2.43>
ST_38 : Operation 400 [39/70] (2.43ns)   --->   "%gmem0_load_2_req = readreq i1 @_ssdm_op_ReadReq.m_axi.i512P1A, i64 %gmem0_addr_3, i32 1" [/home/efrink/mled/split_cu/U280_CRC_Accelerator/src/kernel.cpp:652]   --->   Operation 400 'readreq' 'gmem0_load_2_req' <Predicate = true> <Delay = 2.43> <CoreInst = "m_axi">   --->   Core 121 'm_axi' <Latency = 0> <II = 1> <Delay = 1.00> <Adapter> <Opcode : 'read' 'write' 'readreq' 'writereq' 'writeresp'>

State 39 <SV = 38> <Delay = 2.43>
ST_39 : Operation 401 [38/70] (2.43ns)   --->   "%gmem0_load_2_req = readreq i1 @_ssdm_op_ReadReq.m_axi.i512P1A, i64 %gmem0_addr_3, i32 1" [/home/efrink/mled/split_cu/U280_CRC_Accelerator/src/kernel.cpp:652]   --->   Operation 401 'readreq' 'gmem0_load_2_req' <Predicate = true> <Delay = 2.43> <CoreInst = "m_axi">   --->   Core 121 'm_axi' <Latency = 0> <II = 1> <Delay = 1.00> <Adapter> <Opcode : 'read' 'write' 'readreq' 'writereq' 'writeresp'>

State 40 <SV = 39> <Delay = 2.43>
ST_40 : Operation 402 [37/70] (2.43ns)   --->   "%gmem0_load_2_req = readreq i1 @_ssdm_op_ReadReq.m_axi.i512P1A, i64 %gmem0_addr_3, i32 1" [/home/efrink/mled/split_cu/U280_CRC_Accelerator/src/kernel.cpp:652]   --->   Operation 402 'readreq' 'gmem0_load_2_req' <Predicate = true> <Delay = 2.43> <CoreInst = "m_axi">   --->   Core 121 'm_axi' <Latency = 0> <II = 1> <Delay = 1.00> <Adapter> <Opcode : 'read' 'write' 'readreq' 'writereq' 'writeresp'>

State 41 <SV = 40> <Delay = 2.43>
ST_41 : Operation 403 [36/70] (2.43ns)   --->   "%gmem0_load_2_req = readreq i1 @_ssdm_op_ReadReq.m_axi.i512P1A, i64 %gmem0_addr_3, i32 1" [/home/efrink/mled/split_cu/U280_CRC_Accelerator/src/kernel.cpp:652]   --->   Operation 403 'readreq' 'gmem0_load_2_req' <Predicate = true> <Delay = 2.43> <CoreInst = "m_axi">   --->   Core 121 'm_axi' <Latency = 0> <II = 1> <Delay = 1.00> <Adapter> <Opcode : 'read' 'write' 'readreq' 'writereq' 'writeresp'>

State 42 <SV = 41> <Delay = 2.43>
ST_42 : Operation 404 [35/70] (2.43ns)   --->   "%gmem0_load_2_req = readreq i1 @_ssdm_op_ReadReq.m_axi.i512P1A, i64 %gmem0_addr_3, i32 1" [/home/efrink/mled/split_cu/U280_CRC_Accelerator/src/kernel.cpp:652]   --->   Operation 404 'readreq' 'gmem0_load_2_req' <Predicate = true> <Delay = 2.43> <CoreInst = "m_axi">   --->   Core 121 'm_axi' <Latency = 0> <II = 1> <Delay = 1.00> <Adapter> <Opcode : 'read' 'write' 'readreq' 'writereq' 'writeresp'>

State 43 <SV = 42> <Delay = 2.43>
ST_43 : Operation 405 [34/70] (2.43ns)   --->   "%gmem0_load_2_req = readreq i1 @_ssdm_op_ReadReq.m_axi.i512P1A, i64 %gmem0_addr_3, i32 1" [/home/efrink/mled/split_cu/U280_CRC_Accelerator/src/kernel.cpp:652]   --->   Operation 405 'readreq' 'gmem0_load_2_req' <Predicate = true> <Delay = 2.43> <CoreInst = "m_axi">   --->   Core 121 'm_axi' <Latency = 0> <II = 1> <Delay = 1.00> <Adapter> <Opcode : 'read' 'write' 'readreq' 'writereq' 'writeresp'>

State 44 <SV = 43> <Delay = 2.43>
ST_44 : Operation 406 [33/70] (2.43ns)   --->   "%gmem0_load_2_req = readreq i1 @_ssdm_op_ReadReq.m_axi.i512P1A, i64 %gmem0_addr_3, i32 1" [/home/efrink/mled/split_cu/U280_CRC_Accelerator/src/kernel.cpp:652]   --->   Operation 406 'readreq' 'gmem0_load_2_req' <Predicate = true> <Delay = 2.43> <CoreInst = "m_axi">   --->   Core 121 'm_axi' <Latency = 0> <II = 1> <Delay = 1.00> <Adapter> <Opcode : 'read' 'write' 'readreq' 'writereq' 'writeresp'>

State 45 <SV = 44> <Delay = 2.43>
ST_45 : Operation 407 [32/70] (2.43ns)   --->   "%gmem0_load_2_req = readreq i1 @_ssdm_op_ReadReq.m_axi.i512P1A, i64 %gmem0_addr_3, i32 1" [/home/efrink/mled/split_cu/U280_CRC_Accelerator/src/kernel.cpp:652]   --->   Operation 407 'readreq' 'gmem0_load_2_req' <Predicate = true> <Delay = 2.43> <CoreInst = "m_axi">   --->   Core 121 'm_axi' <Latency = 0> <II = 1> <Delay = 1.00> <Adapter> <Opcode : 'read' 'write' 'readreq' 'writereq' 'writeresp'>

State 46 <SV = 45> <Delay = 2.43>
ST_46 : Operation 408 [31/70] (2.43ns)   --->   "%gmem0_load_2_req = readreq i1 @_ssdm_op_ReadReq.m_axi.i512P1A, i64 %gmem0_addr_3, i32 1" [/home/efrink/mled/split_cu/U280_CRC_Accelerator/src/kernel.cpp:652]   --->   Operation 408 'readreq' 'gmem0_load_2_req' <Predicate = true> <Delay = 2.43> <CoreInst = "m_axi">   --->   Core 121 'm_axi' <Latency = 0> <II = 1> <Delay = 1.00> <Adapter> <Opcode : 'read' 'write' 'readreq' 'writereq' 'writeresp'>

State 47 <SV = 46> <Delay = 2.43>
ST_47 : Operation 409 [30/70] (2.43ns)   --->   "%gmem0_load_2_req = readreq i1 @_ssdm_op_ReadReq.m_axi.i512P1A, i64 %gmem0_addr_3, i32 1" [/home/efrink/mled/split_cu/U280_CRC_Accelerator/src/kernel.cpp:652]   --->   Operation 409 'readreq' 'gmem0_load_2_req' <Predicate = true> <Delay = 2.43> <CoreInst = "m_axi">   --->   Core 121 'm_axi' <Latency = 0> <II = 1> <Delay = 1.00> <Adapter> <Opcode : 'read' 'write' 'readreq' 'writereq' 'writeresp'>

State 48 <SV = 47> <Delay = 2.43>
ST_48 : Operation 410 [29/70] (2.43ns)   --->   "%gmem0_load_2_req = readreq i1 @_ssdm_op_ReadReq.m_axi.i512P1A, i64 %gmem0_addr_3, i32 1" [/home/efrink/mled/split_cu/U280_CRC_Accelerator/src/kernel.cpp:652]   --->   Operation 410 'readreq' 'gmem0_load_2_req' <Predicate = true> <Delay = 2.43> <CoreInst = "m_axi">   --->   Core 121 'm_axi' <Latency = 0> <II = 1> <Delay = 1.00> <Adapter> <Opcode : 'read' 'write' 'readreq' 'writereq' 'writeresp'>

State 49 <SV = 48> <Delay = 2.43>
ST_49 : Operation 411 [28/70] (2.43ns)   --->   "%gmem0_load_2_req = readreq i1 @_ssdm_op_ReadReq.m_axi.i512P1A, i64 %gmem0_addr_3, i32 1" [/home/efrink/mled/split_cu/U280_CRC_Accelerator/src/kernel.cpp:652]   --->   Operation 411 'readreq' 'gmem0_load_2_req' <Predicate = true> <Delay = 2.43> <CoreInst = "m_axi">   --->   Core 121 'm_axi' <Latency = 0> <II = 1> <Delay = 1.00> <Adapter> <Opcode : 'read' 'write' 'readreq' 'writereq' 'writeresp'>

State 50 <SV = 49> <Delay = 2.43>
ST_50 : Operation 412 [27/70] (2.43ns)   --->   "%gmem0_load_2_req = readreq i1 @_ssdm_op_ReadReq.m_axi.i512P1A, i64 %gmem0_addr_3, i32 1" [/home/efrink/mled/split_cu/U280_CRC_Accelerator/src/kernel.cpp:652]   --->   Operation 412 'readreq' 'gmem0_load_2_req' <Predicate = true> <Delay = 2.43> <CoreInst = "m_axi">   --->   Core 121 'm_axi' <Latency = 0> <II = 1> <Delay = 1.00> <Adapter> <Opcode : 'read' 'write' 'readreq' 'writereq' 'writeresp'>

State 51 <SV = 50> <Delay = 2.43>
ST_51 : Operation 413 [26/70] (2.43ns)   --->   "%gmem0_load_2_req = readreq i1 @_ssdm_op_ReadReq.m_axi.i512P1A, i64 %gmem0_addr_3, i32 1" [/home/efrink/mled/split_cu/U280_CRC_Accelerator/src/kernel.cpp:652]   --->   Operation 413 'readreq' 'gmem0_load_2_req' <Predicate = true> <Delay = 2.43> <CoreInst = "m_axi">   --->   Core 121 'm_axi' <Latency = 0> <II = 1> <Delay = 1.00> <Adapter> <Opcode : 'read' 'write' 'readreq' 'writereq' 'writeresp'>

State 52 <SV = 51> <Delay = 2.43>
ST_52 : Operation 414 [25/70] (2.43ns)   --->   "%gmem0_load_2_req = readreq i1 @_ssdm_op_ReadReq.m_axi.i512P1A, i64 %gmem0_addr_3, i32 1" [/home/efrink/mled/split_cu/U280_CRC_Accelerator/src/kernel.cpp:652]   --->   Operation 414 'readreq' 'gmem0_load_2_req' <Predicate = true> <Delay = 2.43> <CoreInst = "m_axi">   --->   Core 121 'm_axi' <Latency = 0> <II = 1> <Delay = 1.00> <Adapter> <Opcode : 'read' 'write' 'readreq' 'writereq' 'writeresp'>

State 53 <SV = 52> <Delay = 2.43>
ST_53 : Operation 415 [24/70] (2.43ns)   --->   "%gmem0_load_2_req = readreq i1 @_ssdm_op_ReadReq.m_axi.i512P1A, i64 %gmem0_addr_3, i32 1" [/home/efrink/mled/split_cu/U280_CRC_Accelerator/src/kernel.cpp:652]   --->   Operation 415 'readreq' 'gmem0_load_2_req' <Predicate = true> <Delay = 2.43> <CoreInst = "m_axi">   --->   Core 121 'm_axi' <Latency = 0> <II = 1> <Delay = 1.00> <Adapter> <Opcode : 'read' 'write' 'readreq' 'writereq' 'writeresp'>

State 54 <SV = 53> <Delay = 2.43>
ST_54 : Operation 416 [23/70] (2.43ns)   --->   "%gmem0_load_2_req = readreq i1 @_ssdm_op_ReadReq.m_axi.i512P1A, i64 %gmem0_addr_3, i32 1" [/home/efrink/mled/split_cu/U280_CRC_Accelerator/src/kernel.cpp:652]   --->   Operation 416 'readreq' 'gmem0_load_2_req' <Predicate = true> <Delay = 2.43> <CoreInst = "m_axi">   --->   Core 121 'm_axi' <Latency = 0> <II = 1> <Delay = 1.00> <Adapter> <Opcode : 'read' 'write' 'readreq' 'writereq' 'writeresp'>

State 55 <SV = 54> <Delay = 2.43>
ST_55 : Operation 417 [22/70] (2.43ns)   --->   "%gmem0_load_2_req = readreq i1 @_ssdm_op_ReadReq.m_axi.i512P1A, i64 %gmem0_addr_3, i32 1" [/home/efrink/mled/split_cu/U280_CRC_Accelerator/src/kernel.cpp:652]   --->   Operation 417 'readreq' 'gmem0_load_2_req' <Predicate = true> <Delay = 2.43> <CoreInst = "m_axi">   --->   Core 121 'm_axi' <Latency = 0> <II = 1> <Delay = 1.00> <Adapter> <Opcode : 'read' 'write' 'readreq' 'writereq' 'writeresp'>

State 56 <SV = 55> <Delay = 2.43>
ST_56 : Operation 418 [21/70] (2.43ns)   --->   "%gmem0_load_2_req = readreq i1 @_ssdm_op_ReadReq.m_axi.i512P1A, i64 %gmem0_addr_3, i32 1" [/home/efrink/mled/split_cu/U280_CRC_Accelerator/src/kernel.cpp:652]   --->   Operation 418 'readreq' 'gmem0_load_2_req' <Predicate = true> <Delay = 2.43> <CoreInst = "m_axi">   --->   Core 121 'm_axi' <Latency = 0> <II = 1> <Delay = 1.00> <Adapter> <Opcode : 'read' 'write' 'readreq' 'writereq' 'writeresp'>

State 57 <SV = 56> <Delay = 2.43>
ST_57 : Operation 419 [20/70] (2.43ns)   --->   "%gmem0_load_2_req = readreq i1 @_ssdm_op_ReadReq.m_axi.i512P1A, i64 %gmem0_addr_3, i32 1" [/home/efrink/mled/split_cu/U280_CRC_Accelerator/src/kernel.cpp:652]   --->   Operation 419 'readreq' 'gmem0_load_2_req' <Predicate = true> <Delay = 2.43> <CoreInst = "m_axi">   --->   Core 121 'm_axi' <Latency = 0> <II = 1> <Delay = 1.00> <Adapter> <Opcode : 'read' 'write' 'readreq' 'writereq' 'writeresp'>

State 58 <SV = 57> <Delay = 2.43>
ST_58 : Operation 420 [19/70] (2.43ns)   --->   "%gmem0_load_2_req = readreq i1 @_ssdm_op_ReadReq.m_axi.i512P1A, i64 %gmem0_addr_3, i32 1" [/home/efrink/mled/split_cu/U280_CRC_Accelerator/src/kernel.cpp:652]   --->   Operation 420 'readreq' 'gmem0_load_2_req' <Predicate = true> <Delay = 2.43> <CoreInst = "m_axi">   --->   Core 121 'm_axi' <Latency = 0> <II = 1> <Delay = 1.00> <Adapter> <Opcode : 'read' 'write' 'readreq' 'writereq' 'writeresp'>

State 59 <SV = 58> <Delay = 2.43>
ST_59 : Operation 421 [18/70] (2.43ns)   --->   "%gmem0_load_2_req = readreq i1 @_ssdm_op_ReadReq.m_axi.i512P1A, i64 %gmem0_addr_3, i32 1" [/home/efrink/mled/split_cu/U280_CRC_Accelerator/src/kernel.cpp:652]   --->   Operation 421 'readreq' 'gmem0_load_2_req' <Predicate = true> <Delay = 2.43> <CoreInst = "m_axi">   --->   Core 121 'm_axi' <Latency = 0> <II = 1> <Delay = 1.00> <Adapter> <Opcode : 'read' 'write' 'readreq' 'writereq' 'writeresp'>

State 60 <SV = 59> <Delay = 2.43>
ST_60 : Operation 422 [17/70] (2.43ns)   --->   "%gmem0_load_2_req = readreq i1 @_ssdm_op_ReadReq.m_axi.i512P1A, i64 %gmem0_addr_3, i32 1" [/home/efrink/mled/split_cu/U280_CRC_Accelerator/src/kernel.cpp:652]   --->   Operation 422 'readreq' 'gmem0_load_2_req' <Predicate = true> <Delay = 2.43> <CoreInst = "m_axi">   --->   Core 121 'm_axi' <Latency = 0> <II = 1> <Delay = 1.00> <Adapter> <Opcode : 'read' 'write' 'readreq' 'writereq' 'writeresp'>

State 61 <SV = 60> <Delay = 2.43>
ST_61 : Operation 423 [16/70] (2.43ns)   --->   "%gmem0_load_2_req = readreq i1 @_ssdm_op_ReadReq.m_axi.i512P1A, i64 %gmem0_addr_3, i32 1" [/home/efrink/mled/split_cu/U280_CRC_Accelerator/src/kernel.cpp:652]   --->   Operation 423 'readreq' 'gmem0_load_2_req' <Predicate = true> <Delay = 2.43> <CoreInst = "m_axi">   --->   Core 121 'm_axi' <Latency = 0> <II = 1> <Delay = 1.00> <Adapter> <Opcode : 'read' 'write' 'readreq' 'writereq' 'writeresp'>

State 62 <SV = 61> <Delay = 2.43>
ST_62 : Operation 424 [15/70] (2.43ns)   --->   "%gmem0_load_2_req = readreq i1 @_ssdm_op_ReadReq.m_axi.i512P1A, i64 %gmem0_addr_3, i32 1" [/home/efrink/mled/split_cu/U280_CRC_Accelerator/src/kernel.cpp:652]   --->   Operation 424 'readreq' 'gmem0_load_2_req' <Predicate = true> <Delay = 2.43> <CoreInst = "m_axi">   --->   Core 121 'm_axi' <Latency = 0> <II = 1> <Delay = 1.00> <Adapter> <Opcode : 'read' 'write' 'readreq' 'writereq' 'writeresp'>

State 63 <SV = 62> <Delay = 2.43>
ST_63 : Operation 425 [14/70] (2.43ns)   --->   "%gmem0_load_2_req = readreq i1 @_ssdm_op_ReadReq.m_axi.i512P1A, i64 %gmem0_addr_3, i32 1" [/home/efrink/mled/split_cu/U280_CRC_Accelerator/src/kernel.cpp:652]   --->   Operation 425 'readreq' 'gmem0_load_2_req' <Predicate = true> <Delay = 2.43> <CoreInst = "m_axi">   --->   Core 121 'm_axi' <Latency = 0> <II = 1> <Delay = 1.00> <Adapter> <Opcode : 'read' 'write' 'readreq' 'writereq' 'writeresp'>

State 64 <SV = 63> <Delay = 2.43>
ST_64 : Operation 426 [13/70] (2.43ns)   --->   "%gmem0_load_2_req = readreq i1 @_ssdm_op_ReadReq.m_axi.i512P1A, i64 %gmem0_addr_3, i32 1" [/home/efrink/mled/split_cu/U280_CRC_Accelerator/src/kernel.cpp:652]   --->   Operation 426 'readreq' 'gmem0_load_2_req' <Predicate = true> <Delay = 2.43> <CoreInst = "m_axi">   --->   Core 121 'm_axi' <Latency = 0> <II = 1> <Delay = 1.00> <Adapter> <Opcode : 'read' 'write' 'readreq' 'writereq' 'writeresp'>

State 65 <SV = 64> <Delay = 2.43>
ST_65 : Operation 427 [12/70] (2.43ns)   --->   "%gmem0_load_2_req = readreq i1 @_ssdm_op_ReadReq.m_axi.i512P1A, i64 %gmem0_addr_3, i32 1" [/home/efrink/mled/split_cu/U280_CRC_Accelerator/src/kernel.cpp:652]   --->   Operation 427 'readreq' 'gmem0_load_2_req' <Predicate = true> <Delay = 2.43> <CoreInst = "m_axi">   --->   Core 121 'm_axi' <Latency = 0> <II = 1> <Delay = 1.00> <Adapter> <Opcode : 'read' 'write' 'readreq' 'writereq' 'writeresp'>

State 66 <SV = 65> <Delay = 2.43>
ST_66 : Operation 428 [11/70] (2.43ns)   --->   "%gmem0_load_2_req = readreq i1 @_ssdm_op_ReadReq.m_axi.i512P1A, i64 %gmem0_addr_3, i32 1" [/home/efrink/mled/split_cu/U280_CRC_Accelerator/src/kernel.cpp:652]   --->   Operation 428 'readreq' 'gmem0_load_2_req' <Predicate = true> <Delay = 2.43> <CoreInst = "m_axi">   --->   Core 121 'm_axi' <Latency = 0> <II = 1> <Delay = 1.00> <Adapter> <Opcode : 'read' 'write' 'readreq' 'writereq' 'writeresp'>

State 67 <SV = 66> <Delay = 2.43>
ST_67 : Operation 429 [10/70] (2.43ns)   --->   "%gmem0_load_2_req = readreq i1 @_ssdm_op_ReadReq.m_axi.i512P1A, i64 %gmem0_addr_3, i32 1" [/home/efrink/mled/split_cu/U280_CRC_Accelerator/src/kernel.cpp:652]   --->   Operation 429 'readreq' 'gmem0_load_2_req' <Predicate = true> <Delay = 2.43> <CoreInst = "m_axi">   --->   Core 121 'm_axi' <Latency = 0> <II = 1> <Delay = 1.00> <Adapter> <Opcode : 'read' 'write' 'readreq' 'writereq' 'writeresp'>

State 68 <SV = 67> <Delay = 2.43>
ST_68 : Operation 430 [9/70] (2.43ns)   --->   "%gmem0_load_2_req = readreq i1 @_ssdm_op_ReadReq.m_axi.i512P1A, i64 %gmem0_addr_3, i32 1" [/home/efrink/mled/split_cu/U280_CRC_Accelerator/src/kernel.cpp:652]   --->   Operation 430 'readreq' 'gmem0_load_2_req' <Predicate = true> <Delay = 2.43> <CoreInst = "m_axi">   --->   Core 121 'm_axi' <Latency = 0> <II = 1> <Delay = 1.00> <Adapter> <Opcode : 'read' 'write' 'readreq' 'writereq' 'writeresp'>

State 69 <SV = 68> <Delay = 2.43>
ST_69 : Operation 431 [8/70] (2.43ns)   --->   "%gmem0_load_2_req = readreq i1 @_ssdm_op_ReadReq.m_axi.i512P1A, i64 %gmem0_addr_3, i32 1" [/home/efrink/mled/split_cu/U280_CRC_Accelerator/src/kernel.cpp:652]   --->   Operation 431 'readreq' 'gmem0_load_2_req' <Predicate = true> <Delay = 2.43> <CoreInst = "m_axi">   --->   Core 121 'm_axi' <Latency = 0> <II = 1> <Delay = 1.00> <Adapter> <Opcode : 'read' 'write' 'readreq' 'writereq' 'writeresp'>

State 70 <SV = 69> <Delay = 2.43>
ST_70 : Operation 432 [7/70] (2.43ns)   --->   "%gmem0_load_2_req = readreq i1 @_ssdm_op_ReadReq.m_axi.i512P1A, i64 %gmem0_addr_3, i32 1" [/home/efrink/mled/split_cu/U280_CRC_Accelerator/src/kernel.cpp:652]   --->   Operation 432 'readreq' 'gmem0_load_2_req' <Predicate = true> <Delay = 2.43> <CoreInst = "m_axi">   --->   Core 121 'm_axi' <Latency = 0> <II = 1> <Delay = 1.00> <Adapter> <Opcode : 'read' 'write' 'readreq' 'writereq' 'writeresp'>

State 71 <SV = 70> <Delay = 2.43>
ST_71 : Operation 433 [6/70] (2.43ns)   --->   "%gmem0_load_2_req = readreq i1 @_ssdm_op_ReadReq.m_axi.i512P1A, i64 %gmem0_addr_3, i32 1" [/home/efrink/mled/split_cu/U280_CRC_Accelerator/src/kernel.cpp:652]   --->   Operation 433 'readreq' 'gmem0_load_2_req' <Predicate = true> <Delay = 2.43> <CoreInst = "m_axi">   --->   Core 121 'm_axi' <Latency = 0> <II = 1> <Delay = 1.00> <Adapter> <Opcode : 'read' 'write' 'readreq' 'writereq' 'writeresp'>

State 72 <SV = 71> <Delay = 2.43>
ST_72 : Operation 434 [5/70] (2.43ns)   --->   "%gmem0_load_2_req = readreq i1 @_ssdm_op_ReadReq.m_axi.i512P1A, i64 %gmem0_addr_3, i32 1" [/home/efrink/mled/split_cu/U280_CRC_Accelerator/src/kernel.cpp:652]   --->   Operation 434 'readreq' 'gmem0_load_2_req' <Predicate = true> <Delay = 2.43> <CoreInst = "m_axi">   --->   Core 121 'm_axi' <Latency = 0> <II = 1> <Delay = 1.00> <Adapter> <Opcode : 'read' 'write' 'readreq' 'writereq' 'writeresp'>

State 73 <SV = 72> <Delay = 2.43>
ST_73 : Operation 435 [4/70] (2.43ns)   --->   "%gmem0_load_2_req = readreq i1 @_ssdm_op_ReadReq.m_axi.i512P1A, i64 %gmem0_addr_3, i32 1" [/home/efrink/mled/split_cu/U280_CRC_Accelerator/src/kernel.cpp:652]   --->   Operation 435 'readreq' 'gmem0_load_2_req' <Predicate = true> <Delay = 2.43> <CoreInst = "m_axi">   --->   Core 121 'm_axi' <Latency = 0> <II = 1> <Delay = 1.00> <Adapter> <Opcode : 'read' 'write' 'readreq' 'writereq' 'writeresp'>

State 74 <SV = 73> <Delay = 2.43>
ST_74 : Operation 436 [3/70] (2.43ns)   --->   "%gmem0_load_2_req = readreq i1 @_ssdm_op_ReadReq.m_axi.i512P1A, i64 %gmem0_addr_3, i32 1" [/home/efrink/mled/split_cu/U280_CRC_Accelerator/src/kernel.cpp:652]   --->   Operation 436 'readreq' 'gmem0_load_2_req' <Predicate = true> <Delay = 2.43> <CoreInst = "m_axi">   --->   Core 121 'm_axi' <Latency = 0> <II = 1> <Delay = 1.00> <Adapter> <Opcode : 'read' 'write' 'readreq' 'writereq' 'writeresp'>

State 75 <SV = 74> <Delay = 2.43>
ST_75 : Operation 437 [2/70] (2.43ns)   --->   "%gmem0_load_2_req = readreq i1 @_ssdm_op_ReadReq.m_axi.i512P1A, i64 %gmem0_addr_3, i32 1" [/home/efrink/mled/split_cu/U280_CRC_Accelerator/src/kernel.cpp:652]   --->   Operation 437 'readreq' 'gmem0_load_2_req' <Predicate = true> <Delay = 2.43> <CoreInst = "m_axi">   --->   Core 121 'm_axi' <Latency = 0> <II = 1> <Delay = 1.00> <Adapter> <Opcode : 'read' 'write' 'readreq' 'writereq' 'writeresp'>

State 76 <SV = 75> <Delay = 2.43>
ST_76 : Operation 438 [1/70] (2.43ns)   --->   "%gmem0_load_2_req = readreq i1 @_ssdm_op_ReadReq.m_axi.i512P1A, i64 %gmem0_addr_3, i32 1" [/home/efrink/mled/split_cu/U280_CRC_Accelerator/src/kernel.cpp:652]   --->   Operation 438 'readreq' 'gmem0_load_2_req' <Predicate = true> <Delay = 2.43> <CoreInst = "m_axi">   --->   Core 121 'm_axi' <Latency = 0> <II = 1> <Delay = 1.00> <Adapter> <Opcode : 'read' 'write' 'readreq' 'writereq' 'writeresp'>

State 77 <SV = 76> <Delay = 2.43>
ST_77 : Operation 439 [1/1] (2.43ns)   --->   "%gmem0_addr_3_read = read i512 @_ssdm_op_Read.m_axi.i512P1A, i64 %gmem0_addr_3" [/home/efrink/mled/split_cu/U280_CRC_Accelerator/src/kernel.cpp:652]   --->   Operation 439 'read' 'gmem0_addr_3_read' <Predicate = true> <Delay = 2.43> <CoreInst = "m_axi">   --->   Core 121 'm_axi' <Latency = 0> <II = 1> <Delay = 1.00> <Adapter> <Opcode : 'read' 'write' 'readreq' 'writereq' 'writeresp'>

State 78 <SV = 77> <Delay = 1.44>
ST_78 : Operation 440 [1/1] (0.00ns)   --->   "%shl_ln1 = bitconcatenate i9 @_ssdm_op_BitConcatenate.i9.i6.i3, i6 %add_ln652_2, i3 0" [/home/efrink/mled/split_cu/U280_CRC_Accelerator/src/kernel.cpp:652]   --->   Operation 440 'bitconcatenate' 'shl_ln1' <Predicate = true> <Delay = 0.00>
ST_78 : Operation 441 [1/1] (0.00ns)   --->   "%zext_ln652_1 = zext i9 %shl_ln1" [/home/efrink/mled/split_cu/U280_CRC_Accelerator/src/kernel.cpp:652]   --->   Operation 441 'zext' 'zext_ln652_1' <Predicate = true> <Delay = 0.00>
ST_78 : Operation 442 [1/1] (1.44ns)   --->   "%lshr_ln652 = lshr i512 %gmem0_addr_3_read, i512 %zext_ln652_1" [/home/efrink/mled/split_cu/U280_CRC_Accelerator/src/kernel.cpp:652]   --->   Operation 442 'lshr' 'lshr_ln652' <Predicate = true> <Delay = 1.44> <CoreInst = "Shifter">   --->   Core 75 'Shifter' <Latency = 0> <II = 1> <Delay = 1.44> <FuncUnit> <Opcode : 'shl' 'lshr' 'ashr'> <InPorts = 2> <OutPorts = 1>
ST_78 : Operation 443 [1/1] (0.00ns)   --->   "%trunc_ln1715 = trunc i512 %lshr_ln652"   --->   Operation 443 'trunc' 'trunc_ln1715' <Predicate = true> <Delay = 0.00>

State 79 <SV = 78> <Delay = 1.57>
ST_79 : Operation 444 [1/1] (0.00ns)   --->   "%r_V_5 = bitconcatenate i16 @_ssdm_op_BitConcatenate.i16.i8.i8, i8 %trunc_ln1715, i8 0"   --->   Operation 444 'bitconcatenate' 'r_V_5' <Predicate = true> <Delay = 0.00>
ST_79 : Operation 445 [1/1] (0.00ns)   --->   "%zext_ln232 = zext i16 %r_V_5"   --->   Operation 445 'zext' 'zext_ln232' <Predicate = true> <Delay = 0.00>
ST_79 : Operation 446 [1/1] (0.00ns)   --->   "%trunc_ln232 = trunc i17 %sum_i_0_lcssa"   --->   Operation 446 'trunc' 'trunc_ln232' <Predicate = true> <Delay = 0.00>
ST_79 : Operation 447 [1/1] (0.79ns)   --->   "%tmp_4 = add i17 %sum_i_0_lcssa, i17 %zext_ln232"   --->   Operation 447 'add' 'tmp_4' <Predicate = true> <Delay = 0.79> <CoreInst = "Adder">   --->   Core 1 'Adder' <Latency = 0> <II = 1> <Delay = 0.79> <FuncUnit> <Opcode : 'add' 'sub'> <InPorts = 2> <OutPorts = 1>
ST_79 : Operation 448 [1/1] (0.78ns)   --->   "%add_ln630 = add i16 %trunc_ln232, i16 %r_V_5" [/home/efrink/mled/split_cu/U280_CRC_Accelerator/src/kernel.cpp:630]   --->   Operation 448 'add' 'add_ln630' <Predicate = true> <Delay = 0.78> <CoreInst = "Adder">   --->   Core 1 'Adder' <Latency = 0> <II = 1> <Delay = 0.78> <FuncUnit> <Opcode : 'add' 'sub'> <InPorts = 2> <OutPorts = 1>
ST_79 : Operation 449 [1/1] (0.00ns)   --->   "%zext_ln1715_1 = zext i16 %add_ln630"   --->   Operation 449 'zext' 'zext_ln1715_1' <Predicate = true> <Delay = 0.00>
ST_79 : Operation 450 [1/1] (0.00ns)   --->   "%r_V = bitselect i1 @_ssdm_op_BitSelect.i1.i17.i32, i17 %tmp_4, i32 16"   --->   Operation 450 'bitselect' 'r_V' <Predicate = true> <Delay = 0.00>
ST_79 : Operation 451 [1/1] (0.00ns)   --->   "%zext_ln1715 = zext i1 %r_V"   --->   Operation 451 'zext' 'zext_ln1715' <Predicate = true> <Delay = 0.00>
ST_79 : Operation 452 [1/1] (0.78ns)   --->   "%sum_V = add i17 %zext_ln1715_1, i17 %zext_ln1715"   --->   Operation 452 'add' 'sum_V' <Predicate = true> <Delay = 0.78> <CoreInst = "Adder">   --->   Core 1 'Adder' <Latency = 0> <II = 1> <Delay = 0.79> <FuncUnit> <Opcode : 'add' 'sub'> <InPorts = 2> <OutPorts = 1>
ST_79 : Operation 453 [1/1] (0.38ns)   --->   "%br_ln654 = br void %_ZL25tcp_checksum_chunk_scalarPKhj.exit" [/home/efrink/mled/split_cu/U280_CRC_Accelerator/src/kernel.cpp:654]   --->   Operation 453 'br' 'br_ln654' <Predicate = true> <Delay = 0.38>

State 80 <SV = 79> <Delay = 0.78>
ST_80 : Operation 454 [1/1] (0.00ns)   --->   "%sum_V_6 = phi i17 %sum_V, void %if.then.i, i17 %sum_i_0_lcssa, void %for.end.i"   --->   Operation 454 'phi' 'sum_V_6' <Predicate = true> <Delay = 0.00>
ST_80 : Operation 455 [1/1] (0.00ns)   --->   "%trunc_ln232_1 = trunc i17 %sum_V_6"   --->   Operation 455 'trunc' 'trunc_ln232_1' <Predicate = true> <Delay = 0.00>
ST_80 : Operation 456 [1/1] (0.00ns)   --->   "%tmp_6 = bitselect i1 @_ssdm_op_BitSelect.i1.i17.i32, i17 %sum_V_6, i32 16"   --->   Operation 456 'bitselect' 'tmp_6' <Predicate = true> <Delay = 0.00>
ST_80 : Operation 457 [1/1] (0.00ns)   --->   "%zext_ln232_61 = zext i1 %tmp_6"   --->   Operation 457 'zext' 'zext_ln232_61' <Predicate = true> <Delay = 0.00>
ST_80 : Operation 458 [1/1] (0.78ns)   --->   "%folded_V = add i16 %zext_ln232_61, i16 %trunc_ln232_1"   --->   Operation 458 'add' 'folded_V' <Predicate = true> <Delay = 0.78> <CoreInst = "Adder">   --->   Core 1 'Adder' <Latency = 0> <II = 1> <Delay = 0.78> <FuncUnit> <Opcode : 'add' 'sub'> <InPorts = 2> <OutPorts = 1>
ST_80 : Operation 459 [1/1] (0.38ns)   --->   "%br_ln0 = br void %for.inc"   --->   Operation 459 'br' 'br_ln0' <Predicate = true> <Delay = 0.38>

State 81 <SV = 2> <Delay = 2.43>
ST_81 : Operation 460 [1/1] (0.00ns)   --->   "%sext_ln670 = sext i58 %trunc_ln" [/home/efrink/mled/split_cu/U280_CRC_Accelerator/src/kernel.cpp:670]   --->   Operation 460 'sext' 'sext_ln670' <Predicate = true> <Delay = 0.00>
ST_81 : Operation 461 [1/1] (0.00ns)   --->   "%gmem0_addr = getelementptr i512 %gmem0, i64 %sext_ln670" [/home/efrink/mled/split_cu/U280_CRC_Accelerator/src/kernel.cpp:670]   --->   Operation 461 'getelementptr' 'gmem0_addr' <Predicate = true> <Delay = 0.00>
ST_81 : Operation 462 [70/70] (2.43ns)   --->   "%empty_29 = readreq i1 @_ssdm_op_ReadReq.m_axi.p1i512, i64 %gmem0_addr, i32 %vec_words_1" [/home/efrink/mled/split_cu/U280_CRC_Accelerator/src/kernel.cpp:670]   --->   Operation 462 'readreq' 'empty_29' <Predicate = true> <Delay = 2.43> <CoreInst = "m_axi">   --->   Core 121 'm_axi' <Latency = 0> <II = 1> <Delay = 1.00> <Adapter> <Opcode : 'read' 'write' 'readreq' 'writereq' 'writeresp'>

State 82 <SV = 3> <Delay = 2.43>
ST_82 : Operation 463 [69/70] (2.43ns)   --->   "%empty_29 = readreq i1 @_ssdm_op_ReadReq.m_axi.p1i512, i64 %gmem0_addr, i32 %vec_words_1" [/home/efrink/mled/split_cu/U280_CRC_Accelerator/src/kernel.cpp:670]   --->   Operation 463 'readreq' 'empty_29' <Predicate = true> <Delay = 2.43> <CoreInst = "m_axi">   --->   Core 121 'm_axi' <Latency = 0> <II = 1> <Delay = 1.00> <Adapter> <Opcode : 'read' 'write' 'readreq' 'writereq' 'writeresp'>

State 83 <SV = 4> <Delay = 2.43>
ST_83 : Operation 464 [68/70] (2.43ns)   --->   "%empty_29 = readreq i1 @_ssdm_op_ReadReq.m_axi.p1i512, i64 %gmem0_addr, i32 %vec_words_1" [/home/efrink/mled/split_cu/U280_CRC_Accelerator/src/kernel.cpp:670]   --->   Operation 464 'readreq' 'empty_29' <Predicate = true> <Delay = 2.43> <CoreInst = "m_axi">   --->   Core 121 'm_axi' <Latency = 0> <II = 1> <Delay = 1.00> <Adapter> <Opcode : 'read' 'write' 'readreq' 'writereq' 'writeresp'>

State 84 <SV = 5> <Delay = 2.43>
ST_84 : Operation 465 [67/70] (2.43ns)   --->   "%empty_29 = readreq i1 @_ssdm_op_ReadReq.m_axi.p1i512, i64 %gmem0_addr, i32 %vec_words_1" [/home/efrink/mled/split_cu/U280_CRC_Accelerator/src/kernel.cpp:670]   --->   Operation 465 'readreq' 'empty_29' <Predicate = true> <Delay = 2.43> <CoreInst = "m_axi">   --->   Core 121 'm_axi' <Latency = 0> <II = 1> <Delay = 1.00> <Adapter> <Opcode : 'read' 'write' 'readreq' 'writereq' 'writeresp'>

State 85 <SV = 6> <Delay = 2.43>
ST_85 : Operation 466 [66/70] (2.43ns)   --->   "%empty_29 = readreq i1 @_ssdm_op_ReadReq.m_axi.p1i512, i64 %gmem0_addr, i32 %vec_words_1" [/home/efrink/mled/split_cu/U280_CRC_Accelerator/src/kernel.cpp:670]   --->   Operation 466 'readreq' 'empty_29' <Predicate = true> <Delay = 2.43> <CoreInst = "m_axi">   --->   Core 121 'm_axi' <Latency = 0> <II = 1> <Delay = 1.00> <Adapter> <Opcode : 'read' 'write' 'readreq' 'writereq' 'writeresp'>

State 86 <SV = 7> <Delay = 2.43>
ST_86 : Operation 467 [65/70] (2.43ns)   --->   "%empty_29 = readreq i1 @_ssdm_op_ReadReq.m_axi.p1i512, i64 %gmem0_addr, i32 %vec_words_1" [/home/efrink/mled/split_cu/U280_CRC_Accelerator/src/kernel.cpp:670]   --->   Operation 467 'readreq' 'empty_29' <Predicate = true> <Delay = 2.43> <CoreInst = "m_axi">   --->   Core 121 'm_axi' <Latency = 0> <II = 1> <Delay = 1.00> <Adapter> <Opcode : 'read' 'write' 'readreq' 'writereq' 'writeresp'>

State 87 <SV = 8> <Delay = 2.43>
ST_87 : Operation 468 [64/70] (2.43ns)   --->   "%empty_29 = readreq i1 @_ssdm_op_ReadReq.m_axi.p1i512, i64 %gmem0_addr, i32 %vec_words_1" [/home/efrink/mled/split_cu/U280_CRC_Accelerator/src/kernel.cpp:670]   --->   Operation 468 'readreq' 'empty_29' <Predicate = true> <Delay = 2.43> <CoreInst = "m_axi">   --->   Core 121 'm_axi' <Latency = 0> <II = 1> <Delay = 1.00> <Adapter> <Opcode : 'read' 'write' 'readreq' 'writereq' 'writeresp'>

State 88 <SV = 9> <Delay = 2.43>
ST_88 : Operation 469 [63/70] (2.43ns)   --->   "%empty_29 = readreq i1 @_ssdm_op_ReadReq.m_axi.p1i512, i64 %gmem0_addr, i32 %vec_words_1" [/home/efrink/mled/split_cu/U280_CRC_Accelerator/src/kernel.cpp:670]   --->   Operation 469 'readreq' 'empty_29' <Predicate = true> <Delay = 2.43> <CoreInst = "m_axi">   --->   Core 121 'm_axi' <Latency = 0> <II = 1> <Delay = 1.00> <Adapter> <Opcode : 'read' 'write' 'readreq' 'writereq' 'writeresp'>

State 89 <SV = 10> <Delay = 2.43>
ST_89 : Operation 470 [62/70] (2.43ns)   --->   "%empty_29 = readreq i1 @_ssdm_op_ReadReq.m_axi.p1i512, i64 %gmem0_addr, i32 %vec_words_1" [/home/efrink/mled/split_cu/U280_CRC_Accelerator/src/kernel.cpp:670]   --->   Operation 470 'readreq' 'empty_29' <Predicate = true> <Delay = 2.43> <CoreInst = "m_axi">   --->   Core 121 'm_axi' <Latency = 0> <II = 1> <Delay = 1.00> <Adapter> <Opcode : 'read' 'write' 'readreq' 'writereq' 'writeresp'>

State 90 <SV = 11> <Delay = 2.43>
ST_90 : Operation 471 [61/70] (2.43ns)   --->   "%empty_29 = readreq i1 @_ssdm_op_ReadReq.m_axi.p1i512, i64 %gmem0_addr, i32 %vec_words_1" [/home/efrink/mled/split_cu/U280_CRC_Accelerator/src/kernel.cpp:670]   --->   Operation 471 'readreq' 'empty_29' <Predicate = true> <Delay = 2.43> <CoreInst = "m_axi">   --->   Core 121 'm_axi' <Latency = 0> <II = 1> <Delay = 1.00> <Adapter> <Opcode : 'read' 'write' 'readreq' 'writereq' 'writeresp'>

State 91 <SV = 12> <Delay = 2.43>
ST_91 : Operation 472 [60/70] (2.43ns)   --->   "%empty_29 = readreq i1 @_ssdm_op_ReadReq.m_axi.p1i512, i64 %gmem0_addr, i32 %vec_words_1" [/home/efrink/mled/split_cu/U280_CRC_Accelerator/src/kernel.cpp:670]   --->   Operation 472 'readreq' 'empty_29' <Predicate = true> <Delay = 2.43> <CoreInst = "m_axi">   --->   Core 121 'm_axi' <Latency = 0> <II = 1> <Delay = 1.00> <Adapter> <Opcode : 'read' 'write' 'readreq' 'writereq' 'writeresp'>

State 92 <SV = 13> <Delay = 2.43>
ST_92 : Operation 473 [59/70] (2.43ns)   --->   "%empty_29 = readreq i1 @_ssdm_op_ReadReq.m_axi.p1i512, i64 %gmem0_addr, i32 %vec_words_1" [/home/efrink/mled/split_cu/U280_CRC_Accelerator/src/kernel.cpp:670]   --->   Operation 473 'readreq' 'empty_29' <Predicate = true> <Delay = 2.43> <CoreInst = "m_axi">   --->   Core 121 'm_axi' <Latency = 0> <II = 1> <Delay = 1.00> <Adapter> <Opcode : 'read' 'write' 'readreq' 'writereq' 'writeresp'>

State 93 <SV = 14> <Delay = 2.43>
ST_93 : Operation 474 [58/70] (2.43ns)   --->   "%empty_29 = readreq i1 @_ssdm_op_ReadReq.m_axi.p1i512, i64 %gmem0_addr, i32 %vec_words_1" [/home/efrink/mled/split_cu/U280_CRC_Accelerator/src/kernel.cpp:670]   --->   Operation 474 'readreq' 'empty_29' <Predicate = true> <Delay = 2.43> <CoreInst = "m_axi">   --->   Core 121 'm_axi' <Latency = 0> <II = 1> <Delay = 1.00> <Adapter> <Opcode : 'read' 'write' 'readreq' 'writereq' 'writeresp'>

State 94 <SV = 15> <Delay = 2.43>
ST_94 : Operation 475 [57/70] (2.43ns)   --->   "%empty_29 = readreq i1 @_ssdm_op_ReadReq.m_axi.p1i512, i64 %gmem0_addr, i32 %vec_words_1" [/home/efrink/mled/split_cu/U280_CRC_Accelerator/src/kernel.cpp:670]   --->   Operation 475 'readreq' 'empty_29' <Predicate = true> <Delay = 2.43> <CoreInst = "m_axi">   --->   Core 121 'm_axi' <Latency = 0> <II = 1> <Delay = 1.00> <Adapter> <Opcode : 'read' 'write' 'readreq' 'writereq' 'writeresp'>

State 95 <SV = 16> <Delay = 2.43>
ST_95 : Operation 476 [56/70] (2.43ns)   --->   "%empty_29 = readreq i1 @_ssdm_op_ReadReq.m_axi.p1i512, i64 %gmem0_addr, i32 %vec_words_1" [/home/efrink/mled/split_cu/U280_CRC_Accelerator/src/kernel.cpp:670]   --->   Operation 476 'readreq' 'empty_29' <Predicate = true> <Delay = 2.43> <CoreInst = "m_axi">   --->   Core 121 'm_axi' <Latency = 0> <II = 1> <Delay = 1.00> <Adapter> <Opcode : 'read' 'write' 'readreq' 'writereq' 'writeresp'>

State 96 <SV = 17> <Delay = 2.43>
ST_96 : Operation 477 [55/70] (2.43ns)   --->   "%empty_29 = readreq i1 @_ssdm_op_ReadReq.m_axi.p1i512, i64 %gmem0_addr, i32 %vec_words_1" [/home/efrink/mled/split_cu/U280_CRC_Accelerator/src/kernel.cpp:670]   --->   Operation 477 'readreq' 'empty_29' <Predicate = true> <Delay = 2.43> <CoreInst = "m_axi">   --->   Core 121 'm_axi' <Latency = 0> <II = 1> <Delay = 1.00> <Adapter> <Opcode : 'read' 'write' 'readreq' 'writereq' 'writeresp'>

State 97 <SV = 18> <Delay = 2.43>
ST_97 : Operation 478 [54/70] (2.43ns)   --->   "%empty_29 = readreq i1 @_ssdm_op_ReadReq.m_axi.p1i512, i64 %gmem0_addr, i32 %vec_words_1" [/home/efrink/mled/split_cu/U280_CRC_Accelerator/src/kernel.cpp:670]   --->   Operation 478 'readreq' 'empty_29' <Predicate = true> <Delay = 2.43> <CoreInst = "m_axi">   --->   Core 121 'm_axi' <Latency = 0> <II = 1> <Delay = 1.00> <Adapter> <Opcode : 'read' 'write' 'readreq' 'writereq' 'writeresp'>

State 98 <SV = 19> <Delay = 2.43>
ST_98 : Operation 479 [53/70] (2.43ns)   --->   "%empty_29 = readreq i1 @_ssdm_op_ReadReq.m_axi.p1i512, i64 %gmem0_addr, i32 %vec_words_1" [/home/efrink/mled/split_cu/U280_CRC_Accelerator/src/kernel.cpp:670]   --->   Operation 479 'readreq' 'empty_29' <Predicate = true> <Delay = 2.43> <CoreInst = "m_axi">   --->   Core 121 'm_axi' <Latency = 0> <II = 1> <Delay = 1.00> <Adapter> <Opcode : 'read' 'write' 'readreq' 'writereq' 'writeresp'>

State 99 <SV = 20> <Delay = 2.43>
ST_99 : Operation 480 [52/70] (2.43ns)   --->   "%empty_29 = readreq i1 @_ssdm_op_ReadReq.m_axi.p1i512, i64 %gmem0_addr, i32 %vec_words_1" [/home/efrink/mled/split_cu/U280_CRC_Accelerator/src/kernel.cpp:670]   --->   Operation 480 'readreq' 'empty_29' <Predicate = true> <Delay = 2.43> <CoreInst = "m_axi">   --->   Core 121 'm_axi' <Latency = 0> <II = 1> <Delay = 1.00> <Adapter> <Opcode : 'read' 'write' 'readreq' 'writereq' 'writeresp'>

State 100 <SV = 21> <Delay = 2.43>
ST_100 : Operation 481 [51/70] (2.43ns)   --->   "%empty_29 = readreq i1 @_ssdm_op_ReadReq.m_axi.p1i512, i64 %gmem0_addr, i32 %vec_words_1" [/home/efrink/mled/split_cu/U280_CRC_Accelerator/src/kernel.cpp:670]   --->   Operation 481 'readreq' 'empty_29' <Predicate = true> <Delay = 2.43> <CoreInst = "m_axi">   --->   Core 121 'm_axi' <Latency = 0> <II = 1> <Delay = 1.00> <Adapter> <Opcode : 'read' 'write' 'readreq' 'writereq' 'writeresp'>

State 101 <SV = 22> <Delay = 2.43>
ST_101 : Operation 482 [50/70] (2.43ns)   --->   "%empty_29 = readreq i1 @_ssdm_op_ReadReq.m_axi.p1i512, i64 %gmem0_addr, i32 %vec_words_1" [/home/efrink/mled/split_cu/U280_CRC_Accelerator/src/kernel.cpp:670]   --->   Operation 482 'readreq' 'empty_29' <Predicate = true> <Delay = 2.43> <CoreInst = "m_axi">   --->   Core 121 'm_axi' <Latency = 0> <II = 1> <Delay = 1.00> <Adapter> <Opcode : 'read' 'write' 'readreq' 'writereq' 'writeresp'>

State 102 <SV = 23> <Delay = 2.43>
ST_102 : Operation 483 [49/70] (2.43ns)   --->   "%empty_29 = readreq i1 @_ssdm_op_ReadReq.m_axi.p1i512, i64 %gmem0_addr, i32 %vec_words_1" [/home/efrink/mled/split_cu/U280_CRC_Accelerator/src/kernel.cpp:670]   --->   Operation 483 'readreq' 'empty_29' <Predicate = true> <Delay = 2.43> <CoreInst = "m_axi">   --->   Core 121 'm_axi' <Latency = 0> <II = 1> <Delay = 1.00> <Adapter> <Opcode : 'read' 'write' 'readreq' 'writereq' 'writeresp'>

State 103 <SV = 24> <Delay = 2.43>
ST_103 : Operation 484 [48/70] (2.43ns)   --->   "%empty_29 = readreq i1 @_ssdm_op_ReadReq.m_axi.p1i512, i64 %gmem0_addr, i32 %vec_words_1" [/home/efrink/mled/split_cu/U280_CRC_Accelerator/src/kernel.cpp:670]   --->   Operation 484 'readreq' 'empty_29' <Predicate = true> <Delay = 2.43> <CoreInst = "m_axi">   --->   Core 121 'm_axi' <Latency = 0> <II = 1> <Delay = 1.00> <Adapter> <Opcode : 'read' 'write' 'readreq' 'writereq' 'writeresp'>

State 104 <SV = 25> <Delay = 2.43>
ST_104 : Operation 485 [47/70] (2.43ns)   --->   "%empty_29 = readreq i1 @_ssdm_op_ReadReq.m_axi.p1i512, i64 %gmem0_addr, i32 %vec_words_1" [/home/efrink/mled/split_cu/U280_CRC_Accelerator/src/kernel.cpp:670]   --->   Operation 485 'readreq' 'empty_29' <Predicate = true> <Delay = 2.43> <CoreInst = "m_axi">   --->   Core 121 'm_axi' <Latency = 0> <II = 1> <Delay = 1.00> <Adapter> <Opcode : 'read' 'write' 'readreq' 'writereq' 'writeresp'>

State 105 <SV = 26> <Delay = 2.43>
ST_105 : Operation 486 [46/70] (2.43ns)   --->   "%empty_29 = readreq i1 @_ssdm_op_ReadReq.m_axi.p1i512, i64 %gmem0_addr, i32 %vec_words_1" [/home/efrink/mled/split_cu/U280_CRC_Accelerator/src/kernel.cpp:670]   --->   Operation 486 'readreq' 'empty_29' <Predicate = true> <Delay = 2.43> <CoreInst = "m_axi">   --->   Core 121 'm_axi' <Latency = 0> <II = 1> <Delay = 1.00> <Adapter> <Opcode : 'read' 'write' 'readreq' 'writereq' 'writeresp'>

State 106 <SV = 27> <Delay = 2.43>
ST_106 : Operation 487 [45/70] (2.43ns)   --->   "%empty_29 = readreq i1 @_ssdm_op_ReadReq.m_axi.p1i512, i64 %gmem0_addr, i32 %vec_words_1" [/home/efrink/mled/split_cu/U280_CRC_Accelerator/src/kernel.cpp:670]   --->   Operation 487 'readreq' 'empty_29' <Predicate = true> <Delay = 2.43> <CoreInst = "m_axi">   --->   Core 121 'm_axi' <Latency = 0> <II = 1> <Delay = 1.00> <Adapter> <Opcode : 'read' 'write' 'readreq' 'writereq' 'writeresp'>

State 107 <SV = 28> <Delay = 2.43>
ST_107 : Operation 488 [44/70] (2.43ns)   --->   "%empty_29 = readreq i1 @_ssdm_op_ReadReq.m_axi.p1i512, i64 %gmem0_addr, i32 %vec_words_1" [/home/efrink/mled/split_cu/U280_CRC_Accelerator/src/kernel.cpp:670]   --->   Operation 488 'readreq' 'empty_29' <Predicate = true> <Delay = 2.43> <CoreInst = "m_axi">   --->   Core 121 'm_axi' <Latency = 0> <II = 1> <Delay = 1.00> <Adapter> <Opcode : 'read' 'write' 'readreq' 'writereq' 'writeresp'>

State 108 <SV = 29> <Delay = 2.43>
ST_108 : Operation 489 [43/70] (2.43ns)   --->   "%empty_29 = readreq i1 @_ssdm_op_ReadReq.m_axi.p1i512, i64 %gmem0_addr, i32 %vec_words_1" [/home/efrink/mled/split_cu/U280_CRC_Accelerator/src/kernel.cpp:670]   --->   Operation 489 'readreq' 'empty_29' <Predicate = true> <Delay = 2.43> <CoreInst = "m_axi">   --->   Core 121 'm_axi' <Latency = 0> <II = 1> <Delay = 1.00> <Adapter> <Opcode : 'read' 'write' 'readreq' 'writereq' 'writeresp'>

State 109 <SV = 30> <Delay = 2.43>
ST_109 : Operation 490 [42/70] (2.43ns)   --->   "%empty_29 = readreq i1 @_ssdm_op_ReadReq.m_axi.p1i512, i64 %gmem0_addr, i32 %vec_words_1" [/home/efrink/mled/split_cu/U280_CRC_Accelerator/src/kernel.cpp:670]   --->   Operation 490 'readreq' 'empty_29' <Predicate = true> <Delay = 2.43> <CoreInst = "m_axi">   --->   Core 121 'm_axi' <Latency = 0> <II = 1> <Delay = 1.00> <Adapter> <Opcode : 'read' 'write' 'readreq' 'writereq' 'writeresp'>

State 110 <SV = 31> <Delay = 2.43>
ST_110 : Operation 491 [41/70] (2.43ns)   --->   "%empty_29 = readreq i1 @_ssdm_op_ReadReq.m_axi.p1i512, i64 %gmem0_addr, i32 %vec_words_1" [/home/efrink/mled/split_cu/U280_CRC_Accelerator/src/kernel.cpp:670]   --->   Operation 491 'readreq' 'empty_29' <Predicate = true> <Delay = 2.43> <CoreInst = "m_axi">   --->   Core 121 'm_axi' <Latency = 0> <II = 1> <Delay = 1.00> <Adapter> <Opcode : 'read' 'write' 'readreq' 'writereq' 'writeresp'>

State 111 <SV = 32> <Delay = 2.43>
ST_111 : Operation 492 [40/70] (2.43ns)   --->   "%empty_29 = readreq i1 @_ssdm_op_ReadReq.m_axi.p1i512, i64 %gmem0_addr, i32 %vec_words_1" [/home/efrink/mled/split_cu/U280_CRC_Accelerator/src/kernel.cpp:670]   --->   Operation 492 'readreq' 'empty_29' <Predicate = true> <Delay = 2.43> <CoreInst = "m_axi">   --->   Core 121 'm_axi' <Latency = 0> <II = 1> <Delay = 1.00> <Adapter> <Opcode : 'read' 'write' 'readreq' 'writereq' 'writeresp'>

State 112 <SV = 33> <Delay = 2.43>
ST_112 : Operation 493 [39/70] (2.43ns)   --->   "%empty_29 = readreq i1 @_ssdm_op_ReadReq.m_axi.p1i512, i64 %gmem0_addr, i32 %vec_words_1" [/home/efrink/mled/split_cu/U280_CRC_Accelerator/src/kernel.cpp:670]   --->   Operation 493 'readreq' 'empty_29' <Predicate = true> <Delay = 2.43> <CoreInst = "m_axi">   --->   Core 121 'm_axi' <Latency = 0> <II = 1> <Delay = 1.00> <Adapter> <Opcode : 'read' 'write' 'readreq' 'writereq' 'writeresp'>

State 113 <SV = 34> <Delay = 2.43>
ST_113 : Operation 494 [38/70] (2.43ns)   --->   "%empty_29 = readreq i1 @_ssdm_op_ReadReq.m_axi.p1i512, i64 %gmem0_addr, i32 %vec_words_1" [/home/efrink/mled/split_cu/U280_CRC_Accelerator/src/kernel.cpp:670]   --->   Operation 494 'readreq' 'empty_29' <Predicate = true> <Delay = 2.43> <CoreInst = "m_axi">   --->   Core 121 'm_axi' <Latency = 0> <II = 1> <Delay = 1.00> <Adapter> <Opcode : 'read' 'write' 'readreq' 'writereq' 'writeresp'>

State 114 <SV = 35> <Delay = 2.43>
ST_114 : Operation 495 [37/70] (2.43ns)   --->   "%empty_29 = readreq i1 @_ssdm_op_ReadReq.m_axi.p1i512, i64 %gmem0_addr, i32 %vec_words_1" [/home/efrink/mled/split_cu/U280_CRC_Accelerator/src/kernel.cpp:670]   --->   Operation 495 'readreq' 'empty_29' <Predicate = true> <Delay = 2.43> <CoreInst = "m_axi">   --->   Core 121 'm_axi' <Latency = 0> <II = 1> <Delay = 1.00> <Adapter> <Opcode : 'read' 'write' 'readreq' 'writereq' 'writeresp'>

State 115 <SV = 36> <Delay = 2.43>
ST_115 : Operation 496 [36/70] (2.43ns)   --->   "%empty_29 = readreq i1 @_ssdm_op_ReadReq.m_axi.p1i512, i64 %gmem0_addr, i32 %vec_words_1" [/home/efrink/mled/split_cu/U280_CRC_Accelerator/src/kernel.cpp:670]   --->   Operation 496 'readreq' 'empty_29' <Predicate = true> <Delay = 2.43> <CoreInst = "m_axi">   --->   Core 121 'm_axi' <Latency = 0> <II = 1> <Delay = 1.00> <Adapter> <Opcode : 'read' 'write' 'readreq' 'writereq' 'writeresp'>

State 116 <SV = 37> <Delay = 2.43>
ST_116 : Operation 497 [35/70] (2.43ns)   --->   "%empty_29 = readreq i1 @_ssdm_op_ReadReq.m_axi.p1i512, i64 %gmem0_addr, i32 %vec_words_1" [/home/efrink/mled/split_cu/U280_CRC_Accelerator/src/kernel.cpp:670]   --->   Operation 497 'readreq' 'empty_29' <Predicate = true> <Delay = 2.43> <CoreInst = "m_axi">   --->   Core 121 'm_axi' <Latency = 0> <II = 1> <Delay = 1.00> <Adapter> <Opcode : 'read' 'write' 'readreq' 'writereq' 'writeresp'>

State 117 <SV = 38> <Delay = 2.43>
ST_117 : Operation 498 [34/70] (2.43ns)   --->   "%empty_29 = readreq i1 @_ssdm_op_ReadReq.m_axi.p1i512, i64 %gmem0_addr, i32 %vec_words_1" [/home/efrink/mled/split_cu/U280_CRC_Accelerator/src/kernel.cpp:670]   --->   Operation 498 'readreq' 'empty_29' <Predicate = true> <Delay = 2.43> <CoreInst = "m_axi">   --->   Core 121 'm_axi' <Latency = 0> <II = 1> <Delay = 1.00> <Adapter> <Opcode : 'read' 'write' 'readreq' 'writereq' 'writeresp'>

State 118 <SV = 39> <Delay = 2.43>
ST_118 : Operation 499 [33/70] (2.43ns)   --->   "%empty_29 = readreq i1 @_ssdm_op_ReadReq.m_axi.p1i512, i64 %gmem0_addr, i32 %vec_words_1" [/home/efrink/mled/split_cu/U280_CRC_Accelerator/src/kernel.cpp:670]   --->   Operation 499 'readreq' 'empty_29' <Predicate = true> <Delay = 2.43> <CoreInst = "m_axi">   --->   Core 121 'm_axi' <Latency = 0> <II = 1> <Delay = 1.00> <Adapter> <Opcode : 'read' 'write' 'readreq' 'writereq' 'writeresp'>

State 119 <SV = 40> <Delay = 2.43>
ST_119 : Operation 500 [32/70] (2.43ns)   --->   "%empty_29 = readreq i1 @_ssdm_op_ReadReq.m_axi.p1i512, i64 %gmem0_addr, i32 %vec_words_1" [/home/efrink/mled/split_cu/U280_CRC_Accelerator/src/kernel.cpp:670]   --->   Operation 500 'readreq' 'empty_29' <Predicate = true> <Delay = 2.43> <CoreInst = "m_axi">   --->   Core 121 'm_axi' <Latency = 0> <II = 1> <Delay = 1.00> <Adapter> <Opcode : 'read' 'write' 'readreq' 'writereq' 'writeresp'>

State 120 <SV = 41> <Delay = 2.43>
ST_120 : Operation 501 [31/70] (2.43ns)   --->   "%empty_29 = readreq i1 @_ssdm_op_ReadReq.m_axi.p1i512, i64 %gmem0_addr, i32 %vec_words_1" [/home/efrink/mled/split_cu/U280_CRC_Accelerator/src/kernel.cpp:670]   --->   Operation 501 'readreq' 'empty_29' <Predicate = true> <Delay = 2.43> <CoreInst = "m_axi">   --->   Core 121 'm_axi' <Latency = 0> <II = 1> <Delay = 1.00> <Adapter> <Opcode : 'read' 'write' 'readreq' 'writereq' 'writeresp'>

State 121 <SV = 42> <Delay = 2.43>
ST_121 : Operation 502 [30/70] (2.43ns)   --->   "%empty_29 = readreq i1 @_ssdm_op_ReadReq.m_axi.p1i512, i64 %gmem0_addr, i32 %vec_words_1" [/home/efrink/mled/split_cu/U280_CRC_Accelerator/src/kernel.cpp:670]   --->   Operation 502 'readreq' 'empty_29' <Predicate = true> <Delay = 2.43> <CoreInst = "m_axi">   --->   Core 121 'm_axi' <Latency = 0> <II = 1> <Delay = 1.00> <Adapter> <Opcode : 'read' 'write' 'readreq' 'writereq' 'writeresp'>

State 122 <SV = 43> <Delay = 2.43>
ST_122 : Operation 503 [29/70] (2.43ns)   --->   "%empty_29 = readreq i1 @_ssdm_op_ReadReq.m_axi.p1i512, i64 %gmem0_addr, i32 %vec_words_1" [/home/efrink/mled/split_cu/U280_CRC_Accelerator/src/kernel.cpp:670]   --->   Operation 503 'readreq' 'empty_29' <Predicate = true> <Delay = 2.43> <CoreInst = "m_axi">   --->   Core 121 'm_axi' <Latency = 0> <II = 1> <Delay = 1.00> <Adapter> <Opcode : 'read' 'write' 'readreq' 'writereq' 'writeresp'>

State 123 <SV = 44> <Delay = 2.43>
ST_123 : Operation 504 [28/70] (2.43ns)   --->   "%empty_29 = readreq i1 @_ssdm_op_ReadReq.m_axi.p1i512, i64 %gmem0_addr, i32 %vec_words_1" [/home/efrink/mled/split_cu/U280_CRC_Accelerator/src/kernel.cpp:670]   --->   Operation 504 'readreq' 'empty_29' <Predicate = true> <Delay = 2.43> <CoreInst = "m_axi">   --->   Core 121 'm_axi' <Latency = 0> <II = 1> <Delay = 1.00> <Adapter> <Opcode : 'read' 'write' 'readreq' 'writereq' 'writeresp'>

State 124 <SV = 45> <Delay = 2.43>
ST_124 : Operation 505 [27/70] (2.43ns)   --->   "%empty_29 = readreq i1 @_ssdm_op_ReadReq.m_axi.p1i512, i64 %gmem0_addr, i32 %vec_words_1" [/home/efrink/mled/split_cu/U280_CRC_Accelerator/src/kernel.cpp:670]   --->   Operation 505 'readreq' 'empty_29' <Predicate = true> <Delay = 2.43> <CoreInst = "m_axi">   --->   Core 121 'm_axi' <Latency = 0> <II = 1> <Delay = 1.00> <Adapter> <Opcode : 'read' 'write' 'readreq' 'writereq' 'writeresp'>

State 125 <SV = 46> <Delay = 2.43>
ST_125 : Operation 506 [26/70] (2.43ns)   --->   "%empty_29 = readreq i1 @_ssdm_op_ReadReq.m_axi.p1i512, i64 %gmem0_addr, i32 %vec_words_1" [/home/efrink/mled/split_cu/U280_CRC_Accelerator/src/kernel.cpp:670]   --->   Operation 506 'readreq' 'empty_29' <Predicate = true> <Delay = 2.43> <CoreInst = "m_axi">   --->   Core 121 'm_axi' <Latency = 0> <II = 1> <Delay = 1.00> <Adapter> <Opcode : 'read' 'write' 'readreq' 'writereq' 'writeresp'>

State 126 <SV = 47> <Delay = 2.43>
ST_126 : Operation 507 [25/70] (2.43ns)   --->   "%empty_29 = readreq i1 @_ssdm_op_ReadReq.m_axi.p1i512, i64 %gmem0_addr, i32 %vec_words_1" [/home/efrink/mled/split_cu/U280_CRC_Accelerator/src/kernel.cpp:670]   --->   Operation 507 'readreq' 'empty_29' <Predicate = true> <Delay = 2.43> <CoreInst = "m_axi">   --->   Core 121 'm_axi' <Latency = 0> <II = 1> <Delay = 1.00> <Adapter> <Opcode : 'read' 'write' 'readreq' 'writereq' 'writeresp'>

State 127 <SV = 48> <Delay = 2.43>
ST_127 : Operation 508 [24/70] (2.43ns)   --->   "%empty_29 = readreq i1 @_ssdm_op_ReadReq.m_axi.p1i512, i64 %gmem0_addr, i32 %vec_words_1" [/home/efrink/mled/split_cu/U280_CRC_Accelerator/src/kernel.cpp:670]   --->   Operation 508 'readreq' 'empty_29' <Predicate = true> <Delay = 2.43> <CoreInst = "m_axi">   --->   Core 121 'm_axi' <Latency = 0> <II = 1> <Delay = 1.00> <Adapter> <Opcode : 'read' 'write' 'readreq' 'writereq' 'writeresp'>

State 128 <SV = 49> <Delay = 2.43>
ST_128 : Operation 509 [23/70] (2.43ns)   --->   "%empty_29 = readreq i1 @_ssdm_op_ReadReq.m_axi.p1i512, i64 %gmem0_addr, i32 %vec_words_1" [/home/efrink/mled/split_cu/U280_CRC_Accelerator/src/kernel.cpp:670]   --->   Operation 509 'readreq' 'empty_29' <Predicate = true> <Delay = 2.43> <CoreInst = "m_axi">   --->   Core 121 'm_axi' <Latency = 0> <II = 1> <Delay = 1.00> <Adapter> <Opcode : 'read' 'write' 'readreq' 'writereq' 'writeresp'>

State 129 <SV = 50> <Delay = 2.43>
ST_129 : Operation 510 [22/70] (2.43ns)   --->   "%empty_29 = readreq i1 @_ssdm_op_ReadReq.m_axi.p1i512, i64 %gmem0_addr, i32 %vec_words_1" [/home/efrink/mled/split_cu/U280_CRC_Accelerator/src/kernel.cpp:670]   --->   Operation 510 'readreq' 'empty_29' <Predicate = true> <Delay = 2.43> <CoreInst = "m_axi">   --->   Core 121 'm_axi' <Latency = 0> <II = 1> <Delay = 1.00> <Adapter> <Opcode : 'read' 'write' 'readreq' 'writereq' 'writeresp'>

State 130 <SV = 51> <Delay = 2.43>
ST_130 : Operation 511 [21/70] (2.43ns)   --->   "%empty_29 = readreq i1 @_ssdm_op_ReadReq.m_axi.p1i512, i64 %gmem0_addr, i32 %vec_words_1" [/home/efrink/mled/split_cu/U280_CRC_Accelerator/src/kernel.cpp:670]   --->   Operation 511 'readreq' 'empty_29' <Predicate = true> <Delay = 2.43> <CoreInst = "m_axi">   --->   Core 121 'm_axi' <Latency = 0> <II = 1> <Delay = 1.00> <Adapter> <Opcode : 'read' 'write' 'readreq' 'writereq' 'writeresp'>

State 131 <SV = 52> <Delay = 2.43>
ST_131 : Operation 512 [20/70] (2.43ns)   --->   "%empty_29 = readreq i1 @_ssdm_op_ReadReq.m_axi.p1i512, i64 %gmem0_addr, i32 %vec_words_1" [/home/efrink/mled/split_cu/U280_CRC_Accelerator/src/kernel.cpp:670]   --->   Operation 512 'readreq' 'empty_29' <Predicate = true> <Delay = 2.43> <CoreInst = "m_axi">   --->   Core 121 'm_axi' <Latency = 0> <II = 1> <Delay = 1.00> <Adapter> <Opcode : 'read' 'write' 'readreq' 'writereq' 'writeresp'>

State 132 <SV = 53> <Delay = 2.43>
ST_132 : Operation 513 [19/70] (2.43ns)   --->   "%empty_29 = readreq i1 @_ssdm_op_ReadReq.m_axi.p1i512, i64 %gmem0_addr, i32 %vec_words_1" [/home/efrink/mled/split_cu/U280_CRC_Accelerator/src/kernel.cpp:670]   --->   Operation 513 'readreq' 'empty_29' <Predicate = true> <Delay = 2.43> <CoreInst = "m_axi">   --->   Core 121 'm_axi' <Latency = 0> <II = 1> <Delay = 1.00> <Adapter> <Opcode : 'read' 'write' 'readreq' 'writereq' 'writeresp'>

State 133 <SV = 54> <Delay = 2.43>
ST_133 : Operation 514 [18/70] (2.43ns)   --->   "%empty_29 = readreq i1 @_ssdm_op_ReadReq.m_axi.p1i512, i64 %gmem0_addr, i32 %vec_words_1" [/home/efrink/mled/split_cu/U280_CRC_Accelerator/src/kernel.cpp:670]   --->   Operation 514 'readreq' 'empty_29' <Predicate = true> <Delay = 2.43> <CoreInst = "m_axi">   --->   Core 121 'm_axi' <Latency = 0> <II = 1> <Delay = 1.00> <Adapter> <Opcode : 'read' 'write' 'readreq' 'writereq' 'writeresp'>

State 134 <SV = 55> <Delay = 2.43>
ST_134 : Operation 515 [17/70] (2.43ns)   --->   "%empty_29 = readreq i1 @_ssdm_op_ReadReq.m_axi.p1i512, i64 %gmem0_addr, i32 %vec_words_1" [/home/efrink/mled/split_cu/U280_CRC_Accelerator/src/kernel.cpp:670]   --->   Operation 515 'readreq' 'empty_29' <Predicate = true> <Delay = 2.43> <CoreInst = "m_axi">   --->   Core 121 'm_axi' <Latency = 0> <II = 1> <Delay = 1.00> <Adapter> <Opcode : 'read' 'write' 'readreq' 'writereq' 'writeresp'>

State 135 <SV = 56> <Delay = 2.43>
ST_135 : Operation 516 [16/70] (2.43ns)   --->   "%empty_29 = readreq i1 @_ssdm_op_ReadReq.m_axi.p1i512, i64 %gmem0_addr, i32 %vec_words_1" [/home/efrink/mled/split_cu/U280_CRC_Accelerator/src/kernel.cpp:670]   --->   Operation 516 'readreq' 'empty_29' <Predicate = true> <Delay = 2.43> <CoreInst = "m_axi">   --->   Core 121 'm_axi' <Latency = 0> <II = 1> <Delay = 1.00> <Adapter> <Opcode : 'read' 'write' 'readreq' 'writereq' 'writeresp'>

State 136 <SV = 57> <Delay = 2.43>
ST_136 : Operation 517 [15/70] (2.43ns)   --->   "%empty_29 = readreq i1 @_ssdm_op_ReadReq.m_axi.p1i512, i64 %gmem0_addr, i32 %vec_words_1" [/home/efrink/mled/split_cu/U280_CRC_Accelerator/src/kernel.cpp:670]   --->   Operation 517 'readreq' 'empty_29' <Predicate = true> <Delay = 2.43> <CoreInst = "m_axi">   --->   Core 121 'm_axi' <Latency = 0> <II = 1> <Delay = 1.00> <Adapter> <Opcode : 'read' 'write' 'readreq' 'writereq' 'writeresp'>

State 137 <SV = 58> <Delay = 2.43>
ST_137 : Operation 518 [14/70] (2.43ns)   --->   "%empty_29 = readreq i1 @_ssdm_op_ReadReq.m_axi.p1i512, i64 %gmem0_addr, i32 %vec_words_1" [/home/efrink/mled/split_cu/U280_CRC_Accelerator/src/kernel.cpp:670]   --->   Operation 518 'readreq' 'empty_29' <Predicate = true> <Delay = 2.43> <CoreInst = "m_axi">   --->   Core 121 'm_axi' <Latency = 0> <II = 1> <Delay = 1.00> <Adapter> <Opcode : 'read' 'write' 'readreq' 'writereq' 'writeresp'>

State 138 <SV = 59> <Delay = 2.43>
ST_138 : Operation 519 [13/70] (2.43ns)   --->   "%empty_29 = readreq i1 @_ssdm_op_ReadReq.m_axi.p1i512, i64 %gmem0_addr, i32 %vec_words_1" [/home/efrink/mled/split_cu/U280_CRC_Accelerator/src/kernel.cpp:670]   --->   Operation 519 'readreq' 'empty_29' <Predicate = true> <Delay = 2.43> <CoreInst = "m_axi">   --->   Core 121 'm_axi' <Latency = 0> <II = 1> <Delay = 1.00> <Adapter> <Opcode : 'read' 'write' 'readreq' 'writereq' 'writeresp'>

State 139 <SV = 60> <Delay = 2.43>
ST_139 : Operation 520 [12/70] (2.43ns)   --->   "%empty_29 = readreq i1 @_ssdm_op_ReadReq.m_axi.p1i512, i64 %gmem0_addr, i32 %vec_words_1" [/home/efrink/mled/split_cu/U280_CRC_Accelerator/src/kernel.cpp:670]   --->   Operation 520 'readreq' 'empty_29' <Predicate = true> <Delay = 2.43> <CoreInst = "m_axi">   --->   Core 121 'm_axi' <Latency = 0> <II = 1> <Delay = 1.00> <Adapter> <Opcode : 'read' 'write' 'readreq' 'writereq' 'writeresp'>

State 140 <SV = 61> <Delay = 2.43>
ST_140 : Operation 521 [11/70] (2.43ns)   --->   "%empty_29 = readreq i1 @_ssdm_op_ReadReq.m_axi.p1i512, i64 %gmem0_addr, i32 %vec_words_1" [/home/efrink/mled/split_cu/U280_CRC_Accelerator/src/kernel.cpp:670]   --->   Operation 521 'readreq' 'empty_29' <Predicate = true> <Delay = 2.43> <CoreInst = "m_axi">   --->   Core 121 'm_axi' <Latency = 0> <II = 1> <Delay = 1.00> <Adapter> <Opcode : 'read' 'write' 'readreq' 'writereq' 'writeresp'>

State 141 <SV = 62> <Delay = 2.43>
ST_141 : Operation 522 [10/70] (2.43ns)   --->   "%empty_29 = readreq i1 @_ssdm_op_ReadReq.m_axi.p1i512, i64 %gmem0_addr, i32 %vec_words_1" [/home/efrink/mled/split_cu/U280_CRC_Accelerator/src/kernel.cpp:670]   --->   Operation 522 'readreq' 'empty_29' <Predicate = true> <Delay = 2.43> <CoreInst = "m_axi">   --->   Core 121 'm_axi' <Latency = 0> <II = 1> <Delay = 1.00> <Adapter> <Opcode : 'read' 'write' 'readreq' 'writereq' 'writeresp'>

State 142 <SV = 63> <Delay = 2.43>
ST_142 : Operation 523 [9/70] (2.43ns)   --->   "%empty_29 = readreq i1 @_ssdm_op_ReadReq.m_axi.p1i512, i64 %gmem0_addr, i32 %vec_words_1" [/home/efrink/mled/split_cu/U280_CRC_Accelerator/src/kernel.cpp:670]   --->   Operation 523 'readreq' 'empty_29' <Predicate = true> <Delay = 2.43> <CoreInst = "m_axi">   --->   Core 121 'm_axi' <Latency = 0> <II = 1> <Delay = 1.00> <Adapter> <Opcode : 'read' 'write' 'readreq' 'writereq' 'writeresp'>

State 143 <SV = 64> <Delay = 2.43>
ST_143 : Operation 524 [8/70] (2.43ns)   --->   "%empty_29 = readreq i1 @_ssdm_op_ReadReq.m_axi.p1i512, i64 %gmem0_addr, i32 %vec_words_1" [/home/efrink/mled/split_cu/U280_CRC_Accelerator/src/kernel.cpp:670]   --->   Operation 524 'readreq' 'empty_29' <Predicate = true> <Delay = 2.43> <CoreInst = "m_axi">   --->   Core 121 'm_axi' <Latency = 0> <II = 1> <Delay = 1.00> <Adapter> <Opcode : 'read' 'write' 'readreq' 'writereq' 'writeresp'>

State 144 <SV = 65> <Delay = 2.43>
ST_144 : Operation 525 [7/70] (2.43ns)   --->   "%empty_29 = readreq i1 @_ssdm_op_ReadReq.m_axi.p1i512, i64 %gmem0_addr, i32 %vec_words_1" [/home/efrink/mled/split_cu/U280_CRC_Accelerator/src/kernel.cpp:670]   --->   Operation 525 'readreq' 'empty_29' <Predicate = true> <Delay = 2.43> <CoreInst = "m_axi">   --->   Core 121 'm_axi' <Latency = 0> <II = 1> <Delay = 1.00> <Adapter> <Opcode : 'read' 'write' 'readreq' 'writereq' 'writeresp'>

State 145 <SV = 66> <Delay = 2.43>
ST_145 : Operation 526 [6/70] (2.43ns)   --->   "%empty_29 = readreq i1 @_ssdm_op_ReadReq.m_axi.p1i512, i64 %gmem0_addr, i32 %vec_words_1" [/home/efrink/mled/split_cu/U280_CRC_Accelerator/src/kernel.cpp:670]   --->   Operation 526 'readreq' 'empty_29' <Predicate = true> <Delay = 2.43> <CoreInst = "m_axi">   --->   Core 121 'm_axi' <Latency = 0> <II = 1> <Delay = 1.00> <Adapter> <Opcode : 'read' 'write' 'readreq' 'writereq' 'writeresp'>

State 146 <SV = 67> <Delay = 2.43>
ST_146 : Operation 527 [5/70] (2.43ns)   --->   "%empty_29 = readreq i1 @_ssdm_op_ReadReq.m_axi.p1i512, i64 %gmem0_addr, i32 %vec_words_1" [/home/efrink/mled/split_cu/U280_CRC_Accelerator/src/kernel.cpp:670]   --->   Operation 527 'readreq' 'empty_29' <Predicate = true> <Delay = 2.43> <CoreInst = "m_axi">   --->   Core 121 'm_axi' <Latency = 0> <II = 1> <Delay = 1.00> <Adapter> <Opcode : 'read' 'write' 'readreq' 'writereq' 'writeresp'>

State 147 <SV = 68> <Delay = 2.43>
ST_147 : Operation 528 [4/70] (2.43ns)   --->   "%empty_29 = readreq i1 @_ssdm_op_ReadReq.m_axi.p1i512, i64 %gmem0_addr, i32 %vec_words_1" [/home/efrink/mled/split_cu/U280_CRC_Accelerator/src/kernel.cpp:670]   --->   Operation 528 'readreq' 'empty_29' <Predicate = true> <Delay = 2.43> <CoreInst = "m_axi">   --->   Core 121 'm_axi' <Latency = 0> <II = 1> <Delay = 1.00> <Adapter> <Opcode : 'read' 'write' 'readreq' 'writereq' 'writeresp'>

State 148 <SV = 69> <Delay = 2.43>
ST_148 : Operation 529 [3/70] (2.43ns)   --->   "%empty_29 = readreq i1 @_ssdm_op_ReadReq.m_axi.p1i512, i64 %gmem0_addr, i32 %vec_words_1" [/home/efrink/mled/split_cu/U280_CRC_Accelerator/src/kernel.cpp:670]   --->   Operation 529 'readreq' 'empty_29' <Predicate = true> <Delay = 2.43> <CoreInst = "m_axi">   --->   Core 121 'm_axi' <Latency = 0> <II = 1> <Delay = 1.00> <Adapter> <Opcode : 'read' 'write' 'readreq' 'writereq' 'writeresp'>

State 149 <SV = 70> <Delay = 2.43>
ST_149 : Operation 530 [2/70] (2.43ns)   --->   "%empty_29 = readreq i1 @_ssdm_op_ReadReq.m_axi.p1i512, i64 %gmem0_addr, i32 %vec_words_1" [/home/efrink/mled/split_cu/U280_CRC_Accelerator/src/kernel.cpp:670]   --->   Operation 530 'readreq' 'empty_29' <Predicate = true> <Delay = 2.43> <CoreInst = "m_axi">   --->   Core 121 'm_axi' <Latency = 0> <II = 1> <Delay = 1.00> <Adapter> <Opcode : 'read' 'write' 'readreq' 'writereq' 'writeresp'>

State 150 <SV = 71> <Delay = 2.43>
ST_150 : Operation 531 [1/70] (2.43ns)   --->   "%empty_29 = readreq i1 @_ssdm_op_ReadReq.m_axi.p1i512, i64 %gmem0_addr, i32 %vec_words_1" [/home/efrink/mled/split_cu/U280_CRC_Accelerator/src/kernel.cpp:670]   --->   Operation 531 'readreq' 'empty_29' <Predicate = true> <Delay = 2.43> <CoreInst = "m_axi">   --->   Core 121 'm_axi' <Latency = 0> <II = 1> <Delay = 1.00> <Adapter> <Opcode : 'read' 'write' 'readreq' 'writereq' 'writeresp'>

State 151 <SV = 72> <Delay = 1.17>
ST_151 : Operation 532 [2/2] (1.17ns)   --->   "%call_ln670 = call void @process_tcp_checksum_Pipeline_vec_word_loop, i512 %gmem0, i58 %trunc_ln, i26 %vec_words, i47 %sum_V_2_loc" [/home/efrink/mled/split_cu/U280_CRC_Accelerator/src/kernel.cpp:670]   --->   Operation 532 'call' 'call_ln670' <Predicate = true> <Delay = 1.17> <CoreType = "Generic">   --->   Core 0 '' <Latency = 0> <II = 1> <Delay = 1.00> <Generic> <Opcode : >

State 152 <SV = 73> <Delay = 0.00>
ST_152 : Operation 533 [1/2] (0.00ns)   --->   "%call_ln670 = call void @process_tcp_checksum_Pipeline_vec_word_loop, i512 %gmem0, i58 %trunc_ln, i26 %vec_words, i47 %sum_V_2_loc" [/home/efrink/mled/split_cu/U280_CRC_Accelerator/src/kernel.cpp:670]   --->   Operation 533 'call' 'call_ln670' <Predicate = true> <Delay = 0.00> <CoreType = "Generic">   --->   Core 0 '' <Latency = 0> <II = 1> <Delay = 1.00> <Generic> <Opcode : >

State 153 <SV = 74> <Delay = 1.14>
ST_153 : Operation 534 [1/1] (0.00ns)   --->   "%sum_V_2_loc_load = load i47 %sum_V_2_loc"   --->   Operation 534 'load' 'sum_V_2_loc_load' <Predicate = (!cmp_i211268)> <Delay = 0.00>
ST_153 : Operation 535 [1/1] (0.38ns)   --->   "%br_ln0 = br void %for.cond.cleanup.i"   --->   Operation 535 'br' 'br_ln0' <Predicate = (!cmp_i211268)> <Delay = 0.38>
ST_153 : Operation 536 [1/1] (0.00ns)   --->   "%sum_V_4 = phi i47 %sum_V_2_loc_load, void %for.body.i25.lr.ph, i47 0, void %if.then"   --->   Operation 536 'phi' 'sum_V_4' <Predicate = true> <Delay = 0.00>
ST_153 : Operation 537 [1/1] (0.00ns)   --->   "%trunc_ln719 = trunc i47 %sum_V_4" [/home/efrink/mled/split_cu/U280_CRC_Accelerator/src/kernel.cpp:719]   --->   Operation 537 'trunc' 'trunc_ln719' <Predicate = true> <Delay = 0.00>
ST_153 : Operation 538 [1/1] (0.38ns)   --->   "%br_ln723 = br i1 %icmp39, void %for.body118.i.preheader, void %for.cond.cleanup117.i" [/home/efrink/mled/split_cu/U280_CRC_Accelerator/src/kernel.cpp:723]   --->   Operation 538 'br' 'br_ln723' <Predicate = true> <Delay = 0.38>
ST_153 : Operation 539 [1/1] (1.14ns)   --->   "%add_ln727_1 = add i64 %chunk_offset_1, i64 %data_in_read" [/home/efrink/mled/split_cu/U280_CRC_Accelerator/src/kernel.cpp:727]   --->   Operation 539 'add' 'add_ln727_1' <Predicate = (!icmp39)> <Delay = 1.14> <CoreInst = "Adder">   --->   Core 1 'Adder' <Latency = 0> <II = 1> <Delay = 1.14> <FuncUnit> <Opcode : 'add' 'sub'> <InPorts = 2> <OutPorts = 1>
ST_153 : Operation 540 [1/1] (0.00ns)   --->   "%trunc_ln727 = trunc i64 %add_ln727_1" [/home/efrink/mled/split_cu/U280_CRC_Accelerator/src/kernel.cpp:727]   --->   Operation 540 'trunc' 'trunc_ln727' <Predicate = (!icmp39)> <Delay = 0.00>

State 154 <SV = 75> <Delay = 2.02>
ST_154 : Operation 541 [2/2] (2.02ns)   --->   "%call_ln727 = call void @process_tcp_checksum_Pipeline_tail_word_loop, i47 %sum_V_4, i32 %tail_offset, i64 %add_ln727_1, i512 %gmem0, i6 %trunc_ln727, i32 %tail_bytes, i32 %sum_V_7_loc, i16 %ret_V_33_loc" [/home/efrink/mled/split_cu/U280_CRC_Accelerator/src/kernel.cpp:727]   --->   Operation 541 'call' 'call_ln727' <Predicate = true> <Delay = 2.02> <CoreType = "Generic">   --->   Core 0 '' <Latency = 0> <II = 1> <Delay = 1.00> <Generic> <Opcode : >

State 155 <SV = 76> <Delay = 1.44>
ST_155 : Operation 542 [1/2] (1.44ns)   --->   "%call_ln727 = call void @process_tcp_checksum_Pipeline_tail_word_loop, i47 %sum_V_4, i32 %tail_offset, i64 %add_ln727_1, i512 %gmem0, i6 %trunc_ln727, i32 %tail_bytes, i32 %sum_V_7_loc, i16 %ret_V_33_loc" [/home/efrink/mled/split_cu/U280_CRC_Accelerator/src/kernel.cpp:727]   --->   Operation 542 'call' 'call_ln727' <Predicate = true> <Delay = 1.44> <CoreType = "Generic">   --->   Core 0 '' <Latency = 0> <II = 1> <Delay = 1.00> <Generic> <Opcode : >

State 156 <SV = 77> <Delay = 2.29>
ST_156 : Operation 543 [1/1] (0.00ns)   --->   "%sum_V_7_loc_load = load i32 %sum_V_7_loc"   --->   Operation 543 'load' 'sum_V_7_loc_load' <Predicate = (!icmp39)> <Delay = 0.00>
ST_156 : Operation 544 [1/1] (0.00ns)   --->   "%ret_V_33_loc_load = load i16 %ret_V_33_loc"   --->   Operation 544 'load' 'ret_V_33_loc_load' <Predicate = (!icmp39)> <Delay = 0.00>
ST_156 : Operation 545 [1/1] (0.00ns)   --->   "%zext_ln886 = zext i16 %ret_V_33_loc_load"   --->   Operation 545 'zext' 'zext_ln886' <Predicate = (!icmp39)> <Delay = 0.00>
ST_156 : Operation 546 [1/1] (0.88ns)   --->   "%add_ln723_1 = add i32 %zext_ln886, i32 %sum_V_7_loc_load" [/home/efrink/mled/split_cu/U280_CRC_Accelerator/src/kernel.cpp:723]   --->   Operation 546 'add' 'add_ln723_1' <Predicate = (!icmp39)> <Delay = 0.88> <CoreInst = "Adder">   --->   Core 1 'Adder' <Latency = 0> <II = 1> <Delay = 0.88> <FuncUnit> <Opcode : 'add' 'sub'> <InPorts = 2> <OutPorts = 1>
ST_156 : Operation 547 [1/1] (0.38ns)   --->   "%br_ln0 = br void %for.cond.cleanup117.i"   --->   Operation 547 'br' 'br_ln0' <Predicate = (!icmp39)> <Delay = 0.38>
ST_156 : Operation 548 [1/1] (0.00ns)   --->   "%sum_i13_1_lcssa = phi i32 %add_ln723_1, void %for.body118.i.preheader, i32 %trunc_ln719, void %for.cond.cleanup.i" [/home/efrink/mled/split_cu/U280_CRC_Accelerator/src/kernel.cpp:723]   --->   Operation 548 'phi' 'sum_i13_1_lcssa' <Predicate = true> <Delay = 0.00>
ST_156 : Operation 549 [1/1] (0.38ns)   --->   "%br_ln732 = br i1 %empty_28, void %for.body144.i, void %if.then.i46" [/home/efrink/mled/split_cu/U280_CRC_Accelerator/src/kernel.cpp:732]   --->   Operation 549 'br' 'br_ln732' <Predicate = true> <Delay = 0.38>
ST_156 : Operation 550 [1/1] (1.14ns)   --->   "%add_ln735 = add i64 %chunk_offset_1, i64 %idxprom137_i" [/home/efrink/mled/split_cu/U280_CRC_Accelerator/src/kernel.cpp:735]   --->   Operation 550 'add' 'add_ln735' <Predicate = (empty_28)> <Delay = 1.14> <CoreInst = "Adder">   --->   Core 1 'Adder' <Latency = 0> <II = 1> <Delay = 1.14> <FuncUnit> <Opcode : 'add' 'sub'> <InPorts = 2> <OutPorts = 1>
ST_156 : Operation 551 [1/1] (0.00ns)   --->   "%trunc_ln735_2 = trunc i64 %add_ln735" [/home/efrink/mled/split_cu/U280_CRC_Accelerator/src/kernel.cpp:735]   --->   Operation 551 'trunc' 'trunc_ln735_2' <Predicate = (empty_28)> <Delay = 0.00>
ST_156 : Operation 552 [1/1] (1.14ns)   --->   "%add_ln735_1 = add i64 %add_ln735, i64 %data_in_read" [/home/efrink/mled/split_cu/U280_CRC_Accelerator/src/kernel.cpp:735]   --->   Operation 552 'add' 'add_ln735_1' <Predicate = (empty_28)> <Delay = 1.14> <CoreInst = "Adder">   --->   Core 1 'Adder' <Latency = 0> <II = 1> <Delay = 1.14> <FuncUnit> <Opcode : 'add' 'sub'> <InPorts = 2> <OutPorts = 1>
ST_156 : Operation 553 [1/1] (0.00ns)   --->   "%trunc_ln735_1 = partselect i58 @_ssdm_op_PartSelect.i58.i64.i32.i32, i64 %add_ln735_1, i32 6, i32 63" [/home/efrink/mled/split_cu/U280_CRC_Accelerator/src/kernel.cpp:735]   --->   Operation 553 'partselect' 'trunc_ln735_1' <Predicate = (empty_28)> <Delay = 0.00>
ST_156 : Operation 554 [1/1] (0.70ns)   --->   "%add_ln735_2 = add i6 %trunc_ln735_2, i6 %trunc_ln735" [/home/efrink/mled/split_cu/U280_CRC_Accelerator/src/kernel.cpp:735]   --->   Operation 554 'add' 'add_ln735_2' <Predicate = (empty_28)> <Delay = 0.70> <CoreInst = "Adder">   --->   Core 1 'Adder' <Latency = 0> <II = 1> <Delay = 0.70> <FuncUnit> <Opcode : 'add' 'sub'> <InPorts = 2> <OutPorts = 1>

State 157 <SV = 78> <Delay = 2.43>
ST_157 : Operation 555 [1/1] (0.00ns)   --->   "%sext_ln735 = sext i58 %trunc_ln735_1" [/home/efrink/mled/split_cu/U280_CRC_Accelerator/src/kernel.cpp:735]   --->   Operation 555 'sext' 'sext_ln735' <Predicate = true> <Delay = 0.00>
ST_157 : Operation 556 [1/1] (0.00ns)   --->   "%gmem0_addr_4 = getelementptr i512 %gmem0, i64 %sext_ln735" [/home/efrink/mled/split_cu/U280_CRC_Accelerator/src/kernel.cpp:735]   --->   Operation 556 'getelementptr' 'gmem0_addr_4' <Predicate = true> <Delay = 0.00>
ST_157 : Operation 557 [70/70] (2.43ns)   --->   "%gmem0_load_5_req = readreq i1 @_ssdm_op_ReadReq.m_axi.i512P1A, i64 %gmem0_addr_4, i32 1" [/home/efrink/mled/split_cu/U280_CRC_Accelerator/src/kernel.cpp:735]   --->   Operation 557 'readreq' 'gmem0_load_5_req' <Predicate = true> <Delay = 2.43> <CoreInst = "m_axi">   --->   Core 121 'm_axi' <Latency = 0> <II = 1> <Delay = 1.00> <Adapter> <Opcode : 'read' 'write' 'readreq' 'writereq' 'writeresp'>

State 158 <SV = 79> <Delay = 2.43>
ST_158 : Operation 558 [69/70] (2.43ns)   --->   "%gmem0_load_5_req = readreq i1 @_ssdm_op_ReadReq.m_axi.i512P1A, i64 %gmem0_addr_4, i32 1" [/home/efrink/mled/split_cu/U280_CRC_Accelerator/src/kernel.cpp:735]   --->   Operation 558 'readreq' 'gmem0_load_5_req' <Predicate = true> <Delay = 2.43> <CoreInst = "m_axi">   --->   Core 121 'm_axi' <Latency = 0> <II = 1> <Delay = 1.00> <Adapter> <Opcode : 'read' 'write' 'readreq' 'writereq' 'writeresp'>

State 159 <SV = 80> <Delay = 2.43>
ST_159 : Operation 559 [68/70] (2.43ns)   --->   "%gmem0_load_5_req = readreq i1 @_ssdm_op_ReadReq.m_axi.i512P1A, i64 %gmem0_addr_4, i32 1" [/home/efrink/mled/split_cu/U280_CRC_Accelerator/src/kernel.cpp:735]   --->   Operation 559 'readreq' 'gmem0_load_5_req' <Predicate = true> <Delay = 2.43> <CoreInst = "m_axi">   --->   Core 121 'm_axi' <Latency = 0> <II = 1> <Delay = 1.00> <Adapter> <Opcode : 'read' 'write' 'readreq' 'writereq' 'writeresp'>

State 160 <SV = 81> <Delay = 2.43>
ST_160 : Operation 560 [67/70] (2.43ns)   --->   "%gmem0_load_5_req = readreq i1 @_ssdm_op_ReadReq.m_axi.i512P1A, i64 %gmem0_addr_4, i32 1" [/home/efrink/mled/split_cu/U280_CRC_Accelerator/src/kernel.cpp:735]   --->   Operation 560 'readreq' 'gmem0_load_5_req' <Predicate = true> <Delay = 2.43> <CoreInst = "m_axi">   --->   Core 121 'm_axi' <Latency = 0> <II = 1> <Delay = 1.00> <Adapter> <Opcode : 'read' 'write' 'readreq' 'writereq' 'writeresp'>

State 161 <SV = 82> <Delay = 2.43>
ST_161 : Operation 561 [66/70] (2.43ns)   --->   "%gmem0_load_5_req = readreq i1 @_ssdm_op_ReadReq.m_axi.i512P1A, i64 %gmem0_addr_4, i32 1" [/home/efrink/mled/split_cu/U280_CRC_Accelerator/src/kernel.cpp:735]   --->   Operation 561 'readreq' 'gmem0_load_5_req' <Predicate = true> <Delay = 2.43> <CoreInst = "m_axi">   --->   Core 121 'm_axi' <Latency = 0> <II = 1> <Delay = 1.00> <Adapter> <Opcode : 'read' 'write' 'readreq' 'writereq' 'writeresp'>

State 162 <SV = 83> <Delay = 2.43>
ST_162 : Operation 562 [65/70] (2.43ns)   --->   "%gmem0_load_5_req = readreq i1 @_ssdm_op_ReadReq.m_axi.i512P1A, i64 %gmem0_addr_4, i32 1" [/home/efrink/mled/split_cu/U280_CRC_Accelerator/src/kernel.cpp:735]   --->   Operation 562 'readreq' 'gmem0_load_5_req' <Predicate = true> <Delay = 2.43> <CoreInst = "m_axi">   --->   Core 121 'm_axi' <Latency = 0> <II = 1> <Delay = 1.00> <Adapter> <Opcode : 'read' 'write' 'readreq' 'writereq' 'writeresp'>

State 163 <SV = 84> <Delay = 2.43>
ST_163 : Operation 563 [64/70] (2.43ns)   --->   "%gmem0_load_5_req = readreq i1 @_ssdm_op_ReadReq.m_axi.i512P1A, i64 %gmem0_addr_4, i32 1" [/home/efrink/mled/split_cu/U280_CRC_Accelerator/src/kernel.cpp:735]   --->   Operation 563 'readreq' 'gmem0_load_5_req' <Predicate = true> <Delay = 2.43> <CoreInst = "m_axi">   --->   Core 121 'm_axi' <Latency = 0> <II = 1> <Delay = 1.00> <Adapter> <Opcode : 'read' 'write' 'readreq' 'writereq' 'writeresp'>

State 164 <SV = 85> <Delay = 2.43>
ST_164 : Operation 564 [63/70] (2.43ns)   --->   "%gmem0_load_5_req = readreq i1 @_ssdm_op_ReadReq.m_axi.i512P1A, i64 %gmem0_addr_4, i32 1" [/home/efrink/mled/split_cu/U280_CRC_Accelerator/src/kernel.cpp:735]   --->   Operation 564 'readreq' 'gmem0_load_5_req' <Predicate = true> <Delay = 2.43> <CoreInst = "m_axi">   --->   Core 121 'm_axi' <Latency = 0> <II = 1> <Delay = 1.00> <Adapter> <Opcode : 'read' 'write' 'readreq' 'writereq' 'writeresp'>

State 165 <SV = 86> <Delay = 2.43>
ST_165 : Operation 565 [62/70] (2.43ns)   --->   "%gmem0_load_5_req = readreq i1 @_ssdm_op_ReadReq.m_axi.i512P1A, i64 %gmem0_addr_4, i32 1" [/home/efrink/mled/split_cu/U280_CRC_Accelerator/src/kernel.cpp:735]   --->   Operation 565 'readreq' 'gmem0_load_5_req' <Predicate = true> <Delay = 2.43> <CoreInst = "m_axi">   --->   Core 121 'm_axi' <Latency = 0> <II = 1> <Delay = 1.00> <Adapter> <Opcode : 'read' 'write' 'readreq' 'writereq' 'writeresp'>

State 166 <SV = 87> <Delay = 2.43>
ST_166 : Operation 566 [61/70] (2.43ns)   --->   "%gmem0_load_5_req = readreq i1 @_ssdm_op_ReadReq.m_axi.i512P1A, i64 %gmem0_addr_4, i32 1" [/home/efrink/mled/split_cu/U280_CRC_Accelerator/src/kernel.cpp:735]   --->   Operation 566 'readreq' 'gmem0_load_5_req' <Predicate = true> <Delay = 2.43> <CoreInst = "m_axi">   --->   Core 121 'm_axi' <Latency = 0> <II = 1> <Delay = 1.00> <Adapter> <Opcode : 'read' 'write' 'readreq' 'writereq' 'writeresp'>

State 167 <SV = 88> <Delay = 2.43>
ST_167 : Operation 567 [60/70] (2.43ns)   --->   "%gmem0_load_5_req = readreq i1 @_ssdm_op_ReadReq.m_axi.i512P1A, i64 %gmem0_addr_4, i32 1" [/home/efrink/mled/split_cu/U280_CRC_Accelerator/src/kernel.cpp:735]   --->   Operation 567 'readreq' 'gmem0_load_5_req' <Predicate = true> <Delay = 2.43> <CoreInst = "m_axi">   --->   Core 121 'm_axi' <Latency = 0> <II = 1> <Delay = 1.00> <Adapter> <Opcode : 'read' 'write' 'readreq' 'writereq' 'writeresp'>

State 168 <SV = 89> <Delay = 2.43>
ST_168 : Operation 568 [59/70] (2.43ns)   --->   "%gmem0_load_5_req = readreq i1 @_ssdm_op_ReadReq.m_axi.i512P1A, i64 %gmem0_addr_4, i32 1" [/home/efrink/mled/split_cu/U280_CRC_Accelerator/src/kernel.cpp:735]   --->   Operation 568 'readreq' 'gmem0_load_5_req' <Predicate = true> <Delay = 2.43> <CoreInst = "m_axi">   --->   Core 121 'm_axi' <Latency = 0> <II = 1> <Delay = 1.00> <Adapter> <Opcode : 'read' 'write' 'readreq' 'writereq' 'writeresp'>

State 169 <SV = 90> <Delay = 2.43>
ST_169 : Operation 569 [58/70] (2.43ns)   --->   "%gmem0_load_5_req = readreq i1 @_ssdm_op_ReadReq.m_axi.i512P1A, i64 %gmem0_addr_4, i32 1" [/home/efrink/mled/split_cu/U280_CRC_Accelerator/src/kernel.cpp:735]   --->   Operation 569 'readreq' 'gmem0_load_5_req' <Predicate = true> <Delay = 2.43> <CoreInst = "m_axi">   --->   Core 121 'm_axi' <Latency = 0> <II = 1> <Delay = 1.00> <Adapter> <Opcode : 'read' 'write' 'readreq' 'writereq' 'writeresp'>

State 170 <SV = 91> <Delay = 2.43>
ST_170 : Operation 570 [57/70] (2.43ns)   --->   "%gmem0_load_5_req = readreq i1 @_ssdm_op_ReadReq.m_axi.i512P1A, i64 %gmem0_addr_4, i32 1" [/home/efrink/mled/split_cu/U280_CRC_Accelerator/src/kernel.cpp:735]   --->   Operation 570 'readreq' 'gmem0_load_5_req' <Predicate = true> <Delay = 2.43> <CoreInst = "m_axi">   --->   Core 121 'm_axi' <Latency = 0> <II = 1> <Delay = 1.00> <Adapter> <Opcode : 'read' 'write' 'readreq' 'writereq' 'writeresp'>

State 171 <SV = 92> <Delay = 2.43>
ST_171 : Operation 571 [56/70] (2.43ns)   --->   "%gmem0_load_5_req = readreq i1 @_ssdm_op_ReadReq.m_axi.i512P1A, i64 %gmem0_addr_4, i32 1" [/home/efrink/mled/split_cu/U280_CRC_Accelerator/src/kernel.cpp:735]   --->   Operation 571 'readreq' 'gmem0_load_5_req' <Predicate = true> <Delay = 2.43> <CoreInst = "m_axi">   --->   Core 121 'm_axi' <Latency = 0> <II = 1> <Delay = 1.00> <Adapter> <Opcode : 'read' 'write' 'readreq' 'writereq' 'writeresp'>

State 172 <SV = 93> <Delay = 2.43>
ST_172 : Operation 572 [55/70] (2.43ns)   --->   "%gmem0_load_5_req = readreq i1 @_ssdm_op_ReadReq.m_axi.i512P1A, i64 %gmem0_addr_4, i32 1" [/home/efrink/mled/split_cu/U280_CRC_Accelerator/src/kernel.cpp:735]   --->   Operation 572 'readreq' 'gmem0_load_5_req' <Predicate = true> <Delay = 2.43> <CoreInst = "m_axi">   --->   Core 121 'm_axi' <Latency = 0> <II = 1> <Delay = 1.00> <Adapter> <Opcode : 'read' 'write' 'readreq' 'writereq' 'writeresp'>

State 173 <SV = 94> <Delay = 2.43>
ST_173 : Operation 573 [54/70] (2.43ns)   --->   "%gmem0_load_5_req = readreq i1 @_ssdm_op_ReadReq.m_axi.i512P1A, i64 %gmem0_addr_4, i32 1" [/home/efrink/mled/split_cu/U280_CRC_Accelerator/src/kernel.cpp:735]   --->   Operation 573 'readreq' 'gmem0_load_5_req' <Predicate = true> <Delay = 2.43> <CoreInst = "m_axi">   --->   Core 121 'm_axi' <Latency = 0> <II = 1> <Delay = 1.00> <Adapter> <Opcode : 'read' 'write' 'readreq' 'writereq' 'writeresp'>

State 174 <SV = 95> <Delay = 2.43>
ST_174 : Operation 574 [53/70] (2.43ns)   --->   "%gmem0_load_5_req = readreq i1 @_ssdm_op_ReadReq.m_axi.i512P1A, i64 %gmem0_addr_4, i32 1" [/home/efrink/mled/split_cu/U280_CRC_Accelerator/src/kernel.cpp:735]   --->   Operation 574 'readreq' 'gmem0_load_5_req' <Predicate = true> <Delay = 2.43> <CoreInst = "m_axi">   --->   Core 121 'm_axi' <Latency = 0> <II = 1> <Delay = 1.00> <Adapter> <Opcode : 'read' 'write' 'readreq' 'writereq' 'writeresp'>

State 175 <SV = 96> <Delay = 2.43>
ST_175 : Operation 575 [52/70] (2.43ns)   --->   "%gmem0_load_5_req = readreq i1 @_ssdm_op_ReadReq.m_axi.i512P1A, i64 %gmem0_addr_4, i32 1" [/home/efrink/mled/split_cu/U280_CRC_Accelerator/src/kernel.cpp:735]   --->   Operation 575 'readreq' 'gmem0_load_5_req' <Predicate = true> <Delay = 2.43> <CoreInst = "m_axi">   --->   Core 121 'm_axi' <Latency = 0> <II = 1> <Delay = 1.00> <Adapter> <Opcode : 'read' 'write' 'readreq' 'writereq' 'writeresp'>

State 176 <SV = 97> <Delay = 2.43>
ST_176 : Operation 576 [51/70] (2.43ns)   --->   "%gmem0_load_5_req = readreq i1 @_ssdm_op_ReadReq.m_axi.i512P1A, i64 %gmem0_addr_4, i32 1" [/home/efrink/mled/split_cu/U280_CRC_Accelerator/src/kernel.cpp:735]   --->   Operation 576 'readreq' 'gmem0_load_5_req' <Predicate = true> <Delay = 2.43> <CoreInst = "m_axi">   --->   Core 121 'm_axi' <Latency = 0> <II = 1> <Delay = 1.00> <Adapter> <Opcode : 'read' 'write' 'readreq' 'writereq' 'writeresp'>

State 177 <SV = 98> <Delay = 2.43>
ST_177 : Operation 577 [50/70] (2.43ns)   --->   "%gmem0_load_5_req = readreq i1 @_ssdm_op_ReadReq.m_axi.i512P1A, i64 %gmem0_addr_4, i32 1" [/home/efrink/mled/split_cu/U280_CRC_Accelerator/src/kernel.cpp:735]   --->   Operation 577 'readreq' 'gmem0_load_5_req' <Predicate = true> <Delay = 2.43> <CoreInst = "m_axi">   --->   Core 121 'm_axi' <Latency = 0> <II = 1> <Delay = 1.00> <Adapter> <Opcode : 'read' 'write' 'readreq' 'writereq' 'writeresp'>

State 178 <SV = 99> <Delay = 2.43>
ST_178 : Operation 578 [49/70] (2.43ns)   --->   "%gmem0_load_5_req = readreq i1 @_ssdm_op_ReadReq.m_axi.i512P1A, i64 %gmem0_addr_4, i32 1" [/home/efrink/mled/split_cu/U280_CRC_Accelerator/src/kernel.cpp:735]   --->   Operation 578 'readreq' 'gmem0_load_5_req' <Predicate = true> <Delay = 2.43> <CoreInst = "m_axi">   --->   Core 121 'm_axi' <Latency = 0> <II = 1> <Delay = 1.00> <Adapter> <Opcode : 'read' 'write' 'readreq' 'writereq' 'writeresp'>

State 179 <SV = 100> <Delay = 2.43>
ST_179 : Operation 579 [48/70] (2.43ns)   --->   "%gmem0_load_5_req = readreq i1 @_ssdm_op_ReadReq.m_axi.i512P1A, i64 %gmem0_addr_4, i32 1" [/home/efrink/mled/split_cu/U280_CRC_Accelerator/src/kernel.cpp:735]   --->   Operation 579 'readreq' 'gmem0_load_5_req' <Predicate = true> <Delay = 2.43> <CoreInst = "m_axi">   --->   Core 121 'm_axi' <Latency = 0> <II = 1> <Delay = 1.00> <Adapter> <Opcode : 'read' 'write' 'readreq' 'writereq' 'writeresp'>

State 180 <SV = 101> <Delay = 2.43>
ST_180 : Operation 580 [47/70] (2.43ns)   --->   "%gmem0_load_5_req = readreq i1 @_ssdm_op_ReadReq.m_axi.i512P1A, i64 %gmem0_addr_4, i32 1" [/home/efrink/mled/split_cu/U280_CRC_Accelerator/src/kernel.cpp:735]   --->   Operation 580 'readreq' 'gmem0_load_5_req' <Predicate = true> <Delay = 2.43> <CoreInst = "m_axi">   --->   Core 121 'm_axi' <Latency = 0> <II = 1> <Delay = 1.00> <Adapter> <Opcode : 'read' 'write' 'readreq' 'writereq' 'writeresp'>

State 181 <SV = 102> <Delay = 2.43>
ST_181 : Operation 581 [46/70] (2.43ns)   --->   "%gmem0_load_5_req = readreq i1 @_ssdm_op_ReadReq.m_axi.i512P1A, i64 %gmem0_addr_4, i32 1" [/home/efrink/mled/split_cu/U280_CRC_Accelerator/src/kernel.cpp:735]   --->   Operation 581 'readreq' 'gmem0_load_5_req' <Predicate = true> <Delay = 2.43> <CoreInst = "m_axi">   --->   Core 121 'm_axi' <Latency = 0> <II = 1> <Delay = 1.00> <Adapter> <Opcode : 'read' 'write' 'readreq' 'writereq' 'writeresp'>

State 182 <SV = 103> <Delay = 2.43>
ST_182 : Operation 582 [45/70] (2.43ns)   --->   "%gmem0_load_5_req = readreq i1 @_ssdm_op_ReadReq.m_axi.i512P1A, i64 %gmem0_addr_4, i32 1" [/home/efrink/mled/split_cu/U280_CRC_Accelerator/src/kernel.cpp:735]   --->   Operation 582 'readreq' 'gmem0_load_5_req' <Predicate = true> <Delay = 2.43> <CoreInst = "m_axi">   --->   Core 121 'm_axi' <Latency = 0> <II = 1> <Delay = 1.00> <Adapter> <Opcode : 'read' 'write' 'readreq' 'writereq' 'writeresp'>

State 183 <SV = 104> <Delay = 2.43>
ST_183 : Operation 583 [44/70] (2.43ns)   --->   "%gmem0_load_5_req = readreq i1 @_ssdm_op_ReadReq.m_axi.i512P1A, i64 %gmem0_addr_4, i32 1" [/home/efrink/mled/split_cu/U280_CRC_Accelerator/src/kernel.cpp:735]   --->   Operation 583 'readreq' 'gmem0_load_5_req' <Predicate = true> <Delay = 2.43> <CoreInst = "m_axi">   --->   Core 121 'm_axi' <Latency = 0> <II = 1> <Delay = 1.00> <Adapter> <Opcode : 'read' 'write' 'readreq' 'writereq' 'writeresp'>

State 184 <SV = 105> <Delay = 2.43>
ST_184 : Operation 584 [43/70] (2.43ns)   --->   "%gmem0_load_5_req = readreq i1 @_ssdm_op_ReadReq.m_axi.i512P1A, i64 %gmem0_addr_4, i32 1" [/home/efrink/mled/split_cu/U280_CRC_Accelerator/src/kernel.cpp:735]   --->   Operation 584 'readreq' 'gmem0_load_5_req' <Predicate = true> <Delay = 2.43> <CoreInst = "m_axi">   --->   Core 121 'm_axi' <Latency = 0> <II = 1> <Delay = 1.00> <Adapter> <Opcode : 'read' 'write' 'readreq' 'writereq' 'writeresp'>

State 185 <SV = 106> <Delay = 2.43>
ST_185 : Operation 585 [42/70] (2.43ns)   --->   "%gmem0_load_5_req = readreq i1 @_ssdm_op_ReadReq.m_axi.i512P1A, i64 %gmem0_addr_4, i32 1" [/home/efrink/mled/split_cu/U280_CRC_Accelerator/src/kernel.cpp:735]   --->   Operation 585 'readreq' 'gmem0_load_5_req' <Predicate = true> <Delay = 2.43> <CoreInst = "m_axi">   --->   Core 121 'm_axi' <Latency = 0> <II = 1> <Delay = 1.00> <Adapter> <Opcode : 'read' 'write' 'readreq' 'writereq' 'writeresp'>

State 186 <SV = 107> <Delay = 2.43>
ST_186 : Operation 586 [41/70] (2.43ns)   --->   "%gmem0_load_5_req = readreq i1 @_ssdm_op_ReadReq.m_axi.i512P1A, i64 %gmem0_addr_4, i32 1" [/home/efrink/mled/split_cu/U280_CRC_Accelerator/src/kernel.cpp:735]   --->   Operation 586 'readreq' 'gmem0_load_5_req' <Predicate = true> <Delay = 2.43> <CoreInst = "m_axi">   --->   Core 121 'm_axi' <Latency = 0> <II = 1> <Delay = 1.00> <Adapter> <Opcode : 'read' 'write' 'readreq' 'writereq' 'writeresp'>

State 187 <SV = 108> <Delay = 2.43>
ST_187 : Operation 587 [40/70] (2.43ns)   --->   "%gmem0_load_5_req = readreq i1 @_ssdm_op_ReadReq.m_axi.i512P1A, i64 %gmem0_addr_4, i32 1" [/home/efrink/mled/split_cu/U280_CRC_Accelerator/src/kernel.cpp:735]   --->   Operation 587 'readreq' 'gmem0_load_5_req' <Predicate = true> <Delay = 2.43> <CoreInst = "m_axi">   --->   Core 121 'm_axi' <Latency = 0> <II = 1> <Delay = 1.00> <Adapter> <Opcode : 'read' 'write' 'readreq' 'writereq' 'writeresp'>

State 188 <SV = 109> <Delay = 2.43>
ST_188 : Operation 588 [39/70] (2.43ns)   --->   "%gmem0_load_5_req = readreq i1 @_ssdm_op_ReadReq.m_axi.i512P1A, i64 %gmem0_addr_4, i32 1" [/home/efrink/mled/split_cu/U280_CRC_Accelerator/src/kernel.cpp:735]   --->   Operation 588 'readreq' 'gmem0_load_5_req' <Predicate = true> <Delay = 2.43> <CoreInst = "m_axi">   --->   Core 121 'm_axi' <Latency = 0> <II = 1> <Delay = 1.00> <Adapter> <Opcode : 'read' 'write' 'readreq' 'writereq' 'writeresp'>

State 189 <SV = 110> <Delay = 2.43>
ST_189 : Operation 589 [38/70] (2.43ns)   --->   "%gmem0_load_5_req = readreq i1 @_ssdm_op_ReadReq.m_axi.i512P1A, i64 %gmem0_addr_4, i32 1" [/home/efrink/mled/split_cu/U280_CRC_Accelerator/src/kernel.cpp:735]   --->   Operation 589 'readreq' 'gmem0_load_5_req' <Predicate = true> <Delay = 2.43> <CoreInst = "m_axi">   --->   Core 121 'm_axi' <Latency = 0> <II = 1> <Delay = 1.00> <Adapter> <Opcode : 'read' 'write' 'readreq' 'writereq' 'writeresp'>

State 190 <SV = 111> <Delay = 2.43>
ST_190 : Operation 590 [37/70] (2.43ns)   --->   "%gmem0_load_5_req = readreq i1 @_ssdm_op_ReadReq.m_axi.i512P1A, i64 %gmem0_addr_4, i32 1" [/home/efrink/mled/split_cu/U280_CRC_Accelerator/src/kernel.cpp:735]   --->   Operation 590 'readreq' 'gmem0_load_5_req' <Predicate = true> <Delay = 2.43> <CoreInst = "m_axi">   --->   Core 121 'm_axi' <Latency = 0> <II = 1> <Delay = 1.00> <Adapter> <Opcode : 'read' 'write' 'readreq' 'writereq' 'writeresp'>

State 191 <SV = 112> <Delay = 2.43>
ST_191 : Operation 591 [36/70] (2.43ns)   --->   "%gmem0_load_5_req = readreq i1 @_ssdm_op_ReadReq.m_axi.i512P1A, i64 %gmem0_addr_4, i32 1" [/home/efrink/mled/split_cu/U280_CRC_Accelerator/src/kernel.cpp:735]   --->   Operation 591 'readreq' 'gmem0_load_5_req' <Predicate = true> <Delay = 2.43> <CoreInst = "m_axi">   --->   Core 121 'm_axi' <Latency = 0> <II = 1> <Delay = 1.00> <Adapter> <Opcode : 'read' 'write' 'readreq' 'writereq' 'writeresp'>

State 192 <SV = 113> <Delay = 2.43>
ST_192 : Operation 592 [35/70] (2.43ns)   --->   "%gmem0_load_5_req = readreq i1 @_ssdm_op_ReadReq.m_axi.i512P1A, i64 %gmem0_addr_4, i32 1" [/home/efrink/mled/split_cu/U280_CRC_Accelerator/src/kernel.cpp:735]   --->   Operation 592 'readreq' 'gmem0_load_5_req' <Predicate = true> <Delay = 2.43> <CoreInst = "m_axi">   --->   Core 121 'm_axi' <Latency = 0> <II = 1> <Delay = 1.00> <Adapter> <Opcode : 'read' 'write' 'readreq' 'writereq' 'writeresp'>

State 193 <SV = 114> <Delay = 2.43>
ST_193 : Operation 593 [34/70] (2.43ns)   --->   "%gmem0_load_5_req = readreq i1 @_ssdm_op_ReadReq.m_axi.i512P1A, i64 %gmem0_addr_4, i32 1" [/home/efrink/mled/split_cu/U280_CRC_Accelerator/src/kernel.cpp:735]   --->   Operation 593 'readreq' 'gmem0_load_5_req' <Predicate = true> <Delay = 2.43> <CoreInst = "m_axi">   --->   Core 121 'm_axi' <Latency = 0> <II = 1> <Delay = 1.00> <Adapter> <Opcode : 'read' 'write' 'readreq' 'writereq' 'writeresp'>

State 194 <SV = 115> <Delay = 2.43>
ST_194 : Operation 594 [33/70] (2.43ns)   --->   "%gmem0_load_5_req = readreq i1 @_ssdm_op_ReadReq.m_axi.i512P1A, i64 %gmem0_addr_4, i32 1" [/home/efrink/mled/split_cu/U280_CRC_Accelerator/src/kernel.cpp:735]   --->   Operation 594 'readreq' 'gmem0_load_5_req' <Predicate = true> <Delay = 2.43> <CoreInst = "m_axi">   --->   Core 121 'm_axi' <Latency = 0> <II = 1> <Delay = 1.00> <Adapter> <Opcode : 'read' 'write' 'readreq' 'writereq' 'writeresp'>

State 195 <SV = 116> <Delay = 2.43>
ST_195 : Operation 595 [32/70] (2.43ns)   --->   "%gmem0_load_5_req = readreq i1 @_ssdm_op_ReadReq.m_axi.i512P1A, i64 %gmem0_addr_4, i32 1" [/home/efrink/mled/split_cu/U280_CRC_Accelerator/src/kernel.cpp:735]   --->   Operation 595 'readreq' 'gmem0_load_5_req' <Predicate = true> <Delay = 2.43> <CoreInst = "m_axi">   --->   Core 121 'm_axi' <Latency = 0> <II = 1> <Delay = 1.00> <Adapter> <Opcode : 'read' 'write' 'readreq' 'writereq' 'writeresp'>

State 196 <SV = 117> <Delay = 2.43>
ST_196 : Operation 596 [31/70] (2.43ns)   --->   "%gmem0_load_5_req = readreq i1 @_ssdm_op_ReadReq.m_axi.i512P1A, i64 %gmem0_addr_4, i32 1" [/home/efrink/mled/split_cu/U280_CRC_Accelerator/src/kernel.cpp:735]   --->   Operation 596 'readreq' 'gmem0_load_5_req' <Predicate = true> <Delay = 2.43> <CoreInst = "m_axi">   --->   Core 121 'm_axi' <Latency = 0> <II = 1> <Delay = 1.00> <Adapter> <Opcode : 'read' 'write' 'readreq' 'writereq' 'writeresp'>

State 197 <SV = 118> <Delay = 2.43>
ST_197 : Operation 597 [30/70] (2.43ns)   --->   "%gmem0_load_5_req = readreq i1 @_ssdm_op_ReadReq.m_axi.i512P1A, i64 %gmem0_addr_4, i32 1" [/home/efrink/mled/split_cu/U280_CRC_Accelerator/src/kernel.cpp:735]   --->   Operation 597 'readreq' 'gmem0_load_5_req' <Predicate = true> <Delay = 2.43> <CoreInst = "m_axi">   --->   Core 121 'm_axi' <Latency = 0> <II = 1> <Delay = 1.00> <Adapter> <Opcode : 'read' 'write' 'readreq' 'writereq' 'writeresp'>

State 198 <SV = 119> <Delay = 2.43>
ST_198 : Operation 598 [29/70] (2.43ns)   --->   "%gmem0_load_5_req = readreq i1 @_ssdm_op_ReadReq.m_axi.i512P1A, i64 %gmem0_addr_4, i32 1" [/home/efrink/mled/split_cu/U280_CRC_Accelerator/src/kernel.cpp:735]   --->   Operation 598 'readreq' 'gmem0_load_5_req' <Predicate = true> <Delay = 2.43> <CoreInst = "m_axi">   --->   Core 121 'm_axi' <Latency = 0> <II = 1> <Delay = 1.00> <Adapter> <Opcode : 'read' 'write' 'readreq' 'writereq' 'writeresp'>

State 199 <SV = 120> <Delay = 2.43>
ST_199 : Operation 599 [28/70] (2.43ns)   --->   "%gmem0_load_5_req = readreq i1 @_ssdm_op_ReadReq.m_axi.i512P1A, i64 %gmem0_addr_4, i32 1" [/home/efrink/mled/split_cu/U280_CRC_Accelerator/src/kernel.cpp:735]   --->   Operation 599 'readreq' 'gmem0_load_5_req' <Predicate = true> <Delay = 2.43> <CoreInst = "m_axi">   --->   Core 121 'm_axi' <Latency = 0> <II = 1> <Delay = 1.00> <Adapter> <Opcode : 'read' 'write' 'readreq' 'writereq' 'writeresp'>

State 200 <SV = 121> <Delay = 2.43>
ST_200 : Operation 600 [27/70] (2.43ns)   --->   "%gmem0_load_5_req = readreq i1 @_ssdm_op_ReadReq.m_axi.i512P1A, i64 %gmem0_addr_4, i32 1" [/home/efrink/mled/split_cu/U280_CRC_Accelerator/src/kernel.cpp:735]   --->   Operation 600 'readreq' 'gmem0_load_5_req' <Predicate = true> <Delay = 2.43> <CoreInst = "m_axi">   --->   Core 121 'm_axi' <Latency = 0> <II = 1> <Delay = 1.00> <Adapter> <Opcode : 'read' 'write' 'readreq' 'writereq' 'writeresp'>

State 201 <SV = 122> <Delay = 2.43>
ST_201 : Operation 601 [26/70] (2.43ns)   --->   "%gmem0_load_5_req = readreq i1 @_ssdm_op_ReadReq.m_axi.i512P1A, i64 %gmem0_addr_4, i32 1" [/home/efrink/mled/split_cu/U280_CRC_Accelerator/src/kernel.cpp:735]   --->   Operation 601 'readreq' 'gmem0_load_5_req' <Predicate = true> <Delay = 2.43> <CoreInst = "m_axi">   --->   Core 121 'm_axi' <Latency = 0> <II = 1> <Delay = 1.00> <Adapter> <Opcode : 'read' 'write' 'readreq' 'writereq' 'writeresp'>

State 202 <SV = 123> <Delay = 2.43>
ST_202 : Operation 602 [25/70] (2.43ns)   --->   "%gmem0_load_5_req = readreq i1 @_ssdm_op_ReadReq.m_axi.i512P1A, i64 %gmem0_addr_4, i32 1" [/home/efrink/mled/split_cu/U280_CRC_Accelerator/src/kernel.cpp:735]   --->   Operation 602 'readreq' 'gmem0_load_5_req' <Predicate = true> <Delay = 2.43> <CoreInst = "m_axi">   --->   Core 121 'm_axi' <Latency = 0> <II = 1> <Delay = 1.00> <Adapter> <Opcode : 'read' 'write' 'readreq' 'writereq' 'writeresp'>

State 203 <SV = 124> <Delay = 2.43>
ST_203 : Operation 603 [24/70] (2.43ns)   --->   "%gmem0_load_5_req = readreq i1 @_ssdm_op_ReadReq.m_axi.i512P1A, i64 %gmem0_addr_4, i32 1" [/home/efrink/mled/split_cu/U280_CRC_Accelerator/src/kernel.cpp:735]   --->   Operation 603 'readreq' 'gmem0_load_5_req' <Predicate = true> <Delay = 2.43> <CoreInst = "m_axi">   --->   Core 121 'm_axi' <Latency = 0> <II = 1> <Delay = 1.00> <Adapter> <Opcode : 'read' 'write' 'readreq' 'writereq' 'writeresp'>

State 204 <SV = 125> <Delay = 2.43>
ST_204 : Operation 604 [23/70] (2.43ns)   --->   "%gmem0_load_5_req = readreq i1 @_ssdm_op_ReadReq.m_axi.i512P1A, i64 %gmem0_addr_4, i32 1" [/home/efrink/mled/split_cu/U280_CRC_Accelerator/src/kernel.cpp:735]   --->   Operation 604 'readreq' 'gmem0_load_5_req' <Predicate = true> <Delay = 2.43> <CoreInst = "m_axi">   --->   Core 121 'm_axi' <Latency = 0> <II = 1> <Delay = 1.00> <Adapter> <Opcode : 'read' 'write' 'readreq' 'writereq' 'writeresp'>

State 205 <SV = 126> <Delay = 2.43>
ST_205 : Operation 605 [22/70] (2.43ns)   --->   "%gmem0_load_5_req = readreq i1 @_ssdm_op_ReadReq.m_axi.i512P1A, i64 %gmem0_addr_4, i32 1" [/home/efrink/mled/split_cu/U280_CRC_Accelerator/src/kernel.cpp:735]   --->   Operation 605 'readreq' 'gmem0_load_5_req' <Predicate = true> <Delay = 2.43> <CoreInst = "m_axi">   --->   Core 121 'm_axi' <Latency = 0> <II = 1> <Delay = 1.00> <Adapter> <Opcode : 'read' 'write' 'readreq' 'writereq' 'writeresp'>

State 206 <SV = 127> <Delay = 2.43>
ST_206 : Operation 606 [21/70] (2.43ns)   --->   "%gmem0_load_5_req = readreq i1 @_ssdm_op_ReadReq.m_axi.i512P1A, i64 %gmem0_addr_4, i32 1" [/home/efrink/mled/split_cu/U280_CRC_Accelerator/src/kernel.cpp:735]   --->   Operation 606 'readreq' 'gmem0_load_5_req' <Predicate = true> <Delay = 2.43> <CoreInst = "m_axi">   --->   Core 121 'm_axi' <Latency = 0> <II = 1> <Delay = 1.00> <Adapter> <Opcode : 'read' 'write' 'readreq' 'writereq' 'writeresp'>

State 207 <SV = 128> <Delay = 2.43>
ST_207 : Operation 607 [20/70] (2.43ns)   --->   "%gmem0_load_5_req = readreq i1 @_ssdm_op_ReadReq.m_axi.i512P1A, i64 %gmem0_addr_4, i32 1" [/home/efrink/mled/split_cu/U280_CRC_Accelerator/src/kernel.cpp:735]   --->   Operation 607 'readreq' 'gmem0_load_5_req' <Predicate = true> <Delay = 2.43> <CoreInst = "m_axi">   --->   Core 121 'm_axi' <Latency = 0> <II = 1> <Delay = 1.00> <Adapter> <Opcode : 'read' 'write' 'readreq' 'writereq' 'writeresp'>

State 208 <SV = 129> <Delay = 2.43>
ST_208 : Operation 608 [19/70] (2.43ns)   --->   "%gmem0_load_5_req = readreq i1 @_ssdm_op_ReadReq.m_axi.i512P1A, i64 %gmem0_addr_4, i32 1" [/home/efrink/mled/split_cu/U280_CRC_Accelerator/src/kernel.cpp:735]   --->   Operation 608 'readreq' 'gmem0_load_5_req' <Predicate = true> <Delay = 2.43> <CoreInst = "m_axi">   --->   Core 121 'm_axi' <Latency = 0> <II = 1> <Delay = 1.00> <Adapter> <Opcode : 'read' 'write' 'readreq' 'writereq' 'writeresp'>

State 209 <SV = 130> <Delay = 2.43>
ST_209 : Operation 609 [18/70] (2.43ns)   --->   "%gmem0_load_5_req = readreq i1 @_ssdm_op_ReadReq.m_axi.i512P1A, i64 %gmem0_addr_4, i32 1" [/home/efrink/mled/split_cu/U280_CRC_Accelerator/src/kernel.cpp:735]   --->   Operation 609 'readreq' 'gmem0_load_5_req' <Predicate = true> <Delay = 2.43> <CoreInst = "m_axi">   --->   Core 121 'm_axi' <Latency = 0> <II = 1> <Delay = 1.00> <Adapter> <Opcode : 'read' 'write' 'readreq' 'writereq' 'writeresp'>

State 210 <SV = 131> <Delay = 2.43>
ST_210 : Operation 610 [17/70] (2.43ns)   --->   "%gmem0_load_5_req = readreq i1 @_ssdm_op_ReadReq.m_axi.i512P1A, i64 %gmem0_addr_4, i32 1" [/home/efrink/mled/split_cu/U280_CRC_Accelerator/src/kernel.cpp:735]   --->   Operation 610 'readreq' 'gmem0_load_5_req' <Predicate = true> <Delay = 2.43> <CoreInst = "m_axi">   --->   Core 121 'm_axi' <Latency = 0> <II = 1> <Delay = 1.00> <Adapter> <Opcode : 'read' 'write' 'readreq' 'writereq' 'writeresp'>

State 211 <SV = 132> <Delay = 2.43>
ST_211 : Operation 611 [16/70] (2.43ns)   --->   "%gmem0_load_5_req = readreq i1 @_ssdm_op_ReadReq.m_axi.i512P1A, i64 %gmem0_addr_4, i32 1" [/home/efrink/mled/split_cu/U280_CRC_Accelerator/src/kernel.cpp:735]   --->   Operation 611 'readreq' 'gmem0_load_5_req' <Predicate = true> <Delay = 2.43> <CoreInst = "m_axi">   --->   Core 121 'm_axi' <Latency = 0> <II = 1> <Delay = 1.00> <Adapter> <Opcode : 'read' 'write' 'readreq' 'writereq' 'writeresp'>

State 212 <SV = 133> <Delay = 2.43>
ST_212 : Operation 612 [15/70] (2.43ns)   --->   "%gmem0_load_5_req = readreq i1 @_ssdm_op_ReadReq.m_axi.i512P1A, i64 %gmem0_addr_4, i32 1" [/home/efrink/mled/split_cu/U280_CRC_Accelerator/src/kernel.cpp:735]   --->   Operation 612 'readreq' 'gmem0_load_5_req' <Predicate = true> <Delay = 2.43> <CoreInst = "m_axi">   --->   Core 121 'm_axi' <Latency = 0> <II = 1> <Delay = 1.00> <Adapter> <Opcode : 'read' 'write' 'readreq' 'writereq' 'writeresp'>

State 213 <SV = 134> <Delay = 2.43>
ST_213 : Operation 613 [14/70] (2.43ns)   --->   "%gmem0_load_5_req = readreq i1 @_ssdm_op_ReadReq.m_axi.i512P1A, i64 %gmem0_addr_4, i32 1" [/home/efrink/mled/split_cu/U280_CRC_Accelerator/src/kernel.cpp:735]   --->   Operation 613 'readreq' 'gmem0_load_5_req' <Predicate = true> <Delay = 2.43> <CoreInst = "m_axi">   --->   Core 121 'm_axi' <Latency = 0> <II = 1> <Delay = 1.00> <Adapter> <Opcode : 'read' 'write' 'readreq' 'writereq' 'writeresp'>

State 214 <SV = 135> <Delay = 2.43>
ST_214 : Operation 614 [13/70] (2.43ns)   --->   "%gmem0_load_5_req = readreq i1 @_ssdm_op_ReadReq.m_axi.i512P1A, i64 %gmem0_addr_4, i32 1" [/home/efrink/mled/split_cu/U280_CRC_Accelerator/src/kernel.cpp:735]   --->   Operation 614 'readreq' 'gmem0_load_5_req' <Predicate = true> <Delay = 2.43> <CoreInst = "m_axi">   --->   Core 121 'm_axi' <Latency = 0> <II = 1> <Delay = 1.00> <Adapter> <Opcode : 'read' 'write' 'readreq' 'writereq' 'writeresp'>

State 215 <SV = 136> <Delay = 2.43>
ST_215 : Operation 615 [12/70] (2.43ns)   --->   "%gmem0_load_5_req = readreq i1 @_ssdm_op_ReadReq.m_axi.i512P1A, i64 %gmem0_addr_4, i32 1" [/home/efrink/mled/split_cu/U280_CRC_Accelerator/src/kernel.cpp:735]   --->   Operation 615 'readreq' 'gmem0_load_5_req' <Predicate = true> <Delay = 2.43> <CoreInst = "m_axi">   --->   Core 121 'm_axi' <Latency = 0> <II = 1> <Delay = 1.00> <Adapter> <Opcode : 'read' 'write' 'readreq' 'writereq' 'writeresp'>

State 216 <SV = 137> <Delay = 2.43>
ST_216 : Operation 616 [11/70] (2.43ns)   --->   "%gmem0_load_5_req = readreq i1 @_ssdm_op_ReadReq.m_axi.i512P1A, i64 %gmem0_addr_4, i32 1" [/home/efrink/mled/split_cu/U280_CRC_Accelerator/src/kernel.cpp:735]   --->   Operation 616 'readreq' 'gmem0_load_5_req' <Predicate = true> <Delay = 2.43> <CoreInst = "m_axi">   --->   Core 121 'm_axi' <Latency = 0> <II = 1> <Delay = 1.00> <Adapter> <Opcode : 'read' 'write' 'readreq' 'writereq' 'writeresp'>

State 217 <SV = 138> <Delay = 2.43>
ST_217 : Operation 617 [10/70] (2.43ns)   --->   "%gmem0_load_5_req = readreq i1 @_ssdm_op_ReadReq.m_axi.i512P1A, i64 %gmem0_addr_4, i32 1" [/home/efrink/mled/split_cu/U280_CRC_Accelerator/src/kernel.cpp:735]   --->   Operation 617 'readreq' 'gmem0_load_5_req' <Predicate = true> <Delay = 2.43> <CoreInst = "m_axi">   --->   Core 121 'm_axi' <Latency = 0> <II = 1> <Delay = 1.00> <Adapter> <Opcode : 'read' 'write' 'readreq' 'writereq' 'writeresp'>

State 218 <SV = 139> <Delay = 2.43>
ST_218 : Operation 618 [9/70] (2.43ns)   --->   "%gmem0_load_5_req = readreq i1 @_ssdm_op_ReadReq.m_axi.i512P1A, i64 %gmem0_addr_4, i32 1" [/home/efrink/mled/split_cu/U280_CRC_Accelerator/src/kernel.cpp:735]   --->   Operation 618 'readreq' 'gmem0_load_5_req' <Predicate = true> <Delay = 2.43> <CoreInst = "m_axi">   --->   Core 121 'm_axi' <Latency = 0> <II = 1> <Delay = 1.00> <Adapter> <Opcode : 'read' 'write' 'readreq' 'writereq' 'writeresp'>

State 219 <SV = 140> <Delay = 2.43>
ST_219 : Operation 619 [8/70] (2.43ns)   --->   "%gmem0_load_5_req = readreq i1 @_ssdm_op_ReadReq.m_axi.i512P1A, i64 %gmem0_addr_4, i32 1" [/home/efrink/mled/split_cu/U280_CRC_Accelerator/src/kernel.cpp:735]   --->   Operation 619 'readreq' 'gmem0_load_5_req' <Predicate = true> <Delay = 2.43> <CoreInst = "m_axi">   --->   Core 121 'm_axi' <Latency = 0> <II = 1> <Delay = 1.00> <Adapter> <Opcode : 'read' 'write' 'readreq' 'writereq' 'writeresp'>

State 220 <SV = 141> <Delay = 2.43>
ST_220 : Operation 620 [7/70] (2.43ns)   --->   "%gmem0_load_5_req = readreq i1 @_ssdm_op_ReadReq.m_axi.i512P1A, i64 %gmem0_addr_4, i32 1" [/home/efrink/mled/split_cu/U280_CRC_Accelerator/src/kernel.cpp:735]   --->   Operation 620 'readreq' 'gmem0_load_5_req' <Predicate = true> <Delay = 2.43> <CoreInst = "m_axi">   --->   Core 121 'm_axi' <Latency = 0> <II = 1> <Delay = 1.00> <Adapter> <Opcode : 'read' 'write' 'readreq' 'writereq' 'writeresp'>

State 221 <SV = 142> <Delay = 2.43>
ST_221 : Operation 621 [6/70] (2.43ns)   --->   "%gmem0_load_5_req = readreq i1 @_ssdm_op_ReadReq.m_axi.i512P1A, i64 %gmem0_addr_4, i32 1" [/home/efrink/mled/split_cu/U280_CRC_Accelerator/src/kernel.cpp:735]   --->   Operation 621 'readreq' 'gmem0_load_5_req' <Predicate = true> <Delay = 2.43> <CoreInst = "m_axi">   --->   Core 121 'm_axi' <Latency = 0> <II = 1> <Delay = 1.00> <Adapter> <Opcode : 'read' 'write' 'readreq' 'writereq' 'writeresp'>

State 222 <SV = 143> <Delay = 2.43>
ST_222 : Operation 622 [5/70] (2.43ns)   --->   "%gmem0_load_5_req = readreq i1 @_ssdm_op_ReadReq.m_axi.i512P1A, i64 %gmem0_addr_4, i32 1" [/home/efrink/mled/split_cu/U280_CRC_Accelerator/src/kernel.cpp:735]   --->   Operation 622 'readreq' 'gmem0_load_5_req' <Predicate = true> <Delay = 2.43> <CoreInst = "m_axi">   --->   Core 121 'm_axi' <Latency = 0> <II = 1> <Delay = 1.00> <Adapter> <Opcode : 'read' 'write' 'readreq' 'writereq' 'writeresp'>

State 223 <SV = 144> <Delay = 2.43>
ST_223 : Operation 623 [4/70] (2.43ns)   --->   "%gmem0_load_5_req = readreq i1 @_ssdm_op_ReadReq.m_axi.i512P1A, i64 %gmem0_addr_4, i32 1" [/home/efrink/mled/split_cu/U280_CRC_Accelerator/src/kernel.cpp:735]   --->   Operation 623 'readreq' 'gmem0_load_5_req' <Predicate = true> <Delay = 2.43> <CoreInst = "m_axi">   --->   Core 121 'm_axi' <Latency = 0> <II = 1> <Delay = 1.00> <Adapter> <Opcode : 'read' 'write' 'readreq' 'writereq' 'writeresp'>

State 224 <SV = 145> <Delay = 2.43>
ST_224 : Operation 624 [3/70] (2.43ns)   --->   "%gmem0_load_5_req = readreq i1 @_ssdm_op_ReadReq.m_axi.i512P1A, i64 %gmem0_addr_4, i32 1" [/home/efrink/mled/split_cu/U280_CRC_Accelerator/src/kernel.cpp:735]   --->   Operation 624 'readreq' 'gmem0_load_5_req' <Predicate = true> <Delay = 2.43> <CoreInst = "m_axi">   --->   Core 121 'm_axi' <Latency = 0> <II = 1> <Delay = 1.00> <Adapter> <Opcode : 'read' 'write' 'readreq' 'writereq' 'writeresp'>

State 225 <SV = 146> <Delay = 2.43>
ST_225 : Operation 625 [2/70] (2.43ns)   --->   "%gmem0_load_5_req = readreq i1 @_ssdm_op_ReadReq.m_axi.i512P1A, i64 %gmem0_addr_4, i32 1" [/home/efrink/mled/split_cu/U280_CRC_Accelerator/src/kernel.cpp:735]   --->   Operation 625 'readreq' 'gmem0_load_5_req' <Predicate = true> <Delay = 2.43> <CoreInst = "m_axi">   --->   Core 121 'm_axi' <Latency = 0> <II = 1> <Delay = 1.00> <Adapter> <Opcode : 'read' 'write' 'readreq' 'writereq' 'writeresp'>

State 226 <SV = 147> <Delay = 2.43>
ST_226 : Operation 626 [1/70] (2.43ns)   --->   "%gmem0_load_5_req = readreq i1 @_ssdm_op_ReadReq.m_axi.i512P1A, i64 %gmem0_addr_4, i32 1" [/home/efrink/mled/split_cu/U280_CRC_Accelerator/src/kernel.cpp:735]   --->   Operation 626 'readreq' 'gmem0_load_5_req' <Predicate = true> <Delay = 2.43> <CoreInst = "m_axi">   --->   Core 121 'm_axi' <Latency = 0> <II = 1> <Delay = 1.00> <Adapter> <Opcode : 'read' 'write' 'readreq' 'writereq' 'writeresp'>

State 227 <SV = 148> <Delay = 2.43>
ST_227 : Operation 627 [1/1] (2.43ns)   --->   "%gmem0_addr_4_read = read i512 @_ssdm_op_Read.m_axi.i512P1A, i64 %gmem0_addr_4" [/home/efrink/mled/split_cu/U280_CRC_Accelerator/src/kernel.cpp:735]   --->   Operation 627 'read' 'gmem0_addr_4_read' <Predicate = true> <Delay = 2.43> <CoreInst = "m_axi">   --->   Core 121 'm_axi' <Latency = 0> <II = 1> <Delay = 1.00> <Adapter> <Opcode : 'read' 'write' 'readreq' 'writereq' 'writeresp'>

State 228 <SV = 149> <Delay = 1.44>
ST_228 : Operation 628 [1/1] (0.00ns) (grouped into LUT with out node sum_V_7)   --->   "%shl_ln3 = bitconcatenate i9 @_ssdm_op_BitConcatenate.i9.i6.i3, i6 %add_ln735_2, i3 0" [/home/efrink/mled/split_cu/U280_CRC_Accelerator/src/kernel.cpp:735]   --->   Operation 628 'bitconcatenate' 'shl_ln3' <Predicate = true> <Delay = 0.00>
ST_228 : Operation 629 [1/1] (0.00ns) (grouped into LUT with out node sum_V_7)   --->   "%zext_ln735 = zext i9 %shl_ln3" [/home/efrink/mled/split_cu/U280_CRC_Accelerator/src/kernel.cpp:735]   --->   Operation 629 'zext' 'zext_ln735' <Predicate = true> <Delay = 0.00>
ST_228 : Operation 630 [1/1] (0.00ns) (grouped into LUT with out node sum_V_7)   --->   "%lshr_ln735 = lshr i512 %gmem0_addr_4_read, i512 %zext_ln735" [/home/efrink/mled/split_cu/U280_CRC_Accelerator/src/kernel.cpp:735]   --->   Operation 630 'lshr' 'lshr_ln735' <Predicate = true> <Delay = 0.00> <CoreInst = "Shifter">   --->   Core 75 'Shifter' <Latency = 0> <II = 1> <Delay = 1.44> <FuncUnit> <Opcode : 'shl' 'lshr' 'ashr'> <InPorts = 2> <OutPorts = 1>
ST_228 : Operation 631 [1/1] (0.00ns) (grouped into LUT with out node sum_V_7)   --->   "%trunc_ln1715_1 = trunc i512 %lshr_ln735"   --->   Operation 631 'trunc' 'trunc_ln1715_1' <Predicate = true> <Delay = 0.00>
ST_228 : Operation 632 [1/1] (0.00ns) (grouped into LUT with out node sum_V_7)   --->   "%r_V_4 = bitconcatenate i16 @_ssdm_op_BitConcatenate.i16.i8.i8, i8 %trunc_ln1715_1, i8 0"   --->   Operation 632 'bitconcatenate' 'r_V_4' <Predicate = true> <Delay = 0.00>
ST_228 : Operation 633 [1/1] (0.00ns) (grouped into LUT with out node sum_V_7)   --->   "%zext_ln886_2 = zext i16 %r_V_4"   --->   Operation 633 'zext' 'zext_ln886_2' <Predicate = true> <Delay = 0.00>
ST_228 : Operation 634 [1/1] (1.44ns) (out node of the LUT)   --->   "%sum_V_7 = add i32 %sum_i13_1_lcssa, i32 %zext_ln886_2"   --->   Operation 634 'add' 'sum_V_7' <Predicate = true> <Delay = 1.44> <CoreInst = "Adder">   --->   Core 1 'Adder' <Latency = 0> <II = 1> <Delay = 0.88> <FuncUnit> <Opcode : 'add' 'sub'> <InPorts = 2> <OutPorts = 1>
ST_228 : Operation 635 [1/1] (0.38ns)   --->   "%br_ln737 = br void %for.body144.i" [/home/efrink/mled/split_cu/U280_CRC_Accelerator/src/kernel.cpp:737]   --->   Operation 635 'br' 'br_ln737' <Predicate = true> <Delay = 0.38>

State 229 <SV = 150> <Delay = 2.35>
ST_229 : Operation 636 [1/1] (0.00ns)   --->   "%sum_V_9 = phi i32 %sum_V_7, void %if.then.i46, i32 %sum_i13_1_lcssa, void %for.cond.cleanup117.i"   --->   Operation 636 'phi' 'sum_V_9' <Predicate = true> <Delay = 0.00>
ST_229 : Operation 637 [1/1] (0.00ns)   --->   "%trunc_ln739 = trunc i32 %sum_V_9" [/home/efrink/mled/split_cu/U280_CRC_Accelerator/src/kernel.cpp:739]   --->   Operation 637 'trunc' 'trunc_ln739' <Predicate = true> <Delay = 0.00>
ST_229 : Operation 638 [1/1] (0.00ns)   --->   "%zext_ln1715_2 = zext i16 %trunc_ln739"   --->   Operation 638 'zext' 'zext_ln1715_2' <Predicate = true> <Delay = 0.00>
ST_229 : Operation 639 [1/1] (0.00ns)   --->   "%trunc_ln8 = partselect i16 @_ssdm_op_PartSelect.i16.i32.i32.i32, i32 %sum_V_9, i32 16, i32 31"   --->   Operation 639 'partselect' 'trunc_ln8' <Predicate = true> <Delay = 0.00>
ST_229 : Operation 640 [1/1] (0.00ns)   --->   "%zext_ln1715_3 = zext i16 %trunc_ln8"   --->   Operation 640 'zext' 'zext_ln1715_3' <Predicate = true> <Delay = 0.00>
ST_229 : Operation 641 [1/1] (0.78ns)   --->   "%folded_V_2 = add i17 %zext_ln1715_2, i17 %zext_ln1715_3"   --->   Operation 641 'add' 'folded_V_2' <Predicate = true> <Delay = 0.78> <CoreInst = "Adder">   --->   Core 1 'Adder' <Latency = 0> <II = 1> <Delay = 0.79> <FuncUnit> <Opcode : 'add' 'sub'> <InPorts = 2> <OutPorts = 1>
ST_229 : Operation 642 [1/1] (0.78ns)   --->   "%add_ln1543 = add i16 %trunc_ln8, i16 %trunc_ln739"   --->   Operation 642 'add' 'add_ln1543' <Predicate = true> <Delay = 0.78> <CoreInst = "Adder">   --->   Core 1 'Adder' <Latency = 0> <II = 1> <Delay = 0.78> <FuncUnit> <Opcode : 'add' 'sub'> <InPorts = 2> <OutPorts = 1>
ST_229 : Operation 643 [1/1] (0.00ns)   --->   "%zext_ln1715_4 = zext i16 %add_ln1543"   --->   Operation 643 'zext' 'zext_ln1715_4' <Predicate = true> <Delay = 0.00>
ST_229 : Operation 644 [1/1] (0.00ns)   --->   "%r_V_2 = bitselect i1 @_ssdm_op_BitSelect.i1.i17.i32, i17 %folded_V_2, i32 16"   --->   Operation 644 'bitselect' 'r_V_2' <Predicate = true> <Delay = 0.00>
ST_229 : Operation 645 [1/1] (0.00ns)   --->   "%zext_ln1715_7 = zext i1 %r_V_2"   --->   Operation 645 'zext' 'zext_ln1715_7' <Predicate = true> <Delay = 0.00>
ST_229 : Operation 646 [1/1] (0.00ns)   --->   "%zext_ln1715_5 = zext i1 %r_V_2"   --->   Operation 646 'zext' 'zext_ln1715_5' <Predicate = true> <Delay = 0.00>
ST_229 : Operation 647 [1/1] (0.78ns)   --->   "%folded_V_3 = add i17 %zext_ln1715_4, i17 %zext_ln1715_7"   --->   Operation 647 'add' 'folded_V_3' <Predicate = true> <Delay = 0.78> <CoreInst = "Adder">   --->   Core 1 'Adder' <Latency = 0> <II = 1> <Delay = 0.79> <FuncUnit> <Opcode : 'add' 'sub'> <InPorts = 2> <OutPorts = 1>
ST_229 : Operation 648 [1/1] (0.78ns)   --->   "%add_ln1543_1 = add i16 %zext_ln1715_5, i16 %add_ln1543"   --->   Operation 648 'add' 'add_ln1543_1' <Predicate = true> <Delay = 0.78> <CoreInst = "Adder">   --->   Core 1 'Adder' <Latency = 0> <II = 1> <Delay = 0.78> <FuncUnit> <Opcode : 'add' 'sub'> <InPorts = 2> <OutPorts = 1>
ST_229 : Operation 649 [1/1] (0.00ns)   --->   "%zext_ln1715_6 = zext i16 %add_ln1543_1"   --->   Operation 649 'zext' 'zext_ln1715_6' <Predicate = true> <Delay = 0.00>
ST_229 : Operation 650 [1/1] (0.00ns)   --->   "%r_V_3 = bitselect i1 @_ssdm_op_BitSelect.i1.i17.i32, i17 %folded_V_3, i32 16"   --->   Operation 650 'bitselect' 'r_V_3' <Predicate = true> <Delay = 0.00>
ST_229 : Operation 651 [1/1] (0.00ns)   --->   "%zext_ln1715_8 = zext i1 %r_V_3"   --->   Operation 651 'zext' 'zext_ln1715_8' <Predicate = true> <Delay = 0.00>
ST_229 : Operation 652 [1/1] (0.78ns)   --->   "%folded_V_4 = add i17 %zext_ln1715_6, i17 %zext_ln1715_8"   --->   Operation 652 'add' 'folded_V_4' <Predicate = true> <Delay = 0.78> <CoreInst = "Adder">   --->   Core 1 'Adder' <Latency = 0> <II = 1> <Delay = 0.79> <FuncUnit> <Opcode : 'add' 'sub'> <InPorts = 2> <OutPorts = 1>
ST_229 : Operation 653 [1/1] (0.00ns)   --->   "%tmp_9 = bitselect i1 @_ssdm_op_BitSelect.i1.i17.i32, i17 %folded_V_4, i32 16"   --->   Operation 653 'bitselect' 'tmp_9' <Predicate = true> <Delay = 0.00>

State 230 <SV = 151> <Delay = 1.14>
ST_230 : Operation 654 [1/1] (0.00ns)   --->   "%zext_ln1543 = zext i1 %r_V_2"   --->   Operation 654 'zext' 'zext_ln1543' <Predicate = (vector_blocks)> <Delay = 0.00>
ST_230 : Operation 655 [1/1] (0.00ns)   --->   "%zext_ln232_62 = zext i1 %r_V_3"   --->   Operation 655 'zext' 'zext_ln232_62' <Predicate = (vector_blocks)> <Delay = 0.00>
ST_230 : Operation 656 [1/1] (0.00ns)   --->   "%zext_ln955_1 = zext i1 %tmp_9"   --->   Operation 656 'zext' 'zext_ln955_1' <Predicate = (vector_blocks)> <Delay = 0.00>
ST_230 : Operation 657 [1/1] (0.00ns) (grouped into TernaryAdder)   --->   "%add_ln955_1 = add i2 %zext_ln232_62, i2 %zext_ln955_1"   --->   Operation 657 'add' 'add_ln955_1' <Predicate = (vector_blocks)> <Delay = 0.00> <CoreInst = "TAddSub">   --->   Core 10 'TAddSub' <Latency = 0> <II = 1> <Delay = 0.07> <IPBlock> <Opcode : 'add' 'sub'> <InPorts = 3> <OutPorts = 1> <Sync> <CReg>
ST_230 : Operation 658 [1/1] (0.14ns) (root node of TernaryAdder)   --->   "%add_ln955_2 = add i2 %add_ln955_1, i2 %zext_ln1543"   --->   Operation 658 'add' 'add_ln955_2' <Predicate = (vector_blocks)> <Delay = 0.14> <CoreInst = "TAddSub">   --->   Core 10 'TAddSub' <Latency = 0> <II = 1> <Delay = 0.07> <IPBlock> <Opcode : 'add' 'sub'> <InPorts = 3> <OutPorts = 1> <Sync> <CReg>
ST_230 : Operation 659 [1/1] (0.00ns)   --->   "%zext_ln955 = zext i2 %add_ln955_2"   --->   Operation 659 'zext' 'zext_ln955' <Predicate = (vector_blocks)> <Delay = 0.00>
ST_230 : Operation 660 [1/1] (0.78ns)   --->   "%add_ln955 = add i16 %zext_ln955, i16 %add_ln1543"   --->   Operation 660 'add' 'add_ln955' <Predicate = (vector_blocks)> <Delay = 0.78> <CoreInst = "Adder">   --->   Core 1 'Adder' <Latency = 0> <II = 1> <Delay = 0.78> <FuncUnit> <Opcode : 'add' 'sub'> <InPorts = 2> <OutPorts = 1>
ST_230 : Operation 661 [1/1] (0.38ns)   --->   "%br_ln769 = br void %for.inc" [/home/efrink/mled/split_cu/U280_CRC_Accelerator/src/kernel.cpp:769]   --->   Operation 661 'br' 'br_ln769' <Predicate = (vector_blocks)> <Delay = 0.38>
ST_230 : Operation 662 [1/1] (0.00ns)   --->   "%shl_ln4 = bitconcatenate i34 @_ssdm_op_BitConcatenate.i34.i32.i2, i32 %c_1, i2 0" [/home/efrink/mled/split_cu/U280_CRC_Accelerator/src/kernel.cpp:774]   --->   Operation 662 'bitconcatenate' 'shl_ln4' <Predicate = true> <Delay = 0.00>
ST_230 : Operation 663 [1/1] (0.00ns)   --->   "%zext_ln774_2 = zext i34 %shl_ln4" [/home/efrink/mled/split_cu/U280_CRC_Accelerator/src/kernel.cpp:774]   --->   Operation 663 'zext' 'zext_ln774_2' <Predicate = true> <Delay = 0.00>
ST_230 : Operation 664 [1/1] (0.00ns)   --->   "%trunc_ln774_1 = trunc i32 %c_1" [/home/efrink/mled/split_cu/U280_CRC_Accelerator/src/kernel.cpp:774]   --->   Operation 664 'trunc' 'trunc_ln774_1' <Predicate = true> <Delay = 0.00>
ST_230 : Operation 665 [1/1] (0.00ns)   --->   "%trunc_ln774_2 = bitconcatenate i6 @_ssdm_op_BitConcatenate.i6.i4.i2, i4 %trunc_ln774_1, i2 0" [/home/efrink/mled/split_cu/U280_CRC_Accelerator/src/kernel.cpp:774]   --->   Operation 665 'bitconcatenate' 'trunc_ln774_2' <Predicate = true> <Delay = 0.00>
ST_230 : Operation 666 [1/1] (1.14ns)   --->   "%add_ln774 = add i64 %zext_ln774_2, i64 %crc_out_read" [/home/efrink/mled/split_cu/U280_CRC_Accelerator/src/kernel.cpp:774]   --->   Operation 666 'add' 'add_ln774' <Predicate = true> <Delay = 1.14> <CoreInst = "Adder">   --->   Core 1 'Adder' <Latency = 0> <II = 1> <Delay = 1.14> <FuncUnit> <Opcode : 'add' 'sub'> <InPorts = 2> <OutPorts = 1>
ST_230 : Operation 667 [1/1] (0.70ns)   --->   "%add_ln774_1 = add i6 %trunc_ln774_2, i6 %trunc_ln774" [/home/efrink/mled/split_cu/U280_CRC_Accelerator/src/kernel.cpp:774]   --->   Operation 667 'add' 'add_ln774_1' <Predicate = true> <Delay = 0.70> <CoreInst = "Adder">   --->   Core 1 'Adder' <Latency = 0> <II = 1> <Delay = 0.70> <FuncUnit> <Opcode : 'add' 'sub'> <InPorts = 2> <OutPorts = 1>
ST_230 : Operation 668 [1/1] (0.00ns)   --->   "%trunc_ln9 = partselect i58 @_ssdm_op_PartSelect.i58.i64.i32.i32, i64 %add_ln774, i32 6, i32 63" [/home/efrink/mled/split_cu/U280_CRC_Accelerator/src/kernel.cpp:774]   --->   Operation 668 'partselect' 'trunc_ln9' <Predicate = true> <Delay = 0.00>
ST_230 : Operation 669 [1/1] (0.38ns)   --->   "%store_ln758 = store i32 %add_ln758, i32 %c" [/home/efrink/mled/split_cu/U280_CRC_Accelerator/src/kernel.cpp:758]   --->   Operation 669 'store' 'store_ln758' <Predicate = true> <Delay = 0.38>
ST_230 : Operation 670 [1/1] (0.38ns)   --->   "%store_ln758 = store i64 %add_ln758_1, i64 %chunk_offset" [/home/efrink/mled/split_cu/U280_CRC_Accelerator/src/kernel.cpp:758]   --->   Operation 670 'store' 'store_ln758' <Predicate = true> <Delay = 0.38>

State 231 <SV = 152> <Delay = 2.43>
ST_231 : Operation 671 [1/1] (0.00ns) (grouped into LUT with out node shl_ln774_1)   --->   "%checksum_0_in = phi i16 %add_ln955, void %for.body144.i, i16 %folded_V, void %_ZL25tcp_checksum_chunk_scalarPKhj.exit"   --->   Operation 671 'phi' 'checksum_0_in' <Predicate = true> <Delay = 0.00>
ST_231 : Operation 672 [1/1] (0.00ns) (grouped into LUT with out node shl_ln774_1)   --->   "%checksum_V = xor i16 %checksum_0_in, i16 65535" [/home/efrink/mled/split_cu/U280_CRC_Accelerator/src/kernel.cpp:764]   --->   Operation 672 'xor' 'checksum_V' <Predicate = true> <Delay = 0.00> <CoreInst = "LogicGate">   --->   Core 74 'LogicGate' <Latency = 0> <II = 1> <Delay = 0.29> <FuncUnit> <Opcode : 'and' 'or' 'xor'> <InPorts = 2> <OutPorts = 1>
ST_231 : Operation 673 [1/1] (0.00ns) (grouped into LUT with out node shl_ln774_1)   --->   "%zext_ln774 = zext i16 %checksum_V" [/home/efrink/mled/split_cu/U280_CRC_Accelerator/src/kernel.cpp:774]   --->   Operation 673 'zext' 'zext_ln774' <Predicate = true> <Delay = 0.00>
ST_231 : Operation 674 [1/1] (0.00ns)   --->   "%zext_ln774_1 = zext i6 %add_ln774_1" [/home/efrink/mled/split_cu/U280_CRC_Accelerator/src/kernel.cpp:774]   --->   Operation 674 'zext' 'zext_ln774_1' <Predicate = true> <Delay = 0.00>
ST_231 : Operation 675 [1/1] (0.62ns)   --->   "%shl_ln774 = shl i64 15, i64 %zext_ln774_1" [/home/efrink/mled/split_cu/U280_CRC_Accelerator/src/kernel.cpp:774]   --->   Operation 675 'shl' 'shl_ln774' <Predicate = true> <Delay = 0.62> <CoreInst = "Shifter">   --->   Core 75 'Shifter' <Latency = 0> <II = 1> <Delay = 1.09> <FuncUnit> <Opcode : 'shl' 'lshr' 'ashr'> <InPorts = 2> <OutPorts = 1>
ST_231 : Operation 676 [1/1] (0.00ns) (grouped into LUT with out node shl_ln774_1)   --->   "%shl_ln774_2 = bitconcatenate i9 @_ssdm_op_BitConcatenate.i9.i6.i3, i6 %add_ln774_1, i3 0" [/home/efrink/mled/split_cu/U280_CRC_Accelerator/src/kernel.cpp:774]   --->   Operation 676 'bitconcatenate' 'shl_ln774_2' <Predicate = true> <Delay = 0.00>
ST_231 : Operation 677 [1/1] (0.00ns) (grouped into LUT with out node shl_ln774_1)   --->   "%zext_ln774_3 = zext i9 %shl_ln774_2" [/home/efrink/mled/split_cu/U280_CRC_Accelerator/src/kernel.cpp:774]   --->   Operation 677 'zext' 'zext_ln774_3' <Predicate = true> <Delay = 0.00>
ST_231 : Operation 678 [1/1] (0.84ns) (out node of the LUT)   --->   "%shl_ln774_1 = shl i512 %zext_ln774, i512 %zext_ln774_3" [/home/efrink/mled/split_cu/U280_CRC_Accelerator/src/kernel.cpp:774]   --->   Operation 678 'shl' 'shl_ln774_1' <Predicate = true> <Delay = 0.84> <CoreInst = "Shifter">   --->   Core 75 'Shifter' <Latency = 0> <II = 1> <Delay = 1.44> <FuncUnit> <Opcode : 'shl' 'lshr' 'ashr'> <InPorts = 2> <OutPorts = 1>
ST_231 : Operation 679 [1/1] (0.00ns)   --->   "%sext_ln774 = sext i58 %trunc_ln9" [/home/efrink/mled/split_cu/U280_CRC_Accelerator/src/kernel.cpp:774]   --->   Operation 679 'sext' 'sext_ln774' <Predicate = true> <Delay = 0.00>
ST_231 : Operation 680 [1/1] (0.00ns)   --->   "%gmem0_addr_5 = getelementptr i512 %gmem0, i64 %sext_ln774" [/home/efrink/mled/split_cu/U280_CRC_Accelerator/src/kernel.cpp:774]   --->   Operation 680 'getelementptr' 'gmem0_addr_5' <Predicate = true> <Delay = 0.00>
ST_231 : Operation 681 [1/1] (2.43ns)   --->   "%empty_30 = writereq i1 @_ssdm_op_WriteReq.m_axi.p1i512, i64 %gmem0_addr_5, i32 1" [/home/efrink/mled/split_cu/U280_CRC_Accelerator/src/kernel.cpp:774]   --->   Operation 681 'writereq' 'empty_30' <Predicate = true> <Delay = 2.43> <CoreInst = "m_axi">   --->   Core 121 'm_axi' <Latency = 0> <II = 1> <Delay = 1.00> <Adapter> <Opcode : 'read' 'write' 'readreq' 'writereq' 'writeresp'>

State 232 <SV = 153> <Delay = 2.43>
ST_232 : Operation 682 [1/1] (2.43ns)   --->   "%write_ln774 = write void @_ssdm_op_Write.m_axi.p1i512, i64 %gmem0_addr_5, i512 %shl_ln774_1, i64 %shl_ln774" [/home/efrink/mled/split_cu/U280_CRC_Accelerator/src/kernel.cpp:774]   --->   Operation 682 'write' 'write_ln774' <Predicate = true> <Delay = 2.43> <CoreInst = "m_axi">   --->   Core 121 'm_axi' <Latency = 0> <II = 1> <Delay = 1.00> <Adapter> <Opcode : 'read' 'write' 'readreq' 'writereq' 'writeresp'>

State 233 <SV = 154> <Delay = 2.43>
ST_233 : Operation 683 [68/68] (2.43ns)   --->   "%empty_31 = writeresp i1 @_ssdm_op_WriteResp.m_axi.p1i512, i64 %gmem0_addr_5" [/home/efrink/mled/split_cu/U280_CRC_Accelerator/src/kernel.cpp:774]   --->   Operation 683 'writeresp' 'empty_31' <Predicate = true> <Delay = 2.43> <CoreInst = "m_axi">   --->   Core 121 'm_axi' <Latency = 0> <II = 1> <Delay = 1.00> <Adapter> <Opcode : 'read' 'write' 'readreq' 'writereq' 'writeresp'>

State 234 <SV = 155> <Delay = 2.43>
ST_234 : Operation 684 [67/68] (2.43ns)   --->   "%empty_31 = writeresp i1 @_ssdm_op_WriteResp.m_axi.p1i512, i64 %gmem0_addr_5" [/home/efrink/mled/split_cu/U280_CRC_Accelerator/src/kernel.cpp:774]   --->   Operation 684 'writeresp' 'empty_31' <Predicate = true> <Delay = 2.43> <CoreInst = "m_axi">   --->   Core 121 'm_axi' <Latency = 0> <II = 1> <Delay = 1.00> <Adapter> <Opcode : 'read' 'write' 'readreq' 'writereq' 'writeresp'>

State 235 <SV = 156> <Delay = 2.43>
ST_235 : Operation 685 [66/68] (2.43ns)   --->   "%empty_31 = writeresp i1 @_ssdm_op_WriteResp.m_axi.p1i512, i64 %gmem0_addr_5" [/home/efrink/mled/split_cu/U280_CRC_Accelerator/src/kernel.cpp:774]   --->   Operation 685 'writeresp' 'empty_31' <Predicate = true> <Delay = 2.43> <CoreInst = "m_axi">   --->   Core 121 'm_axi' <Latency = 0> <II = 1> <Delay = 1.00> <Adapter> <Opcode : 'read' 'write' 'readreq' 'writereq' 'writeresp'>

State 236 <SV = 157> <Delay = 2.43>
ST_236 : Operation 686 [65/68] (2.43ns)   --->   "%empty_31 = writeresp i1 @_ssdm_op_WriteResp.m_axi.p1i512, i64 %gmem0_addr_5" [/home/efrink/mled/split_cu/U280_CRC_Accelerator/src/kernel.cpp:774]   --->   Operation 686 'writeresp' 'empty_31' <Predicate = true> <Delay = 2.43> <CoreInst = "m_axi">   --->   Core 121 'm_axi' <Latency = 0> <II = 1> <Delay = 1.00> <Adapter> <Opcode : 'read' 'write' 'readreq' 'writereq' 'writeresp'>

State 237 <SV = 158> <Delay = 2.43>
ST_237 : Operation 687 [64/68] (2.43ns)   --->   "%empty_31 = writeresp i1 @_ssdm_op_WriteResp.m_axi.p1i512, i64 %gmem0_addr_5" [/home/efrink/mled/split_cu/U280_CRC_Accelerator/src/kernel.cpp:774]   --->   Operation 687 'writeresp' 'empty_31' <Predicate = true> <Delay = 2.43> <CoreInst = "m_axi">   --->   Core 121 'm_axi' <Latency = 0> <II = 1> <Delay = 1.00> <Adapter> <Opcode : 'read' 'write' 'readreq' 'writereq' 'writeresp'>

State 238 <SV = 159> <Delay = 2.43>
ST_238 : Operation 688 [63/68] (2.43ns)   --->   "%empty_31 = writeresp i1 @_ssdm_op_WriteResp.m_axi.p1i512, i64 %gmem0_addr_5" [/home/efrink/mled/split_cu/U280_CRC_Accelerator/src/kernel.cpp:774]   --->   Operation 688 'writeresp' 'empty_31' <Predicate = true> <Delay = 2.43> <CoreInst = "m_axi">   --->   Core 121 'm_axi' <Latency = 0> <II = 1> <Delay = 1.00> <Adapter> <Opcode : 'read' 'write' 'readreq' 'writereq' 'writeresp'>

State 239 <SV = 160> <Delay = 2.43>
ST_239 : Operation 689 [62/68] (2.43ns)   --->   "%empty_31 = writeresp i1 @_ssdm_op_WriteResp.m_axi.p1i512, i64 %gmem0_addr_5" [/home/efrink/mled/split_cu/U280_CRC_Accelerator/src/kernel.cpp:774]   --->   Operation 689 'writeresp' 'empty_31' <Predicate = true> <Delay = 2.43> <CoreInst = "m_axi">   --->   Core 121 'm_axi' <Latency = 0> <II = 1> <Delay = 1.00> <Adapter> <Opcode : 'read' 'write' 'readreq' 'writereq' 'writeresp'>

State 240 <SV = 161> <Delay = 2.43>
ST_240 : Operation 690 [61/68] (2.43ns)   --->   "%empty_31 = writeresp i1 @_ssdm_op_WriteResp.m_axi.p1i512, i64 %gmem0_addr_5" [/home/efrink/mled/split_cu/U280_CRC_Accelerator/src/kernel.cpp:774]   --->   Operation 690 'writeresp' 'empty_31' <Predicate = true> <Delay = 2.43> <CoreInst = "m_axi">   --->   Core 121 'm_axi' <Latency = 0> <II = 1> <Delay = 1.00> <Adapter> <Opcode : 'read' 'write' 'readreq' 'writereq' 'writeresp'>

State 241 <SV = 162> <Delay = 2.43>
ST_241 : Operation 691 [60/68] (2.43ns)   --->   "%empty_31 = writeresp i1 @_ssdm_op_WriteResp.m_axi.p1i512, i64 %gmem0_addr_5" [/home/efrink/mled/split_cu/U280_CRC_Accelerator/src/kernel.cpp:774]   --->   Operation 691 'writeresp' 'empty_31' <Predicate = true> <Delay = 2.43> <CoreInst = "m_axi">   --->   Core 121 'm_axi' <Latency = 0> <II = 1> <Delay = 1.00> <Adapter> <Opcode : 'read' 'write' 'readreq' 'writereq' 'writeresp'>

State 242 <SV = 163> <Delay = 2.43>
ST_242 : Operation 692 [59/68] (2.43ns)   --->   "%empty_31 = writeresp i1 @_ssdm_op_WriteResp.m_axi.p1i512, i64 %gmem0_addr_5" [/home/efrink/mled/split_cu/U280_CRC_Accelerator/src/kernel.cpp:774]   --->   Operation 692 'writeresp' 'empty_31' <Predicate = true> <Delay = 2.43> <CoreInst = "m_axi">   --->   Core 121 'm_axi' <Latency = 0> <II = 1> <Delay = 1.00> <Adapter> <Opcode : 'read' 'write' 'readreq' 'writereq' 'writeresp'>

State 243 <SV = 164> <Delay = 2.43>
ST_243 : Operation 693 [58/68] (2.43ns)   --->   "%empty_31 = writeresp i1 @_ssdm_op_WriteResp.m_axi.p1i512, i64 %gmem0_addr_5" [/home/efrink/mled/split_cu/U280_CRC_Accelerator/src/kernel.cpp:774]   --->   Operation 693 'writeresp' 'empty_31' <Predicate = true> <Delay = 2.43> <CoreInst = "m_axi">   --->   Core 121 'm_axi' <Latency = 0> <II = 1> <Delay = 1.00> <Adapter> <Opcode : 'read' 'write' 'readreq' 'writereq' 'writeresp'>

State 244 <SV = 165> <Delay = 2.43>
ST_244 : Operation 694 [57/68] (2.43ns)   --->   "%empty_31 = writeresp i1 @_ssdm_op_WriteResp.m_axi.p1i512, i64 %gmem0_addr_5" [/home/efrink/mled/split_cu/U280_CRC_Accelerator/src/kernel.cpp:774]   --->   Operation 694 'writeresp' 'empty_31' <Predicate = true> <Delay = 2.43> <CoreInst = "m_axi">   --->   Core 121 'm_axi' <Latency = 0> <II = 1> <Delay = 1.00> <Adapter> <Opcode : 'read' 'write' 'readreq' 'writereq' 'writeresp'>

State 245 <SV = 166> <Delay = 2.43>
ST_245 : Operation 695 [56/68] (2.43ns)   --->   "%empty_31 = writeresp i1 @_ssdm_op_WriteResp.m_axi.p1i512, i64 %gmem0_addr_5" [/home/efrink/mled/split_cu/U280_CRC_Accelerator/src/kernel.cpp:774]   --->   Operation 695 'writeresp' 'empty_31' <Predicate = true> <Delay = 2.43> <CoreInst = "m_axi">   --->   Core 121 'm_axi' <Latency = 0> <II = 1> <Delay = 1.00> <Adapter> <Opcode : 'read' 'write' 'readreq' 'writereq' 'writeresp'>

State 246 <SV = 167> <Delay = 2.43>
ST_246 : Operation 696 [55/68] (2.43ns)   --->   "%empty_31 = writeresp i1 @_ssdm_op_WriteResp.m_axi.p1i512, i64 %gmem0_addr_5" [/home/efrink/mled/split_cu/U280_CRC_Accelerator/src/kernel.cpp:774]   --->   Operation 696 'writeresp' 'empty_31' <Predicate = true> <Delay = 2.43> <CoreInst = "m_axi">   --->   Core 121 'm_axi' <Latency = 0> <II = 1> <Delay = 1.00> <Adapter> <Opcode : 'read' 'write' 'readreq' 'writereq' 'writeresp'>

State 247 <SV = 168> <Delay = 2.43>
ST_247 : Operation 697 [54/68] (2.43ns)   --->   "%empty_31 = writeresp i1 @_ssdm_op_WriteResp.m_axi.p1i512, i64 %gmem0_addr_5" [/home/efrink/mled/split_cu/U280_CRC_Accelerator/src/kernel.cpp:774]   --->   Operation 697 'writeresp' 'empty_31' <Predicate = true> <Delay = 2.43> <CoreInst = "m_axi">   --->   Core 121 'm_axi' <Latency = 0> <II = 1> <Delay = 1.00> <Adapter> <Opcode : 'read' 'write' 'readreq' 'writereq' 'writeresp'>

State 248 <SV = 169> <Delay = 2.43>
ST_248 : Operation 698 [53/68] (2.43ns)   --->   "%empty_31 = writeresp i1 @_ssdm_op_WriteResp.m_axi.p1i512, i64 %gmem0_addr_5" [/home/efrink/mled/split_cu/U280_CRC_Accelerator/src/kernel.cpp:774]   --->   Operation 698 'writeresp' 'empty_31' <Predicate = true> <Delay = 2.43> <CoreInst = "m_axi">   --->   Core 121 'm_axi' <Latency = 0> <II = 1> <Delay = 1.00> <Adapter> <Opcode : 'read' 'write' 'readreq' 'writereq' 'writeresp'>

State 249 <SV = 170> <Delay = 2.43>
ST_249 : Operation 699 [52/68] (2.43ns)   --->   "%empty_31 = writeresp i1 @_ssdm_op_WriteResp.m_axi.p1i512, i64 %gmem0_addr_5" [/home/efrink/mled/split_cu/U280_CRC_Accelerator/src/kernel.cpp:774]   --->   Operation 699 'writeresp' 'empty_31' <Predicate = true> <Delay = 2.43> <CoreInst = "m_axi">   --->   Core 121 'm_axi' <Latency = 0> <II = 1> <Delay = 1.00> <Adapter> <Opcode : 'read' 'write' 'readreq' 'writereq' 'writeresp'>

State 250 <SV = 171> <Delay = 2.43>
ST_250 : Operation 700 [51/68] (2.43ns)   --->   "%empty_31 = writeresp i1 @_ssdm_op_WriteResp.m_axi.p1i512, i64 %gmem0_addr_5" [/home/efrink/mled/split_cu/U280_CRC_Accelerator/src/kernel.cpp:774]   --->   Operation 700 'writeresp' 'empty_31' <Predicate = true> <Delay = 2.43> <CoreInst = "m_axi">   --->   Core 121 'm_axi' <Latency = 0> <II = 1> <Delay = 1.00> <Adapter> <Opcode : 'read' 'write' 'readreq' 'writereq' 'writeresp'>

State 251 <SV = 172> <Delay = 2.43>
ST_251 : Operation 701 [50/68] (2.43ns)   --->   "%empty_31 = writeresp i1 @_ssdm_op_WriteResp.m_axi.p1i512, i64 %gmem0_addr_5" [/home/efrink/mled/split_cu/U280_CRC_Accelerator/src/kernel.cpp:774]   --->   Operation 701 'writeresp' 'empty_31' <Predicate = true> <Delay = 2.43> <CoreInst = "m_axi">   --->   Core 121 'm_axi' <Latency = 0> <II = 1> <Delay = 1.00> <Adapter> <Opcode : 'read' 'write' 'readreq' 'writereq' 'writeresp'>

State 252 <SV = 173> <Delay = 2.43>
ST_252 : Operation 702 [49/68] (2.43ns)   --->   "%empty_31 = writeresp i1 @_ssdm_op_WriteResp.m_axi.p1i512, i64 %gmem0_addr_5" [/home/efrink/mled/split_cu/U280_CRC_Accelerator/src/kernel.cpp:774]   --->   Operation 702 'writeresp' 'empty_31' <Predicate = true> <Delay = 2.43> <CoreInst = "m_axi">   --->   Core 121 'm_axi' <Latency = 0> <II = 1> <Delay = 1.00> <Adapter> <Opcode : 'read' 'write' 'readreq' 'writereq' 'writeresp'>

State 253 <SV = 174> <Delay = 2.43>
ST_253 : Operation 703 [48/68] (2.43ns)   --->   "%empty_31 = writeresp i1 @_ssdm_op_WriteResp.m_axi.p1i512, i64 %gmem0_addr_5" [/home/efrink/mled/split_cu/U280_CRC_Accelerator/src/kernel.cpp:774]   --->   Operation 703 'writeresp' 'empty_31' <Predicate = true> <Delay = 2.43> <CoreInst = "m_axi">   --->   Core 121 'm_axi' <Latency = 0> <II = 1> <Delay = 1.00> <Adapter> <Opcode : 'read' 'write' 'readreq' 'writereq' 'writeresp'>

State 254 <SV = 175> <Delay = 2.43>
ST_254 : Operation 704 [47/68] (2.43ns)   --->   "%empty_31 = writeresp i1 @_ssdm_op_WriteResp.m_axi.p1i512, i64 %gmem0_addr_5" [/home/efrink/mled/split_cu/U280_CRC_Accelerator/src/kernel.cpp:774]   --->   Operation 704 'writeresp' 'empty_31' <Predicate = true> <Delay = 2.43> <CoreInst = "m_axi">   --->   Core 121 'm_axi' <Latency = 0> <II = 1> <Delay = 1.00> <Adapter> <Opcode : 'read' 'write' 'readreq' 'writereq' 'writeresp'>

State 255 <SV = 176> <Delay = 2.43>
ST_255 : Operation 705 [46/68] (2.43ns)   --->   "%empty_31 = writeresp i1 @_ssdm_op_WriteResp.m_axi.p1i512, i64 %gmem0_addr_5" [/home/efrink/mled/split_cu/U280_CRC_Accelerator/src/kernel.cpp:774]   --->   Operation 705 'writeresp' 'empty_31' <Predicate = true> <Delay = 2.43> <CoreInst = "m_axi">   --->   Core 121 'm_axi' <Latency = 0> <II = 1> <Delay = 1.00> <Adapter> <Opcode : 'read' 'write' 'readreq' 'writereq' 'writeresp'>

State 256 <SV = 177> <Delay = 2.43>
ST_256 : Operation 706 [45/68] (2.43ns)   --->   "%empty_31 = writeresp i1 @_ssdm_op_WriteResp.m_axi.p1i512, i64 %gmem0_addr_5" [/home/efrink/mled/split_cu/U280_CRC_Accelerator/src/kernel.cpp:774]   --->   Operation 706 'writeresp' 'empty_31' <Predicate = true> <Delay = 2.43> <CoreInst = "m_axi">   --->   Core 121 'm_axi' <Latency = 0> <II = 1> <Delay = 1.00> <Adapter> <Opcode : 'read' 'write' 'readreq' 'writereq' 'writeresp'>

State 257 <SV = 178> <Delay = 2.43>
ST_257 : Operation 707 [44/68] (2.43ns)   --->   "%empty_31 = writeresp i1 @_ssdm_op_WriteResp.m_axi.p1i512, i64 %gmem0_addr_5" [/home/efrink/mled/split_cu/U280_CRC_Accelerator/src/kernel.cpp:774]   --->   Operation 707 'writeresp' 'empty_31' <Predicate = true> <Delay = 2.43> <CoreInst = "m_axi">   --->   Core 121 'm_axi' <Latency = 0> <II = 1> <Delay = 1.00> <Adapter> <Opcode : 'read' 'write' 'readreq' 'writereq' 'writeresp'>

State 258 <SV = 179> <Delay = 2.43>
ST_258 : Operation 708 [43/68] (2.43ns)   --->   "%empty_31 = writeresp i1 @_ssdm_op_WriteResp.m_axi.p1i512, i64 %gmem0_addr_5" [/home/efrink/mled/split_cu/U280_CRC_Accelerator/src/kernel.cpp:774]   --->   Operation 708 'writeresp' 'empty_31' <Predicate = true> <Delay = 2.43> <CoreInst = "m_axi">   --->   Core 121 'm_axi' <Latency = 0> <II = 1> <Delay = 1.00> <Adapter> <Opcode : 'read' 'write' 'readreq' 'writereq' 'writeresp'>

State 259 <SV = 180> <Delay = 2.43>
ST_259 : Operation 709 [42/68] (2.43ns)   --->   "%empty_31 = writeresp i1 @_ssdm_op_WriteResp.m_axi.p1i512, i64 %gmem0_addr_5" [/home/efrink/mled/split_cu/U280_CRC_Accelerator/src/kernel.cpp:774]   --->   Operation 709 'writeresp' 'empty_31' <Predicate = true> <Delay = 2.43> <CoreInst = "m_axi">   --->   Core 121 'm_axi' <Latency = 0> <II = 1> <Delay = 1.00> <Adapter> <Opcode : 'read' 'write' 'readreq' 'writereq' 'writeresp'>

State 260 <SV = 181> <Delay = 2.43>
ST_260 : Operation 710 [41/68] (2.43ns)   --->   "%empty_31 = writeresp i1 @_ssdm_op_WriteResp.m_axi.p1i512, i64 %gmem0_addr_5" [/home/efrink/mled/split_cu/U280_CRC_Accelerator/src/kernel.cpp:774]   --->   Operation 710 'writeresp' 'empty_31' <Predicate = true> <Delay = 2.43> <CoreInst = "m_axi">   --->   Core 121 'm_axi' <Latency = 0> <II = 1> <Delay = 1.00> <Adapter> <Opcode : 'read' 'write' 'readreq' 'writereq' 'writeresp'>

State 261 <SV = 182> <Delay = 2.43>
ST_261 : Operation 711 [40/68] (2.43ns)   --->   "%empty_31 = writeresp i1 @_ssdm_op_WriteResp.m_axi.p1i512, i64 %gmem0_addr_5" [/home/efrink/mled/split_cu/U280_CRC_Accelerator/src/kernel.cpp:774]   --->   Operation 711 'writeresp' 'empty_31' <Predicate = true> <Delay = 2.43> <CoreInst = "m_axi">   --->   Core 121 'm_axi' <Latency = 0> <II = 1> <Delay = 1.00> <Adapter> <Opcode : 'read' 'write' 'readreq' 'writereq' 'writeresp'>

State 262 <SV = 183> <Delay = 2.43>
ST_262 : Operation 712 [39/68] (2.43ns)   --->   "%empty_31 = writeresp i1 @_ssdm_op_WriteResp.m_axi.p1i512, i64 %gmem0_addr_5" [/home/efrink/mled/split_cu/U280_CRC_Accelerator/src/kernel.cpp:774]   --->   Operation 712 'writeresp' 'empty_31' <Predicate = true> <Delay = 2.43> <CoreInst = "m_axi">   --->   Core 121 'm_axi' <Latency = 0> <II = 1> <Delay = 1.00> <Adapter> <Opcode : 'read' 'write' 'readreq' 'writereq' 'writeresp'>

State 263 <SV = 184> <Delay = 2.43>
ST_263 : Operation 713 [38/68] (2.43ns)   --->   "%empty_31 = writeresp i1 @_ssdm_op_WriteResp.m_axi.p1i512, i64 %gmem0_addr_5" [/home/efrink/mled/split_cu/U280_CRC_Accelerator/src/kernel.cpp:774]   --->   Operation 713 'writeresp' 'empty_31' <Predicate = true> <Delay = 2.43> <CoreInst = "m_axi">   --->   Core 121 'm_axi' <Latency = 0> <II = 1> <Delay = 1.00> <Adapter> <Opcode : 'read' 'write' 'readreq' 'writereq' 'writeresp'>

State 264 <SV = 185> <Delay = 2.43>
ST_264 : Operation 714 [37/68] (2.43ns)   --->   "%empty_31 = writeresp i1 @_ssdm_op_WriteResp.m_axi.p1i512, i64 %gmem0_addr_5" [/home/efrink/mled/split_cu/U280_CRC_Accelerator/src/kernel.cpp:774]   --->   Operation 714 'writeresp' 'empty_31' <Predicate = true> <Delay = 2.43> <CoreInst = "m_axi">   --->   Core 121 'm_axi' <Latency = 0> <II = 1> <Delay = 1.00> <Adapter> <Opcode : 'read' 'write' 'readreq' 'writereq' 'writeresp'>

State 265 <SV = 186> <Delay = 2.43>
ST_265 : Operation 715 [36/68] (2.43ns)   --->   "%empty_31 = writeresp i1 @_ssdm_op_WriteResp.m_axi.p1i512, i64 %gmem0_addr_5" [/home/efrink/mled/split_cu/U280_CRC_Accelerator/src/kernel.cpp:774]   --->   Operation 715 'writeresp' 'empty_31' <Predicate = true> <Delay = 2.43> <CoreInst = "m_axi">   --->   Core 121 'm_axi' <Latency = 0> <II = 1> <Delay = 1.00> <Adapter> <Opcode : 'read' 'write' 'readreq' 'writereq' 'writeresp'>

State 266 <SV = 187> <Delay = 2.43>
ST_266 : Operation 716 [35/68] (2.43ns)   --->   "%empty_31 = writeresp i1 @_ssdm_op_WriteResp.m_axi.p1i512, i64 %gmem0_addr_5" [/home/efrink/mled/split_cu/U280_CRC_Accelerator/src/kernel.cpp:774]   --->   Operation 716 'writeresp' 'empty_31' <Predicate = true> <Delay = 2.43> <CoreInst = "m_axi">   --->   Core 121 'm_axi' <Latency = 0> <II = 1> <Delay = 1.00> <Adapter> <Opcode : 'read' 'write' 'readreq' 'writereq' 'writeresp'>

State 267 <SV = 188> <Delay = 2.43>
ST_267 : Operation 717 [34/68] (2.43ns)   --->   "%empty_31 = writeresp i1 @_ssdm_op_WriteResp.m_axi.p1i512, i64 %gmem0_addr_5" [/home/efrink/mled/split_cu/U280_CRC_Accelerator/src/kernel.cpp:774]   --->   Operation 717 'writeresp' 'empty_31' <Predicate = true> <Delay = 2.43> <CoreInst = "m_axi">   --->   Core 121 'm_axi' <Latency = 0> <II = 1> <Delay = 1.00> <Adapter> <Opcode : 'read' 'write' 'readreq' 'writereq' 'writeresp'>

State 268 <SV = 189> <Delay = 2.43>
ST_268 : Operation 718 [33/68] (2.43ns)   --->   "%empty_31 = writeresp i1 @_ssdm_op_WriteResp.m_axi.p1i512, i64 %gmem0_addr_5" [/home/efrink/mled/split_cu/U280_CRC_Accelerator/src/kernel.cpp:774]   --->   Operation 718 'writeresp' 'empty_31' <Predicate = true> <Delay = 2.43> <CoreInst = "m_axi">   --->   Core 121 'm_axi' <Latency = 0> <II = 1> <Delay = 1.00> <Adapter> <Opcode : 'read' 'write' 'readreq' 'writereq' 'writeresp'>

State 269 <SV = 190> <Delay = 2.43>
ST_269 : Operation 719 [32/68] (2.43ns)   --->   "%empty_31 = writeresp i1 @_ssdm_op_WriteResp.m_axi.p1i512, i64 %gmem0_addr_5" [/home/efrink/mled/split_cu/U280_CRC_Accelerator/src/kernel.cpp:774]   --->   Operation 719 'writeresp' 'empty_31' <Predicate = true> <Delay = 2.43> <CoreInst = "m_axi">   --->   Core 121 'm_axi' <Latency = 0> <II = 1> <Delay = 1.00> <Adapter> <Opcode : 'read' 'write' 'readreq' 'writereq' 'writeresp'>

State 270 <SV = 191> <Delay = 2.43>
ST_270 : Operation 720 [31/68] (2.43ns)   --->   "%empty_31 = writeresp i1 @_ssdm_op_WriteResp.m_axi.p1i512, i64 %gmem0_addr_5" [/home/efrink/mled/split_cu/U280_CRC_Accelerator/src/kernel.cpp:774]   --->   Operation 720 'writeresp' 'empty_31' <Predicate = true> <Delay = 2.43> <CoreInst = "m_axi">   --->   Core 121 'm_axi' <Latency = 0> <II = 1> <Delay = 1.00> <Adapter> <Opcode : 'read' 'write' 'readreq' 'writereq' 'writeresp'>

State 271 <SV = 192> <Delay = 2.43>
ST_271 : Operation 721 [30/68] (2.43ns)   --->   "%empty_31 = writeresp i1 @_ssdm_op_WriteResp.m_axi.p1i512, i64 %gmem0_addr_5" [/home/efrink/mled/split_cu/U280_CRC_Accelerator/src/kernel.cpp:774]   --->   Operation 721 'writeresp' 'empty_31' <Predicate = true> <Delay = 2.43> <CoreInst = "m_axi">   --->   Core 121 'm_axi' <Latency = 0> <II = 1> <Delay = 1.00> <Adapter> <Opcode : 'read' 'write' 'readreq' 'writereq' 'writeresp'>

State 272 <SV = 193> <Delay = 2.43>
ST_272 : Operation 722 [29/68] (2.43ns)   --->   "%empty_31 = writeresp i1 @_ssdm_op_WriteResp.m_axi.p1i512, i64 %gmem0_addr_5" [/home/efrink/mled/split_cu/U280_CRC_Accelerator/src/kernel.cpp:774]   --->   Operation 722 'writeresp' 'empty_31' <Predicate = true> <Delay = 2.43> <CoreInst = "m_axi">   --->   Core 121 'm_axi' <Latency = 0> <II = 1> <Delay = 1.00> <Adapter> <Opcode : 'read' 'write' 'readreq' 'writereq' 'writeresp'>

State 273 <SV = 194> <Delay = 2.43>
ST_273 : Operation 723 [28/68] (2.43ns)   --->   "%empty_31 = writeresp i1 @_ssdm_op_WriteResp.m_axi.p1i512, i64 %gmem0_addr_5" [/home/efrink/mled/split_cu/U280_CRC_Accelerator/src/kernel.cpp:774]   --->   Operation 723 'writeresp' 'empty_31' <Predicate = true> <Delay = 2.43> <CoreInst = "m_axi">   --->   Core 121 'm_axi' <Latency = 0> <II = 1> <Delay = 1.00> <Adapter> <Opcode : 'read' 'write' 'readreq' 'writereq' 'writeresp'>

State 274 <SV = 195> <Delay = 2.43>
ST_274 : Operation 724 [27/68] (2.43ns)   --->   "%empty_31 = writeresp i1 @_ssdm_op_WriteResp.m_axi.p1i512, i64 %gmem0_addr_5" [/home/efrink/mled/split_cu/U280_CRC_Accelerator/src/kernel.cpp:774]   --->   Operation 724 'writeresp' 'empty_31' <Predicate = true> <Delay = 2.43> <CoreInst = "m_axi">   --->   Core 121 'm_axi' <Latency = 0> <II = 1> <Delay = 1.00> <Adapter> <Opcode : 'read' 'write' 'readreq' 'writereq' 'writeresp'>

State 275 <SV = 196> <Delay = 2.43>
ST_275 : Operation 725 [26/68] (2.43ns)   --->   "%empty_31 = writeresp i1 @_ssdm_op_WriteResp.m_axi.p1i512, i64 %gmem0_addr_5" [/home/efrink/mled/split_cu/U280_CRC_Accelerator/src/kernel.cpp:774]   --->   Operation 725 'writeresp' 'empty_31' <Predicate = true> <Delay = 2.43> <CoreInst = "m_axi">   --->   Core 121 'm_axi' <Latency = 0> <II = 1> <Delay = 1.00> <Adapter> <Opcode : 'read' 'write' 'readreq' 'writereq' 'writeresp'>

State 276 <SV = 197> <Delay = 2.43>
ST_276 : Operation 726 [25/68] (2.43ns)   --->   "%empty_31 = writeresp i1 @_ssdm_op_WriteResp.m_axi.p1i512, i64 %gmem0_addr_5" [/home/efrink/mled/split_cu/U280_CRC_Accelerator/src/kernel.cpp:774]   --->   Operation 726 'writeresp' 'empty_31' <Predicate = true> <Delay = 2.43> <CoreInst = "m_axi">   --->   Core 121 'm_axi' <Latency = 0> <II = 1> <Delay = 1.00> <Adapter> <Opcode : 'read' 'write' 'readreq' 'writereq' 'writeresp'>

State 277 <SV = 198> <Delay = 2.43>
ST_277 : Operation 727 [24/68] (2.43ns)   --->   "%empty_31 = writeresp i1 @_ssdm_op_WriteResp.m_axi.p1i512, i64 %gmem0_addr_5" [/home/efrink/mled/split_cu/U280_CRC_Accelerator/src/kernel.cpp:774]   --->   Operation 727 'writeresp' 'empty_31' <Predicate = true> <Delay = 2.43> <CoreInst = "m_axi">   --->   Core 121 'm_axi' <Latency = 0> <II = 1> <Delay = 1.00> <Adapter> <Opcode : 'read' 'write' 'readreq' 'writereq' 'writeresp'>

State 278 <SV = 199> <Delay = 2.43>
ST_278 : Operation 728 [23/68] (2.43ns)   --->   "%empty_31 = writeresp i1 @_ssdm_op_WriteResp.m_axi.p1i512, i64 %gmem0_addr_5" [/home/efrink/mled/split_cu/U280_CRC_Accelerator/src/kernel.cpp:774]   --->   Operation 728 'writeresp' 'empty_31' <Predicate = true> <Delay = 2.43> <CoreInst = "m_axi">   --->   Core 121 'm_axi' <Latency = 0> <II = 1> <Delay = 1.00> <Adapter> <Opcode : 'read' 'write' 'readreq' 'writereq' 'writeresp'>

State 279 <SV = 200> <Delay = 2.43>
ST_279 : Operation 729 [22/68] (2.43ns)   --->   "%empty_31 = writeresp i1 @_ssdm_op_WriteResp.m_axi.p1i512, i64 %gmem0_addr_5" [/home/efrink/mled/split_cu/U280_CRC_Accelerator/src/kernel.cpp:774]   --->   Operation 729 'writeresp' 'empty_31' <Predicate = true> <Delay = 2.43> <CoreInst = "m_axi">   --->   Core 121 'm_axi' <Latency = 0> <II = 1> <Delay = 1.00> <Adapter> <Opcode : 'read' 'write' 'readreq' 'writereq' 'writeresp'>

State 280 <SV = 201> <Delay = 2.43>
ST_280 : Operation 730 [21/68] (2.43ns)   --->   "%empty_31 = writeresp i1 @_ssdm_op_WriteResp.m_axi.p1i512, i64 %gmem0_addr_5" [/home/efrink/mled/split_cu/U280_CRC_Accelerator/src/kernel.cpp:774]   --->   Operation 730 'writeresp' 'empty_31' <Predicate = true> <Delay = 2.43> <CoreInst = "m_axi">   --->   Core 121 'm_axi' <Latency = 0> <II = 1> <Delay = 1.00> <Adapter> <Opcode : 'read' 'write' 'readreq' 'writereq' 'writeresp'>

State 281 <SV = 202> <Delay = 2.43>
ST_281 : Operation 731 [20/68] (2.43ns)   --->   "%empty_31 = writeresp i1 @_ssdm_op_WriteResp.m_axi.p1i512, i64 %gmem0_addr_5" [/home/efrink/mled/split_cu/U280_CRC_Accelerator/src/kernel.cpp:774]   --->   Operation 731 'writeresp' 'empty_31' <Predicate = true> <Delay = 2.43> <CoreInst = "m_axi">   --->   Core 121 'm_axi' <Latency = 0> <II = 1> <Delay = 1.00> <Adapter> <Opcode : 'read' 'write' 'readreq' 'writereq' 'writeresp'>

State 282 <SV = 203> <Delay = 2.43>
ST_282 : Operation 732 [19/68] (2.43ns)   --->   "%empty_31 = writeresp i1 @_ssdm_op_WriteResp.m_axi.p1i512, i64 %gmem0_addr_5" [/home/efrink/mled/split_cu/U280_CRC_Accelerator/src/kernel.cpp:774]   --->   Operation 732 'writeresp' 'empty_31' <Predicate = true> <Delay = 2.43> <CoreInst = "m_axi">   --->   Core 121 'm_axi' <Latency = 0> <II = 1> <Delay = 1.00> <Adapter> <Opcode : 'read' 'write' 'readreq' 'writereq' 'writeresp'>

State 283 <SV = 204> <Delay = 2.43>
ST_283 : Operation 733 [18/68] (2.43ns)   --->   "%empty_31 = writeresp i1 @_ssdm_op_WriteResp.m_axi.p1i512, i64 %gmem0_addr_5" [/home/efrink/mled/split_cu/U280_CRC_Accelerator/src/kernel.cpp:774]   --->   Operation 733 'writeresp' 'empty_31' <Predicate = true> <Delay = 2.43> <CoreInst = "m_axi">   --->   Core 121 'm_axi' <Latency = 0> <II = 1> <Delay = 1.00> <Adapter> <Opcode : 'read' 'write' 'readreq' 'writereq' 'writeresp'>

State 284 <SV = 205> <Delay = 2.43>
ST_284 : Operation 734 [17/68] (2.43ns)   --->   "%empty_31 = writeresp i1 @_ssdm_op_WriteResp.m_axi.p1i512, i64 %gmem0_addr_5" [/home/efrink/mled/split_cu/U280_CRC_Accelerator/src/kernel.cpp:774]   --->   Operation 734 'writeresp' 'empty_31' <Predicate = true> <Delay = 2.43> <CoreInst = "m_axi">   --->   Core 121 'm_axi' <Latency = 0> <II = 1> <Delay = 1.00> <Adapter> <Opcode : 'read' 'write' 'readreq' 'writereq' 'writeresp'>

State 285 <SV = 206> <Delay = 2.43>
ST_285 : Operation 735 [16/68] (2.43ns)   --->   "%empty_31 = writeresp i1 @_ssdm_op_WriteResp.m_axi.p1i512, i64 %gmem0_addr_5" [/home/efrink/mled/split_cu/U280_CRC_Accelerator/src/kernel.cpp:774]   --->   Operation 735 'writeresp' 'empty_31' <Predicate = true> <Delay = 2.43> <CoreInst = "m_axi">   --->   Core 121 'm_axi' <Latency = 0> <II = 1> <Delay = 1.00> <Adapter> <Opcode : 'read' 'write' 'readreq' 'writereq' 'writeresp'>

State 286 <SV = 207> <Delay = 2.43>
ST_286 : Operation 736 [15/68] (2.43ns)   --->   "%empty_31 = writeresp i1 @_ssdm_op_WriteResp.m_axi.p1i512, i64 %gmem0_addr_5" [/home/efrink/mled/split_cu/U280_CRC_Accelerator/src/kernel.cpp:774]   --->   Operation 736 'writeresp' 'empty_31' <Predicate = true> <Delay = 2.43> <CoreInst = "m_axi">   --->   Core 121 'm_axi' <Latency = 0> <II = 1> <Delay = 1.00> <Adapter> <Opcode : 'read' 'write' 'readreq' 'writereq' 'writeresp'>

State 287 <SV = 208> <Delay = 2.43>
ST_287 : Operation 737 [14/68] (2.43ns)   --->   "%empty_31 = writeresp i1 @_ssdm_op_WriteResp.m_axi.p1i512, i64 %gmem0_addr_5" [/home/efrink/mled/split_cu/U280_CRC_Accelerator/src/kernel.cpp:774]   --->   Operation 737 'writeresp' 'empty_31' <Predicate = true> <Delay = 2.43> <CoreInst = "m_axi">   --->   Core 121 'm_axi' <Latency = 0> <II = 1> <Delay = 1.00> <Adapter> <Opcode : 'read' 'write' 'readreq' 'writereq' 'writeresp'>

State 288 <SV = 209> <Delay = 2.43>
ST_288 : Operation 738 [13/68] (2.43ns)   --->   "%empty_31 = writeresp i1 @_ssdm_op_WriteResp.m_axi.p1i512, i64 %gmem0_addr_5" [/home/efrink/mled/split_cu/U280_CRC_Accelerator/src/kernel.cpp:774]   --->   Operation 738 'writeresp' 'empty_31' <Predicate = true> <Delay = 2.43> <CoreInst = "m_axi">   --->   Core 121 'm_axi' <Latency = 0> <II = 1> <Delay = 1.00> <Adapter> <Opcode : 'read' 'write' 'readreq' 'writereq' 'writeresp'>

State 289 <SV = 210> <Delay = 2.43>
ST_289 : Operation 739 [12/68] (2.43ns)   --->   "%empty_31 = writeresp i1 @_ssdm_op_WriteResp.m_axi.p1i512, i64 %gmem0_addr_5" [/home/efrink/mled/split_cu/U280_CRC_Accelerator/src/kernel.cpp:774]   --->   Operation 739 'writeresp' 'empty_31' <Predicate = true> <Delay = 2.43> <CoreInst = "m_axi">   --->   Core 121 'm_axi' <Latency = 0> <II = 1> <Delay = 1.00> <Adapter> <Opcode : 'read' 'write' 'readreq' 'writereq' 'writeresp'>

State 290 <SV = 211> <Delay = 2.43>
ST_290 : Operation 740 [11/68] (2.43ns)   --->   "%empty_31 = writeresp i1 @_ssdm_op_WriteResp.m_axi.p1i512, i64 %gmem0_addr_5" [/home/efrink/mled/split_cu/U280_CRC_Accelerator/src/kernel.cpp:774]   --->   Operation 740 'writeresp' 'empty_31' <Predicate = true> <Delay = 2.43> <CoreInst = "m_axi">   --->   Core 121 'm_axi' <Latency = 0> <II = 1> <Delay = 1.00> <Adapter> <Opcode : 'read' 'write' 'readreq' 'writereq' 'writeresp'>

State 291 <SV = 212> <Delay = 2.43>
ST_291 : Operation 741 [10/68] (2.43ns)   --->   "%empty_31 = writeresp i1 @_ssdm_op_WriteResp.m_axi.p1i512, i64 %gmem0_addr_5" [/home/efrink/mled/split_cu/U280_CRC_Accelerator/src/kernel.cpp:774]   --->   Operation 741 'writeresp' 'empty_31' <Predicate = true> <Delay = 2.43> <CoreInst = "m_axi">   --->   Core 121 'm_axi' <Latency = 0> <II = 1> <Delay = 1.00> <Adapter> <Opcode : 'read' 'write' 'readreq' 'writereq' 'writeresp'>

State 292 <SV = 213> <Delay = 2.43>
ST_292 : Operation 742 [9/68] (2.43ns)   --->   "%empty_31 = writeresp i1 @_ssdm_op_WriteResp.m_axi.p1i512, i64 %gmem0_addr_5" [/home/efrink/mled/split_cu/U280_CRC_Accelerator/src/kernel.cpp:774]   --->   Operation 742 'writeresp' 'empty_31' <Predicate = true> <Delay = 2.43> <CoreInst = "m_axi">   --->   Core 121 'm_axi' <Latency = 0> <II = 1> <Delay = 1.00> <Adapter> <Opcode : 'read' 'write' 'readreq' 'writereq' 'writeresp'>

State 293 <SV = 214> <Delay = 2.43>
ST_293 : Operation 743 [8/68] (2.43ns)   --->   "%empty_31 = writeresp i1 @_ssdm_op_WriteResp.m_axi.p1i512, i64 %gmem0_addr_5" [/home/efrink/mled/split_cu/U280_CRC_Accelerator/src/kernel.cpp:774]   --->   Operation 743 'writeresp' 'empty_31' <Predicate = true> <Delay = 2.43> <CoreInst = "m_axi">   --->   Core 121 'm_axi' <Latency = 0> <II = 1> <Delay = 1.00> <Adapter> <Opcode : 'read' 'write' 'readreq' 'writereq' 'writeresp'>

State 294 <SV = 215> <Delay = 2.43>
ST_294 : Operation 744 [7/68] (2.43ns)   --->   "%empty_31 = writeresp i1 @_ssdm_op_WriteResp.m_axi.p1i512, i64 %gmem0_addr_5" [/home/efrink/mled/split_cu/U280_CRC_Accelerator/src/kernel.cpp:774]   --->   Operation 744 'writeresp' 'empty_31' <Predicate = true> <Delay = 2.43> <CoreInst = "m_axi">   --->   Core 121 'm_axi' <Latency = 0> <II = 1> <Delay = 1.00> <Adapter> <Opcode : 'read' 'write' 'readreq' 'writereq' 'writeresp'>

State 295 <SV = 216> <Delay = 2.43>
ST_295 : Operation 745 [6/68] (2.43ns)   --->   "%empty_31 = writeresp i1 @_ssdm_op_WriteResp.m_axi.p1i512, i64 %gmem0_addr_5" [/home/efrink/mled/split_cu/U280_CRC_Accelerator/src/kernel.cpp:774]   --->   Operation 745 'writeresp' 'empty_31' <Predicate = true> <Delay = 2.43> <CoreInst = "m_axi">   --->   Core 121 'm_axi' <Latency = 0> <II = 1> <Delay = 1.00> <Adapter> <Opcode : 'read' 'write' 'readreq' 'writereq' 'writeresp'>

State 296 <SV = 217> <Delay = 2.43>
ST_296 : Operation 746 [5/68] (2.43ns)   --->   "%empty_31 = writeresp i1 @_ssdm_op_WriteResp.m_axi.p1i512, i64 %gmem0_addr_5" [/home/efrink/mled/split_cu/U280_CRC_Accelerator/src/kernel.cpp:774]   --->   Operation 746 'writeresp' 'empty_31' <Predicate = true> <Delay = 2.43> <CoreInst = "m_axi">   --->   Core 121 'm_axi' <Latency = 0> <II = 1> <Delay = 1.00> <Adapter> <Opcode : 'read' 'write' 'readreq' 'writereq' 'writeresp'>

State 297 <SV = 218> <Delay = 2.43>
ST_297 : Operation 747 [4/68] (2.43ns)   --->   "%empty_31 = writeresp i1 @_ssdm_op_WriteResp.m_axi.p1i512, i64 %gmem0_addr_5" [/home/efrink/mled/split_cu/U280_CRC_Accelerator/src/kernel.cpp:774]   --->   Operation 747 'writeresp' 'empty_31' <Predicate = true> <Delay = 2.43> <CoreInst = "m_axi">   --->   Core 121 'm_axi' <Latency = 0> <II = 1> <Delay = 1.00> <Adapter> <Opcode : 'read' 'write' 'readreq' 'writereq' 'writeresp'>

State 298 <SV = 219> <Delay = 2.43>
ST_298 : Operation 748 [3/68] (2.43ns)   --->   "%empty_31 = writeresp i1 @_ssdm_op_WriteResp.m_axi.p1i512, i64 %gmem0_addr_5" [/home/efrink/mled/split_cu/U280_CRC_Accelerator/src/kernel.cpp:774]   --->   Operation 748 'writeresp' 'empty_31' <Predicate = true> <Delay = 2.43> <CoreInst = "m_axi">   --->   Core 121 'm_axi' <Latency = 0> <II = 1> <Delay = 1.00> <Adapter> <Opcode : 'read' 'write' 'readreq' 'writereq' 'writeresp'>

State 299 <SV = 220> <Delay = 2.43>
ST_299 : Operation 749 [2/68] (2.43ns)   --->   "%empty_31 = writeresp i1 @_ssdm_op_WriteResp.m_axi.p1i512, i64 %gmem0_addr_5" [/home/efrink/mled/split_cu/U280_CRC_Accelerator/src/kernel.cpp:774]   --->   Operation 749 'writeresp' 'empty_31' <Predicate = true> <Delay = 2.43> <CoreInst = "m_axi">   --->   Core 121 'm_axi' <Latency = 0> <II = 1> <Delay = 1.00> <Adapter> <Opcode : 'read' 'write' 'readreq' 'writereq' 'writeresp'>

State 300 <SV = 221> <Delay = 2.43>
ST_300 : Operation 750 [1/68] (2.43ns)   --->   "%empty_31 = writeresp i1 @_ssdm_op_WriteResp.m_axi.p1i512, i64 %gmem0_addr_5" [/home/efrink/mled/split_cu/U280_CRC_Accelerator/src/kernel.cpp:774]   --->   Operation 750 'writeresp' 'empty_31' <Predicate = true> <Delay = 2.43> <CoreInst = "m_axi">   --->   Core 121 'm_axi' <Latency = 0> <II = 1> <Delay = 1.00> <Adapter> <Opcode : 'read' 'write' 'readreq' 'writereq' 'writeresp'>
ST_300 : Operation 751 [1/1] (0.00ns)   --->   "%br_ln758 = br void %for.body" [/home/efrink/mled/split_cu/U280_CRC_Accelerator/src/kernel.cpp:758]   --->   Operation 751 'br' 'br_ln758' <Predicate = true> <Delay = 0.00>


============================================================
+ Verbose Summary: Binding
============================================================
STG Binding: 
---------------- STG Properties BEGIN ----------------
- Is combinational: 0
- Is one-state seq: 0
- Is datapath-only: 0
- Is pipelined: 0
- Is top level: 0
Port [ Return ] is wired: 1; IO mode=ap_ctrl_hs:ce=0
Port [ gmem0]:  wired=1; compound=1; hidden=0; nouse=0; global=0; static=0; extern=0; dir=2; type=4; pingpong=0; private_global=0; IO mode=m_axi:ce=0
Port [ data_in]:  wired=1; compound=0; hidden=0; nouse=0; global=0; static=0; extern=0; dir=0; type=0; pingpong=0; private_global=0; IO mode=ap_none:ce=0
Port [ crc_out]:  wired=1; compound=0; hidden=0; nouse=0; global=0; static=0; extern=0; dir=0; type=0; pingpong=0; private_global=0; IO mode=ap_none:ce=0
Port [ numChunks]:  wired=1; compound=0; hidden=0; nouse=0; global=0; static=0; extern=0; dir=0; type=0; pingpong=0; private_global=0; IO mode=ap_none:ce=0
Port [ chunkSize]:  wired=1; compound=0; hidden=0; nouse=0; global=0; static=0; extern=0; dir=0; type=0; pingpong=0; private_global=0; IO mode=ap_none:ce=0
---------------- STG Properties END ------------------

---------------- Datapath Model BEGIN ----------------

<LifeTime>
<method=bitvector/>
chunk_offset       (alloca        ) [ 0111111111111111111111111111111111111111111111111111111111111111111111111111111111111111111111111111111111111111111111111111111111111111111111111111111111111111111111111111111111111111111111111111111111111111111111111111111111111111111111111111111111111111111111111111111111111111111111111111111111111]
c                  (alloca        ) [ 0111111111111111111111111111111111111111111111111111111111111111111111111111111111111111111111111111111111111111111111111111111111111111111111111111111111111111111111111111111111111111111111111111111111111111111111111111111111111111111111111111111111111111111111111111111111111111111111111111111111111]
chunkSize_read     (read          ) [ 0011111111111111111111111111111111111111111111111111111111111111111111111111111111111111111111111111111111111111111111111111111111111111111111111111111111111111111111111111111111111111111111111111111111111111111111111111111111111111111111111111111111111111111111111111111111111111111111111111111111111]
numChunks_read     (read          ) [ 0011111111111111111111111111111111111111111111111111111111111111111111111111111111111111111111111111111111111111111111111111111111111111111111111111111111111111111111111111111111111111111111111111111111111111111111111111111111111111111111111111111111111111111111111111111111111111111111111111111111111]
crc_out_read       (read          ) [ 0011111111111111111111111111111111111111111111111111111111111111111111111111111111111111111111111111111111111111111111111111111111111111111111111111111111111111111111111111111111111111111111111111111111111111111111111111111111111111111111111111111111111111111111111111111111111111111111111111111111111]
data_in_read       (read          ) [ 0011111111111111111111111111111111111111111111111111111111111111111111111111111111111111111111111111111111111111111111111111111111111111111111111111111111111111111111111111111111111111111111111111111111111111111111111111111111111111111111111111111111111111111111111111111111111111111111111111111111111]
i_1_loc            (alloca        ) [ 0011111111111111111111111111111111111111111111111111111111111111111111111111111111111111111111111111111111111111111111111111111111111111111111111111111111111111111111111111111111111111111111111111111111111111111111111111111111111111111111111111111111111111111111111111111111111111111111111111111111111]
sum_V_1_loc        (alloca        ) [ 0011111111111111111111111111111111111111111111111111111111111111111111111111111111111111111111111111111111111111111111111111111111111111111111111111111111111111111111111111111111111111111111111111111111111111111111111111111111111111111111111111111111111111111111111111111111111111111111111111111111111]
ret_V_33_loc       (alloca        ) [ 0011111111111111111111111111111111111111111111111111111111111111111111111111111111111111111111111111111111111111111111111111111111111111111111111111111111111111111111111111111111111111111111111111111111111111111111111111111111111111111111111111111111111111111111111111111111111111111111111111111111111]
sum_V_7_loc        (alloca        ) [ 0011111111111111111111111111111111111111111111111111111111111111111111111111111111111111111111111111111111111111111111111111111111111111111111111111111111111111111111111111111111111111111111111111111111111111111111111111111111111111111111111111111111111111111111111111111111111111111111111111111111111]
sum_V_2_loc        (alloca        ) [ 0011111111111111111111111111111111111111111111111111111111111111111111111111111111111111111111111111111111111111111111111111111111111111111111111111111111111111111111111111111111111111111111111111111111111111111111111111111111111111111111111111111111111111111111111111111111111111111111111111111111111]
empty              (trunc         ) [ 0000000000000000000000000000000000000000000000000000000000000000000000000000000000000000000000000000000000000000000000000000000000000000000000000000000000000000000000000000000000000000000000000000000000000000000000000000000000000000000000000000000000000000000000000000000000000000000000000000000000000]
specinterface_ln0  (specinterface ) [ 0000000000000000000000000000000000000000000000000000000000000000000000000000000000000000000000000000000000000000000000000000000000000000000000000000000000000000000000000000000000000000000000000000000000000000000000000000000000000000000000000000000000000000000000000000000000000000000000000000000000000]
vector_blocks      (icmp          ) [ 0011111111111111111111111111111111111111111111111111111111111111111111111111111111111111111111111111111111111111111111111111111111111111111111111111111111111111111111111111111111111111111111111111111111111111111111111111111111111111111111111111111111111111111111111111111111111111111111111111111111111]
conv2              (zext          ) [ 0011111111111111111111111111111111111111111111111111111111111111111111111111111111111111111111111111111111111111111111111111111111111111111111111111111111111111111111111111111111111111111111111111111111111111111111111111111111111111111111111111111111111111111111111111111111111111111111111111111111111]
vec_words          (partselect    ) [ 0011111111111111111111111111111111111111111111111111111111111111111111111111111111111111111111111111111111111111111111111111111111111111111111111111111111111111111111111111111111111111111111111111111111111111111111111111111111111111111111111111111111111111111111111111111111111111111111111111111111111]
vec_words_1        (zext          ) [ 0011111111111111111111111111111111111111111111111111111111111111111111111111111111111111111111111111111111111111111111111111111111111111111111111111111111111111111111111111111111111111111111111111111111111111111111111111111111111111111111111111111111111111111111111111111111111111111111111111111111111]
tail_offset        (bitconcatenate) [ 0011111111111111111111111111111111111111111111111111111111111111111111111111111111111111111111111111111111111111111111111111111111111111111111111111111111111111111111111111111111111111111111111111111111111111111111111111111111111111111111111111111111111111111111111111111111111111111111111111111111111]
tail_bytes         (sub           ) [ 0011111111111111111111111111111111111111111111111111111111111111111111111111111111111111111111111111111111111111111111111111111111111111111111111111111111111111111111111111111111111111111111111111111111111111111111111111111111111111111111111111111111111111111111111111111111111111111111111111111111111]
empty_28           (trunc         ) [ 0011111111111111111111111111111111111111111111111111111111111111111111111111111111111111111111111111111111111111111111111111111111111111111111111111111111111111111111111111111111111111111111111111111111111111111111111111111111111111111111111111111111111111111111111111111111111111111111111111111111111]
sub136_i           (add           ) [ 0000000000000000000000000000000000000000000000000000000000000000000000000000000000000000000000000000000000000000000000000000000000000000000000000000000000000000000000000000000000000000000000000000000000000000000000000000000000000000000000000000000000000000000000000000000000000000000000000000000000000]
idxprom137_i       (zext          ) [ 0011111111111111111111111111111111111111111111111111111111111111111111111111111111111111111111111111111111111111111111111111111111111111111111111111111111111111111111111111111111111111111111111111111111111111111111111111111111111111111111111111111111111111111111111111111111111111111111111111111111111]
cmp_i211268        (icmp          ) [ 0011111111111111111111111111111111111111111111111111111111111111111111111111111111111111111111111111111111111111111111111111111111111111111111111111111111111111111111111111111111111111111111111111111111111111111111111111111111111111111111111111111111111111111111111111111111111111111111111111111111111]
tmp                (partselect    ) [ 0000000000000000000000000000000000000000000000000000000000000000000000000000000000000000000000000000000000000000000000000000000000000000000000000000000000000000000000000000000000000000000000000000000000000000000000000000000000000000000000000000000000000000000000000000000000000000000000000000000000000]
icmp               (icmp          ) [ 0011111111111111111111111111111111111111111111111111111111111111111111111111111111111111111111111111111111111111111111111111111111111111111111111111111111111111111111111111111111111111111111111111111111111111111111111111111111111111111111111111111111111111111111111111111111111111111111111111111111111]
tmp_2              (partselect    ) [ 0000000000000000000000000000000000000000000000000000000000000000000000000000000000000000000000000000000000000000000000000000000000000000000000000000000000000000000000000000000000000000000000000000000000000000000000000000000000000000000000000000000000000000000000000000000000000000000000000000000000000]
icmp39             (icmp          ) [ 0011111111111111111111111111111111111111111111111111111111111111111111111111111111111111111111111111111111111111111111111111111111111111111111111111111111111111111111111111111111111111111111111111111111111111111111111111111111111111111111111111111111111111111111111111111111111111111111111111111111111]
trunc_ln774        (trunc         ) [ 0011111111111111111111111111111111111111111111111111111111111111111111111111111111111111111111111111111111111111111111111111111111111111111111111111111111111111111111111111111111111111111111111111111111111111111111111111111111111111111111111111111111111111111111111111111111111111111111111111111111111]
trunc_ln735        (trunc         ) [ 0011111111111111111111111111111111111111111111111111111111111111111111111111111111111111111111111111111111111111111111111111111111111111111111111111111111111111111111111111111111111111111111111111111111111111111111111111111111111111111111111111111111111111111111111111111111111111111111111111111111111]
store_ln758        (store         ) [ 0000000000000000000000000000000000000000000000000000000000000000000000000000000000000000000000000000000000000000000000000000000000000000000000000000000000000000000000000000000000000000000000000000000000000000000000000000000000000000000000000000000000000000000000000000000000000000000000000000000000000]
store_ln758        (store         ) [ 0000000000000000000000000000000000000000000000000000000000000000000000000000000000000000000000000000000000000000000000000000000000000000000000000000000000000000000000000000000000000000000000000000000000000000000000000000000000000000000000000000000000000000000000000000000000000000000000000000000000000]
br_ln758           (br            ) [ 0000000000000000000000000000000000000000000000000000000000000000000000000000000000000000000000000000000000000000000000000000000000000000000000000000000000000000000000000000000000000000000000000000000000000000000000000000000000000000000000000000000000000000000000000000000000000000000000000000000000000]
chunk_offset_1     (load          ) [ 0001111000000000000000000000000000000000000000000000000000000000000000000000000001111111111111111111111111111111111111111111111111111111111111111111111111111000000000000000000000000000000000000000000000000000000000000000000000000000000000000000000000000000000000000000000000000000000000000000000000000]
c_1                (load          ) [ 0001111111111111111111111111111111111111111111111111111111111111111111111111111111111111111111111111111111111111111111111111111111111111111111111111111111111111111111111111111111111111111111111111111111111111111111111111111111111110000000000000000000000000000000000000000000000000000000000000000000000]
add_ln758_1        (add           ) [ 0001111111111111111111111111111111111111111111111111111111111111111111111111111111111111111111111111111111111111111111111111111111111111111111111111111111111111111111111111111111111111111111111111111111111111111111111111111111111110000000000000000000000000000000000000000000000000000000000000000000000]
icmp_ln758         (icmp          ) [ 0011111111111111111111111111111111111111111111111111111111111111111111111111111111111111111111111111111111111111111111111111111111111111111111111111111111111111111111111111111111111111111111111111111111111111111111111111111111111111111111111111111111111111111111111111111111111111111111111111111111111]
add_ln758          (add           ) [ 0001111111111111111111111111111111111111111111111111111111111111111111111111111111111111111111111111111111111111111111111111111111111111111111111111111111111111111111111111111111111111111111111111111111111111111111111111111111111110000000000000000000000000000000000000000000000000000000000000000000000]
br_ln758           (br            ) [ 0000000000000000000000000000000000000000000000000000000000000000000000000000000000000000000000000000000000000000000000000000000000000000000000000000000000000000000000000000000000000000000000000000000000000000000000000000000000000000000000000000000000000000000000000000000000000000000000000000000000000]
specpipeline_ln760 (specpipeline  ) [ 0000000000000000000000000000000000000000000000000000000000000000000000000000000000000000000000000000000000000000000000000000000000000000000000000000000000000000000000000000000000000000000000000000000000000000000000000000000000000000000000000000000000000000000000000000000000000000000000000000000000000]
specloopname_ln758 (specloopname  ) [ 0000000000000000000000000000000000000000000000000000000000000000000000000000000000000000000000000000000000000000000000000000000000000000000000000000000000000000000000000000000000000000000000000000000000000000000000000000000000000000000000000000000000000000000000000000000000000000000000000000000000000]
tmp_3              (partselect    ) [ 0000000000000000000000000000000000000000000000000000000000000000000000000000000000000000000000000000000000000000000000000000000000000000000000000000000000000000000000000000000000000000000000000000000000000000000000000000000000000000000000000000000000000000000000000000000000000000000000000000000000000]
and_ln             (bitconcatenate) [ 0000000000000000000000000000000000000000000000000000000000000000000000000000000000000000000000000000000000000000000000000000000000000000000000000000000000000000000000000000000000000000000000000000000000000000000000000000000000000000000000000000000000000000000000000000000000000000000000000000000000000]
add_ln761          (add           ) [ 0000000000000000000000000000000000000000000000000000000000000000000000000000000000000000000000000000000000000000000000000000000000000000000000000000000000000000000000000000000000000000000000000000000000000000000000000000000000000000000000000000000000000000000000000000000000000000000000000000000000000]
br_ln765           (br            ) [ 0000000000000000000000000000000000000000000000000000000000000000000000000000000000000000000000000000000000000000000000000000000000000000000000000000000000000000000000000000000000000000000000000000000000000000000000000000000000000000000000000000000000000000000000000000000000000000000000000000000000000]
br_ln641           (br            ) [ 0011111111111111111111111111111111111111111111111111111111111111111111111111111111111111111111111111111111111111111111111111111111111111111111111111111111111111111111111111111111111111111111111111111111111111111111111111111111111111111111111111111111111111111111111111111111111111111111111111111111111]
add_ln645          (add           ) [ 0001100000000000000000000000000000000000000000000000000000000000000000000000000000000000000000000000000000000000000000000000000000000000000000000000000000000000000000000000000000000000000000000000000000000000000000000000000000000000000000000000000000000000000000000000000000000000000000000000000000000]
trunc_ln645        (trunc         ) [ 0001100000000000000000000000000000000000000000000000000000000000000000000000000000000000000000000000000000000000000000000000000000000000000000000000000000000000000000000000000000000000000000000000000000000000000000000000000000000000000000000000000000000000000000000000000000000000000000000000000000000]
br_ln670           (br            ) [ 0011111111111111111111111111111111111111111111111111111111111111111111111111111111111111111111111111111111111111111111111111111111111111111111111111111111111111111111111111111111111111111111111111111111111111111111111111111111111111111111111111111111111111111111111111111111111111111111111111111111111]
trunc_ln           (partselect    ) [ 0000000000000000000000000000000000000000000000000000000000000000000000000000000001111111111111111111111111111111111111111111111111111111111111111111111110000000000000000000000000000000000000000000000000000000000000000000000000000000000000000000000000000000000000000000000000000000000000000000000000000]
ret_ln776          (ret           ) [ 0000000000000000000000000000000000000000000000000000000000000000000000000000000000000000000000000000000000000000000000000000000000000000000000000000000000000000000000000000000000000000000000000000000000000000000000000000000000000000000000000000000000000000000000000000000000000000000000000000000000000]
call_ln645         (call          ) [ 0000000000000000000000000000000000000000000000000000000000000000000000000000000000000000000000000000000000000000000000000000000000000000000000000000000000000000000000000000000000000000000000000000000000000000000000000000000000000000000000000000000000000000000000000000000000000000000000000000000000000]
sum_V_1_loc_load   (load          ) [ 0011111111111111111111111111111111111111111111111111111111111111111111111111111111111111111111111111111111111111111111111111111111111111111111111111111111111111111111111111111111111111111111111111111111111111111111111111111111111111111111111111111111111111111111111111111111111111111111111111111111111]
i_1_loc_load       (load          ) [ 0011111111111111111111111111111111111111111111111111111111111111111111111111111111111111111111111111111111111111111111111111111111111111111111111111111111111111111111111111111111111111111111111111111111111111111111111111111111111111111111111111111111111111111111111111111111111111111111111111111111111]
br_ln0             (br            ) [ 0011111111111111111111111111111111111111111111111111111111111111111111111111111111111111111111111111111111111111111111111111111111111111111111111111111111111111111111111111111111111111111111111111111111111111111111111111111111111111111111111111111111111111111111111111111111111111111111111111111111111]
sum_i_0_lcssa      (phi           ) [ 0000001111111111111111111111111111111111111111111111111111111111111111111111111110000000000000000000000000000000000000000000000000000000000000000000000000000000000000000000000000000000000000000000000000000000000000000000000000000000000000000000000000000000000000000000000000000000000000000000000000000]
i_0_i_lcssa        (phi           ) [ 0000001000000000000000000000000000000000000000000000000000000000000000000000000000000000000000000000000000000000000000000000000000000000000000000000000000000000000000000000000000000000000000000000000000000000000000000000000000000000000000000000000000000000000000000000000000000000000000000000000000000]
icmp_ln650         (icmp          ) [ 0011111111111111111111111111111111111111111111111111111111111111111111111111111111111111111111111111111111111111111111111111111111111111111111111111111111111111111111111111111111111111111111111111111111111111111111111111111111111111111111111111111111111111111111111111111111111111111111111111111111111]
br_ln650           (br            ) [ 0011111111111111111111111111111111111111111111111111111111111111111111111111111111111111111111111111111111111111111111111111111111111111111111111111111111111111111111111111111111111111111111111111111111111111111111111111111111111111111111111111111111111111111111111111111111111111111111111111111111111]
zext_ln652         (zext          ) [ 0000000000000000000000000000000000000000000000000000000000000000000000000000000000000000000000000000000000000000000000000000000000000000000000000000000000000000000000000000000000000000000000000000000000000000000000000000000000000000000000000000000000000000000000000000000000000000000000000000000000000]
add_ln652          (add           ) [ 0000000000000000000000000000000000000000000000000000000000000000000000000000000000000000000000000000000000000000000000000000000000000000000000000000000000000000000000000000000000000000000000000000000000000000000000000000000000000000000000000000000000000000000000000000000000000000000000000000000000000]
trunc_ln652        (trunc         ) [ 0000000000000000000000000000000000000000000000000000000000000000000000000000000000000000000000000000000000000000000000000000000000000000000000000000000000000000000000000000000000000000000000000000000000000000000000000000000000000000000000000000000000000000000000000000000000000000000000000000000000000]
trunc_ln652_1      (trunc         ) [ 0000000000000000000000000000000000000000000000000000000000000000000000000000000000000000000000000000000000000000000000000000000000000000000000000000000000000000000000000000000000000000000000000000000000000000000000000000000000000000000000000000000000000000000000000000000000000000000000000000000000000]
add_ln652_1        (add           ) [ 0000000000000000000000000000000000000000000000000000000000000000000000000000000000000000000000000000000000000000000000000000000000000000000000000000000000000000000000000000000000000000000000000000000000000000000000000000000000000000000000000000000000000000000000000000000000000000000000000000000000000]
trunc_ln652_2      (partselect    ) [ 0000000100000000000000000000000000000000000000000000000000000000000000000000000000000000000000000000000000000000000000000000000000000000000000000000000000000000000000000000000000000000000000000000000000000000000000000000000000000000000000000000000000000000000000000000000000000000000000000000000000000]
add_ln652_2        (add           ) [ 0000000111111111111111111111111111111111111111111111111111111111111111111111111000000000000000000000000000000000000000000000000000000000000000000000000000000000000000000000000000000000000000000000000000000000000000000000000000000000000000000000000000000000000000000000000000000000000000000000000000000]
sext_ln652         (sext          ) [ 0000000000000000000000000000000000000000000000000000000000000000000000000000000000000000000000000000000000000000000000000000000000000000000000000000000000000000000000000000000000000000000000000000000000000000000000000000000000000000000000000000000000000000000000000000000000000000000000000000000000000]
gmem0_addr_3       (getelementptr ) [ 0000000011111111111111111111111111111111111111111111111111111111111111111111110000000000000000000000000000000000000000000000000000000000000000000000000000000000000000000000000000000000000000000000000000000000000000000000000000000000000000000000000000000000000000000000000000000000000000000000000000000]
gmem0_load_2_req   (readreq       ) [ 0000000000000000000000000000000000000000000000000000000000000000000000000000000000000000000000000000000000000000000000000000000000000000000000000000000000000000000000000000000000000000000000000000000000000000000000000000000000000000000000000000000000000000000000000000000000000000000000000000000000000]
gmem0_addr_3_read  (read          ) [ 0000000000000000000000000000000000000000000000000000000000000000000000000000001000000000000000000000000000000000000000000000000000000000000000000000000000000000000000000000000000000000000000000000000000000000000000000000000000000000000000000000000000000000000000000000000000000000000000000000000000000]
shl_ln1            (bitconcatenate) [ 0000000000000000000000000000000000000000000000000000000000000000000000000000000000000000000000000000000000000000000000000000000000000000000000000000000000000000000000000000000000000000000000000000000000000000000000000000000000000000000000000000000000000000000000000000000000000000000000000000000000000]
zext_ln652_1       (zext          ) [ 0000000000000000000000000000000000000000000000000000000000000000000000000000000000000000000000000000000000000000000000000000000000000000000000000000000000000000000000000000000000000000000000000000000000000000000000000000000000000000000000000000000000000000000000000000000000000000000000000000000000000]
lshr_ln652         (lshr          ) [ 0000000000000000000000000000000000000000000000000000000000000000000000000000000000000000000000000000000000000000000000000000000000000000000000000000000000000000000000000000000000000000000000000000000000000000000000000000000000000000000000000000000000000000000000000000000000000000000000000000000000000]
trunc_ln1715       (trunc         ) [ 0000000000000000000000000000000000000000000000000000000000000000000000000000000100000000000000000000000000000000000000000000000000000000000000000000000000000000000000000000000000000000000000000000000000000000000000000000000000000000000000000000000000000000000000000000000000000000000000000000000000000]
r_V_5              (bitconcatenate) [ 0000000000000000000000000000000000000000000000000000000000000000000000000000000000000000000000000000000000000000000000000000000000000000000000000000000000000000000000000000000000000000000000000000000000000000000000000000000000000000000000000000000000000000000000000000000000000000000000000000000000000]
zext_ln232         (zext          ) [ 0000000000000000000000000000000000000000000000000000000000000000000000000000000000000000000000000000000000000000000000000000000000000000000000000000000000000000000000000000000000000000000000000000000000000000000000000000000000000000000000000000000000000000000000000000000000000000000000000000000000000]
trunc_ln232        (trunc         ) [ 0000000000000000000000000000000000000000000000000000000000000000000000000000000000000000000000000000000000000000000000000000000000000000000000000000000000000000000000000000000000000000000000000000000000000000000000000000000000000000000000000000000000000000000000000000000000000000000000000000000000000]
tmp_4              (add           ) [ 0000000000000000000000000000000000000000000000000000000000000000000000000000000000000000000000000000000000000000000000000000000000000000000000000000000000000000000000000000000000000000000000000000000000000000000000000000000000000000000000000000000000000000000000000000000000000000000000000000000000000]
add_ln630          (add           ) [ 0000000000000000000000000000000000000000000000000000000000000000000000000000000000000000000000000000000000000000000000000000000000000000000000000000000000000000000000000000000000000000000000000000000000000000000000000000000000000000000000000000000000000000000000000000000000000000000000000000000000000]
zext_ln1715_1      (zext          ) [ 0000000000000000000000000000000000000000000000000000000000000000000000000000000000000000000000000000000000000000000000000000000000000000000000000000000000000000000000000000000000000000000000000000000000000000000000000000000000000000000000000000000000000000000000000000000000000000000000000000000000000]
r_V                (bitselect     ) [ 0000000000000000000000000000000000000000000000000000000000000000000000000000000000000000000000000000000000000000000000000000000000000000000000000000000000000000000000000000000000000000000000000000000000000000000000000000000000000000000000000000000000000000000000000000000000000000000000000000000000000]
zext_ln1715        (zext          ) [ 0000000000000000000000000000000000000000000000000000000000000000000000000000000000000000000000000000000000000000000000000000000000000000000000000000000000000000000000000000000000000000000000000000000000000000000000000000000000000000000000000000000000000000000000000000000000000000000000000000000000000]
sum_V              (add           ) [ 0011111111111111111111111111111111111111111111111111111111111111111111111111111111111111111111111111111111111111111111111111111111111111111111111111111111111111111111111111111111111111111111111111111111111111111111111111111111111111111111111111111111111111111111111111111111111111111111111111111111111]
br_ln654           (br            ) [ 0011111111111111111111111111111111111111111111111111111111111111111111111111111111111111111111111111111111111111111111111111111111111111111111111111111111111111111111111111111111111111111111111111111111111111111111111111111111111111111111111111111111111111111111111111111111111111111111111111111111111]
sum_V_6            (phi           ) [ 0000000000000000000000000000000000000000000000000000000000000000000000000000000010000000000000000000000000000000000000000000000000000000000000000000000000000000000000000000000000000000000000000000000000000000000000000000000000000000000000000000000000000000000000000000000000000000000000000000000000000]
trunc_ln232_1      (trunc         ) [ 0000000000000000000000000000000000000000000000000000000000000000000000000000000000000000000000000000000000000000000000000000000000000000000000000000000000000000000000000000000000000000000000000000000000000000000000000000000000000000000000000000000000000000000000000000000000000000000000000000000000000]
tmp_6              (bitselect     ) [ 0000000000000000000000000000000000000000000000000000000000000000000000000000000000000000000000000000000000000000000000000000000000000000000000000000000000000000000000000000000000000000000000000000000000000000000000000000000000000000000000000000000000000000000000000000000000000000000000000000000000000]
zext_ln232_61      (zext          ) [ 0000000000000000000000000000000000000000000000000000000000000000000000000000000000000000000000000000000000000000000000000000000000000000000000000000000000000000000000000000000000000000000000000000000000000000000000000000000000000000000000000000000000000000000000000000000000000000000000000000000000000]
folded_V           (add           ) [ 0011111111111111111111111111111111111111111111111111111111111111111111111111111111111111111111111111111111111111111111111111111111111111111111111111111111111111111111111111111111111111111111111111111111111111111111111111111111111111111111111111111111111111111111111111111111111111111111111111111111111]
br_ln0             (br            ) [ 0011111111111111111111111111111111111111111111111111111111111111111111111111111111111111111111111111111111111111111111111111111111111111111111111111111111111111111111111111111111111111111111111111111111111111111111111111111111111111111111111111111111111111111111111111111111111111111111111111111111111]
sext_ln670         (sext          ) [ 0000000000000000000000000000000000000000000000000000000000000000000000000000000000000000000000000000000000000000000000000000000000000000000000000000000000000000000000000000000000000000000000000000000000000000000000000000000000000000000000000000000000000000000000000000000000000000000000000000000000000]
gmem0_addr         (getelementptr ) [ 0000000000000000000000000000000000000000000000000000000000000000000000000000000000111111111111111111111111111111111111111111111111111111111111111111111000000000000000000000000000000000000000000000000000000000000000000000000000000000000000000000000000000000000000000000000000000000000000000000000000000]
empty_29           (readreq       ) [ 0000000000000000000000000000000000000000000000000000000000000000000000000000000000000000000000000000000000000000000000000000000000000000000000000000000000000000000000000000000000000000000000000000000000000000000000000000000000000000000000000000000000000000000000000000000000000000000000000000000000000]
call_ln670         (call          ) [ 0000000000000000000000000000000000000000000000000000000000000000000000000000000000000000000000000000000000000000000000000000000000000000000000000000000000000000000000000000000000000000000000000000000000000000000000000000000000000000000000000000000000000000000000000000000000000000000000000000000000000]
sum_V_2_loc_load   (load          ) [ 0000000000000000000000000000000000000000000000000000000000000000000000000000000000000000000000000000000000000000000000000000000000000000000000000000000000000000000000000000000000000000000000000000000000000000000000000000000000000000000000000000000000000000000000000000000000000000000000000000000000000]
br_ln0             (br            ) [ 0000000000000000000000000000000000000000000000000000000000000000000000000000000000000000000000000000000000000000000000000000000000000000000000000000000000000000000000000000000000000000000000000000000000000000000000000000000000000000000000000000000000000000000000000000000000000000000000000000000000000]
sum_V_4            (phi           ) [ 0000000000000000000000000000000000000000000000000000000000000000000000000000000001111111111111111111111111111111111111111111111111111111111111111111111111110000000000000000000000000000000000000000000000000000000000000000000000000000000000000000000000000000000000000000000000000000000000000000000000000]
trunc_ln719        (trunc         ) [ 0011111111111111111111111111111111111111111111111111111111111111111111111111111111111111111111111111111111111111111111111111111111111111111111111111111111111111111111111111111111111111111111111111111111111111111111111111111111111111111111111111111111111111111111111111111111111111111111111111111111111]
br_ln723           (br            ) [ 0011111111111111111111111111111111111111111111111111111111111111111111111111111111111111111111111111111111111111111111111111111111111111111111111111111111111111111111111111111111111111111111111111111111111111111111111111111111111111111111111111111111111111111111111111111111111111111111111111111111111]
add_ln727_1        (add           ) [ 0000000000000000000000000000000000000000000000000000000000000000000000000000000000000000000000000000000000000000000000000000000000000000000000000000000000110000000000000000000000000000000000000000000000000000000000000000000000000000000000000000000000000000000000000000000000000000000000000000000000000]
trunc_ln727        (trunc         ) [ 0000000000000000000000000000000000000000000000000000000000000000000000000000000000000000000000000000000000000000000000000000000000000000000000000000000000110000000000000000000000000000000000000000000000000000000000000000000000000000000000000000000000000000000000000000000000000000000000000000000000000]
call_ln727         (call          ) [ 0000000000000000000000000000000000000000000000000000000000000000000000000000000000000000000000000000000000000000000000000000000000000000000000000000000000000000000000000000000000000000000000000000000000000000000000000000000000000000000000000000000000000000000000000000000000000000000000000000000000000]
sum_V_7_loc_load   (load          ) [ 0000000000000000000000000000000000000000000000000000000000000000000000000000000000000000000000000000000000000000000000000000000000000000000000000000000000000000000000000000000000000000000000000000000000000000000000000000000000000000000000000000000000000000000000000000000000000000000000000000000000000]
ret_V_33_loc_load  (load          ) [ 0000000000000000000000000000000000000000000000000000000000000000000000000000000000000000000000000000000000000000000000000000000000000000000000000000000000000000000000000000000000000000000000000000000000000000000000000000000000000000000000000000000000000000000000000000000000000000000000000000000000000]
zext_ln886         (zext          ) [ 0000000000000000000000000000000000000000000000000000000000000000000000000000000000000000000000000000000000000000000000000000000000000000000000000000000000000000000000000000000000000000000000000000000000000000000000000000000000000000000000000000000000000000000000000000000000000000000000000000000000000]
add_ln723_1        (add           ) [ 0000000000000000000000000000000000000000000000000000000000000000000000000000000000000000000000000000000000000000000000000000000000000000000000000000000000000000000000000000000000000000000000000000000000000000000000000000000000000000000000000000000000000000000000000000000000000000000000000000000000000]
br_ln0             (br            ) [ 0000000000000000000000000000000000000000000000000000000000000000000000000000000000000000000000000000000000000000000000000000000000000000000000000000000000000000000000000000000000000000000000000000000000000000000000000000000000000000000000000000000000000000000000000000000000000000000000000000000000000]
sum_i13_1_lcssa    (phi           ) [ 0000000000000000000000000000000000000000000000000000000000000000000000000000000000000000000000000000000000000000000000000000000000000000000000000000000000111111111111111111111111111111111111111111111111111111111111111111111111111100000000000000000000000000000000000000000000000000000000000000000000000]
br_ln732           (br            ) [ 0011111111111111111111111111111111111111111111111111111111111111111111111111111111111111111111111111111111111111111111111111111111111111111111111111111111111111111111111111111111111111111111111111111111111111111111111111111111111111111111111111111111111111111111111111111111111111111111111111111111111]
add_ln735          (add           ) [ 0000000000000000000000000000000000000000000000000000000000000000000000000000000000000000000000000000000000000000000000000000000000000000000000000000000000000000000000000000000000000000000000000000000000000000000000000000000000000000000000000000000000000000000000000000000000000000000000000000000000000]
trunc_ln735_2      (trunc         ) [ 0000000000000000000000000000000000000000000000000000000000000000000000000000000000000000000000000000000000000000000000000000000000000000000000000000000000000000000000000000000000000000000000000000000000000000000000000000000000000000000000000000000000000000000000000000000000000000000000000000000000000]
add_ln735_1        (add           ) [ 0000000000000000000000000000000000000000000000000000000000000000000000000000000000000000000000000000000000000000000000000000000000000000000000000000000000000000000000000000000000000000000000000000000000000000000000000000000000000000000000000000000000000000000000000000000000000000000000000000000000000]
trunc_ln735_1      (partselect    ) [ 0000000000000000000000000000000000000000000000000000000000000000000000000000000000000000000000000000000000000000000000000000000000000000000000000000000000000100000000000000000000000000000000000000000000000000000000000000000000000000000000000000000000000000000000000000000000000000000000000000000000000]
add_ln735_2        (add           ) [ 0000000000000000000000000000000000000000000000000000000000000000000000000000000000000000000000000000000000000000000000000000000000000000000000000000000000000111111111111111111111111111111111111111111111111111111111111111111111111000000000000000000000000000000000000000000000000000000000000000000000000]
sext_ln735         (sext          ) [ 0000000000000000000000000000000000000000000000000000000000000000000000000000000000000000000000000000000000000000000000000000000000000000000000000000000000000000000000000000000000000000000000000000000000000000000000000000000000000000000000000000000000000000000000000000000000000000000000000000000000000]
gmem0_addr_4       (getelementptr ) [ 0000000000000000000000000000000000000000000000000000000000000000000000000000000000000000000000000000000000000000000000000000000000000000000000000000000000000011111111111111111111111111111111111111111111111111111111111111111111110000000000000000000000000000000000000000000000000000000000000000000000000]
gmem0_load_5_req   (readreq       ) [ 0000000000000000000000000000000000000000000000000000000000000000000000000000000000000000000000000000000000000000000000000000000000000000000000000000000000000000000000000000000000000000000000000000000000000000000000000000000000000000000000000000000000000000000000000000000000000000000000000000000000000]
gmem0_addr_4_read  (read          ) [ 0000000000000000000000000000000000000000000000000000000000000000000000000000000000000000000000000000000000000000000000000000000000000000000000000000000000000000000000000000000000000000000000000000000000000000000000000000000000001000000000000000000000000000000000000000000000000000000000000000000000000]
shl_ln3            (bitconcatenate) [ 0000000000000000000000000000000000000000000000000000000000000000000000000000000000000000000000000000000000000000000000000000000000000000000000000000000000000000000000000000000000000000000000000000000000000000000000000000000000000000000000000000000000000000000000000000000000000000000000000000000000000]
zext_ln735         (zext          ) [ 0000000000000000000000000000000000000000000000000000000000000000000000000000000000000000000000000000000000000000000000000000000000000000000000000000000000000000000000000000000000000000000000000000000000000000000000000000000000000000000000000000000000000000000000000000000000000000000000000000000000000]
lshr_ln735         (lshr          ) [ 0000000000000000000000000000000000000000000000000000000000000000000000000000000000000000000000000000000000000000000000000000000000000000000000000000000000000000000000000000000000000000000000000000000000000000000000000000000000000000000000000000000000000000000000000000000000000000000000000000000000000]
trunc_ln1715_1     (trunc         ) [ 0000000000000000000000000000000000000000000000000000000000000000000000000000000000000000000000000000000000000000000000000000000000000000000000000000000000000000000000000000000000000000000000000000000000000000000000000000000000000000000000000000000000000000000000000000000000000000000000000000000000000]
r_V_4              (bitconcatenate) [ 0000000000000000000000000000000000000000000000000000000000000000000000000000000000000000000000000000000000000000000000000000000000000000000000000000000000000000000000000000000000000000000000000000000000000000000000000000000000000000000000000000000000000000000000000000000000000000000000000000000000000]
zext_ln886_2       (zext          ) [ 0000000000000000000000000000000000000000000000000000000000000000000000000000000000000000000000000000000000000000000000000000000000000000000000000000000000000000000000000000000000000000000000000000000000000000000000000000000000000000000000000000000000000000000000000000000000000000000000000000000000000]
sum_V_7            (add           ) [ 0011111111111111111111111111111111111111111111111111111111111111111111111111111111111111111111111111111111111111111111111111111111111111111111111111111111111111111111111111111111111111111111111111111111111111111111111111111111111111111111111111111111111111111111111111111111111111111111111111111111111]
br_ln737           (br            ) [ 0011111111111111111111111111111111111111111111111111111111111111111111111111111111111111111111111111111111111111111111111111111111111111111111111111111111111111111111111111111111111111111111111111111111111111111111111111111111111111111111111111111111111111111111111111111111111111111111111111111111111]
sum_V_9            (phi           ) [ 0000000000000000000000000000000000000000000000000000000000000000000000000000000000000000000000000000000000000000000000000000000000000000000000000000000000000000000000000000000000000000000000000000000000000000000000000000000000000100000000000000000000000000000000000000000000000000000000000000000000000]
trunc_ln739        (trunc         ) [ 0000000000000000000000000000000000000000000000000000000000000000000000000000000000000000000000000000000000000000000000000000000000000000000000000000000000000000000000000000000000000000000000000000000000000000000000000000000000000000000000000000000000000000000000000000000000000000000000000000000000000]
zext_ln1715_2      (zext          ) [ 0000000000000000000000000000000000000000000000000000000000000000000000000000000000000000000000000000000000000000000000000000000000000000000000000000000000000000000000000000000000000000000000000000000000000000000000000000000000000000000000000000000000000000000000000000000000000000000000000000000000000]
trunc_ln8          (partselect    ) [ 0000000000000000000000000000000000000000000000000000000000000000000000000000000000000000000000000000000000000000000000000000000000000000000000000000000000000000000000000000000000000000000000000000000000000000000000000000000000000000000000000000000000000000000000000000000000000000000000000000000000000]
zext_ln1715_3      (zext          ) [ 0000000000000000000000000000000000000000000000000000000000000000000000000000000000000000000000000000000000000000000000000000000000000000000000000000000000000000000000000000000000000000000000000000000000000000000000000000000000000000000000000000000000000000000000000000000000000000000000000000000000000]
folded_V_2         (add           ) [ 0000000000000000000000000000000000000000000000000000000000000000000000000000000000000000000000000000000000000000000000000000000000000000000000000000000000000000000000000000000000000000000000000000000000000000000000000000000000000000000000000000000000000000000000000000000000000000000000000000000000000]
add_ln1543         (add           ) [ 0011111111111111111111111111111111111111111111111111111111111111111111111111111110000000000000000000000000000000000000000000000000000000000000000000000000000000000000000000000000000000000000000000000000000000000000000000000000000011111111111111111111111111111111111111111111111111111111111111111111111]
zext_ln1715_4      (zext          ) [ 0000000000000000000000000000000000000000000000000000000000000000000000000000000000000000000000000000000000000000000000000000000000000000000000000000000000000000000000000000000000000000000000000000000000000000000000000000000000000000000000000000000000000000000000000000000000000000000000000000000000000]
r_V_2              (bitselect     ) [ 0011111111111111111111111111111111111111111111111111111111111111111111111111111110000000000000000000000000000000000000000000000000000000000000000000000000000000000000000000000000000000000000000000000000000000000000000000000000000011111111111111111111111111111111111111111111111111111111111111111111111]
zext_ln1715_7      (zext          ) [ 0000000000000000000000000000000000000000000000000000000000000000000000000000000000000000000000000000000000000000000000000000000000000000000000000000000000000000000000000000000000000000000000000000000000000000000000000000000000000000000000000000000000000000000000000000000000000000000000000000000000000]
zext_ln1715_5      (zext          ) [ 0000000000000000000000000000000000000000000000000000000000000000000000000000000000000000000000000000000000000000000000000000000000000000000000000000000000000000000000000000000000000000000000000000000000000000000000000000000000000000000000000000000000000000000000000000000000000000000000000000000000000]
folded_V_3         (add           ) [ 0000000000000000000000000000000000000000000000000000000000000000000000000000000000000000000000000000000000000000000000000000000000000000000000000000000000000000000000000000000000000000000000000000000000000000000000000000000000000000000000000000000000000000000000000000000000000000000000000000000000000]
add_ln1543_1       (add           ) [ 0000000000000000000000000000000000000000000000000000000000000000000000000000000000000000000000000000000000000000000000000000000000000000000000000000000000000000000000000000000000000000000000000000000000000000000000000000000000000000000000000000000000000000000000000000000000000000000000000000000000000]
zext_ln1715_6      (zext          ) [ 0000000000000000000000000000000000000000000000000000000000000000000000000000000000000000000000000000000000000000000000000000000000000000000000000000000000000000000000000000000000000000000000000000000000000000000000000000000000000000000000000000000000000000000000000000000000000000000000000000000000000]
r_V_3              (bitselect     ) [ 0011111111111111111111111111111111111111111111111111111111111111111111111111111110000000000000000000000000000000000000000000000000000000000000000000000000000000000000000000000000000000000000000000000000000000000000000000000000000011111111111111111111111111111111111111111111111111111111111111111111111]
zext_ln1715_8      (zext          ) [ 0000000000000000000000000000000000000000000000000000000000000000000000000000000000000000000000000000000000000000000000000000000000000000000000000000000000000000000000000000000000000000000000000000000000000000000000000000000000000000000000000000000000000000000000000000000000000000000000000000000000000]
folded_V_4         (add           ) [ 0000000000000000000000000000000000000000000000000000000000000000000000000000000000000000000000000000000000000000000000000000000000000000000000000000000000000000000000000000000000000000000000000000000000000000000000000000000000000000000000000000000000000000000000000000000000000000000000000000000000000]
tmp_9              (bitselect     ) [ 0011111111111111111111111111111111111111111111111111111111111111111111111111111110000000000000000000000000000000000000000000000000000000000000000000000000000000000000000000000000000000000000000000000000000000000000000000000000000011111111111111111111111111111111111111111111111111111111111111111111111]
zext_ln1543        (zext          ) [ 0000000000000000000000000000000000000000000000000000000000000000000000000000000000000000000000000000000000000000000000000000000000000000000000000000000000000000000000000000000000000000000000000000000000000000000000000000000000000000000000000000000000000000000000000000000000000000000000000000000000000]
zext_ln232_62      (zext          ) [ 0000000000000000000000000000000000000000000000000000000000000000000000000000000000000000000000000000000000000000000000000000000000000000000000000000000000000000000000000000000000000000000000000000000000000000000000000000000000000000000000000000000000000000000000000000000000000000000000000000000000000]
zext_ln955_1       (zext          ) [ 0000000000000000000000000000000000000000000000000000000000000000000000000000000000000000000000000000000000000000000000000000000000000000000000000000000000000000000000000000000000000000000000000000000000000000000000000000000000000000000000000000000000000000000000000000000000000000000000000000000000000]
add_ln955_1        (add           ) [ 0000000000000000000000000000000000000000000000000000000000000000000000000000000000000000000000000000000000000000000000000000000000000000000000000000000000000000000000000000000000000000000000000000000000000000000000000000000000000000000000000000000000000000000000000000000000000000000000000000000000000]
add_ln955_2        (add           ) [ 0000000000000000000000000000000000000000000000000000000000000000000000000000000000000000000000000000000000000000000000000000000000000000000000000000000000000000000000000000000000000000000000000000000000000000000000000000000000000000000000000000000000000000000000000000000000000000000000000000000000000]
zext_ln955         (zext          ) [ 0000000000000000000000000000000000000000000000000000000000000000000000000000000000000000000000000000000000000000000000000000000000000000000000000000000000000000000000000000000000000000000000000000000000000000000000000000000000000000000000000000000000000000000000000000000000000000000000000000000000000]
add_ln955          (add           ) [ 0011111111111111111111111111111111111111111111111111111111111111111111111111111111111111111111111111111111111111111111111111111111111111111111111111111111111111111111111111111111111111111111111111111111111111111111111111111111111111111111111111111111111111111111111111111111111111111111111111111111111]
br_ln769           (br            ) [ 0011111111111111111111111111111111111111111111111111111111111111111111111111111111111111111111111111111111111111111111111111111111111111111111111111111111111111111111111111111111111111111111111111111111111111111111111111111111111111111111111111111111111111111111111111111111111111111111111111111111111]
shl_ln4            (bitconcatenate) [ 0000000000000000000000000000000000000000000000000000000000000000000000000000000000000000000000000000000000000000000000000000000000000000000000000000000000000000000000000000000000000000000000000000000000000000000000000000000000000000000000000000000000000000000000000000000000000000000000000000000000000]
zext_ln774_2       (zext          ) [ 0000000000000000000000000000000000000000000000000000000000000000000000000000000000000000000000000000000000000000000000000000000000000000000000000000000000000000000000000000000000000000000000000000000000000000000000000000000000000000000000000000000000000000000000000000000000000000000000000000000000000]
trunc_ln774_1      (trunc         ) [ 0000000000000000000000000000000000000000000000000000000000000000000000000000000000000000000000000000000000000000000000000000000000000000000000000000000000000000000000000000000000000000000000000000000000000000000000000000000000000000000000000000000000000000000000000000000000000000000000000000000000000]
trunc_ln774_2      (bitconcatenate) [ 0000000000000000000000000000000000000000000000000000000000000000000000000000000000000000000000000000000000000000000000000000000000000000000000000000000000000000000000000000000000000000000000000000000000000000000000000000000000000000000000000000000000000000000000000000000000000000000000000000000000000]
add_ln774          (add           ) [ 0000000000000000000000000000000000000000000000000000000000000000000000000000000000000000000000000000000000000000000000000000000000000000000000000000000000000000000000000000000000000000000000000000000000000000000000000000000000000000000000000000000000000000000000000000000000000000000000000000000000000]
add_ln774_1        (add           ) [ 0000000000000000000000000000000000000000000000000000000000000000000000000000000000000000000000000000000000000000000000000000000000000000000000000000000000000000000000000000000000000000000000000000000000000000000000000000000000000001000000000000000000000000000000000000000000000000000000000000000000000]
trunc_ln9          (partselect    ) [ 0000000000000000000000000000000000000000000000000000000000000000000000000000000000000000000000000000000000000000000000000000000000000000000000000000000000000000000000000000000000000000000000000000000000000000000000000000000000000001000000000000000000000000000000000000000000000000000000000000000000000]
store_ln758        (store         ) [ 0000000000000000000000000000000000000000000000000000000000000000000000000000000000000000000000000000000000000000000000000000000000000000000000000000000000000000000000000000000000000000000000000000000000000000000000000000000000000000000000000000000000000000000000000000000000000000000000000000000000000]
store_ln758        (store         ) [ 0000000000000000000000000000000000000000000000000000000000000000000000000000000000000000000000000000000000000000000000000000000000000000000000000000000000000000000000000000000000000000000000000000000000000000000000000000000000000000000000000000000000000000000000000000000000000000000000000000000000000]
checksum_0_in      (phi           ) [ 0000000000000000000000000000000000000000000000000000000000000000000000000000000000000000000000000000000000000000000000000000000000000000000000000000000000000000000000000000000000000000000000000000000000000000000000000000000000000001000000000000000000000000000000000000000000000000000000000000000000000]
checksum_V         (xor           ) [ 0000000000000000000000000000000000000000000000000000000000000000000000000000000000000000000000000000000000000000000000000000000000000000000000000000000000000000000000000000000000000000000000000000000000000000000000000000000000000000000000000000000000000000000000000000000000000000000000000000000000000]
zext_ln774         (zext          ) [ 0000000000000000000000000000000000000000000000000000000000000000000000000000000000000000000000000000000000000000000000000000000000000000000000000000000000000000000000000000000000000000000000000000000000000000000000000000000000000000000000000000000000000000000000000000000000000000000000000000000000000]
zext_ln774_1       (zext          ) [ 0000000000000000000000000000000000000000000000000000000000000000000000000000000000000000000000000000000000000000000000000000000000000000000000000000000000000000000000000000000000000000000000000000000000000000000000000000000000000000000000000000000000000000000000000000000000000000000000000000000000000]
shl_ln774          (shl           ) [ 0000000000000000000000000000000000000000000000000000000000000000000000000000000000000000000000000000000000000000000000000000000000000000000000000000000000000000000000000000000000000000000000000000000000000000000000000000000000000000100000000000000000000000000000000000000000000000000000000000000000000]
shl_ln774_2        (bitconcatenate) [ 0000000000000000000000000000000000000000000000000000000000000000000000000000000000000000000000000000000000000000000000000000000000000000000000000000000000000000000000000000000000000000000000000000000000000000000000000000000000000000000000000000000000000000000000000000000000000000000000000000000000000]
zext_ln774_3       (zext          ) [ 0000000000000000000000000000000000000000000000000000000000000000000000000000000000000000000000000000000000000000000000000000000000000000000000000000000000000000000000000000000000000000000000000000000000000000000000000000000000000000000000000000000000000000000000000000000000000000000000000000000000000]
shl_ln774_1        (shl           ) [ 0000000000000000000000000000000000000000000000000000000000000000000000000000000000000000000000000000000000000000000000000000000000000000000000000000000000000000000000000000000000000000000000000000000000000000000000000000000000000000100000000000000000000000000000000000000000000000000000000000000000000]
sext_ln774         (sext          ) [ 0000000000000000000000000000000000000000000000000000000000000000000000000000000000000000000000000000000000000000000000000000000000000000000000000000000000000000000000000000000000000000000000000000000000000000000000000000000000000000000000000000000000000000000000000000000000000000000000000000000000000]
gmem0_addr_5       (getelementptr ) [ 0000000000000000000000000000000000000000000000000000000000000000000000000000000000000000000000000000000000000000000000000000000000000000000000000000000000000000000000000000000000000000000000000000000000000000000000000000000000000000111111111111111111111111111111111111111111111111111111111111111111111]
empty_30           (writereq      ) [ 0000000000000000000000000000000000000000000000000000000000000000000000000000000000000000000000000000000000000000000000000000000000000000000000000000000000000000000000000000000000000000000000000000000000000000000000000000000000000000000000000000000000000000000000000000000000000000000000000000000000000]
write_ln774        (write         ) [ 0000000000000000000000000000000000000000000000000000000000000000000000000000000000000000000000000000000000000000000000000000000000000000000000000000000000000000000000000000000000000000000000000000000000000000000000000000000000000000000000000000000000000000000000000000000000000000000000000000000000000]
empty_31           (writeresp     ) [ 0000000000000000000000000000000000000000000000000000000000000000000000000000000000000000000000000000000000000000000000000000000000000000000000000000000000000000000000000000000000000000000000000000000000000000000000000000000000000000000000000000000000000000000000000000000000000000000000000000000000000]
br_ln758           (br            ) [ 0000000000000000000000000000000000000000000000000000000000000000000000000000000000000000000000000000000000000000000000000000000000000000000000000000000000000000000000000000000000000000000000000000000000000000000000000000000000000000000000000000000000000000000000000000000000000000000000000000000000000]
</LifeTime>

<model>

<comp_list>
<comp id="0" class="1000" name="gmem0">
<pin_list>
<pin id="1" dir="1" index="0" bw="1" slack="0"/>
</pin_list>
<bind>
<StgValue><ssdm name="gmem0"/></StgValue>
</bind>
</comp>

<comp id="2" class="1000" name="data_in">
<pin_list>
<pin id="3" dir="1" index="0" bw="1" slack="0"/>
</pin_list>
<bind>
<StgValue><ssdm name="data_in"/></StgValue>
</bind>
</comp>

<comp id="4" class="1000" name="crc_out">
<pin_list>
<pin id="5" dir="1" index="0" bw="1" slack="0"/>
</pin_list>
<bind>
<StgValue><ssdm name="crc_out"/></StgValue>
</bind>
</comp>

<comp id="6" class="1000" name="numChunks">
<pin_list>
<pin id="7" dir="1" index="0" bw="1" slack="0"/>
</pin_list>
<bind>
<StgValue><ssdm name="numChunks"/></StgValue>
</bind>
</comp>

<comp id="8" class="1000" name="chunkSize">
<pin_list>
<pin id="9" dir="1" index="0" bw="1" slack="0"/>
</pin_list>
<bind>
<StgValue><ssdm name="chunkSize"/></StgValue>
</bind>
</comp>

<comp id="10" class="1001" name="const_10">
<pin_list>
<pin id="11" dir="1" index="0" bw="1" slack="0"/>
</pin_list>
<bind>
<StgValue><ssdm name=""/></StgValue>
</bind>
</comp>

<comp id="12" class="1001" name="const_12">
<pin_list>
<pin id="13" dir="1" index="0" bw="1" slack="0"/>
</pin_list>
<bind>
<StgValue><ssdm name="_ssdm_op_Read.ap_auto.i32"/></StgValue>
</bind>
</comp>

<comp id="14" class="1001" name="const_14">
<pin_list>
<pin id="15" dir="1" index="0" bw="1" slack="0"/>
</pin_list>
<bind>
<StgValue><ssdm name="_ssdm_op_Read.ap_auto.i64"/></StgValue>
</bind>
</comp>

<comp id="16" class="1001" name="const_16">
<pin_list>
<pin id="17" dir="1" index="0" bw="1" slack="0"/>
</pin_list>
<bind>
<StgValue><ssdm name=""/></StgValue>
</bind>
</comp>

<comp id="18" class="1001" name="const_18">
<pin_list>
<pin id="19" dir="1" index="0" bw="1" slack="2147483647"/>
</pin_list>
<bind>
<StgValue><ssdm name="_ssdm_op_SpecInterface"/></StgValue>
</bind>
</comp>

<comp id="20" class="1001" name="const_20">
<pin_list>
<pin id="21" dir="1" index="0" bw="1" slack="2147483647"/>
</pin_list>
<bind>
<StgValue><ssdm name="empty_4"/></StgValue>
</bind>
</comp>

<comp id="22" class="1001" name="const_22">
<pin_list>
<pin id="23" dir="1" index="0" bw="1" slack="0"/>
</pin_list>
<bind>
<StgValue><ssdm name=""/></StgValue>
</bind>
</comp>

<comp id="24" class="1001" name="const_24">
<pin_list>
<pin id="25" dir="1" index="0" bw="1" slack="2147483647"/>
</pin_list>
<bind>
<StgValue><ssdm name="empty_5"/></StgValue>
</bind>
</comp>

<comp id="26" class="1001" name="const_26">
<pin_list>
<pin id="27" dir="1" index="0" bw="1" slack="2147483647"/>
</pin_list>
<bind>
<StgValue><ssdm name=""/></StgValue>
</bind>
</comp>

<comp id="28" class="1001" name="const_28">
<pin_list>
<pin id="29" dir="1" index="0" bw="1" slack="2147483647"/>
</pin_list>
<bind>
<StgValue><ssdm name=""/></StgValue>
</bind>
</comp>

<comp id="30" class="1001" name="const_30">
<pin_list>
<pin id="31" dir="1" index="0" bw="1" slack="2147483647"/>
</pin_list>
<bind>
<StgValue><ssdm name="empty_6"/></StgValue>
</bind>
</comp>

<comp id="32" class="1001" name="const_32">
<pin_list>
<pin id="33" dir="1" index="0" bw="1" slack="2147483647"/>
</pin_list>
<bind>
<StgValue><ssdm name="empty_7"/></StgValue>
</bind>
</comp>

<comp id="34" class="1001" name="const_34">
<pin_list>
<pin id="35" dir="1" index="0" bw="1" slack="0"/>
</pin_list>
<bind>
<StgValue><ssdm name=""/></StgValue>
</bind>
</comp>

<comp id="36" class="1001" name="const_36">
<pin_list>
<pin id="37" dir="1" index="0" bw="1" slack="0"/>
</pin_list>
<bind>
<StgValue><ssdm name=""/></StgValue>
</bind>
</comp>

<comp id="38" class="1001" name="const_38">
<pin_list>
<pin id="39" dir="1" index="0" bw="1" slack="0"/>
</pin_list>
<bind>
<StgValue><ssdm name=""/></StgValue>
</bind>
</comp>

<comp id="40" class="1001" name="const_40">
<pin_list>
<pin id="41" dir="1" index="0" bw="1" slack="0"/>
</pin_list>
<bind>
<StgValue><ssdm name="_ssdm_op_PartSelect.i26.i32.i32.i32"/></StgValue>
</bind>
</comp>

<comp id="42" class="1001" name="const_42">
<pin_list>
<pin id="43" dir="1" index="0" bw="1" slack="0"/>
</pin_list>
<bind>
<StgValue><ssdm name=""/></StgValue>
</bind>
</comp>

<comp id="44" class="1001" name="const_44">
<pin_list>
<pin id="45" dir="1" index="0" bw="1" slack="0"/>
</pin_list>
<bind>
<StgValue><ssdm name=""/></StgValue>
</bind>
</comp>

<comp id="46" class="1001" name="const_46">
<pin_list>
<pin id="47" dir="1" index="0" bw="1" slack="0"/>
</pin_list>
<bind>
<StgValue><ssdm name="_ssdm_op_BitConcatenate.i32.i26.i6"/></StgValue>
</bind>
</comp>

<comp id="48" class="1001" name="const_48">
<pin_list>
<pin id="49" dir="1" index="0" bw="1" slack="0"/>
</pin_list>
<bind>
<StgValue><ssdm name=""/></StgValue>
</bind>
</comp>

<comp id="50" class="1001" name="const_50">
<pin_list>
<pin id="51" dir="1" index="0" bw="1" slack="0"/>
</pin_list>
<bind>
<StgValue><ssdm name="_ssdm_op_PartSelect.i31.i32.i32.i32"/></StgValue>
</bind>
</comp>

<comp id="52" class="1001" name="const_52">
<pin_list>
<pin id="53" dir="1" index="0" bw="1" slack="0"/>
</pin_list>
<bind>
<StgValue><ssdm name=""/></StgValue>
</bind>
</comp>

<comp id="54" class="1001" name="const_54">
<pin_list>
<pin id="55" dir="1" index="0" bw="1" slack="0"/>
</pin_list>
<bind>
<StgValue><ssdm name=""/></StgValue>
</bind>
</comp>

<comp id="56" class="1001" name="const_56">
<pin_list>
<pin id="57" dir="1" index="0" bw="1" slack="2147483647"/>
</pin_list>
<bind>
<StgValue><ssdm name="_ssdm_op_SpecPipeline"/></StgValue>
</bind>
</comp>

<comp id="58" class="1001" name="const_58">
<pin_list>
<pin id="59" dir="1" index="0" bw="1" slack="2147483647"/>
</pin_list>
<bind>
<StgValue><ssdm name="_ssdm_op_SpecLoopName"/></StgValue>
</bind>
</comp>

<comp id="60" class="1001" name="const_60">
<pin_list>
<pin id="61" dir="1" index="0" bw="1" slack="2147483647"/>
</pin_list>
<bind>
<StgValue><ssdm name="empty_13"/></StgValue>
</bind>
</comp>

<comp id="62" class="1001" name="const_62">
<pin_list>
<pin id="63" dir="1" index="0" bw="1" slack="0"/>
</pin_list>
<bind>
<StgValue><ssdm name="_ssdm_op_PartSelect.i58.i64.i32.i32"/></StgValue>
</bind>
</comp>

<comp id="64" class="1001" name="const_64">
<pin_list>
<pin id="65" dir="1" index="0" bw="1" slack="0"/>
</pin_list>
<bind>
<StgValue><ssdm name=""/></StgValue>
</bind>
</comp>

<comp id="66" class="1001" name="const_66">
<pin_list>
<pin id="67" dir="1" index="0" bw="1" slack="0"/>
</pin_list>
<bind>
<StgValue><ssdm name="_ssdm_op_BitConcatenate.i64.i58.i6"/></StgValue>
</bind>
</comp>

<comp id="68" class="1001" name="const_68">
<pin_list>
<pin id="69" dir="1" index="0" bw="1" slack="0"/>
</pin_list>
<bind>
<StgValue><ssdm name="process_tcp_checksum_Pipeline_word_loop"/></StgValue>
</bind>
</comp>

<comp id="70" class="1001" name="const_70">
<pin_list>
<pin id="71" dir="1" index="0" bw="1" slack="4"/>
</pin_list>
<bind>
<StgValue><ssdm name=""/></StgValue>
</bind>
</comp>

<comp id="72" class="1001" name="const_72">
<pin_list>
<pin id="73" dir="1" index="0" bw="1" slack="0"/>
</pin_list>
<bind>
<StgValue><ssdm name="_ssdm_op_ReadReq.m_axi.i512P1A"/></StgValue>
</bind>
</comp>

<comp id="74" class="1001" name="const_74">
<pin_list>
<pin id="75" dir="1" index="0" bw="1" slack="0"/>
</pin_list>
<bind>
<StgValue><ssdm name="_ssdm_op_Read.m_axi.i512P1A"/></StgValue>
</bind>
</comp>

<comp id="76" class="1001" name="const_76">
<pin_list>
<pin id="77" dir="1" index="0" bw="1" slack="0"/>
</pin_list>
<bind>
<StgValue><ssdm name="_ssdm_op_BitConcatenate.i9.i6.i3"/></StgValue>
</bind>
</comp>

<comp id="78" class="1001" name="const_78">
<pin_list>
<pin id="79" dir="1" index="0" bw="1" slack="0"/>
</pin_list>
<bind>
<StgValue><ssdm name=""/></StgValue>
</bind>
</comp>

<comp id="80" class="1001" name="const_80">
<pin_list>
<pin id="81" dir="1" index="0" bw="1" slack="0"/>
</pin_list>
<bind>
<StgValue><ssdm name="_ssdm_op_BitConcatenate.i16.i8.i8"/></StgValue>
</bind>
</comp>

<comp id="82" class="1001" name="const_82">
<pin_list>
<pin id="83" dir="1" index="0" bw="1" slack="0"/>
</pin_list>
<bind>
<StgValue><ssdm name=""/></StgValue>
</bind>
</comp>

<comp id="84" class="1001" name="const_84">
<pin_list>
<pin id="85" dir="1" index="0" bw="1" slack="0"/>
</pin_list>
<bind>
<StgValue><ssdm name="_ssdm_op_BitSelect.i1.i17.i32"/></StgValue>
</bind>
</comp>

<comp id="86" class="1001" name="const_86">
<pin_list>
<pin id="87" dir="1" index="0" bw="1" slack="0"/>
</pin_list>
<bind>
<StgValue><ssdm name="_ssdm_op_ReadReq.m_axi.p1i512"/></StgValue>
</bind>
</comp>

<comp id="88" class="1001" name="const_88">
<pin_list>
<pin id="89" dir="1" index="0" bw="1" slack="0"/>
</pin_list>
<bind>
<StgValue><ssdm name="process_tcp_checksum_Pipeline_vec_word_loop"/></StgValue>
</bind>
</comp>

<comp id="90" class="1001" name="const_90">
<pin_list>
<pin id="91" dir="1" index="0" bw="1" slack="73"/>
</pin_list>
<bind>
<StgValue><ssdm name=""/></StgValue>
</bind>
</comp>

<comp id="92" class="1001" name="const_92">
<pin_list>
<pin id="93" dir="1" index="0" bw="1" slack="0"/>
</pin_list>
<bind>
<StgValue><ssdm name="process_tcp_checksum_Pipeline_tail_word_loop"/></StgValue>
</bind>
</comp>

<comp id="94" class="1001" name="const_94">
<pin_list>
<pin id="95" dir="1" index="0" bw="1" slack="0"/>
</pin_list>
<bind>
<StgValue><ssdm name="_ssdm_op_PartSelect.i16.i32.i32.i32"/></StgValue>
</bind>
</comp>

<comp id="96" class="1001" name="const_96">
<pin_list>
<pin id="97" dir="1" index="0" bw="1" slack="0"/>
</pin_list>
<bind>
<StgValue><ssdm name="_ssdm_op_BitConcatenate.i34.i32.i2"/></StgValue>
</bind>
</comp>

<comp id="98" class="1001" name="const_98">
<pin_list>
<pin id="99" dir="1" index="0" bw="1" slack="0"/>
</pin_list>
<bind>
<StgValue><ssdm name=""/></StgValue>
</bind>
</comp>

<comp id="100" class="1001" name="const_100">
<pin_list>
<pin id="101" dir="1" index="0" bw="1" slack="0"/>
</pin_list>
<bind>
<StgValue><ssdm name="_ssdm_op_BitConcatenate.i6.i4.i2"/></StgValue>
</bind>
</comp>

<comp id="102" class="1001" name="const_102">
<pin_list>
<pin id="103" dir="1" index="0" bw="1" slack="0"/>
</pin_list>
<bind>
<StgValue><ssdm name=""/></StgValue>
</bind>
</comp>

<comp id="104" class="1001" name="const_104">
<pin_list>
<pin id="105" dir="1" index="0" bw="1" slack="0"/>
</pin_list>
<bind>
<StgValue><ssdm name=""/></StgValue>
</bind>
</comp>

<comp id="106" class="1001" name="const_106">
<pin_list>
<pin id="107" dir="1" index="0" bw="1" slack="0"/>
</pin_list>
<bind>
<StgValue><ssdm name="_ssdm_op_WriteReq.m_axi.p1i512"/></StgValue>
</bind>
</comp>

<comp id="108" class="1001" name="const_108">
<pin_list>
<pin id="109" dir="1" index="0" bw="1" slack="0"/>
</pin_list>
<bind>
<StgValue><ssdm name="_ssdm_op_Write.m_axi.p1i512"/></StgValue>
</bind>
</comp>

<comp id="110" class="1001" name="const_110">
<pin_list>
<pin id="111" dir="1" index="0" bw="1" slack="0"/>
</pin_list>
<bind>
<StgValue><ssdm name="_ssdm_op_WriteResp.m_axi.p1i512"/></StgValue>
</bind>
</comp>

<comp id="112" class="1004" name="chunk_offset_fu_112">
<pin_list>
<pin id="113" dir="0" index="0" bw="1" slack="0"/>
<pin id="114" dir="1" index="1" bw="64" slack="0"/>
</pin_list>
<bind>
<opcode="alloca(26) " fcode="alloca"/>
<opset="chunk_offset/1 "/>
</bind>
</comp>

<comp id="116" class="1004" name="c_fu_116">
<pin_list>
<pin id="117" dir="0" index="0" bw="1" slack="0"/>
<pin id="118" dir="1" index="1" bw="32" slack="0"/>
</pin_list>
<bind>
<opcode="alloca(26) " fcode="alloca"/>
<opset="c/1 "/>
</bind>
</comp>

<comp id="120" class="1004" name="i_1_loc_fu_120">
<pin_list>
<pin id="121" dir="0" index="0" bw="1" slack="0"/>
<pin id="122" dir="1" index="1" bw="32" slack="2"/>
</pin_list>
<bind>
<opcode="alloca(26) " fcode="alloca"/>
<opset="i_1_loc/1 "/>
</bind>
</comp>

<comp id="124" class="1004" name="sum_V_1_loc_fu_124">
<pin_list>
<pin id="125" dir="0" index="0" bw="1" slack="0"/>
<pin id="126" dir="1" index="1" bw="17" slack="2"/>
</pin_list>
<bind>
<opcode="alloca(26) " fcode="alloca"/>
<opset="sum_V_1_loc/1 "/>
</bind>
</comp>

<comp id="128" class="1004" name="ret_V_33_loc_fu_128">
<pin_list>
<pin id="129" dir="0" index="0" bw="1" slack="0"/>
<pin id="130" dir="1" index="1" bw="16" slack="75"/>
</pin_list>
<bind>
<opcode="alloca(26) " fcode="alloca"/>
<opset="ret_V_33_loc/1 "/>
</bind>
</comp>

<comp id="132" class="1004" name="sum_V_7_loc_fu_132">
<pin_list>
<pin id="133" dir="0" index="0" bw="1" slack="0"/>
<pin id="134" dir="1" index="1" bw="32" slack="75"/>
</pin_list>
<bind>
<opcode="alloca(26) " fcode="alloca"/>
<opset="sum_V_7_loc/1 "/>
</bind>
</comp>

<comp id="136" class="1004" name="sum_V_2_loc_fu_136">
<pin_list>
<pin id="137" dir="0" index="0" bw="1" slack="0"/>
<pin id="138" dir="1" index="1" bw="47" slack="72"/>
</pin_list>
<bind>
<opcode="alloca(26) " fcode="alloca"/>
<opset="sum_V_2_loc/1 "/>
</bind>
</comp>

<comp id="140" class="1004" name="chunkSize_read_read_fu_140">
<pin_list>
<pin id="141" dir="0" index="0" bw="32" slack="0"/>
<pin id="142" dir="0" index="1" bw="32" slack="0"/>
<pin id="143" dir="1" index="2" bw="32" slack="0"/>
</pin_list>
<bind>
<opcode="read(1150) " fcode="read"/>
<opset="chunkSize_read/1 "/>
</bind>
</comp>

<comp id="146" class="1004" name="numChunks_read_read_fu_146">
<pin_list>
<pin id="147" dir="0" index="0" bw="32" slack="0"/>
<pin id="148" dir="0" index="1" bw="32" slack="0"/>
<pin id="149" dir="1" index="2" bw="32" slack="1"/>
</pin_list>
<bind>
<opcode="read(1150) " fcode="read"/>
<opset="numChunks_read/1 "/>
</bind>
</comp>

<comp id="152" class="1004" name="crc_out_read_read_fu_152">
<pin_list>
<pin id="153" dir="0" index="0" bw="64" slack="0"/>
<pin id="154" dir="0" index="1" bw="64" slack="0"/>
<pin id="155" dir="1" index="2" bw="64" slack="0"/>
</pin_list>
<bind>
<opcode="read(1150) " fcode="read"/>
<opset="crc_out_read/1 "/>
</bind>
</comp>

<comp id="158" class="1004" name="data_in_read_read_fu_158">
<pin_list>
<pin id="159" dir="0" index="0" bw="64" slack="0"/>
<pin id="160" dir="0" index="1" bw="64" slack="0"/>
<pin id="161" dir="1" index="2" bw="64" slack="0"/>
</pin_list>
<bind>
<opcode="read(1150) " fcode="read"/>
<opset="data_in_read/1 "/>
</bind>
</comp>

<comp id="164" class="1004" name="grp_readreq_fu_164">
<pin_list>
<pin id="165" dir="0" index="0" bw="1" slack="0"/>
<pin id="166" dir="0" index="1" bw="512" slack="0"/>
<pin id="167" dir="0" index="2" bw="1" slack="0"/>
<pin id="168" dir="1" index="3" bw="1" slack="2147483647"/>
</pin_list>
<bind>
<opcode="readreq(1154) " fcode="readreq"/>
<opset="gmem0_load_2_req/7 "/>
</bind>
</comp>

<comp id="171" class="1004" name="gmem0_addr_3_read_read_fu_171">
<pin_list>
<pin id="172" dir="0" index="0" bw="512" slack="0"/>
<pin id="173" dir="0" index="1" bw="512" slack="70"/>
<pin id="174" dir="1" index="2" bw="512" slack="1"/>
</pin_list>
<bind>
<opcode="read(1150) " fcode="read"/>
<opset="gmem0_addr_3_read/77 "/>
</bind>
</comp>

<comp id="176" class="1004" name="grp_readreq_fu_176">
<pin_list>
<pin id="177" dir="0" index="0" bw="1" slack="0"/>
<pin id="178" dir="0" index="1" bw="512" slack="0"/>
<pin id="179" dir="0" index="2" bw="26" slack="2"/>
<pin id="180" dir="1" index="3" bw="1" slack="2147483647"/>
</pin_list>
<bind>
<opcode="readreq(1154) " fcode="readreq"/>
<opset="empty_29/81 "/>
</bind>
</comp>

<comp id="182" class="1004" name="grp_readreq_fu_182">
<pin_list>
<pin id="183" dir="0" index="0" bw="1" slack="0"/>
<pin id="184" dir="0" index="1" bw="512" slack="0"/>
<pin id="185" dir="0" index="2" bw="1" slack="0"/>
<pin id="186" dir="1" index="3" bw="1" slack="2147483647"/>
</pin_list>
<bind>
<opcode="readreq(1154) " fcode="readreq"/>
<opset="gmem0_load_5_req/157 "/>
</bind>
</comp>

<comp id="189" class="1004" name="gmem0_addr_4_read_read_fu_189">
<pin_list>
<pin id="190" dir="0" index="0" bw="512" slack="0"/>
<pin id="191" dir="0" index="1" bw="512" slack="70"/>
<pin id="192" dir="1" index="2" bw="512" slack="1"/>
</pin_list>
<bind>
<opcode="read(1150) " fcode="read"/>
<opset="gmem0_addr_4_read/227 "/>
</bind>
</comp>

<comp id="194" class="1004" name="grp_writeresp_fu_194">
<pin_list>
<pin id="195" dir="0" index="0" bw="1" slack="0"/>
<pin id="196" dir="0" index="1" bw="512" slack="0"/>
<pin id="197" dir="0" index="2" bw="1" slack="0"/>
<pin id="198" dir="1" index="3" bw="1" slack="2147483647"/>
</pin_list>
<bind>
<opcode="writereq(1155) writeresp(1158) " fcode="writeresp"/>
<opset="empty_30/231 empty_31/233 "/>
</bind>
</comp>

<comp id="201" class="1004" name="write_ln774_write_fu_201">
<pin_list>
<pin id="202" dir="0" index="0" bw="0" slack="0"/>
<pin id="203" dir="0" index="1" bw="512" slack="1"/>
<pin id="204" dir="0" index="2" bw="512" slack="1"/>
<pin id="205" dir="0" index="3" bw="64" slack="1"/>
<pin id="206" dir="1" index="4" bw="0" slack="2147483647"/>
</pin_list>
<bind>
<opcode="write(1151) " fcode="write"/>
<opset="write_ln774/232 "/>
</bind>
</comp>

<comp id="209" class="1005" name="sum_i_0_lcssa_reg_209">
<pin_list>
<pin id="210" dir="0" index="0" bw="17" slack="4"/>
<pin id="211" dir="1" index="1" bw="17" slack="4"/>
</pin_list>
<bind>
<opset="sum_i_0_lcssa (phireg) "/>
</bind>
</comp>

<comp id="213" class="1004" name="sum_i_0_lcssa_phi_fu_213">
<pin_list>
<pin id="214" dir="0" index="0" bw="17" slack="2147483647"/>
<pin id="215" dir="0" index="1" bw="0" slack="2147483647"/>
<pin id="216" dir="0" index="2" bw="1" slack="4"/>
<pin id="217" dir="0" index="3" bw="0" slack="2147483647"/>
<pin id="218" dir="1" index="4" bw="17" slack="73"/>
</pin_list>
<bind>
<opcode="phi(47) " fcode="phi"/>
<opset="sum_i_0_lcssa/6 "/>
</bind>
</comp>

<comp id="221" class="1005" name="i_0_i_lcssa_reg_221">
<pin_list>
<pin id="222" dir="0" index="0" bw="32" slack="4"/>
<pin id="223" dir="1" index="1" bw="32" slack="4"/>
</pin_list>
<bind>
<opset="i_0_i_lcssa (phireg) "/>
</bind>
</comp>

<comp id="225" class="1004" name="i_0_i_lcssa_phi_fu_225">
<pin_list>
<pin id="226" dir="0" index="0" bw="32" slack="2147483647"/>
<pin id="227" dir="0" index="1" bw="0" slack="2147483647"/>
<pin id="228" dir="0" index="2" bw="1" slack="4"/>
<pin id="229" dir="0" index="3" bw="0" slack="2147483647"/>
<pin id="230" dir="1" index="4" bw="32" slack="0"/>
</pin_list>
<bind>
<opcode="phi(47) " fcode="phi"/>
<opset="i_0_i_lcssa/6 "/>
</bind>
</comp>

<comp id="232" class="1005" name="sum_V_6_reg_232">
<pin_list>
<pin id="233" dir="0" index="0" bw="17" slack="2147483647"/>
<pin id="234" dir="1" index="1" bw="17" slack="2147483647"/>
</pin_list>
<bind>
<opset="sum_V_6 (phireg) "/>
</bind>
</comp>

<comp id="235" class="1004" name="sum_V_6_phi_fu_235">
<pin_list>
<pin id="236" dir="0" index="0" bw="17" slack="1"/>
<pin id="237" dir="0" index="1" bw="0" slack="2147483647"/>
<pin id="238" dir="0" index="2" bw="17" slack="74"/>
<pin id="239" dir="0" index="3" bw="0" slack="2147483647"/>
<pin id="240" dir="1" index="4" bw="17" slack="0"/>
</pin_list>
<bind>
<opcode="phi(47) " fcode="phi"/>
<opset="sum_V_6/80 "/>
</bind>
</comp>

<comp id="242" class="1005" name="sum_V_4_reg_242">
<pin_list>
<pin id="243" dir="0" index="0" bw="47" slack="1"/>
<pin id="244" dir="1" index="1" bw="47" slack="1"/>
</pin_list>
<bind>
<opset="sum_V_4 (phireg) "/>
</bind>
</comp>

<comp id="246" class="1004" name="sum_V_4_phi_fu_246">
<pin_list>
<pin id="247" dir="0" index="0" bw="47" slack="0"/>
<pin id="248" dir="0" index="1" bw="0" slack="2147483647"/>
<pin id="249" dir="0" index="2" bw="1" slack="73"/>
<pin id="250" dir="0" index="3" bw="0" slack="2147483647"/>
<pin id="251" dir="1" index="4" bw="47" slack="0"/>
</pin_list>
<bind>
<opcode="phi(47) " fcode="phi"/>
<opset="sum_V_4/153 "/>
</bind>
</comp>

<comp id="254" class="1005" name="sum_i13_1_lcssa_reg_254">
<pin_list>
<pin id="255" dir="0" index="0" bw="32" slack="72"/>
<pin id="256" dir="1" index="1" bw="32" slack="72"/>
</pin_list>
<bind>
<opset="sum_i13_1_lcssa (phireg) "/>
</bind>
</comp>

<comp id="257" class="1004" name="sum_i13_1_lcssa_phi_fu_257">
<pin_list>
<pin id="258" dir="0" index="0" bw="32" slack="0"/>
<pin id="259" dir="0" index="1" bw="0" slack="2147483647"/>
<pin id="260" dir="0" index="2" bw="32" slack="3"/>
<pin id="261" dir="0" index="3" bw="0" slack="2147483647"/>
<pin id="262" dir="1" index="4" bw="32" slack="72"/>
</pin_list>
<bind>
<opcode="phi(47) " fcode="phi"/>
<opset="sum_i13_1_lcssa/156 "/>
</bind>
</comp>

<comp id="264" class="1005" name="sum_V_9_reg_264">
<pin_list>
<pin id="265" dir="0" index="0" bw="32" slack="2147483647"/>
<pin id="266" dir="1" index="1" bw="32" slack="2147483647"/>
</pin_list>
<bind>
<opset="sum_V_9 (phireg) "/>
</bind>
</comp>

<comp id="267" class="1004" name="sum_V_9_phi_fu_267">
<pin_list>
<pin id="268" dir="0" index="0" bw="32" slack="1"/>
<pin id="269" dir="0" index="1" bw="0" slack="2147483647"/>
<pin id="270" dir="0" index="2" bw="32" slack="73"/>
<pin id="271" dir="0" index="3" bw="0" slack="2147483647"/>
<pin id="272" dir="1" index="4" bw="32" slack="0"/>
</pin_list>
<bind>
<opcode="phi(47) " fcode="phi"/>
<opset="sum_V_9/229 "/>
</bind>
</comp>

<comp id="274" class="1005" name="checksum_0_in_reg_274">
<pin_list>
<pin id="275" dir="0" index="0" bw="16" slack="2147483647"/>
<pin id="276" dir="1" index="1" bw="16" slack="2147483647"/>
</pin_list>
<bind>
<opset="checksum_0_in (phireg) "/>
</bind>
</comp>

<comp id="277" class="1004" name="checksum_0_in_phi_fu_277">
<pin_list>
<pin id="278" dir="0" index="0" bw="16" slack="1"/>
<pin id="279" dir="0" index="1" bw="0" slack="2147483647"/>
<pin id="280" dir="0" index="2" bw="16" slack="73"/>
<pin id="281" dir="0" index="3" bw="0" slack="2147483647"/>
<pin id="282" dir="1" index="4" bw="16" slack="0"/>
</pin_list>
<bind>
<opcode="phi(47) " fcode="phi"/>
<opset="checksum_0_in/231 "/>
</bind>
</comp>

<comp id="283" class="1004" name="grp_process_tcp_checksum_Pipeline_word_loop_fu_283">
<pin_list>
<pin id="284" dir="0" index="0" bw="0" slack="0"/>
<pin id="285" dir="0" index="1" bw="64" slack="1"/>
<pin id="286" dir="0" index="2" bw="512" slack="0"/>
<pin id="287" dir="0" index="3" bw="6" slack="1"/>
<pin id="288" dir="0" index="4" bw="32" slack="2"/>
<pin id="289" dir="0" index="5" bw="17" slack="2"/>
<pin id="290" dir="0" index="6" bw="32" slack="2"/>
<pin id="291" dir="1" index="7" bw="0" slack="2147483647"/>
</pin_list>
<bind>
<opcode="call(48) " fcode="call"/>
<opset="call_ln645/3 "/>
</bind>
</comp>

<comp id="294" class="1004" name="grp_process_tcp_checksum_Pipeline_vec_word_loop_fu_294">
<pin_list>
<pin id="295" dir="0" index="0" bw="0" slack="0"/>
<pin id="296" dir="0" index="1" bw="512" slack="0"/>
<pin id="297" dir="0" index="2" bw="58" slack="71"/>
<pin id="298" dir="0" index="3" bw="26" slack="72"/>
<pin id="299" dir="0" index="4" bw="47" slack="72"/>
<pin id="300" dir="1" index="5" bw="0" slack="2147483647"/>
</pin_list>
<bind>
<opcode="call(48) " fcode="call"/>
<opset="call_ln670/151 "/>
</bind>
</comp>

<comp id="303" class="1004" name="grp_process_tcp_checksum_Pipeline_tail_word_loop_fu_303">
<pin_list>
<pin id="304" dir="0" index="0" bw="0" slack="0"/>
<pin id="305" dir="0" index="1" bw="47" slack="1"/>
<pin id="306" dir="0" index="2" bw="32" slack="75"/>
<pin id="307" dir="0" index="3" bw="64" slack="1"/>
<pin id="308" dir="0" index="4" bw="512" slack="0"/>
<pin id="309" dir="0" index="5" bw="6" slack="1"/>
<pin id="310" dir="0" index="6" bw="32" slack="75"/>
<pin id="311" dir="0" index="7" bw="32" slack="75"/>
<pin id="312" dir="0" index="8" bw="16" slack="75"/>
<pin id="313" dir="1" index="9" bw="0" slack="2147483647"/>
</pin_list>
<bind>
<opcode="call(48) " fcode="call"/>
<opset="call_ln727/154 "/>
</bind>
</comp>

<comp id="317" class="1004" name="grp_fu_317">
<pin_list>
<pin id="318" dir="0" index="0" bw="64" slack="0"/>
<pin id="319" dir="0" index="1" bw="64" slack="1"/>
<pin id="320" dir="1" index="2" bw="64" slack="0"/>
</pin_list>
<bind>
<opcode="add(8) " fcode="add"/>
<opset="add_ln645/2 add_ln652/6 add_ln727_1/153 "/>
</bind>
</comp>

<comp id="321" class="1005" name="reg_321">
<pin_list>
<pin id="322" dir="0" index="0" bw="64" slack="1"/>
<pin id="323" dir="1" index="1" bw="64" slack="1"/>
</pin_list>
<bind>
<opset="add_ln645 add_ln727_1 "/>
</bind>
</comp>

<comp id="327" class="1004" name="empty_fu_327">
<pin_list>
<pin id="328" dir="0" index="0" bw="32" slack="0"/>
<pin id="329" dir="1" index="1" bw="6" slack="0"/>
</pin_list>
<bind>
<opcode="trunc(33) " fcode="trunc"/>
<opset="empty/1 "/>
</bind>
</comp>

<comp id="331" class="1004" name="vector_blocks_fu_331">
<pin_list>
<pin id="332" dir="0" index="0" bw="6" slack="0"/>
<pin id="333" dir="0" index="1" bw="6" slack="0"/>
<pin id="334" dir="1" index="2" bw="1" slack="1"/>
</pin_list>
<bind>
<opcode="icmp(45) " fcode="icmp"/>
<opset="vector_blocks/1 "/>
</bind>
</comp>

<comp id="337" class="1004" name="conv2_fu_337">
<pin_list>
<pin id="338" dir="0" index="0" bw="32" slack="0"/>
<pin id="339" dir="1" index="1" bw="64" slack="1"/>
</pin_list>
<bind>
<opcode="zext(34) " fcode="zext"/>
<opset="conv2/1 "/>
</bind>
</comp>

<comp id="341" class="1004" name="vec_words_fu_341">
<pin_list>
<pin id="342" dir="0" index="0" bw="26" slack="0"/>
<pin id="343" dir="0" index="1" bw="32" slack="0"/>
<pin id="344" dir="0" index="2" bw="4" slack="0"/>
<pin id="345" dir="0" index="3" bw="6" slack="0"/>
<pin id="346" dir="1" index="4" bw="26" slack="0"/>
</pin_list>
<bind>
<opcode="partselect(1002) " fcode="partselect"/>
<opset="vec_words/1 "/>
</bind>
</comp>

<comp id="351" class="1004" name="vec_words_1_fu_351">
<pin_list>
<pin id="352" dir="0" index="0" bw="26" slack="0"/>
<pin id="353" dir="1" index="1" bw="32" slack="2"/>
</pin_list>
<bind>
<opcode="zext(34) " fcode="zext"/>
<opset="vec_words_1/1 "/>
</bind>
</comp>

<comp id="355" class="1004" name="tail_offset_fu_355">
<pin_list>
<pin id="356" dir="0" index="0" bw="32" slack="0"/>
<pin id="357" dir="0" index="1" bw="26" slack="0"/>
<pin id="358" dir="0" index="2" bw="1" slack="0"/>
<pin id="359" dir="1" index="3" bw="32" slack="0"/>
</pin_list>
<bind>
<opcode="bitconcatenate(1004) " fcode="bitconcatenate"/>
<opset="tail_offset/1 "/>
</bind>
</comp>

<comp id="363" class="1004" name="tail_bytes_fu_363">
<pin_list>
<pin id="364" dir="0" index="0" bw="32" slack="0"/>
<pin id="365" dir="0" index="1" bw="32" slack="0"/>
<pin id="366" dir="1" index="2" bw="32" slack="0"/>
</pin_list>
<bind>
<opcode="sub(10) " fcode="sub"/>
<opset="tail_bytes/1 "/>
</bind>
</comp>

<comp id="369" class="1004" name="empty_28_fu_369">
<pin_list>
<pin id="370" dir="0" index="0" bw="32" slack="0"/>
<pin id="371" dir="1" index="1" bw="1" slack="77"/>
</pin_list>
<bind>
<opcode="trunc(33) " fcode="trunc"/>
<opset="empty_28/1 "/>
</bind>
</comp>

<comp id="373" class="1004" name="sub136_i_fu_373">
<pin_list>
<pin id="374" dir="0" index="0" bw="32" slack="0"/>
<pin id="375" dir="0" index="1" bw="1" slack="0"/>
<pin id="376" dir="1" index="2" bw="32" slack="0"/>
</pin_list>
<bind>
<opcode="add(8) " fcode="add"/>
<opset="sub136_i/1 "/>
</bind>
</comp>

<comp id="379" class="1004" name="idxprom137_i_fu_379">
<pin_list>
<pin id="380" dir="0" index="0" bw="32" slack="0"/>
<pin id="381" dir="1" index="1" bw="64" slack="77"/>
</pin_list>
<bind>
<opcode="zext(34) " fcode="zext"/>
<opset="idxprom137_i/1 "/>
</bind>
</comp>

<comp id="383" class="1004" name="cmp_i211268_fu_383">
<pin_list>
<pin id="384" dir="0" index="0" bw="26" slack="0"/>
<pin id="385" dir="0" index="1" bw="26" slack="0"/>
<pin id="386" dir="1" index="2" bw="1" slack="1"/>
</pin_list>
<bind>
<opcode="icmp(45) " fcode="icmp"/>
<opset="cmp_i211268/1 "/>
</bind>
</comp>

<comp id="389" class="1004" name="tmp_fu_389">
<pin_list>
<pin id="390" dir="0" index="0" bw="31" slack="0"/>
<pin id="391" dir="0" index="1" bw="32" slack="0"/>
<pin id="392" dir="0" index="2" bw="1" slack="0"/>
<pin id="393" dir="0" index="3" bw="6" slack="0"/>
<pin id="394" dir="1" index="4" bw="31" slack="0"/>
</pin_list>
<bind>
<opcode="partselect(1002) " fcode="partselect"/>
<opset="tmp/1 "/>
</bind>
</comp>

<comp id="399" class="1004" name="icmp_fu_399">
<pin_list>
<pin id="400" dir="0" index="0" bw="31" slack="0"/>
<pin id="401" dir="0" index="1" bw="31" slack="0"/>
<pin id="402" dir="1" index="2" bw="1" slack="1"/>
</pin_list>
<bind>
<opcode="icmp(45) " fcode="icmp"/>
<opset="icmp/1 "/>
</bind>
</comp>

<comp id="405" class="1004" name="tmp_2_fu_405">
<pin_list>
<pin id="406" dir="0" index="0" bw="31" slack="0"/>
<pin id="407" dir="0" index="1" bw="32" slack="0"/>
<pin id="408" dir="0" index="2" bw="1" slack="0"/>
<pin id="409" dir="0" index="3" bw="6" slack="0"/>
<pin id="410" dir="1" index="4" bw="31" slack="0"/>
</pin_list>
<bind>
<opcode="partselect(1002) " fcode="partselect"/>
<opset="tmp_2/1 "/>
</bind>
</comp>

<comp id="415" class="1004" name="icmp39_fu_415">
<pin_list>
<pin id="416" dir="0" index="0" bw="31" slack="0"/>
<pin id="417" dir="0" index="1" bw="31" slack="0"/>
<pin id="418" dir="1" index="2" bw="1" slack="74"/>
</pin_list>
<bind>
<opcode="icmp(45) " fcode="icmp"/>
<opset="icmp39/1 "/>
</bind>
</comp>

<comp id="421" class="1004" name="trunc_ln774_fu_421">
<pin_list>
<pin id="422" dir="0" index="0" bw="64" slack="0"/>
<pin id="423" dir="1" index="1" bw="6" slack="151"/>
</pin_list>
<bind>
<opcode="trunc(33) " fcode="trunc"/>
<opset="trunc_ln774/1 "/>
</bind>
</comp>

<comp id="425" class="1004" name="trunc_ln735_fu_425">
<pin_list>
<pin id="426" dir="0" index="0" bw="64" slack="0"/>
<pin id="427" dir="1" index="1" bw="6" slack="77"/>
</pin_list>
<bind>
<opcode="trunc(33) " fcode="trunc"/>
<opset="trunc_ln735/1 "/>
</bind>
</comp>

<comp id="429" class="1004" name="store_ln758_store_fu_429">
<pin_list>
<pin id="430" dir="0" index="0" bw="1" slack="0"/>
<pin id="431" dir="0" index="1" bw="32" slack="0"/>
<pin id="432" dir="1" index="2" bw="0" slack="2147483647"/>
</pin_list>
<bind>
<opcode="store(28) " fcode="store"/>
<opset="store_ln758/1 "/>
</bind>
</comp>

<comp id="434" class="1004" name="store_ln758_store_fu_434">
<pin_list>
<pin id="435" dir="0" index="0" bw="1" slack="0"/>
<pin id="436" dir="0" index="1" bw="64" slack="0"/>
<pin id="437" dir="1" index="2" bw="0" slack="2147483647"/>
</pin_list>
<bind>
<opcode="store(28) " fcode="store"/>
<opset="store_ln758/1 "/>
</bind>
</comp>

<comp id="439" class="1004" name="chunk_offset_1_load_fu_439">
<pin_list>
<pin id="440" dir="0" index="0" bw="64" slack="1"/>
<pin id="441" dir="1" index="1" bw="64" slack="0"/>
</pin_list>
<bind>
<opcode="load(27) " fcode="load"/>
<opset="chunk_offset_1/2 "/>
</bind>
</comp>

<comp id="443" class="1004" name="c_1_load_fu_443">
<pin_list>
<pin id="444" dir="0" index="0" bw="32" slack="1"/>
<pin id="445" dir="1" index="1" bw="32" slack="0"/>
</pin_list>
<bind>
<opcode="load(27) " fcode="load"/>
<opset="c_1/2 "/>
</bind>
</comp>

<comp id="446" class="1004" name="add_ln758_1_fu_446">
<pin_list>
<pin id="447" dir="0" index="0" bw="64" slack="0"/>
<pin id="448" dir="0" index="1" bw="32" slack="1"/>
<pin id="449" dir="1" index="2" bw="64" slack="150"/>
</pin_list>
<bind>
<opcode="add(8) " fcode="add"/>
<opset="add_ln758_1/2 "/>
</bind>
</comp>

<comp id="451" class="1004" name="icmp_ln758_fu_451">
<pin_list>
<pin id="452" dir="0" index="0" bw="32" slack="0"/>
<pin id="453" dir="0" index="1" bw="32" slack="1"/>
<pin id="454" dir="1" index="2" bw="1" slack="2147483647"/>
</pin_list>
<bind>
<opcode="icmp(45) " fcode="icmp"/>
<opset="icmp_ln758/2 "/>
</bind>
</comp>

<comp id="456" class="1004" name="add_ln758_fu_456">
<pin_list>
<pin id="457" dir="0" index="0" bw="32" slack="0"/>
<pin id="458" dir="0" index="1" bw="1" slack="0"/>
<pin id="459" dir="1" index="2" bw="32" slack="150"/>
</pin_list>
<bind>
<opcode="add(8) " fcode="add"/>
<opset="add_ln758/2 "/>
</bind>
</comp>

<comp id="462" class="1004" name="tmp_3_fu_462">
<pin_list>
<pin id="463" dir="0" index="0" bw="58" slack="0"/>
<pin id="464" dir="0" index="1" bw="64" slack="0"/>
<pin id="465" dir="0" index="2" bw="4" slack="0"/>
<pin id="466" dir="0" index="3" bw="7" slack="0"/>
<pin id="467" dir="1" index="4" bw="58" slack="0"/>
</pin_list>
<bind>
<opcode="partselect(1002) " fcode="partselect"/>
<opset="tmp_3/2 "/>
</bind>
</comp>

<comp id="472" class="1004" name="and_ln_fu_472">
<pin_list>
<pin id="473" dir="0" index="0" bw="64" slack="0"/>
<pin id="474" dir="0" index="1" bw="58" slack="0"/>
<pin id="475" dir="0" index="2" bw="1" slack="0"/>
<pin id="476" dir="1" index="3" bw="64" slack="0"/>
</pin_list>
<bind>
<opcode="bitconcatenate(1004) " fcode="bitconcatenate"/>
<opset="and_ln/2 "/>
</bind>
</comp>

<comp id="480" class="1004" name="add_ln761_fu_480">
<pin_list>
<pin id="481" dir="0" index="0" bw="64" slack="0"/>
<pin id="482" dir="0" index="1" bw="64" slack="1"/>
<pin id="483" dir="1" index="2" bw="64" slack="0"/>
</pin_list>
<bind>
<opcode="add(8) " fcode="add"/>
<opset="add_ln761/2 "/>
</bind>
</comp>

<comp id="485" class="1004" name="trunc_ln645_fu_485">
<pin_list>
<pin id="486" dir="0" index="0" bw="64" slack="0"/>
<pin id="487" dir="1" index="1" bw="6" slack="1"/>
</pin_list>
<bind>
<opcode="trunc(33) " fcode="trunc"/>
<opset="trunc_ln645/2 "/>
</bind>
</comp>

<comp id="489" class="1004" name="trunc_ln_fu_489">
<pin_list>
<pin id="490" dir="0" index="0" bw="58" slack="0"/>
<pin id="491" dir="0" index="1" bw="64" slack="0"/>
<pin id="492" dir="0" index="2" bw="4" slack="0"/>
<pin id="493" dir="0" index="3" bw="7" slack="0"/>
<pin id="494" dir="1" index="4" bw="58" slack="1"/>
</pin_list>
<bind>
<opcode="partselect(1002) " fcode="partselect"/>
<opset="trunc_ln/2 "/>
</bind>
</comp>

<comp id="499" class="1004" name="sum_V_1_loc_load_load_fu_499">
<pin_list>
<pin id="500" dir="0" index="0" bw="17" slack="4"/>
<pin id="501" dir="1" index="1" bw="17" slack="2147483647"/>
</pin_list>
<bind>
<opcode="load(27) " fcode="load"/>
<opset="sum_V_1_loc_load/5 "/>
</bind>
</comp>

<comp id="502" class="1004" name="i_1_loc_load_load_fu_502">
<pin_list>
<pin id="503" dir="0" index="0" bw="32" slack="4"/>
<pin id="504" dir="1" index="1" bw="32" slack="2147483647"/>
</pin_list>
<bind>
<opcode="load(27) " fcode="load"/>
<opset="i_1_loc_load/5 "/>
</bind>
</comp>

<comp id="505" class="1004" name="icmp_ln650_fu_505">
<pin_list>
<pin id="506" dir="0" index="0" bw="32" slack="0"/>
<pin id="507" dir="0" index="1" bw="32" slack="5"/>
<pin id="508" dir="1" index="2" bw="1" slack="2147483647"/>
</pin_list>
<bind>
<opcode="icmp(45) " fcode="icmp"/>
<opset="icmp_ln650/6 "/>
</bind>
</comp>

<comp id="510" class="1004" name="zext_ln652_fu_510">
<pin_list>
<pin id="511" dir="0" index="0" bw="32" slack="0"/>
<pin id="512" dir="1" index="1" bw="64" slack="0"/>
</pin_list>
<bind>
<opcode="zext(34) " fcode="zext"/>
<opset="zext_ln652/6 "/>
</bind>
</comp>

<comp id="514" class="1004" name="trunc_ln652_fu_514">
<pin_list>
<pin id="515" dir="0" index="0" bw="32" slack="0"/>
<pin id="516" dir="1" index="1" bw="6" slack="0"/>
</pin_list>
<bind>
<opcode="trunc(33) " fcode="trunc"/>
<opset="trunc_ln652/6 "/>
</bind>
</comp>

<comp id="518" class="1004" name="trunc_ln652_1_fu_518">
<pin_list>
<pin id="519" dir="0" index="0" bw="64" slack="0"/>
<pin id="520" dir="1" index="1" bw="6" slack="0"/>
</pin_list>
<bind>
<opcode="trunc(33) " fcode="trunc"/>
<opset="trunc_ln652_1/6 "/>
</bind>
</comp>

<comp id="522" class="1004" name="add_ln652_1_fu_522">
<pin_list>
<pin id="523" dir="0" index="0" bw="64" slack="0"/>
<pin id="524" dir="0" index="1" bw="32" slack="0"/>
<pin id="525" dir="1" index="2" bw="64" slack="0"/>
</pin_list>
<bind>
<opcode="add(8) " fcode="add"/>
<opset="add_ln652_1/6 "/>
</bind>
</comp>

<comp id="528" class="1004" name="trunc_ln652_2_fu_528">
<pin_list>
<pin id="529" dir="0" index="0" bw="58" slack="0"/>
<pin id="530" dir="0" index="1" bw="64" slack="0"/>
<pin id="531" dir="0" index="2" bw="4" slack="0"/>
<pin id="532" dir="0" index="3" bw="7" slack="0"/>
<pin id="533" dir="1" index="4" bw="58" slack="1"/>
</pin_list>
<bind>
<opcode="partselect(1002) " fcode="partselect"/>
<opset="trunc_ln652_2/6 "/>
</bind>
</comp>

<comp id="538" class="1004" name="add_ln652_2_fu_538">
<pin_list>
<pin id="539" dir="0" index="0" bw="6" slack="0"/>
<pin id="540" dir="0" index="1" bw="6" slack="0"/>
<pin id="541" dir="1" index="2" bw="6" slack="72"/>
</pin_list>
<bind>
<opcode="add(8) " fcode="add"/>
<opset="add_ln652_2/6 "/>
</bind>
</comp>

<comp id="544" class="1004" name="sext_ln652_fu_544">
<pin_list>
<pin id="545" dir="0" index="0" bw="58" slack="1"/>
<pin id="546" dir="1" index="1" bw="64" slack="0"/>
</pin_list>
<bind>
<opcode="sext(35) " fcode="sext"/>
<opset="sext_ln652/7 "/>
</bind>
</comp>

<comp id="547" class="1004" name="gmem0_addr_3_fu_547">
<pin_list>
<pin id="548" dir="0" index="0" bw="64" slack="0"/>
<pin id="549" dir="0" index="1" bw="64" slack="0"/>
<pin id="550" dir="1" index="2" bw="64" slack="0"/>
</pin_list>
<bind>
<opcode="getelementptr(29) " fcode="getelementptr"/>
<opset="gmem0_addr_3/7 "/>
</bind>
</comp>

<comp id="554" class="1004" name="shl_ln1_fu_554">
<pin_list>
<pin id="555" dir="0" index="0" bw="9" slack="0"/>
<pin id="556" dir="0" index="1" bw="6" slack="72"/>
<pin id="557" dir="0" index="2" bw="1" slack="0"/>
<pin id="558" dir="1" index="3" bw="9" slack="0"/>
</pin_list>
<bind>
<opcode="bitconcatenate(1004) " fcode="bitconcatenate"/>
<opset="shl_ln1/78 "/>
</bind>
</comp>

<comp id="561" class="1004" name="zext_ln652_1_fu_561">
<pin_list>
<pin id="562" dir="0" index="0" bw="9" slack="0"/>
<pin id="563" dir="1" index="1" bw="512" slack="0"/>
</pin_list>
<bind>
<opcode="zext(34) " fcode="zext"/>
<opset="zext_ln652_1/78 "/>
</bind>
</comp>

<comp id="565" class="1004" name="lshr_ln652_fu_565">
<pin_list>
<pin id="566" dir="0" index="0" bw="512" slack="1"/>
<pin id="567" dir="0" index="1" bw="9" slack="0"/>
<pin id="568" dir="1" index="2" bw="512" slack="0"/>
</pin_list>
<bind>
<opcode="lshr(21) " fcode="lshr"/>
<opset="lshr_ln652/78 "/>
</bind>
</comp>

<comp id="570" class="1004" name="trunc_ln1715_fu_570">
<pin_list>
<pin id="571" dir="0" index="0" bw="512" slack="0"/>
<pin id="572" dir="1" index="1" bw="8" slack="1"/>
</pin_list>
<bind>
<opcode="trunc(33) " fcode="trunc"/>
<opset="trunc_ln1715/78 "/>
</bind>
</comp>

<comp id="574" class="1004" name="r_V_5_fu_574">
<pin_list>
<pin id="575" dir="0" index="0" bw="16" slack="0"/>
<pin id="576" dir="0" index="1" bw="8" slack="1"/>
<pin id="577" dir="0" index="2" bw="1" slack="0"/>
<pin id="578" dir="1" index="3" bw="16" slack="0"/>
</pin_list>
<bind>
<opcode="bitconcatenate(1004) " fcode="bitconcatenate"/>
<opset="r_V_5/79 "/>
</bind>
</comp>

<comp id="581" class="1004" name="zext_ln232_fu_581">
<pin_list>
<pin id="582" dir="0" index="0" bw="16" slack="0"/>
<pin id="583" dir="1" index="1" bw="17" slack="0"/>
</pin_list>
<bind>
<opcode="zext(34) " fcode="zext"/>
<opset="zext_ln232/79 "/>
</bind>
</comp>

<comp id="585" class="1004" name="trunc_ln232_fu_585">
<pin_list>
<pin id="586" dir="0" index="0" bw="17" slack="73"/>
<pin id="587" dir="1" index="1" bw="16" slack="0"/>
</pin_list>
<bind>
<opcode="trunc(33) " fcode="trunc"/>
<opset="trunc_ln232/79 "/>
</bind>
</comp>

<comp id="589" class="1004" name="tmp_4_fu_589">
<pin_list>
<pin id="590" dir="0" index="0" bw="17" slack="73"/>
<pin id="591" dir="0" index="1" bw="16" slack="0"/>
<pin id="592" dir="1" index="2" bw="17" slack="0"/>
</pin_list>
<bind>
<opcode="add(8) " fcode="add"/>
<opset="tmp_4/79 "/>
</bind>
</comp>

<comp id="595" class="1004" name="add_ln630_fu_595">
<pin_list>
<pin id="596" dir="0" index="0" bw="16" slack="0"/>
<pin id="597" dir="0" index="1" bw="16" slack="0"/>
<pin id="598" dir="1" index="2" bw="16" slack="0"/>
</pin_list>
<bind>
<opcode="add(8) " fcode="add"/>
<opset="add_ln630/79 "/>
</bind>
</comp>

<comp id="601" class="1004" name="zext_ln1715_1_fu_601">
<pin_list>
<pin id="602" dir="0" index="0" bw="16" slack="0"/>
<pin id="603" dir="1" index="1" bw="17" slack="0"/>
</pin_list>
<bind>
<opcode="zext(34) " fcode="zext"/>
<opset="zext_ln1715_1/79 "/>
</bind>
</comp>

<comp id="605" class="1004" name="r_V_fu_605">
<pin_list>
<pin id="606" dir="0" index="0" bw="1" slack="0"/>
<pin id="607" dir="0" index="1" bw="17" slack="0"/>
<pin id="608" dir="0" index="2" bw="6" slack="0"/>
<pin id="609" dir="1" index="3" bw="1" slack="0"/>
</pin_list>
<bind>
<opcode="bitselect(1000) " fcode="bitselect"/>
<opset="r_V/79 "/>
</bind>
</comp>

<comp id="613" class="1004" name="zext_ln1715_fu_613">
<pin_list>
<pin id="614" dir="0" index="0" bw="1" slack="0"/>
<pin id="615" dir="1" index="1" bw="17" slack="0"/>
</pin_list>
<bind>
<opcode="zext(34) " fcode="zext"/>
<opset="zext_ln1715/79 "/>
</bind>
</comp>

<comp id="617" class="1004" name="sum_V_fu_617">
<pin_list>
<pin id="618" dir="0" index="0" bw="16" slack="0"/>
<pin id="619" dir="0" index="1" bw="1" slack="0"/>
<pin id="620" dir="1" index="2" bw="17" slack="1"/>
</pin_list>
<bind>
<opcode="add(8) " fcode="add"/>
<opset="sum_V/79 "/>
</bind>
</comp>

<comp id="623" class="1004" name="trunc_ln232_1_fu_623">
<pin_list>
<pin id="624" dir="0" index="0" bw="17" slack="0"/>
<pin id="625" dir="1" index="1" bw="16" slack="0"/>
</pin_list>
<bind>
<opcode="trunc(33) " fcode="trunc"/>
<opset="trunc_ln232_1/80 "/>
</bind>
</comp>

<comp id="627" class="1004" name="tmp_6_fu_627">
<pin_list>
<pin id="628" dir="0" index="0" bw="1" slack="0"/>
<pin id="629" dir="0" index="1" bw="17" slack="0"/>
<pin id="630" dir="0" index="2" bw="6" slack="0"/>
<pin id="631" dir="1" index="3" bw="1" slack="0"/>
</pin_list>
<bind>
<opcode="bitselect(1000) " fcode="bitselect"/>
<opset="tmp_6/80 "/>
</bind>
</comp>

<comp id="635" class="1004" name="zext_ln232_61_fu_635">
<pin_list>
<pin id="636" dir="0" index="0" bw="1" slack="0"/>
<pin id="637" dir="1" index="1" bw="16" slack="0"/>
</pin_list>
<bind>
<opcode="zext(34) " fcode="zext"/>
<opset="zext_ln232_61/80 "/>
</bind>
</comp>

<comp id="639" class="1004" name="folded_V_fu_639">
<pin_list>
<pin id="640" dir="0" index="0" bw="1" slack="0"/>
<pin id="641" dir="0" index="1" bw="16" slack="0"/>
<pin id="642" dir="1" index="2" bw="16" slack="73"/>
</pin_list>
<bind>
<opcode="add(8) " fcode="add"/>
<opset="folded_V/80 "/>
</bind>
</comp>

<comp id="645" class="1004" name="sext_ln670_fu_645">
<pin_list>
<pin id="646" dir="0" index="0" bw="58" slack="1"/>
<pin id="647" dir="1" index="1" bw="64" slack="0"/>
</pin_list>
<bind>
<opcode="sext(35) " fcode="sext"/>
<opset="sext_ln670/81 "/>
</bind>
</comp>

<comp id="648" class="1004" name="gmem0_addr_fu_648">
<pin_list>
<pin id="649" dir="0" index="0" bw="64" slack="0"/>
<pin id="650" dir="0" index="1" bw="64" slack="0"/>
<pin id="651" dir="1" index="2" bw="64" slack="0"/>
</pin_list>
<bind>
<opcode="getelementptr(29) " fcode="getelementptr"/>
<opset="gmem0_addr/81 "/>
</bind>
</comp>

<comp id="655" class="1004" name="sum_V_2_loc_load_load_fu_655">
<pin_list>
<pin id="656" dir="0" index="0" bw="47" slack="74"/>
<pin id="657" dir="1" index="1" bw="47" slack="0"/>
</pin_list>
<bind>
<opcode="load(27) " fcode="load"/>
<opset="sum_V_2_loc_load/153 "/>
</bind>
</comp>

<comp id="659" class="1004" name="trunc_ln719_fu_659">
<pin_list>
<pin id="660" dir="0" index="0" bw="47" slack="0"/>
<pin id="661" dir="1" index="1" bw="32" slack="3"/>
</pin_list>
<bind>
<opcode="trunc(33) " fcode="trunc"/>
<opset="trunc_ln719/153 "/>
</bind>
</comp>

<comp id="663" class="1004" name="trunc_ln727_fu_663">
<pin_list>
<pin id="664" dir="0" index="0" bw="64" slack="0"/>
<pin id="665" dir="1" index="1" bw="6" slack="1"/>
</pin_list>
<bind>
<opcode="trunc(33) " fcode="trunc"/>
<opset="trunc_ln727/153 "/>
</bind>
</comp>

<comp id="667" class="1004" name="sum_V_7_loc_load_load_fu_667">
<pin_list>
<pin id="668" dir="0" index="0" bw="32" slack="77"/>
<pin id="669" dir="1" index="1" bw="32" slack="0"/>
</pin_list>
<bind>
<opcode="load(27) " fcode="load"/>
<opset="sum_V_7_loc_load/156 "/>
</bind>
</comp>

<comp id="670" class="1004" name="ret_V_33_loc_load_load_fu_670">
<pin_list>
<pin id="671" dir="0" index="0" bw="16" slack="77"/>
<pin id="672" dir="1" index="1" bw="16" slack="0"/>
</pin_list>
<bind>
<opcode="load(27) " fcode="load"/>
<opset="ret_V_33_loc_load/156 "/>
</bind>
</comp>

<comp id="673" class="1004" name="zext_ln886_fu_673">
<pin_list>
<pin id="674" dir="0" index="0" bw="16" slack="0"/>
<pin id="675" dir="1" index="1" bw="32" slack="0"/>
</pin_list>
<bind>
<opcode="zext(34) " fcode="zext"/>
<opset="zext_ln886/156 "/>
</bind>
</comp>

<comp id="677" class="1004" name="add_ln723_1_fu_677">
<pin_list>
<pin id="678" dir="0" index="0" bw="16" slack="0"/>
<pin id="679" dir="0" index="1" bw="32" slack="0"/>
<pin id="680" dir="1" index="2" bw="32" slack="0"/>
</pin_list>
<bind>
<opcode="add(8) " fcode="add"/>
<opset="add_ln723_1/156 "/>
</bind>
</comp>

<comp id="684" class="1004" name="add_ln735_fu_684">
<pin_list>
<pin id="685" dir="0" index="0" bw="64" slack="2147483647"/>
<pin id="686" dir="0" index="1" bw="32" slack="77"/>
<pin id="687" dir="1" index="2" bw="64" slack="0"/>
</pin_list>
<bind>
<opcode="add(8) " fcode="add"/>
<opset="add_ln735/156 "/>
</bind>
</comp>

<comp id="688" class="1004" name="trunc_ln735_2_fu_688">
<pin_list>
<pin id="689" dir="0" index="0" bw="64" slack="0"/>
<pin id="690" dir="1" index="1" bw="6" slack="0"/>
</pin_list>
<bind>
<opcode="trunc(33) " fcode="trunc"/>
<opset="trunc_ln735_2/156 "/>
</bind>
</comp>

<comp id="692" class="1004" name="add_ln735_1_fu_692">
<pin_list>
<pin id="693" dir="0" index="0" bw="64" slack="0"/>
<pin id="694" dir="0" index="1" bw="64" slack="77"/>
<pin id="695" dir="1" index="2" bw="64" slack="0"/>
</pin_list>
<bind>
<opcode="add(8) " fcode="add"/>
<opset="add_ln735_1/156 "/>
</bind>
</comp>

<comp id="697" class="1004" name="trunc_ln735_1_fu_697">
<pin_list>
<pin id="698" dir="0" index="0" bw="58" slack="0"/>
<pin id="699" dir="0" index="1" bw="64" slack="0"/>
<pin id="700" dir="0" index="2" bw="4" slack="0"/>
<pin id="701" dir="0" index="3" bw="7" slack="0"/>
<pin id="702" dir="1" index="4" bw="58" slack="1"/>
</pin_list>
<bind>
<opcode="partselect(1002) " fcode="partselect"/>
<opset="trunc_ln735_1/156 "/>
</bind>
</comp>

<comp id="707" class="1004" name="add_ln735_2_fu_707">
<pin_list>
<pin id="708" dir="0" index="0" bw="6" slack="0"/>
<pin id="709" dir="0" index="1" bw="6" slack="77"/>
<pin id="710" dir="1" index="2" bw="6" slack="72"/>
</pin_list>
<bind>
<opcode="add(8) " fcode="add"/>
<opset="add_ln735_2/156 "/>
</bind>
</comp>

<comp id="712" class="1004" name="sext_ln735_fu_712">
<pin_list>
<pin id="713" dir="0" index="0" bw="58" slack="1"/>
<pin id="714" dir="1" index="1" bw="64" slack="0"/>
</pin_list>
<bind>
<opcode="sext(35) " fcode="sext"/>
<opset="sext_ln735/157 "/>
</bind>
</comp>

<comp id="715" class="1004" name="gmem0_addr_4_fu_715">
<pin_list>
<pin id="716" dir="0" index="0" bw="64" slack="0"/>
<pin id="717" dir="0" index="1" bw="64" slack="0"/>
<pin id="718" dir="1" index="2" bw="64" slack="0"/>
</pin_list>
<bind>
<opcode="getelementptr(29) " fcode="getelementptr"/>
<opset="gmem0_addr_4/157 "/>
</bind>
</comp>

<comp id="722" class="1004" name="shl_ln3_fu_722">
<pin_list>
<pin id="723" dir="0" index="0" bw="9" slack="0"/>
<pin id="724" dir="0" index="1" bw="6" slack="72"/>
<pin id="725" dir="0" index="2" bw="1" slack="0"/>
<pin id="726" dir="1" index="3" bw="9" slack="0"/>
</pin_list>
<bind>
<opcode="bitconcatenate(1004) " fcode="bitconcatenate"/>
<opset="shl_ln3/228 "/>
</bind>
</comp>

<comp id="729" class="1004" name="zext_ln735_fu_729">
<pin_list>
<pin id="730" dir="0" index="0" bw="9" slack="0"/>
<pin id="731" dir="1" index="1" bw="512" slack="0"/>
</pin_list>
<bind>
<opcode="zext(34) " fcode="zext"/>
<opset="zext_ln735/228 "/>
</bind>
</comp>

<comp id="733" class="1004" name="lshr_ln735_fu_733">
<pin_list>
<pin id="734" dir="0" index="0" bw="512" slack="1"/>
<pin id="735" dir="0" index="1" bw="9" slack="0"/>
<pin id="736" dir="1" index="2" bw="512" slack="0"/>
</pin_list>
<bind>
<opcode="lshr(21) " fcode="lshr"/>
<opset="lshr_ln735/228 "/>
</bind>
</comp>

<comp id="738" class="1004" name="trunc_ln1715_1_fu_738">
<pin_list>
<pin id="739" dir="0" index="0" bw="512" slack="0"/>
<pin id="740" dir="1" index="1" bw="8" slack="0"/>
</pin_list>
<bind>
<opcode="trunc(33) " fcode="trunc"/>
<opset="trunc_ln1715_1/228 "/>
</bind>
</comp>

<comp id="742" class="1004" name="r_V_4_fu_742">
<pin_list>
<pin id="743" dir="0" index="0" bw="16" slack="0"/>
<pin id="744" dir="0" index="1" bw="8" slack="0"/>
<pin id="745" dir="0" index="2" bw="1" slack="0"/>
<pin id="746" dir="1" index="3" bw="16" slack="0"/>
</pin_list>
<bind>
<opcode="bitconcatenate(1004) " fcode="bitconcatenate"/>
<opset="r_V_4/228 "/>
</bind>
</comp>

<comp id="750" class="1004" name="zext_ln886_2_fu_750">
<pin_list>
<pin id="751" dir="0" index="0" bw="16" slack="0"/>
<pin id="752" dir="1" index="1" bw="32" slack="0"/>
</pin_list>
<bind>
<opcode="zext(34) " fcode="zext"/>
<opset="zext_ln886_2/228 "/>
</bind>
</comp>

<comp id="754" class="1004" name="sum_V_7_fu_754">
<pin_list>
<pin id="755" dir="0" index="0" bw="32" slack="72"/>
<pin id="756" dir="0" index="1" bw="16" slack="0"/>
<pin id="757" dir="1" index="2" bw="32" slack="1"/>
</pin_list>
<bind>
<opcode="add(8) " fcode="add"/>
<opset="sum_V_7/228 "/>
</bind>
</comp>

<comp id="760" class="1004" name="trunc_ln739_fu_760">
<pin_list>
<pin id="761" dir="0" index="0" bw="32" slack="0"/>
<pin id="762" dir="1" index="1" bw="16" slack="0"/>
</pin_list>
<bind>
<opcode="trunc(33) " fcode="trunc"/>
<opset="trunc_ln739/229 "/>
</bind>
</comp>

<comp id="764" class="1004" name="zext_ln1715_2_fu_764">
<pin_list>
<pin id="765" dir="0" index="0" bw="16" slack="0"/>
<pin id="766" dir="1" index="1" bw="17" slack="0"/>
</pin_list>
<bind>
<opcode="zext(34) " fcode="zext"/>
<opset="zext_ln1715_2/229 "/>
</bind>
</comp>

<comp id="768" class="1004" name="trunc_ln8_fu_768">
<pin_list>
<pin id="769" dir="0" index="0" bw="16" slack="0"/>
<pin id="770" dir="0" index="1" bw="32" slack="0"/>
<pin id="771" dir="0" index="2" bw="6" slack="0"/>
<pin id="772" dir="0" index="3" bw="6" slack="0"/>
<pin id="773" dir="1" index="4" bw="16" slack="0"/>
</pin_list>
<bind>
<opcode="partselect(1002) " fcode="partselect"/>
<opset="trunc_ln8/229 "/>
</bind>
</comp>

<comp id="778" class="1004" name="zext_ln1715_3_fu_778">
<pin_list>
<pin id="779" dir="0" index="0" bw="16" slack="0"/>
<pin id="780" dir="1" index="1" bw="17" slack="0"/>
</pin_list>
<bind>
<opcode="zext(34) " fcode="zext"/>
<opset="zext_ln1715_3/229 "/>
</bind>
</comp>

<comp id="782" class="1004" name="folded_V_2_fu_782">
<pin_list>
<pin id="783" dir="0" index="0" bw="16" slack="0"/>
<pin id="784" dir="0" index="1" bw="16" slack="0"/>
<pin id="785" dir="1" index="2" bw="17" slack="0"/>
</pin_list>
<bind>
<opcode="add(8) " fcode="add"/>
<opset="folded_V_2/229 "/>
</bind>
</comp>

<comp id="788" class="1004" name="add_ln1543_fu_788">
<pin_list>
<pin id="789" dir="0" index="0" bw="16" slack="0"/>
<pin id="790" dir="0" index="1" bw="16" slack="0"/>
<pin id="791" dir="1" index="2" bw="16" slack="0"/>
</pin_list>
<bind>
<opcode="add(8) " fcode="add"/>
<opset="add_ln1543/229 "/>
</bind>
</comp>

<comp id="794" class="1004" name="zext_ln1715_4_fu_794">
<pin_list>
<pin id="795" dir="0" index="0" bw="16" slack="0"/>
<pin id="796" dir="1" index="1" bw="17" slack="0"/>
</pin_list>
<bind>
<opcode="zext(34) " fcode="zext"/>
<opset="zext_ln1715_4/229 "/>
</bind>
</comp>

<comp id="798" class="1004" name="r_V_2_fu_798">
<pin_list>
<pin id="799" dir="0" index="0" bw="1" slack="0"/>
<pin id="800" dir="0" index="1" bw="17" slack="0"/>
<pin id="801" dir="0" index="2" bw="6" slack="0"/>
<pin id="802" dir="1" index="3" bw="1" slack="0"/>
</pin_list>
<bind>
<opcode="bitselect(1000) " fcode="bitselect"/>
<opset="r_V_2/229 "/>
</bind>
</comp>

<comp id="806" class="1004" name="zext_ln1715_7_fu_806">
<pin_list>
<pin id="807" dir="0" index="0" bw="1" slack="0"/>
<pin id="808" dir="1" index="1" bw="17" slack="0"/>
</pin_list>
<bind>
<opcode="zext(34) " fcode="zext"/>
<opset="zext_ln1715_7/229 "/>
</bind>
</comp>

<comp id="810" class="1004" name="zext_ln1715_5_fu_810">
<pin_list>
<pin id="811" dir="0" index="0" bw="1" slack="0"/>
<pin id="812" dir="1" index="1" bw="16" slack="0"/>
</pin_list>
<bind>
<opcode="zext(34) " fcode="zext"/>
<opset="zext_ln1715_5/229 "/>
</bind>
</comp>

<comp id="814" class="1004" name="folded_V_3_fu_814">
<pin_list>
<pin id="815" dir="0" index="0" bw="16" slack="0"/>
<pin id="816" dir="0" index="1" bw="1" slack="0"/>
<pin id="817" dir="1" index="2" bw="17" slack="0"/>
</pin_list>
<bind>
<opcode="add(8) " fcode="add"/>
<opset="folded_V_3/229 "/>
</bind>
</comp>

<comp id="820" class="1004" name="add_ln1543_1_fu_820">
<pin_list>
<pin id="821" dir="0" index="0" bw="1" slack="0"/>
<pin id="822" dir="0" index="1" bw="16" slack="0"/>
<pin id="823" dir="1" index="2" bw="16" slack="0"/>
</pin_list>
<bind>
<opcode="add(8) " fcode="add"/>
<opset="add_ln1543_1/229 "/>
</bind>
</comp>

<comp id="826" class="1004" name="zext_ln1715_6_fu_826">
<pin_list>
<pin id="827" dir="0" index="0" bw="16" slack="0"/>
<pin id="828" dir="1" index="1" bw="17" slack="0"/>
</pin_list>
<bind>
<opcode="zext(34) " fcode="zext"/>
<opset="zext_ln1715_6/229 "/>
</bind>
</comp>

<comp id="830" class="1004" name="r_V_3_fu_830">
<pin_list>
<pin id="831" dir="0" index="0" bw="1" slack="0"/>
<pin id="832" dir="0" index="1" bw="17" slack="0"/>
<pin id="833" dir="0" index="2" bw="6" slack="0"/>
<pin id="834" dir="1" index="3" bw="1" slack="0"/>
</pin_list>
<bind>
<opcode="bitselect(1000) " fcode="bitselect"/>
<opset="r_V_3/229 "/>
</bind>
</comp>

<comp id="838" class="1004" name="zext_ln1715_8_fu_838">
<pin_list>
<pin id="839" dir="0" index="0" bw="1" slack="0"/>
<pin id="840" dir="1" index="1" bw="17" slack="0"/>
</pin_list>
<bind>
<opcode="zext(34) " fcode="zext"/>
<opset="zext_ln1715_8/229 "/>
</bind>
</comp>

<comp id="842" class="1004" name="folded_V_4_fu_842">
<pin_list>
<pin id="843" dir="0" index="0" bw="16" slack="0"/>
<pin id="844" dir="0" index="1" bw="1" slack="0"/>
<pin id="845" dir="1" index="2" bw="17" slack="0"/>
</pin_list>
<bind>
<opcode="add(8) " fcode="add"/>
<opset="folded_V_4/229 "/>
</bind>
</comp>

<comp id="848" class="1004" name="tmp_9_fu_848">
<pin_list>
<pin id="849" dir="0" index="0" bw="1" slack="0"/>
<pin id="850" dir="0" index="1" bw="17" slack="0"/>
<pin id="851" dir="0" index="2" bw="6" slack="0"/>
<pin id="852" dir="1" index="3" bw="1" slack="1"/>
</pin_list>
<bind>
<opcode="bitselect(1000) " fcode="bitselect"/>
<opset="tmp_9/229 "/>
</bind>
</comp>

<comp id="856" class="1004" name="zext_ln1543_fu_856">
<pin_list>
<pin id="857" dir="0" index="0" bw="1" slack="1"/>
<pin id="858" dir="1" index="1" bw="2" slack="0"/>
</pin_list>
<bind>
<opcode="zext(34) " fcode="zext"/>
<opset="zext_ln1543/230 "/>
</bind>
</comp>

<comp id="859" class="1004" name="zext_ln232_62_fu_859">
<pin_list>
<pin id="860" dir="0" index="0" bw="1" slack="1"/>
<pin id="861" dir="1" index="1" bw="2" slack="0"/>
</pin_list>
<bind>
<opcode="zext(34) " fcode="zext"/>
<opset="zext_ln232_62/230 "/>
</bind>
</comp>

<comp id="862" class="1004" name="zext_ln955_1_fu_862">
<pin_list>
<pin id="863" dir="0" index="0" bw="1" slack="1"/>
<pin id="864" dir="1" index="1" bw="2" slack="0"/>
</pin_list>
<bind>
<opcode="zext(34) " fcode="zext"/>
<opset="zext_ln955_1/230 "/>
</bind>
</comp>

<comp id="865" class="1004" name="add_ln955_1_fu_865">
<pin_list>
<pin id="866" dir="0" index="0" bw="1" slack="0"/>
<pin id="867" dir="0" index="1" bw="1" slack="0"/>
<pin id="868" dir="1" index="2" bw="2" slack="0"/>
</pin_list>
<bind>
<opcode="add(8) " fcode="add"/>
<opset="add_ln955_1/230 "/>
</bind>
</comp>

<comp id="871" class="1004" name="add_ln955_2_fu_871">
<pin_list>
<pin id="872" dir="0" index="0" bw="2" slack="0"/>
<pin id="873" dir="0" index="1" bw="1" slack="0"/>
<pin id="874" dir="1" index="2" bw="2" slack="0"/>
</pin_list>
<bind>
<opcode="add(8) " fcode="add"/>
<opset="add_ln955_2/230 "/>
</bind>
</comp>

<comp id="877" class="1004" name="zext_ln955_fu_877">
<pin_list>
<pin id="878" dir="0" index="0" bw="2" slack="0"/>
<pin id="879" dir="1" index="1" bw="16" slack="0"/>
</pin_list>
<bind>
<opcode="zext(34) " fcode="zext"/>
<opset="zext_ln955/230 "/>
</bind>
</comp>

<comp id="881" class="1004" name="add_ln955_fu_881">
<pin_list>
<pin id="882" dir="0" index="0" bw="2" slack="0"/>
<pin id="883" dir="0" index="1" bw="16" slack="1"/>
<pin id="884" dir="1" index="2" bw="16" slack="1"/>
</pin_list>
<bind>
<opcode="add(8) " fcode="add"/>
<opset="add_ln955/230 "/>
</bind>
</comp>

<comp id="886" class="1004" name="shl_ln4_fu_886">
<pin_list>
<pin id="887" dir="0" index="0" bw="34" slack="0"/>
<pin id="888" dir="0" index="1" bw="32" slack="2147483647"/>
<pin id="889" dir="0" index="2" bw="1" slack="0"/>
<pin id="890" dir="1" index="3" bw="34" slack="0"/>
</pin_list>
<bind>
<opcode="bitconcatenate(1004) " fcode="bitconcatenate"/>
<opset="shl_ln4/230 "/>
</bind>
</comp>

<comp id="893" class="1004" name="zext_ln774_2_fu_893">
<pin_list>
<pin id="894" dir="0" index="0" bw="34" slack="0"/>
<pin id="895" dir="1" index="1" bw="64" slack="0"/>
</pin_list>
<bind>
<opcode="zext(34) " fcode="zext"/>
<opset="zext_ln774_2/230 "/>
</bind>
</comp>

<comp id="897" class="1004" name="trunc_ln774_1_fu_897">
<pin_list>
<pin id="898" dir="0" index="0" bw="32" slack="2147483647"/>
<pin id="899" dir="1" index="1" bw="4" slack="0"/>
</pin_list>
<bind>
<opcode="trunc(33) " fcode="trunc"/>
<opset="trunc_ln774_1/230 "/>
</bind>
</comp>

<comp id="900" class="1004" name="trunc_ln774_2_fu_900">
<pin_list>
<pin id="901" dir="0" index="0" bw="6" slack="0"/>
<pin id="902" dir="0" index="1" bw="4" slack="0"/>
<pin id="903" dir="0" index="2" bw="1" slack="0"/>
<pin id="904" dir="1" index="3" bw="6" slack="0"/>
</pin_list>
<bind>
<opcode="bitconcatenate(1004) " fcode="bitconcatenate"/>
<opset="trunc_ln774_2/230 "/>
</bind>
</comp>

<comp id="908" class="1004" name="add_ln774_fu_908">
<pin_list>
<pin id="909" dir="0" index="0" bw="34" slack="0"/>
<pin id="910" dir="0" index="1" bw="64" slack="151"/>
<pin id="911" dir="1" index="2" bw="64" slack="0"/>
</pin_list>
<bind>
<opcode="add(8) " fcode="add"/>
<opset="add_ln774/230 "/>
</bind>
</comp>

<comp id="913" class="1004" name="add_ln774_1_fu_913">
<pin_list>
<pin id="914" dir="0" index="0" bw="6" slack="0"/>
<pin id="915" dir="0" index="1" bw="6" slack="151"/>
<pin id="916" dir="1" index="2" bw="6" slack="1"/>
</pin_list>
<bind>
<opcode="add(8) " fcode="add"/>
<opset="add_ln774_1/230 "/>
</bind>
</comp>

<comp id="918" class="1004" name="trunc_ln9_fu_918">
<pin_list>
<pin id="919" dir="0" index="0" bw="58" slack="0"/>
<pin id="920" dir="0" index="1" bw="64" slack="0"/>
<pin id="921" dir="0" index="2" bw="4" slack="0"/>
<pin id="922" dir="0" index="3" bw="7" slack="0"/>
<pin id="923" dir="1" index="4" bw="58" slack="1"/>
</pin_list>
<bind>
<opcode="partselect(1002) " fcode="partselect"/>
<opset="trunc_ln9/230 "/>
</bind>
</comp>

<comp id="928" class="1004" name="store_ln758_store_fu_928">
<pin_list>
<pin id="929" dir="0" index="0" bw="32" slack="150"/>
<pin id="930" dir="0" index="1" bw="32" slack="151"/>
<pin id="931" dir="1" index="2" bw="0" slack="2147483647"/>
</pin_list>
<bind>
<opcode="store(28) " fcode="store"/>
<opset="store_ln758/230 "/>
</bind>
</comp>

<comp id="932" class="1004" name="store_ln758_store_fu_932">
<pin_list>
<pin id="933" dir="0" index="0" bw="64" slack="150"/>
<pin id="934" dir="0" index="1" bw="64" slack="151"/>
<pin id="935" dir="1" index="2" bw="0" slack="2147483647"/>
</pin_list>
<bind>
<opcode="store(28) " fcode="store"/>
<opset="store_ln758/230 "/>
</bind>
</comp>

<comp id="936" class="1004" name="checksum_V_fu_936">
<pin_list>
<pin id="937" dir="0" index="0" bw="16" slack="0"/>
<pin id="938" dir="0" index="1" bw="16" slack="0"/>
<pin id="939" dir="1" index="2" bw="16" slack="0"/>
</pin_list>
<bind>
<opcode="xor(25) " fcode="xor"/>
<opset="checksum_V/231 "/>
</bind>
</comp>

<comp id="942" class="1004" name="zext_ln774_fu_942">
<pin_list>
<pin id="943" dir="0" index="0" bw="16" slack="0"/>
<pin id="944" dir="1" index="1" bw="512" slack="0"/>
</pin_list>
<bind>
<opcode="zext(34) " fcode="zext"/>
<opset="zext_ln774/231 "/>
</bind>
</comp>

<comp id="946" class="1004" name="zext_ln774_1_fu_946">
<pin_list>
<pin id="947" dir="0" index="0" bw="6" slack="1"/>
<pin id="948" dir="1" index="1" bw="64" slack="0"/>
</pin_list>
<bind>
<opcode="zext(34) " fcode="zext"/>
<opset="zext_ln774_1/231 "/>
</bind>
</comp>

<comp id="949" class="1004" name="shl_ln774_fu_949">
<pin_list>
<pin id="950" dir="0" index="0" bw="5" slack="0"/>
<pin id="951" dir="0" index="1" bw="6" slack="0"/>
<pin id="952" dir="1" index="2" bw="64" slack="1"/>
</pin_list>
<bind>
<opcode="shl(20) " fcode="shl"/>
<opset="shl_ln774/231 "/>
</bind>
</comp>

<comp id="955" class="1004" name="shl_ln774_2_fu_955">
<pin_list>
<pin id="956" dir="0" index="0" bw="9" slack="0"/>
<pin id="957" dir="0" index="1" bw="6" slack="1"/>
<pin id="958" dir="0" index="2" bw="1" slack="0"/>
<pin id="959" dir="1" index="3" bw="9" slack="0"/>
</pin_list>
<bind>
<opcode="bitconcatenate(1004) " fcode="bitconcatenate"/>
<opset="shl_ln774_2/231 "/>
</bind>
</comp>

<comp id="962" class="1004" name="zext_ln774_3_fu_962">
<pin_list>
<pin id="963" dir="0" index="0" bw="9" slack="0"/>
<pin id="964" dir="1" index="1" bw="512" slack="0"/>
</pin_list>
<bind>
<opcode="zext(34) " fcode="zext"/>
<opset="zext_ln774_3/231 "/>
</bind>
</comp>

<comp id="966" class="1004" name="shl_ln774_1_fu_966">
<pin_list>
<pin id="967" dir="0" index="0" bw="16" slack="0"/>
<pin id="968" dir="0" index="1" bw="9" slack="0"/>
<pin id="969" dir="1" index="2" bw="512" slack="1"/>
</pin_list>
<bind>
<opcode="shl(20) " fcode="shl"/>
<opset="shl_ln774_1/231 "/>
</bind>
</comp>

<comp id="972" class="1004" name="sext_ln774_fu_972">
<pin_list>
<pin id="973" dir="0" index="0" bw="58" slack="1"/>
<pin id="974" dir="1" index="1" bw="64" slack="0"/>
</pin_list>
<bind>
<opcode="sext(35) " fcode="sext"/>
<opset="sext_ln774/231 "/>
</bind>
</comp>

<comp id="975" class="1004" name="gmem0_addr_5_fu_975">
<pin_list>
<pin id="976" dir="0" index="0" bw="64" slack="0"/>
<pin id="977" dir="0" index="1" bw="64" slack="0"/>
<pin id="978" dir="1" index="2" bw="64" slack="0"/>
</pin_list>
<bind>
<opcode="getelementptr(29) " fcode="getelementptr"/>
<opset="gmem0_addr_5/231 "/>
</bind>
</comp>

<comp id="982" class="1005" name="chunk_offset_reg_982">
<pin_list>
<pin id="983" dir="0" index="0" bw="64" slack="0"/>
<pin id="984" dir="1" index="1" bw="64" slack="0"/>
</pin_list>
<bind>
<opset="chunk_offset "/>
</bind>
</comp>

<comp id="989" class="1005" name="c_reg_989">
<pin_list>
<pin id="990" dir="0" index="0" bw="32" slack="0"/>
<pin id="991" dir="1" index="1" bw="32" slack="0"/>
</pin_list>
<bind>
<opset="c "/>
</bind>
</comp>

<comp id="996" class="1005" name="chunkSize_read_reg_996">
<pin_list>
<pin id="997" dir="0" index="0" bw="32" slack="2"/>
<pin id="998" dir="1" index="1" bw="32" slack="2"/>
</pin_list>
<bind>
<opset="chunkSize_read "/>
</bind>
</comp>

<comp id="1002" class="1005" name="numChunks_read_reg_1002">
<pin_list>
<pin id="1003" dir="0" index="0" bw="32" slack="1"/>
<pin id="1004" dir="1" index="1" bw="32" slack="1"/>
</pin_list>
<bind>
<opset="numChunks_read "/>
</bind>
</comp>

<comp id="1007" class="1005" name="crc_out_read_reg_1007">
<pin_list>
<pin id="1008" dir="0" index="0" bw="64" slack="151"/>
<pin id="1009" dir="1" index="1" bw="64" slack="151"/>
</pin_list>
<bind>
<opset="crc_out_read "/>
</bind>
</comp>

<comp id="1012" class="1005" name="data_in_read_reg_1012">
<pin_list>
<pin id="1013" dir="0" index="0" bw="64" slack="1"/>
<pin id="1014" dir="1" index="1" bw="64" slack="1"/>
</pin_list>
<bind>
<opset="data_in_read "/>
</bind>
</comp>

<comp id="1019" class="1005" name="i_1_loc_reg_1019">
<pin_list>
<pin id="1020" dir="0" index="0" bw="32" slack="2"/>
<pin id="1021" dir="1" index="1" bw="32" slack="2"/>
</pin_list>
<bind>
<opset="i_1_loc "/>
</bind>
</comp>

<comp id="1025" class="1005" name="sum_V_1_loc_reg_1025">
<pin_list>
<pin id="1026" dir="0" index="0" bw="17" slack="2"/>
<pin id="1027" dir="1" index="1" bw="17" slack="2"/>
</pin_list>
<bind>
<opset="sum_V_1_loc "/>
</bind>
</comp>

<comp id="1031" class="1005" name="ret_V_33_loc_reg_1031">
<pin_list>
<pin id="1032" dir="0" index="0" bw="16" slack="75"/>
<pin id="1033" dir="1" index="1" bw="16" slack="75"/>
</pin_list>
<bind>
<opset="ret_V_33_loc "/>
</bind>
</comp>

<comp id="1037" class="1005" name="sum_V_7_loc_reg_1037">
<pin_list>
<pin id="1038" dir="0" index="0" bw="32" slack="75"/>
<pin id="1039" dir="1" index="1" bw="32" slack="75"/>
</pin_list>
<bind>
<opset="sum_V_7_loc "/>
</bind>
</comp>

<comp id="1043" class="1005" name="sum_V_2_loc_reg_1043">
<pin_list>
<pin id="1044" dir="0" index="0" bw="47" slack="72"/>
<pin id="1045" dir="1" index="1" bw="47" slack="72"/>
</pin_list>
<bind>
<opset="sum_V_2_loc "/>
</bind>
</comp>

<comp id="1049" class="1005" name="vector_blocks_reg_1049">
<pin_list>
<pin id="1050" dir="0" index="0" bw="1" slack="1"/>
<pin id="1051" dir="1" index="1" bw="1" slack="2147483647"/>
</pin_list>
<bind>
<opset="vector_blocks "/>
</bind>
</comp>

<comp id="1053" class="1005" name="conv2_reg_1053">
<pin_list>
<pin id="1054" dir="0" index="0" bw="64" slack="1"/>
<pin id="1055" dir="1" index="1" bw="64" slack="1"/>
</pin_list>
<bind>
<opset="conv2 "/>
</bind>
</comp>

<comp id="1058" class="1005" name="vec_words_reg_1058">
<pin_list>
<pin id="1059" dir="0" index="0" bw="26" slack="72"/>
<pin id="1060" dir="1" index="1" bw="26" slack="72"/>
</pin_list>
<bind>
<opset="vec_words "/>
</bind>
</comp>

<comp id="1063" class="1005" name="vec_words_1_reg_1063">
<pin_list>
<pin id="1064" dir="0" index="0" bw="32" slack="2"/>
<pin id="1065" dir="1" index="1" bw="32" slack="2"/>
</pin_list>
<bind>
<opset="vec_words_1 "/>
</bind>
</comp>

<comp id="1068" class="1005" name="tail_offset_reg_1068">
<pin_list>
<pin id="1069" dir="0" index="0" bw="32" slack="75"/>
<pin id="1070" dir="1" index="1" bw="32" slack="75"/>
</pin_list>
<bind>
<opset="tail_offset "/>
</bind>
</comp>

<comp id="1073" class="1005" name="tail_bytes_reg_1073">
<pin_list>
<pin id="1074" dir="0" index="0" bw="32" slack="75"/>
<pin id="1075" dir="1" index="1" bw="32" slack="75"/>
</pin_list>
<bind>
<opset="tail_bytes "/>
</bind>
</comp>

<comp id="1078" class="1005" name="empty_28_reg_1078">
<pin_list>
<pin id="1079" dir="0" index="0" bw="1" slack="77"/>
<pin id="1080" dir="1" index="1" bw="1" slack="2147483647"/>
</pin_list>
<bind>
<opset="empty_28 "/>
</bind>
</comp>

<comp id="1082" class="1005" name="idxprom137_i_reg_1082">
<pin_list>
<pin id="1083" dir="0" index="0" bw="64" slack="77"/>
<pin id="1084" dir="1" index="1" bw="64" slack="77"/>
</pin_list>
<bind>
<opset="idxprom137_i "/>
</bind>
</comp>

<comp id="1087" class="1005" name="cmp_i211268_reg_1087">
<pin_list>
<pin id="1088" dir="0" index="0" bw="1" slack="1"/>
<pin id="1089" dir="1" index="1" bw="1" slack="2147483647"/>
</pin_list>
<bind>
<opset="cmp_i211268 "/>
</bind>
</comp>

<comp id="1091" class="1005" name="icmp_reg_1091">
<pin_list>
<pin id="1092" dir="0" index="0" bw="1" slack="1"/>
<pin id="1093" dir="1" index="1" bw="1" slack="2147483647"/>
</pin_list>
<bind>
<opset="icmp "/>
</bind>
</comp>

<comp id="1095" class="1005" name="icmp39_reg_1095">
<pin_list>
<pin id="1096" dir="0" index="0" bw="1" slack="74"/>
<pin id="1097" dir="1" index="1" bw="1" slack="2147483647"/>
</pin_list>
<bind>
<opset="icmp39 "/>
</bind>
</comp>

<comp id="1099" class="1005" name="trunc_ln774_reg_1099">
<pin_list>
<pin id="1100" dir="0" index="0" bw="6" slack="151"/>
<pin id="1101" dir="1" index="1" bw="6" slack="151"/>
</pin_list>
<bind>
<opset="trunc_ln774 "/>
</bind>
</comp>

<comp id="1104" class="1005" name="trunc_ln735_reg_1104">
<pin_list>
<pin id="1105" dir="0" index="0" bw="6" slack="77"/>
<pin id="1106" dir="1" index="1" bw="6" slack="77"/>
</pin_list>
<bind>
<opset="trunc_ln735 "/>
</bind>
</comp>

<comp id="1115" class="1005" name="add_ln758_1_reg_1115">
<pin_list>
<pin id="1116" dir="0" index="0" bw="64" slack="150"/>
<pin id="1117" dir="1" index="1" bw="64" slack="150"/>
</pin_list>
<bind>
<opset="add_ln758_1 "/>
</bind>
</comp>

<comp id="1123" class="1005" name="add_ln758_reg_1123">
<pin_list>
<pin id="1124" dir="0" index="0" bw="32" slack="150"/>
<pin id="1125" dir="1" index="1" bw="32" slack="150"/>
</pin_list>
<bind>
<opset="add_ln758 "/>
</bind>
</comp>

<comp id="1128" class="1005" name="trunc_ln645_reg_1128">
<pin_list>
<pin id="1129" dir="0" index="0" bw="6" slack="1"/>
<pin id="1130" dir="1" index="1" bw="6" slack="1"/>
</pin_list>
<bind>
<opset="trunc_ln645 "/>
</bind>
</comp>

<comp id="1133" class="1005" name="trunc_ln_reg_1133">
<pin_list>
<pin id="1134" dir="0" index="0" bw="58" slack="1"/>
<pin id="1135" dir="1" index="1" bw="58" slack="1"/>
</pin_list>
<bind>
<opset="trunc_ln "/>
</bind>
</comp>

<comp id="1148" class="1005" name="trunc_ln652_2_reg_1148">
<pin_list>
<pin id="1149" dir="0" index="0" bw="58" slack="1"/>
<pin id="1150" dir="1" index="1" bw="58" slack="1"/>
</pin_list>
<bind>
<opset="trunc_ln652_2 "/>
</bind>
</comp>

<comp id="1153" class="1005" name="add_ln652_2_reg_1153">
<pin_list>
<pin id="1154" dir="0" index="0" bw="6" slack="72"/>
<pin id="1155" dir="1" index="1" bw="6" slack="72"/>
</pin_list>
<bind>
<opset="add_ln652_2 "/>
</bind>
</comp>

<comp id="1158" class="1005" name="gmem0_addr_3_reg_1158">
<pin_list>
<pin id="1159" dir="0" index="0" bw="512" slack="1"/>
<pin id="1160" dir="1" index="1" bw="512" slack="1"/>
</pin_list>
<bind>
<opset="gmem0_addr_3 "/>
</bind>
</comp>

<comp id="1164" class="1005" name="gmem0_addr_3_read_reg_1164">
<pin_list>
<pin id="1165" dir="0" index="0" bw="512" slack="1"/>
<pin id="1166" dir="1" index="1" bw="512" slack="1"/>
</pin_list>
<bind>
<opset="gmem0_addr_3_read "/>
</bind>
</comp>

<comp id="1169" class="1005" name="trunc_ln1715_reg_1169">
<pin_list>
<pin id="1170" dir="0" index="0" bw="8" slack="1"/>
<pin id="1171" dir="1" index="1" bw="8" slack="1"/>
</pin_list>
<bind>
<opset="trunc_ln1715 "/>
</bind>
</comp>

<comp id="1174" class="1005" name="sum_V_reg_1174">
<pin_list>
<pin id="1175" dir="0" index="0" bw="17" slack="1"/>
<pin id="1176" dir="1" index="1" bw="17" slack="1"/>
</pin_list>
<bind>
<opset="sum_V "/>
</bind>
</comp>

<comp id="1179" class="1005" name="folded_V_reg_1179">
<pin_list>
<pin id="1180" dir="0" index="0" bw="16" slack="73"/>
<pin id="1181" dir="1" index="1" bw="16" slack="73"/>
</pin_list>
<bind>
<opset="folded_V "/>
</bind>
</comp>

<comp id="1184" class="1005" name="gmem0_addr_reg_1184">
<pin_list>
<pin id="1185" dir="0" index="0" bw="512" slack="1"/>
<pin id="1186" dir="1" index="1" bw="512" slack="1"/>
</pin_list>
<bind>
<opset="gmem0_addr "/>
</bind>
</comp>

<comp id="1189" class="1005" name="trunc_ln719_reg_1189">
<pin_list>
<pin id="1190" dir="0" index="0" bw="32" slack="3"/>
<pin id="1191" dir="1" index="1" bw="32" slack="3"/>
</pin_list>
<bind>
<opset="trunc_ln719 "/>
</bind>
</comp>

<comp id="1194" class="1005" name="trunc_ln727_reg_1194">
<pin_list>
<pin id="1195" dir="0" index="0" bw="6" slack="1"/>
<pin id="1196" dir="1" index="1" bw="6" slack="1"/>
</pin_list>
<bind>
<opset="trunc_ln727 "/>
</bind>
</comp>

<comp id="1199" class="1005" name="trunc_ln735_1_reg_1199">
<pin_list>
<pin id="1200" dir="0" index="0" bw="58" slack="1"/>
<pin id="1201" dir="1" index="1" bw="58" slack="1"/>
</pin_list>
<bind>
<opset="trunc_ln735_1 "/>
</bind>
</comp>

<comp id="1204" class="1005" name="add_ln735_2_reg_1204">
<pin_list>
<pin id="1205" dir="0" index="0" bw="6" slack="72"/>
<pin id="1206" dir="1" index="1" bw="6" slack="72"/>
</pin_list>
<bind>
<opset="add_ln735_2 "/>
</bind>
</comp>

<comp id="1209" class="1005" name="gmem0_addr_4_reg_1209">
<pin_list>
<pin id="1210" dir="0" index="0" bw="512" slack="1"/>
<pin id="1211" dir="1" index="1" bw="512" slack="1"/>
</pin_list>
<bind>
<opset="gmem0_addr_4 "/>
</bind>
</comp>

<comp id="1215" class="1005" name="gmem0_addr_4_read_reg_1215">
<pin_list>
<pin id="1216" dir="0" index="0" bw="512" slack="1"/>
<pin id="1217" dir="1" index="1" bw="512" slack="1"/>
</pin_list>
<bind>
<opset="gmem0_addr_4_read "/>
</bind>
</comp>

<comp id="1220" class="1005" name="sum_V_7_reg_1220">
<pin_list>
<pin id="1221" dir="0" index="0" bw="32" slack="1"/>
<pin id="1222" dir="1" index="1" bw="32" slack="1"/>
</pin_list>
<bind>
<opset="sum_V_7 "/>
</bind>
</comp>

<comp id="1225" class="1005" name="add_ln1543_reg_1225">
<pin_list>
<pin id="1226" dir="0" index="0" bw="16" slack="1"/>
<pin id="1227" dir="1" index="1" bw="16" slack="1"/>
</pin_list>
<bind>
<opset="add_ln1543 "/>
</bind>
</comp>

<comp id="1230" class="1005" name="r_V_2_reg_1230">
<pin_list>
<pin id="1231" dir="0" index="0" bw="1" slack="1"/>
<pin id="1232" dir="1" index="1" bw="1" slack="1"/>
</pin_list>
<bind>
<opset="r_V_2 "/>
</bind>
</comp>

<comp id="1235" class="1005" name="r_V_3_reg_1235">
<pin_list>
<pin id="1236" dir="0" index="0" bw="1" slack="1"/>
<pin id="1237" dir="1" index="1" bw="1" slack="1"/>
</pin_list>
<bind>
<opset="r_V_3 "/>
</bind>
</comp>

<comp id="1240" class="1005" name="tmp_9_reg_1240">
<pin_list>
<pin id="1241" dir="0" index="0" bw="1" slack="1"/>
<pin id="1242" dir="1" index="1" bw="1" slack="1"/>
</pin_list>
<bind>
<opset="tmp_9 "/>
</bind>
</comp>

<comp id="1245" class="1005" name="add_ln955_reg_1245">
<pin_list>
<pin id="1246" dir="0" index="0" bw="16" slack="1"/>
<pin id="1247" dir="1" index="1" bw="16" slack="1"/>
</pin_list>
<bind>
<opset="add_ln955 "/>
</bind>
</comp>

<comp id="1250" class="1005" name="add_ln774_1_reg_1250">
<pin_list>
<pin id="1251" dir="0" index="0" bw="6" slack="1"/>
<pin id="1252" dir="1" index="1" bw="6" slack="1"/>
</pin_list>
<bind>
<opset="add_ln774_1 "/>
</bind>
</comp>

<comp id="1256" class="1005" name="trunc_ln9_reg_1256">
<pin_list>
<pin id="1257" dir="0" index="0" bw="58" slack="1"/>
<pin id="1258" dir="1" index="1" bw="58" slack="1"/>
</pin_list>
<bind>
<opset="trunc_ln9 "/>
</bind>
</comp>

<comp id="1261" class="1005" name="shl_ln774_reg_1261">
<pin_list>
<pin id="1262" dir="0" index="0" bw="64" slack="1"/>
<pin id="1263" dir="1" index="1" bw="64" slack="1"/>
</pin_list>
<bind>
<opset="shl_ln774 "/>
</bind>
</comp>

<comp id="1266" class="1005" name="shl_ln774_1_reg_1266">
<pin_list>
<pin id="1267" dir="0" index="0" bw="512" slack="1"/>
<pin id="1268" dir="1" index="1" bw="512" slack="1"/>
</pin_list>
<bind>
<opset="shl_ln774_1 "/>
</bind>
</comp>

<comp id="1271" class="1005" name="gmem0_addr_5_reg_1271">
<pin_list>
<pin id="1272" dir="0" index="0" bw="512" slack="1"/>
<pin id="1273" dir="1" index="1" bw="512" slack="1"/>
</pin_list>
<bind>
<opset="gmem0_addr_5 "/>
</bind>
</comp>

</comp_list>

<net_list>
<net id="115"><net_src comp="10" pin="0"/><net_sink comp="112" pin=0"/></net>

<net id="119"><net_src comp="10" pin="0"/><net_sink comp="116" pin=0"/></net>

<net id="123"><net_src comp="16" pin="0"/><net_sink comp="120" pin=0"/></net>

<net id="127"><net_src comp="16" pin="0"/><net_sink comp="124" pin=0"/></net>

<net id="131"><net_src comp="16" pin="0"/><net_sink comp="128" pin=0"/></net>

<net id="135"><net_src comp="16" pin="0"/><net_sink comp="132" pin=0"/></net>

<net id="139"><net_src comp="16" pin="0"/><net_sink comp="136" pin=0"/></net>

<net id="144"><net_src comp="12" pin="0"/><net_sink comp="140" pin=0"/></net>

<net id="145"><net_src comp="8" pin="0"/><net_sink comp="140" pin=1"/></net>

<net id="150"><net_src comp="12" pin="0"/><net_sink comp="146" pin=0"/></net>

<net id="151"><net_src comp="6" pin="0"/><net_sink comp="146" pin=1"/></net>

<net id="156"><net_src comp="14" pin="0"/><net_sink comp="152" pin=0"/></net>

<net id="157"><net_src comp="4" pin="0"/><net_sink comp="152" pin=1"/></net>

<net id="162"><net_src comp="14" pin="0"/><net_sink comp="158" pin=0"/></net>

<net id="163"><net_src comp="2" pin="0"/><net_sink comp="158" pin=1"/></net>

<net id="169"><net_src comp="72" pin="0"/><net_sink comp="164" pin=0"/></net>

<net id="170"><net_src comp="10" pin="0"/><net_sink comp="164" pin=2"/></net>

<net id="175"><net_src comp="74" pin="0"/><net_sink comp="171" pin=0"/></net>

<net id="181"><net_src comp="86" pin="0"/><net_sink comp="176" pin=0"/></net>

<net id="187"><net_src comp="72" pin="0"/><net_sink comp="182" pin=0"/></net>

<net id="188"><net_src comp="10" pin="0"/><net_sink comp="182" pin=2"/></net>

<net id="193"><net_src comp="74" pin="0"/><net_sink comp="189" pin=0"/></net>

<net id="199"><net_src comp="106" pin="0"/><net_sink comp="194" pin=0"/></net>

<net id="200"><net_src comp="10" pin="0"/><net_sink comp="194" pin=2"/></net>

<net id="207"><net_src comp="108" pin="0"/><net_sink comp="201" pin=0"/></net>

<net id="208"><net_src comp="110" pin="0"/><net_sink comp="194" pin=0"/></net>

<net id="212"><net_src comp="70" pin="0"/><net_sink comp="209" pin=0"/></net>

<net id="219"><net_src comp="209" pin="1"/><net_sink comp="213" pin=2"/></net>

<net id="220"><net_src comp="213" pin="4"/><net_sink comp="209" pin=0"/></net>

<net id="224"><net_src comp="22" pin="0"/><net_sink comp="221" pin=0"/></net>

<net id="231"><net_src comp="221" pin="1"/><net_sink comp="225" pin=2"/></net>

<net id="241"><net_src comp="209" pin="1"/><net_sink comp="235" pin=2"/></net>

<net id="245"><net_src comp="90" pin="0"/><net_sink comp="242" pin=0"/></net>

<net id="252"><net_src comp="242" pin="1"/><net_sink comp="246" pin=2"/></net>

<net id="253"><net_src comp="246" pin="4"/><net_sink comp="242" pin=0"/></net>

<net id="263"><net_src comp="257" pin="4"/><net_sink comp="254" pin=0"/></net>

<net id="273"><net_src comp="254" pin="1"/><net_sink comp="267" pin=2"/></net>

<net id="292"><net_src comp="68" pin="0"/><net_sink comp="283" pin=0"/></net>

<net id="293"><net_src comp="0" pin="0"/><net_sink comp="283" pin=2"/></net>

<net id="301"><net_src comp="88" pin="0"/><net_sink comp="294" pin=0"/></net>

<net id="302"><net_src comp="0" pin="0"/><net_sink comp="294" pin=1"/></net>

<net id="314"><net_src comp="92" pin="0"/><net_sink comp="303" pin=0"/></net>

<net id="315"><net_src comp="242" pin="1"/><net_sink comp="303" pin=1"/></net>

<net id="316"><net_src comp="0" pin="0"/><net_sink comp="303" pin=4"/></net>

<net id="324"><net_src comp="317" pin="2"/><net_sink comp="321" pin=0"/></net>

<net id="325"><net_src comp="321" pin="1"/><net_sink comp="283" pin=1"/></net>

<net id="326"><net_src comp="321" pin="1"/><net_sink comp="303" pin=3"/></net>

<net id="330"><net_src comp="140" pin="2"/><net_sink comp="327" pin=0"/></net>

<net id="335"><net_src comp="327" pin="1"/><net_sink comp="331" pin=0"/></net>

<net id="336"><net_src comp="38" pin="0"/><net_sink comp="331" pin=1"/></net>

<net id="340"><net_src comp="140" pin="2"/><net_sink comp="337" pin=0"/></net>

<net id="347"><net_src comp="40" pin="0"/><net_sink comp="341" pin=0"/></net>

<net id="348"><net_src comp="140" pin="2"/><net_sink comp="341" pin=1"/></net>

<net id="349"><net_src comp="42" pin="0"/><net_sink comp="341" pin=2"/></net>

<net id="350"><net_src comp="44" pin="0"/><net_sink comp="341" pin=3"/></net>

<net id="354"><net_src comp="341" pin="4"/><net_sink comp="351" pin=0"/></net>

<net id="360"><net_src comp="46" pin="0"/><net_sink comp="355" pin=0"/></net>

<net id="361"><net_src comp="341" pin="4"/><net_sink comp="355" pin=1"/></net>

<net id="362"><net_src comp="38" pin="0"/><net_sink comp="355" pin=2"/></net>

<net id="367"><net_src comp="140" pin="2"/><net_sink comp="363" pin=0"/></net>

<net id="368"><net_src comp="355" pin="3"/><net_sink comp="363" pin=1"/></net>

<net id="372"><net_src comp="363" pin="2"/><net_sink comp="369" pin=0"/></net>

<net id="377"><net_src comp="140" pin="2"/><net_sink comp="373" pin=0"/></net>

<net id="378"><net_src comp="36" pin="0"/><net_sink comp="373" pin=1"/></net>

<net id="382"><net_src comp="373" pin="2"/><net_sink comp="379" pin=0"/></net>

<net id="387"><net_src comp="341" pin="4"/><net_sink comp="383" pin=0"/></net>

<net id="388"><net_src comp="48" pin="0"/><net_sink comp="383" pin=1"/></net>

<net id="395"><net_src comp="50" pin="0"/><net_sink comp="389" pin=0"/></net>

<net id="396"><net_src comp="140" pin="2"/><net_sink comp="389" pin=1"/></net>

<net id="397"><net_src comp="10" pin="0"/><net_sink comp="389" pin=2"/></net>

<net id="398"><net_src comp="44" pin="0"/><net_sink comp="389" pin=3"/></net>

<net id="403"><net_src comp="389" pin="4"/><net_sink comp="399" pin=0"/></net>

<net id="404"><net_src comp="52" pin="0"/><net_sink comp="399" pin=1"/></net>

<net id="411"><net_src comp="50" pin="0"/><net_sink comp="405" pin=0"/></net>

<net id="412"><net_src comp="363" pin="2"/><net_sink comp="405" pin=1"/></net>

<net id="413"><net_src comp="10" pin="0"/><net_sink comp="405" pin=2"/></net>

<net id="414"><net_src comp="44" pin="0"/><net_sink comp="405" pin=3"/></net>

<net id="419"><net_src comp="405" pin="4"/><net_sink comp="415" pin=0"/></net>

<net id="420"><net_src comp="52" pin="0"/><net_sink comp="415" pin=1"/></net>

<net id="424"><net_src comp="152" pin="2"/><net_sink comp="421" pin=0"/></net>

<net id="428"><net_src comp="158" pin="2"/><net_sink comp="425" pin=0"/></net>

<net id="433"><net_src comp="22" pin="0"/><net_sink comp="429" pin=0"/></net>

<net id="438"><net_src comp="54" pin="0"/><net_sink comp="434" pin=0"/></net>

<net id="442"><net_src comp="439" pin="1"/><net_sink comp="317" pin=0"/></net>

<net id="450"><net_src comp="439" pin="1"/><net_sink comp="446" pin=0"/></net>

<net id="455"><net_src comp="443" pin="1"/><net_sink comp="451" pin=0"/></net>

<net id="460"><net_src comp="443" pin="1"/><net_sink comp="456" pin=0"/></net>

<net id="461"><net_src comp="10" pin="0"/><net_sink comp="456" pin=1"/></net>

<net id="468"><net_src comp="62" pin="0"/><net_sink comp="462" pin=0"/></net>

<net id="469"><net_src comp="439" pin="1"/><net_sink comp="462" pin=1"/></net>

<net id="470"><net_src comp="42" pin="0"/><net_sink comp="462" pin=2"/></net>

<net id="471"><net_src comp="64" pin="0"/><net_sink comp="462" pin=3"/></net>

<net id="477"><net_src comp="66" pin="0"/><net_sink comp="472" pin=0"/></net>

<net id="478"><net_src comp="462" pin="4"/><net_sink comp="472" pin=1"/></net>

<net id="479"><net_src comp="38" pin="0"/><net_sink comp="472" pin=2"/></net>

<net id="484"><net_src comp="472" pin="3"/><net_sink comp="480" pin=0"/></net>

<net id="488"><net_src comp="317" pin="2"/><net_sink comp="485" pin=0"/></net>

<net id="495"><net_src comp="62" pin="0"/><net_sink comp="489" pin=0"/></net>

<net id="496"><net_src comp="480" pin="2"/><net_sink comp="489" pin=1"/></net>

<net id="497"><net_src comp="42" pin="0"/><net_sink comp="489" pin=2"/></net>

<net id="498"><net_src comp="64" pin="0"/><net_sink comp="489" pin=3"/></net>

<net id="509"><net_src comp="225" pin="4"/><net_sink comp="505" pin=0"/></net>

<net id="513"><net_src comp="225" pin="4"/><net_sink comp="510" pin=0"/></net>

<net id="517"><net_src comp="225" pin="4"/><net_sink comp="514" pin=0"/></net>

<net id="521"><net_src comp="317" pin="2"/><net_sink comp="518" pin=0"/></net>

<net id="526"><net_src comp="317" pin="2"/><net_sink comp="522" pin=0"/></net>

<net id="527"><net_src comp="510" pin="1"/><net_sink comp="522" pin=1"/></net>

<net id="534"><net_src comp="62" pin="0"/><net_sink comp="528" pin=0"/></net>

<net id="535"><net_src comp="522" pin="2"/><net_sink comp="528" pin=1"/></net>

<net id="536"><net_src comp="42" pin="0"/><net_sink comp="528" pin=2"/></net>

<net id="537"><net_src comp="64" pin="0"/><net_sink comp="528" pin=3"/></net>

<net id="542"><net_src comp="518" pin="1"/><net_sink comp="538" pin=0"/></net>

<net id="543"><net_src comp="514" pin="1"/><net_sink comp="538" pin=1"/></net>

<net id="551"><net_src comp="0" pin="0"/><net_sink comp="547" pin=0"/></net>

<net id="552"><net_src comp="544" pin="1"/><net_sink comp="547" pin=1"/></net>

<net id="553"><net_src comp="547" pin="2"/><net_sink comp="164" pin=1"/></net>

<net id="559"><net_src comp="76" pin="0"/><net_sink comp="554" pin=0"/></net>

<net id="560"><net_src comp="78" pin="0"/><net_sink comp="554" pin=2"/></net>

<net id="564"><net_src comp="554" pin="3"/><net_sink comp="561" pin=0"/></net>

<net id="569"><net_src comp="561" pin="1"/><net_sink comp="565" pin=1"/></net>

<net id="573"><net_src comp="565" pin="2"/><net_sink comp="570" pin=0"/></net>

<net id="579"><net_src comp="80" pin="0"/><net_sink comp="574" pin=0"/></net>

<net id="580"><net_src comp="82" pin="0"/><net_sink comp="574" pin=2"/></net>

<net id="584"><net_src comp="574" pin="3"/><net_sink comp="581" pin=0"/></net>

<net id="588"><net_src comp="209" pin="1"/><net_sink comp="585" pin=0"/></net>

<net id="593"><net_src comp="209" pin="1"/><net_sink comp="589" pin=0"/></net>

<net id="594"><net_src comp="581" pin="1"/><net_sink comp="589" pin=1"/></net>

<net id="599"><net_src comp="585" pin="1"/><net_sink comp="595" pin=0"/></net>

<net id="600"><net_src comp="574" pin="3"/><net_sink comp="595" pin=1"/></net>

<net id="604"><net_src comp="595" pin="2"/><net_sink comp="601" pin=0"/></net>

<net id="610"><net_src comp="84" pin="0"/><net_sink comp="605" pin=0"/></net>

<net id="611"><net_src comp="589" pin="2"/><net_sink comp="605" pin=1"/></net>

<net id="612"><net_src comp="34" pin="0"/><net_sink comp="605" pin=2"/></net>

<net id="616"><net_src comp="605" pin="3"/><net_sink comp="613" pin=0"/></net>

<net id="621"><net_src comp="601" pin="1"/><net_sink comp="617" pin=0"/></net>

<net id="622"><net_src comp="613" pin="1"/><net_sink comp="617" pin=1"/></net>

<net id="626"><net_src comp="235" pin="4"/><net_sink comp="623" pin=0"/></net>

<net id="632"><net_src comp="84" pin="0"/><net_sink comp="627" pin=0"/></net>

<net id="633"><net_src comp="235" pin="4"/><net_sink comp="627" pin=1"/></net>

<net id="634"><net_src comp="34" pin="0"/><net_sink comp="627" pin=2"/></net>

<net id="638"><net_src comp="627" pin="3"/><net_sink comp="635" pin=0"/></net>

<net id="643"><net_src comp="635" pin="1"/><net_sink comp="639" pin=0"/></net>

<net id="644"><net_src comp="623" pin="1"/><net_sink comp="639" pin=1"/></net>

<net id="652"><net_src comp="0" pin="0"/><net_sink comp="648" pin=0"/></net>

<net id="653"><net_src comp="645" pin="1"/><net_sink comp="648" pin=1"/></net>

<net id="654"><net_src comp="648" pin="2"/><net_sink comp="176" pin=1"/></net>

<net id="658"><net_src comp="655" pin="1"/><net_sink comp="246" pin=0"/></net>

<net id="662"><net_src comp="246" pin="4"/><net_sink comp="659" pin=0"/></net>

<net id="666"><net_src comp="317" pin="2"/><net_sink comp="663" pin=0"/></net>

<net id="676"><net_src comp="670" pin="1"/><net_sink comp="673" pin=0"/></net>

<net id="681"><net_src comp="673" pin="1"/><net_sink comp="677" pin=0"/></net>

<net id="682"><net_src comp="667" pin="1"/><net_sink comp="677" pin=1"/></net>

<net id="683"><net_src comp="677" pin="2"/><net_sink comp="257" pin=0"/></net>

<net id="691"><net_src comp="684" pin="2"/><net_sink comp="688" pin=0"/></net>

<net id="696"><net_src comp="684" pin="2"/><net_sink comp="692" pin=0"/></net>

<net id="703"><net_src comp="62" pin="0"/><net_sink comp="697" pin=0"/></net>

<net id="704"><net_src comp="692" pin="2"/><net_sink comp="697" pin=1"/></net>

<net id="705"><net_src comp="42" pin="0"/><net_sink comp="697" pin=2"/></net>

<net id="706"><net_src comp="64" pin="0"/><net_sink comp="697" pin=3"/></net>

<net id="711"><net_src comp="688" pin="1"/><net_sink comp="707" pin=0"/></net>

<net id="719"><net_src comp="0" pin="0"/><net_sink comp="715" pin=0"/></net>

<net id="720"><net_src comp="712" pin="1"/><net_sink comp="715" pin=1"/></net>

<net id="721"><net_src comp="715" pin="2"/><net_sink comp="182" pin=1"/></net>

<net id="727"><net_src comp="76" pin="0"/><net_sink comp="722" pin=0"/></net>

<net id="728"><net_src comp="78" pin="0"/><net_sink comp="722" pin=2"/></net>

<net id="732"><net_src comp="722" pin="3"/><net_sink comp="729" pin=0"/></net>

<net id="737"><net_src comp="729" pin="1"/><net_sink comp="733" pin=1"/></net>

<net id="741"><net_src comp="733" pin="2"/><net_sink comp="738" pin=0"/></net>

<net id="747"><net_src comp="80" pin="0"/><net_sink comp="742" pin=0"/></net>

<net id="748"><net_src comp="738" pin="1"/><net_sink comp="742" pin=1"/></net>

<net id="749"><net_src comp="82" pin="0"/><net_sink comp="742" pin=2"/></net>

<net id="753"><net_src comp="742" pin="3"/><net_sink comp="750" pin=0"/></net>

<net id="758"><net_src comp="254" pin="1"/><net_sink comp="754" pin=0"/></net>

<net id="759"><net_src comp="750" pin="1"/><net_sink comp="754" pin=1"/></net>

<net id="763"><net_src comp="267" pin="4"/><net_sink comp="760" pin=0"/></net>

<net id="767"><net_src comp="760" pin="1"/><net_sink comp="764" pin=0"/></net>

<net id="774"><net_src comp="94" pin="0"/><net_sink comp="768" pin=0"/></net>

<net id="775"><net_src comp="267" pin="4"/><net_sink comp="768" pin=1"/></net>

<net id="776"><net_src comp="34" pin="0"/><net_sink comp="768" pin=2"/></net>

<net id="777"><net_src comp="44" pin="0"/><net_sink comp="768" pin=3"/></net>

<net id="781"><net_src comp="768" pin="4"/><net_sink comp="778" pin=0"/></net>

<net id="786"><net_src comp="764" pin="1"/><net_sink comp="782" pin=0"/></net>

<net id="787"><net_src comp="778" pin="1"/><net_sink comp="782" pin=1"/></net>

<net id="792"><net_src comp="768" pin="4"/><net_sink comp="788" pin=0"/></net>

<net id="793"><net_src comp="760" pin="1"/><net_sink comp="788" pin=1"/></net>

<net id="797"><net_src comp="788" pin="2"/><net_sink comp="794" pin=0"/></net>

<net id="803"><net_src comp="84" pin="0"/><net_sink comp="798" pin=0"/></net>

<net id="804"><net_src comp="782" pin="2"/><net_sink comp="798" pin=1"/></net>

<net id="805"><net_src comp="34" pin="0"/><net_sink comp="798" pin=2"/></net>

<net id="809"><net_src comp="798" pin="3"/><net_sink comp="806" pin=0"/></net>

<net id="813"><net_src comp="798" pin="3"/><net_sink comp="810" pin=0"/></net>

<net id="818"><net_src comp="794" pin="1"/><net_sink comp="814" pin=0"/></net>

<net id="819"><net_src comp="806" pin="1"/><net_sink comp="814" pin=1"/></net>

<net id="824"><net_src comp="810" pin="1"/><net_sink comp="820" pin=0"/></net>

<net id="825"><net_src comp="788" pin="2"/><net_sink comp="820" pin=1"/></net>

<net id="829"><net_src comp="820" pin="2"/><net_sink comp="826" pin=0"/></net>

<net id="835"><net_src comp="84" pin="0"/><net_sink comp="830" pin=0"/></net>

<net id="836"><net_src comp="814" pin="2"/><net_sink comp="830" pin=1"/></net>

<net id="837"><net_src comp="34" pin="0"/><net_sink comp="830" pin=2"/></net>

<net id="841"><net_src comp="830" pin="3"/><net_sink comp="838" pin=0"/></net>

<net id="846"><net_src comp="826" pin="1"/><net_sink comp="842" pin=0"/></net>

<net id="847"><net_src comp="838" pin="1"/><net_sink comp="842" pin=1"/></net>

<net id="853"><net_src comp="84" pin="0"/><net_sink comp="848" pin=0"/></net>

<net id="854"><net_src comp="842" pin="2"/><net_sink comp="848" pin=1"/></net>

<net id="855"><net_src comp="34" pin="0"/><net_sink comp="848" pin=2"/></net>

<net id="869"><net_src comp="859" pin="1"/><net_sink comp="865" pin=0"/></net>

<net id="870"><net_src comp="862" pin="1"/><net_sink comp="865" pin=1"/></net>

<net id="875"><net_src comp="865" pin="2"/><net_sink comp="871" pin=0"/></net>

<net id="876"><net_src comp="856" pin="1"/><net_sink comp="871" pin=1"/></net>

<net id="880"><net_src comp="871" pin="2"/><net_sink comp="877" pin=0"/></net>

<net id="885"><net_src comp="877" pin="1"/><net_sink comp="881" pin=0"/></net>

<net id="891"><net_src comp="96" pin="0"/><net_sink comp="886" pin=0"/></net>

<net id="892"><net_src comp="98" pin="0"/><net_sink comp="886" pin=2"/></net>

<net id="896"><net_src comp="886" pin="3"/><net_sink comp="893" pin=0"/></net>

<net id="905"><net_src comp="100" pin="0"/><net_sink comp="900" pin=0"/></net>

<net id="906"><net_src comp="897" pin="1"/><net_sink comp="900" pin=1"/></net>

<net id="907"><net_src comp="98" pin="0"/><net_sink comp="900" pin=2"/></net>

<net id="912"><net_src comp="893" pin="1"/><net_sink comp="908" pin=0"/></net>

<net id="917"><net_src comp="900" pin="3"/><net_sink comp="913" pin=0"/></net>

<net id="924"><net_src comp="62" pin="0"/><net_sink comp="918" pin=0"/></net>

<net id="925"><net_src comp="908" pin="2"/><net_sink comp="918" pin=1"/></net>

<net id="926"><net_src comp="42" pin="0"/><net_sink comp="918" pin=2"/></net>

<net id="927"><net_src comp="64" pin="0"/><net_sink comp="918" pin=3"/></net>

<net id="940"><net_src comp="277" pin="4"/><net_sink comp="936" pin=0"/></net>

<net id="941"><net_src comp="102" pin="0"/><net_sink comp="936" pin=1"/></net>

<net id="945"><net_src comp="936" pin="2"/><net_sink comp="942" pin=0"/></net>

<net id="953"><net_src comp="104" pin="0"/><net_sink comp="949" pin=0"/></net>

<net id="954"><net_src comp="946" pin="1"/><net_sink comp="949" pin=1"/></net>

<net id="960"><net_src comp="76" pin="0"/><net_sink comp="955" pin=0"/></net>

<net id="961"><net_src comp="78" pin="0"/><net_sink comp="955" pin=2"/></net>

<net id="965"><net_src comp="955" pin="3"/><net_sink comp="962" pin=0"/></net>

<net id="970"><net_src comp="942" pin="1"/><net_sink comp="966" pin=0"/></net>

<net id="971"><net_src comp="962" pin="1"/><net_sink comp="966" pin=1"/></net>

<net id="979"><net_src comp="0" pin="0"/><net_sink comp="975" pin=0"/></net>

<net id="980"><net_src comp="972" pin="1"/><net_sink comp="975" pin=1"/></net>

<net id="981"><net_src comp="975" pin="2"/><net_sink comp="194" pin=1"/></net>

<net id="985"><net_src comp="112" pin="1"/><net_sink comp="982" pin=0"/></net>

<net id="986"><net_src comp="982" pin="1"/><net_sink comp="434" pin=1"/></net>

<net id="987"><net_src comp="982" pin="1"/><net_sink comp="439" pin=0"/></net>

<net id="988"><net_src comp="982" pin="1"/><net_sink comp="932" pin=1"/></net>

<net id="992"><net_src comp="116" pin="1"/><net_sink comp="989" pin=0"/></net>

<net id="993"><net_src comp="989" pin="1"/><net_sink comp="429" pin=1"/></net>

<net id="994"><net_src comp="989" pin="1"/><net_sink comp="443" pin=0"/></net>

<net id="995"><net_src comp="989" pin="1"/><net_sink comp="928" pin=1"/></net>

<net id="999"><net_src comp="140" pin="2"/><net_sink comp="996" pin=0"/></net>

<net id="1000"><net_src comp="996" pin="1"/><net_sink comp="283" pin=4"/></net>

<net id="1001"><net_src comp="996" pin="1"/><net_sink comp="505" pin=1"/></net>

<net id="1005"><net_src comp="146" pin="2"/><net_sink comp="1002" pin=0"/></net>

<net id="1006"><net_src comp="1002" pin="1"/><net_sink comp="451" pin=1"/></net>

<net id="1010"><net_src comp="152" pin="2"/><net_sink comp="1007" pin=0"/></net>

<net id="1011"><net_src comp="1007" pin="1"/><net_sink comp="908" pin=1"/></net>

<net id="1015"><net_src comp="158" pin="2"/><net_sink comp="1012" pin=0"/></net>

<net id="1016"><net_src comp="1012" pin="1"/><net_sink comp="480" pin=1"/></net>

<net id="1017"><net_src comp="1012" pin="1"/><net_sink comp="317" pin=1"/></net>

<net id="1018"><net_src comp="1012" pin="1"/><net_sink comp="692" pin=1"/></net>

<net id="1022"><net_src comp="120" pin="1"/><net_sink comp="1019" pin=0"/></net>

<net id="1023"><net_src comp="1019" pin="1"/><net_sink comp="283" pin=6"/></net>

<net id="1024"><net_src comp="1019" pin="1"/><net_sink comp="502" pin=0"/></net>

<net id="1028"><net_src comp="124" pin="1"/><net_sink comp="1025" pin=0"/></net>

<net id="1029"><net_src comp="1025" pin="1"/><net_sink comp="283" pin=5"/></net>

<net id="1030"><net_src comp="1025" pin="1"/><net_sink comp="499" pin=0"/></net>

<net id="1034"><net_src comp="128" pin="1"/><net_sink comp="1031" pin=0"/></net>

<net id="1035"><net_src comp="1031" pin="1"/><net_sink comp="303" pin=8"/></net>

<net id="1036"><net_src comp="1031" pin="1"/><net_sink comp="670" pin=0"/></net>

<net id="1040"><net_src comp="132" pin="1"/><net_sink comp="1037" pin=0"/></net>

<net id="1041"><net_src comp="1037" pin="1"/><net_sink comp="303" pin=7"/></net>

<net id="1042"><net_src comp="1037" pin="1"/><net_sink comp="667" pin=0"/></net>

<net id="1046"><net_src comp="136" pin="1"/><net_sink comp="1043" pin=0"/></net>

<net id="1047"><net_src comp="1043" pin="1"/><net_sink comp="294" pin=4"/></net>

<net id="1048"><net_src comp="1043" pin="1"/><net_sink comp="655" pin=0"/></net>

<net id="1052"><net_src comp="331" pin="2"/><net_sink comp="1049" pin=0"/></net>

<net id="1056"><net_src comp="337" pin="1"/><net_sink comp="1053" pin=0"/></net>

<net id="1057"><net_src comp="1053" pin="1"/><net_sink comp="446" pin=1"/></net>

<net id="1061"><net_src comp="341" pin="4"/><net_sink comp="1058" pin=0"/></net>

<net id="1062"><net_src comp="1058" pin="1"/><net_sink comp="294" pin=3"/></net>

<net id="1066"><net_src comp="351" pin="1"/><net_sink comp="1063" pin=0"/></net>

<net id="1067"><net_src comp="1063" pin="1"/><net_sink comp="176" pin=2"/></net>

<net id="1071"><net_src comp="355" pin="3"/><net_sink comp="1068" pin=0"/></net>

<net id="1072"><net_src comp="1068" pin="1"/><net_sink comp="303" pin=2"/></net>

<net id="1076"><net_src comp="363" pin="2"/><net_sink comp="1073" pin=0"/></net>

<net id="1077"><net_src comp="1073" pin="1"/><net_sink comp="303" pin=6"/></net>

<net id="1081"><net_src comp="369" pin="1"/><net_sink comp="1078" pin=0"/></net>

<net id="1085"><net_src comp="379" pin="1"/><net_sink comp="1082" pin=0"/></net>

<net id="1086"><net_src comp="1082" pin="1"/><net_sink comp="684" pin=1"/></net>

<net id="1090"><net_src comp="383" pin="2"/><net_sink comp="1087" pin=0"/></net>

<net id="1094"><net_src comp="399" pin="2"/><net_sink comp="1091" pin=0"/></net>

<net id="1098"><net_src comp="415" pin="2"/><net_sink comp="1095" pin=0"/></net>

<net id="1102"><net_src comp="421" pin="1"/><net_sink comp="1099" pin=0"/></net>

<net id="1103"><net_src comp="1099" pin="1"/><net_sink comp="913" pin=1"/></net>

<net id="1107"><net_src comp="425" pin="1"/><net_sink comp="1104" pin=0"/></net>

<net id="1108"><net_src comp="1104" pin="1"/><net_sink comp="707" pin=1"/></net>

<net id="1118"><net_src comp="446" pin="2"/><net_sink comp="1115" pin=0"/></net>

<net id="1119"><net_src comp="1115" pin="1"/><net_sink comp="932" pin=0"/></net>

<net id="1126"><net_src comp="456" pin="2"/><net_sink comp="1123" pin=0"/></net>

<net id="1127"><net_src comp="1123" pin="1"/><net_sink comp="928" pin=0"/></net>

<net id="1131"><net_src comp="485" pin="1"/><net_sink comp="1128" pin=0"/></net>

<net id="1132"><net_src comp="1128" pin="1"/><net_sink comp="283" pin=3"/></net>

<net id="1136"><net_src comp="489" pin="4"/><net_sink comp="1133" pin=0"/></net>

<net id="1137"><net_src comp="1133" pin="1"/><net_sink comp="645" pin=0"/></net>

<net id="1138"><net_src comp="1133" pin="1"/><net_sink comp="294" pin=2"/></net>

<net id="1151"><net_src comp="528" pin="4"/><net_sink comp="1148" pin=0"/></net>

<net id="1152"><net_src comp="1148" pin="1"/><net_sink comp="544" pin=0"/></net>

<net id="1156"><net_src comp="538" pin="2"/><net_sink comp="1153" pin=0"/></net>

<net id="1157"><net_src comp="1153" pin="1"/><net_sink comp="554" pin=1"/></net>

<net id="1161"><net_src comp="547" pin="2"/><net_sink comp="1158" pin=0"/></net>

<net id="1162"><net_src comp="1158" pin="1"/><net_sink comp="164" pin=1"/></net>

<net id="1163"><net_src comp="1158" pin="1"/><net_sink comp="171" pin=1"/></net>

<net id="1167"><net_src comp="171" pin="2"/><net_sink comp="1164" pin=0"/></net>

<net id="1168"><net_src comp="1164" pin="1"/><net_sink comp="565" pin=0"/></net>

<net id="1172"><net_src comp="570" pin="1"/><net_sink comp="1169" pin=0"/></net>

<net id="1173"><net_src comp="1169" pin="1"/><net_sink comp="574" pin=1"/></net>

<net id="1177"><net_src comp="617" pin="2"/><net_sink comp="1174" pin=0"/></net>

<net id="1178"><net_src comp="1174" pin="1"/><net_sink comp="235" pin=0"/></net>

<net id="1182"><net_src comp="639" pin="2"/><net_sink comp="1179" pin=0"/></net>

<net id="1183"><net_src comp="1179" pin="1"/><net_sink comp="277" pin=2"/></net>

<net id="1187"><net_src comp="648" pin="2"/><net_sink comp="1184" pin=0"/></net>

<net id="1188"><net_src comp="1184" pin="1"/><net_sink comp="176" pin=1"/></net>

<net id="1192"><net_src comp="659" pin="1"/><net_sink comp="1189" pin=0"/></net>

<net id="1193"><net_src comp="1189" pin="1"/><net_sink comp="257" pin=2"/></net>

<net id="1197"><net_src comp="663" pin="1"/><net_sink comp="1194" pin=0"/></net>

<net id="1198"><net_src comp="1194" pin="1"/><net_sink comp="303" pin=5"/></net>

<net id="1202"><net_src comp="697" pin="4"/><net_sink comp="1199" pin=0"/></net>

<net id="1203"><net_src comp="1199" pin="1"/><net_sink comp="712" pin=0"/></net>

<net id="1207"><net_src comp="707" pin="2"/><net_sink comp="1204" pin=0"/></net>

<net id="1208"><net_src comp="1204" pin="1"/><net_sink comp="722" pin=1"/></net>

<net id="1212"><net_src comp="715" pin="2"/><net_sink comp="1209" pin=0"/></net>

<net id="1213"><net_src comp="1209" pin="1"/><net_sink comp="182" pin=1"/></net>

<net id="1214"><net_src comp="1209" pin="1"/><net_sink comp="189" pin=1"/></net>

<net id="1218"><net_src comp="189" pin="2"/><net_sink comp="1215" pin=0"/></net>

<net id="1219"><net_src comp="1215" pin="1"/><net_sink comp="733" pin=0"/></net>

<net id="1223"><net_src comp="754" pin="2"/><net_sink comp="1220" pin=0"/></net>

<net id="1224"><net_src comp="1220" pin="1"/><net_sink comp="267" pin=0"/></net>

<net id="1228"><net_src comp="788" pin="2"/><net_sink comp="1225" pin=0"/></net>

<net id="1229"><net_src comp="1225" pin="1"/><net_sink comp="881" pin=1"/></net>

<net id="1233"><net_src comp="798" pin="3"/><net_sink comp="1230" pin=0"/></net>

<net id="1234"><net_src comp="1230" pin="1"/><net_sink comp="856" pin=0"/></net>

<net id="1238"><net_src comp="830" pin="3"/><net_sink comp="1235" pin=0"/></net>

<net id="1239"><net_src comp="1235" pin="1"/><net_sink comp="859" pin=0"/></net>

<net id="1243"><net_src comp="848" pin="3"/><net_sink comp="1240" pin=0"/></net>

<net id="1244"><net_src comp="1240" pin="1"/><net_sink comp="862" pin=0"/></net>

<net id="1248"><net_src comp="881" pin="2"/><net_sink comp="1245" pin=0"/></net>

<net id="1249"><net_src comp="1245" pin="1"/><net_sink comp="277" pin=0"/></net>

<net id="1253"><net_src comp="913" pin="2"/><net_sink comp="1250" pin=0"/></net>

<net id="1254"><net_src comp="1250" pin="1"/><net_sink comp="946" pin=0"/></net>

<net id="1255"><net_src comp="1250" pin="1"/><net_sink comp="955" pin=1"/></net>

<net id="1259"><net_src comp="918" pin="4"/><net_sink comp="1256" pin=0"/></net>

<net id="1260"><net_src comp="1256" pin="1"/><net_sink comp="972" pin=0"/></net>

<net id="1264"><net_src comp="949" pin="2"/><net_sink comp="1261" pin=0"/></net>

<net id="1265"><net_src comp="1261" pin="1"/><net_sink comp="201" pin=3"/></net>

<net id="1269"><net_src comp="966" pin="2"/><net_sink comp="1266" pin=0"/></net>

<net id="1270"><net_src comp="1266" pin="1"/><net_sink comp="201" pin=2"/></net>

<net id="1274"><net_src comp="975" pin="2"/><net_sink comp="1271" pin=0"/></net>

<net id="1275"><net_src comp="1271" pin="1"/><net_sink comp="201" pin=1"/></net>

<net id="1276"><net_src comp="1271" pin="1"/><net_sink comp="194" pin=1"/></net>

</net_list>

</model> 
---------------- Datapath Model END ------------------

* FSMD analyzer results:
  - Output states:
	Port: gmem0 | {231 232 233 234 235 236 237 238 239 240 241 242 243 244 245 246 247 248 249 250 251 252 253 254 255 256 257 258 259 260 261 262 263 264 265 266 267 268 269 270 271 272 273 274 275 276 277 278 279 280 281 282 283 284 285 286 287 288 289 290 291 292 293 294 295 296 297 298 299 300 }
 - Input state : 
	Port: process_tcp_checksum : gmem0 | {3 4 7 8 9 10 11 12 13 14 15 16 17 18 19 20 21 22 23 24 25 26 27 28 29 30 31 32 33 34 35 36 37 38 39 40 41 42 43 44 45 46 47 48 49 50 51 52 53 54 55 56 57 58 59 60 61 62 63 64 65 66 67 68 69 70 71 72 73 74 75 76 77 81 82 83 84 85 86 87 88 89 90 91 92 93 94 95 96 97 98 99 100 101 102 103 104 105 106 107 108 109 110 111 112 113 114 115 116 117 118 119 120 121 122 123 124 125 126 127 128 129 130 131 132 133 134 135 136 137 138 139 140 141 142 143 144 145 146 147 148 149 150 151 152 154 155 157 158 159 160 161 162 163 164 165 166 167 168 169 170 171 172 173 174 175 176 177 178 179 180 181 182 183 184 185 186 187 188 189 190 191 192 193 194 195 196 197 198 199 200 201 202 203 204 205 206 207 208 209 210 211 212 213 214 215 216 217 218 219 220 221 222 223 224 225 226 227 }
	Port: process_tcp_checksum : data_in | {1 }
	Port: process_tcp_checksum : crc_out | {1 }
	Port: process_tcp_checksum : numChunks | {1 }
	Port: process_tcp_checksum : chunkSize | {1 }
  - Chain level:
	State 1
		vector_blocks : 1
		vec_words_1 : 1
		tail_offset : 1
		tail_bytes : 2
		empty_28 : 3
		idxprom137_i : 1
		cmp_i211268 : 1
		icmp : 1
		tmp_2 : 3
		icmp39 : 4
		store_ln758 : 1
		store_ln758 : 1
	State 2
		add_ln758_1 : 1
		icmp_ln758 : 1
		add_ln758 : 1
		br_ln758 : 2
		tmp_3 : 1
		and_ln : 2
		add_ln761 : 3
		add_ln645 : 1
		trunc_ln645 : 2
		trunc_ln : 4
	State 3
	State 4
	State 5
	State 6
		icmp_ln650 : 1
		br_ln650 : 2
		zext_ln652 : 1
		trunc_ln652 : 1
		trunc_ln652_1 : 1
		add_ln652_1 : 2
		trunc_ln652_2 : 3
		add_ln652_2 : 2
	State 7
		gmem0_addr_3 : 1
		gmem0_load_2_req : 2
	State 8
	State 9
	State 10
	State 11
	State 12
	State 13
	State 14
	State 15
	State 16
	State 17
	State 18
	State 19
	State 20
	State 21
	State 22
	State 23
	State 24
	State 25
	State 26
	State 27
	State 28
	State 29
	State 30
	State 31
	State 32
	State 33
	State 34
	State 35
	State 36
	State 37
	State 38
	State 39
	State 40
	State 41
	State 42
	State 43
	State 44
	State 45
	State 46
	State 47
	State 48
	State 49
	State 50
	State 51
	State 52
	State 53
	State 54
	State 55
	State 56
	State 57
	State 58
	State 59
	State 60
	State 61
	State 62
	State 63
	State 64
	State 65
	State 66
	State 67
	State 68
	State 69
	State 70
	State 71
	State 72
	State 73
	State 74
	State 75
	State 76
	State 77
	State 78
		zext_ln652_1 : 1
		lshr_ln652 : 2
		trunc_ln1715 : 3
	State 79
		zext_ln232 : 1
		tmp_4 : 2
		add_ln630 : 1
		zext_ln1715_1 : 2
		r_V : 3
		zext_ln1715 : 4
		sum_V : 5
	State 80
		trunc_ln232_1 : 1
		tmp_6 : 1
		zext_ln232_61 : 2
		folded_V : 3
	State 81
		gmem0_addr : 1
		empty_29 : 2
	State 82
	State 83
	State 84
	State 85
	State 86
	State 87
	State 88
	State 89
	State 90
	State 91
	State 92
	State 93
	State 94
	State 95
	State 96
	State 97
	State 98
	State 99
	State 100
	State 101
	State 102
	State 103
	State 104
	State 105
	State 106
	State 107
	State 108
	State 109
	State 110
	State 111
	State 112
	State 113
	State 114
	State 115
	State 116
	State 117
	State 118
	State 119
	State 120
	State 121
	State 122
	State 123
	State 124
	State 125
	State 126
	State 127
	State 128
	State 129
	State 130
	State 131
	State 132
	State 133
	State 134
	State 135
	State 136
	State 137
	State 138
	State 139
	State 140
	State 141
	State 142
	State 143
	State 144
	State 145
	State 146
	State 147
	State 148
	State 149
	State 150
	State 151
	State 152
	State 153
		sum_V_4 : 1
		trunc_ln719 : 2
		trunc_ln727 : 1
	State 154
	State 155
	State 156
		zext_ln886 : 1
		add_ln723_1 : 2
		sum_i13_1_lcssa : 3
		trunc_ln735_2 : 1
		add_ln735_1 : 1
		trunc_ln735_1 : 2
		add_ln735_2 : 2
	State 157
		gmem0_addr_4 : 1
		gmem0_load_5_req : 2
	State 158
	State 159
	State 160
	State 161
	State 162
	State 163
	State 164
	State 165
	State 166
	State 167
	State 168
	State 169
	State 170
	State 171
	State 172
	State 173
	State 174
	State 175
	State 176
	State 177
	State 178
	State 179
	State 180
	State 181
	State 182
	State 183
	State 184
	State 185
	State 186
	State 187
	State 188
	State 189
	State 190
	State 191
	State 192
	State 193
	State 194
	State 195
	State 196
	State 197
	State 198
	State 199
	State 200
	State 201
	State 202
	State 203
	State 204
	State 205
	State 206
	State 207
	State 208
	State 209
	State 210
	State 211
	State 212
	State 213
	State 214
	State 215
	State 216
	State 217
	State 218
	State 219
	State 220
	State 221
	State 222
	State 223
	State 224
	State 225
	State 226
	State 227
	State 228
		zext_ln735 : 1
		lshr_ln735 : 2
		trunc_ln1715_1 : 3
		r_V_4 : 4
		zext_ln886_2 : 5
		sum_V_7 : 6
	State 229
		trunc_ln739 : 1
		zext_ln1715_2 : 2
		trunc_ln8 : 1
		zext_ln1715_3 : 2
		folded_V_2 : 3
		add_ln1543 : 2
		zext_ln1715_4 : 3
		r_V_2 : 4
		zext_ln1715_7 : 5
		zext_ln1715_5 : 5
		folded_V_3 : 6
		add_ln1543_1 : 6
		zext_ln1715_6 : 7
		r_V_3 : 7
		zext_ln1715_8 : 8
		folded_V_4 : 9
		tmp_9 : 10
	State 230
		add_ln955_1 : 1
		add_ln955_2 : 2
		zext_ln955 : 3
		add_ln955 : 4
		zext_ln774_2 : 1
		trunc_ln774_2 : 1
		add_ln774 : 2
		add_ln774_1 : 2
		trunc_ln9 : 3
	State 231
		checksum_V : 1
		zext_ln774 : 1
		shl_ln774 : 1
		zext_ln774_3 : 1
		shl_ln774_1 : 2
		gmem0_addr_5 : 1
		empty_30 : 2
	State 232
	State 233
	State 234
	State 235
	State 236
	State 237
	State 238
	State 239
	State 240
	State 241
	State 242
	State 243
	State 244
	State 245
	State 246
	State 247
	State 248
	State 249
	State 250
	State 251
	State 252
	State 253
	State 254
	State 255
	State 256
	State 257
	State 258
	State 259
	State 260
	State 261
	State 262
	State 263
	State 264
	State 265
	State 266
	State 267
	State 268
	State 269
	State 270
	State 271
	State 272
	State 273
	State 274
	State 275
	State 276
	State 277
	State 278
	State 279
	State 280
	State 281
	State 282
	State 283
	State 284
	State 285
	State 286
	State 287
	State 288
	State 289
	State 290
	State 291
	State 292
	State 293
	State 294
	State 295
	State 296
	State 297
	State 298
	State 299
	State 300


============================================================
+ Verbose Summary: Datapath Resource usage 
============================================================

* Functional unit list:
|----------|---------------------------------------------------------|---------|---------|---------|
| Operation|                     Functional Unit                     |  Delay  |    FF   |   LUT   |
|----------|---------------------------------------------------------|---------|---------|---------|
|          |    grp_process_tcp_checksum_Pipeline_word_loop_fu_283   |  0.774  |   2300  |   4696  |
|   call   |  grp_process_tcp_checksum_Pipeline_vec_word_loop_fu_294 |    0    |   747   |   843   |
|          | grp_process_tcp_checksum_Pipeline_tail_word_loop_fu_303 |  0.774  |   2377  |   4720  |
|----------|---------------------------------------------------------|---------|---------|---------|
|   lshr   |                    lshr_ln652_fu_565                    |    0    |    0    |   2171  |
|          |                    lshr_ln735_fu_733                    |    0    |    0    |   2171  |
|----------|---------------------------------------------------------|---------|---------|---------|
|          |                        grp_fu_317                       |    0    |    0    |    71   |
|          |                     sub136_i_fu_373                     |    0    |    0    |    39   |
|          |                    add_ln758_1_fu_446                   |    0    |    0    |    71   |
|          |                     add_ln758_fu_456                    |    0    |    0    |    39   |
|          |                     add_ln761_fu_480                    |    0    |    0    |    71   |
|          |                    add_ln652_1_fu_522                   |    0    |    0    |    71   |
|          |                    add_ln652_2_fu_538                   |    0    |    0    |    13   |
|          |                       tmp_4_fu_589                      |    0    |    0    |    24   |
|          |                     add_ln630_fu_595                    |    0    |    0    |    23   |
|          |                       sum_V_fu_617                      |    0    |    0    |    23   |
|          |                     folded_V_fu_639                     |    0    |    0    |    23   |
|          |                    add_ln723_1_fu_677                   |    0    |    0    |    39   |
|    add   |                     add_ln735_fu_684                    |    0    |    0    |    71   |
|          |                    add_ln735_1_fu_692                   |    0    |    0    |    71   |
|          |                    add_ln735_2_fu_707                   |    0    |    0    |    13   |
|          |                      sum_V_7_fu_754                     |    0    |    0    |    39   |
|          |                    folded_V_2_fu_782                    |    0    |    0    |    23   |
|          |                    add_ln1543_fu_788                    |    0    |    0    |    23   |
|          |                    folded_V_3_fu_814                    |    0    |    0    |    23   |
|          |                   add_ln1543_1_fu_820                   |    0    |    0    |    23   |
|          |                    folded_V_4_fu_842                    |    0    |    0    |    23   |
|          |                    add_ln955_1_fu_865                   |    0    |    0    |    2    |
|          |                    add_ln955_2_fu_871                   |    0    |    0    |    2    |
|          |                     add_ln955_fu_881                    |    0    |    0    |    23   |
|          |                     add_ln774_fu_908                    |    0    |    0    |    71   |
|          |                    add_ln774_1_fu_913                   |    0    |    0    |    13   |
|----------|---------------------------------------------------------|---------|---------|---------|
|          |                   vector_blocks_fu_331                  |    0    |    0    |    10   |
|          |                    cmp_i211268_fu_383                   |    0    |    0    |    17   |
|   icmp   |                       icmp_fu_399                       |    0    |    0    |    19   |
|          |                      icmp39_fu_415                      |    0    |    0    |    19   |
|          |                    icmp_ln758_fu_451                    |    0    |    0    |    20   |
|          |                    icmp_ln650_fu_505                    |    0    |    0    |    20   |
|----------|---------------------------------------------------------|---------|---------|---------|
|    shl   |                     shl_ln774_fu_949                    |    0    |    0    |    13   |
|          |                    shl_ln774_1_fu_966                   |    0    |    0    |    35   |
|----------|---------------------------------------------------------|---------|---------|---------|
|    sub   |                    tail_bytes_fu_363                    |    0    |    0    |    39   |
|----------|---------------------------------------------------------|---------|---------|---------|
|    xor   |                    checksum_V_fu_936                    |    0    |    0    |    16   |
|----------|---------------------------------------------------------|---------|---------|---------|
|          |                chunkSize_read_read_fu_140               |    0    |    0    |    0    |
|          |                numChunks_read_read_fu_146               |    0    |    0    |    0    |
|   read   |                 crc_out_read_read_fu_152                |    0    |    0    |    0    |
|          |                 data_in_read_read_fu_158                |    0    |    0    |    0    |
|          |              gmem0_addr_3_read_read_fu_171              |    0    |    0    |    0    |
|          |              gmem0_addr_4_read_read_fu_189              |    0    |    0    |    0    |
|----------|---------------------------------------------------------|---------|---------|---------|
|          |                    grp_readreq_fu_164                   |    0    |    0    |    0    |
|  readreq |                    grp_readreq_fu_176                   |    0    |    0    |    0    |
|          |                    grp_readreq_fu_182                   |    0    |    0    |    0    |
|----------|---------------------------------------------------------|---------|---------|---------|
| writeresp|                   grp_writeresp_fu_194                  |    0    |    0    |    0    |
|----------|---------------------------------------------------------|---------|---------|---------|
|   write  |                 write_ln774_write_fu_201                |    0    |    0    |    0    |
|----------|---------------------------------------------------------|---------|---------|---------|
|          |                       empty_fu_327                      |    0    |    0    |    0    |
|          |                     empty_28_fu_369                     |    0    |    0    |    0    |
|          |                    trunc_ln774_fu_421                   |    0    |    0    |    0    |
|          |                    trunc_ln735_fu_425                   |    0    |    0    |    0    |
|          |                    trunc_ln645_fu_485                   |    0    |    0    |    0    |
|          |                    trunc_ln652_fu_514                   |    0    |    0    |    0    |
|          |                   trunc_ln652_1_fu_518                  |    0    |    0    |    0    |
|   trunc  |                   trunc_ln1715_fu_570                   |    0    |    0    |    0    |
|          |                    trunc_ln232_fu_585                   |    0    |    0    |    0    |
|          |                   trunc_ln232_1_fu_623                  |    0    |    0    |    0    |
|          |                    trunc_ln719_fu_659                   |    0    |    0    |    0    |
|          |                    trunc_ln727_fu_663                   |    0    |    0    |    0    |
|          |                   trunc_ln735_2_fu_688                  |    0    |    0    |    0    |
|          |                  trunc_ln1715_1_fu_738                  |    0    |    0    |    0    |
|          |                    trunc_ln739_fu_760                   |    0    |    0    |    0    |
|          |                   trunc_ln774_1_fu_897                  |    0    |    0    |    0    |
|----------|---------------------------------------------------------|---------|---------|---------|
|          |                       conv2_fu_337                      |    0    |    0    |    0    |
|          |                    vec_words_1_fu_351                   |    0    |    0    |    0    |
|          |                   idxprom137_i_fu_379                   |    0    |    0    |    0    |
|          |                    zext_ln652_fu_510                    |    0    |    0    |    0    |
|          |                   zext_ln652_1_fu_561                   |    0    |    0    |    0    |
|          |                    zext_ln232_fu_581                    |    0    |    0    |    0    |
|          |                   zext_ln1715_1_fu_601                  |    0    |    0    |    0    |
|          |                    zext_ln1715_fu_613                   |    0    |    0    |    0    |
|          |                   zext_ln232_61_fu_635                  |    0    |    0    |    0    |
|          |                    zext_ln886_fu_673                    |    0    |    0    |    0    |
|          |                    zext_ln735_fu_729                    |    0    |    0    |    0    |
|          |                   zext_ln886_2_fu_750                   |    0    |    0    |    0    |
|          |                   zext_ln1715_2_fu_764                  |    0    |    0    |    0    |
|   zext   |                   zext_ln1715_3_fu_778                  |    0    |    0    |    0    |
|          |                   zext_ln1715_4_fu_794                  |    0    |    0    |    0    |
|          |                   zext_ln1715_7_fu_806                  |    0    |    0    |    0    |
|          |                   zext_ln1715_5_fu_810                  |    0    |    0    |    0    |
|          |                   zext_ln1715_6_fu_826                  |    0    |    0    |    0    |
|          |                   zext_ln1715_8_fu_838                  |    0    |    0    |    0    |
|          |                    zext_ln1543_fu_856                   |    0    |    0    |    0    |
|          |                   zext_ln232_62_fu_859                  |    0    |    0    |    0    |
|          |                   zext_ln955_1_fu_862                   |    0    |    0    |    0    |
|          |                    zext_ln955_fu_877                    |    0    |    0    |    0    |
|          |                   zext_ln774_2_fu_893                   |    0    |    0    |    0    |
|          |                    zext_ln774_fu_942                    |    0    |    0    |    0    |
|          |                   zext_ln774_1_fu_946                   |    0    |    0    |    0    |
|          |                   zext_ln774_3_fu_962                   |    0    |    0    |    0    |
|----------|---------------------------------------------------------|---------|---------|---------|
|          |                     vec_words_fu_341                    |    0    |    0    |    0    |
|          |                        tmp_fu_389                       |    0    |    0    |    0    |
|          |                       tmp_2_fu_405                      |    0    |    0    |    0    |
|          |                       tmp_3_fu_462                      |    0    |    0    |    0    |
|partselect|                     trunc_ln_fu_489                     |    0    |    0    |    0    |
|          |                   trunc_ln652_2_fu_528                  |    0    |    0    |    0    |
|          |                   trunc_ln735_1_fu_697                  |    0    |    0    |    0    |
|          |                     trunc_ln8_fu_768                    |    0    |    0    |    0    |
|          |                     trunc_ln9_fu_918                    |    0    |    0    |    0    |
|----------|---------------------------------------------------------|---------|---------|---------|
|          |                    tail_offset_fu_355                   |    0    |    0    |    0    |
|          |                      and_ln_fu_472                      |    0    |    0    |    0    |
|          |                      shl_ln1_fu_554                     |    0    |    0    |    0    |
|          |                       r_V_5_fu_574                      |    0    |    0    |    0    |
|bitconcatenate|                      shl_ln3_fu_722                     |    0    |    0    |    0    |
|          |                       r_V_4_fu_742                      |    0    |    0    |    0    |
|          |                      shl_ln4_fu_886                     |    0    |    0    |    0    |
|          |                   trunc_ln774_2_fu_900                  |    0    |    0    |    0    |
|          |                    shl_ln774_2_fu_955                   |    0    |    0    |    0    |
|----------|---------------------------------------------------------|---------|---------|---------|
|          |                    sext_ln652_fu_544                    |    0    |    0    |    0    |
|   sext   |                    sext_ln670_fu_645                    |    0    |    0    |    0    |
|          |                    sext_ln735_fu_712                    |    0    |    0    |    0    |
|          |                    sext_ln774_fu_972                    |    0    |    0    |    0    |
|----------|---------------------------------------------------------|---------|---------|---------|
|          |                        r_V_fu_605                       |    0    |    0    |    0    |
|          |                       tmp_6_fu_627                      |    0    |    0    |    0    |
| bitselect|                       r_V_2_fu_798                      |    0    |    0    |    0    |
|          |                       r_V_3_fu_830                      |    0    |    0    |    0    |
|          |                       tmp_9_fu_848                      |    0    |    0    |    0    |
|----------|---------------------------------------------------------|---------|---------|---------|
|   Total  |                                                         |  1.548  |   5424  |  15736  |
|----------|---------------------------------------------------------|---------|---------|---------|

Memories:
N/A

* Register list:
+--------------------------+--------+
|                          |   FF   |
+--------------------------+--------+
|    add_ln1543_reg_1225   |   16   |
|   add_ln652_2_reg_1153   |    6   |
|   add_ln735_2_reg_1204   |    6   |
|   add_ln758_1_reg_1115   |   64   |
|    add_ln758_reg_1123    |   32   |
|   add_ln774_1_reg_1250   |    6   |
|    add_ln955_reg_1245    |   16   |
|         c_reg_989        |   32   |
|   checksum_0_in_reg_274  |   16   |
|  chunkSize_read_reg_996  |   32   |
|   chunk_offset_reg_982   |   64   |
|   cmp_i211268_reg_1087   |    1   |
|      conv2_reg_1053      |   64   |
|   crc_out_read_reg_1007  |   64   |
|   data_in_read_reg_1012  |   64   |
|     empty_28_reg_1078    |    1   |
|     folded_V_reg_1179    |   16   |
|gmem0_addr_3_read_reg_1164|   512  |
|   gmem0_addr_3_reg_1158  |   512  |
|gmem0_addr_4_read_reg_1215|   512  |
|   gmem0_addr_4_reg_1209  |   512  |
|   gmem0_addr_5_reg_1271  |   512  |
|    gmem0_addr_reg_1184   |   512  |
|    i_0_i_lcssa_reg_221   |   32   |
|     i_1_loc_reg_1019     |   32   |
|      icmp39_reg_1095     |    1   |
|       icmp_reg_1091      |    1   |
|   idxprom137_i_reg_1082  |   64   |
|  numChunks_read_reg_1002 |   32   |
|      r_V_2_reg_1230      |    1   |
|      r_V_3_reg_1235      |    1   |
|          reg_321         |   64   |
|   ret_V_33_loc_reg_1031  |   16   |
|   shl_ln774_1_reg_1266   |   512  |
|    shl_ln774_reg_1261    |   64   |
|   sum_V_1_loc_reg_1025   |   17   |
|   sum_V_2_loc_reg_1043   |   47   |
|      sum_V_4_reg_242     |   47   |
|      sum_V_6_reg_232     |   17   |
|   sum_V_7_loc_reg_1037   |   32   |
|     sum_V_7_reg_1220     |   32   |
|      sum_V_9_reg_264     |   32   |
|      sum_V_reg_1174      |   17   |
|  sum_i13_1_lcssa_reg_254 |   32   |
|   sum_i_0_lcssa_reg_209  |   17   |
|    tail_bytes_reg_1073   |   32   |
|   tail_offset_reg_1068   |   32   |
|      tmp_9_reg_1240      |    1   |
|   trunc_ln1715_reg_1169  |    8   |
|   trunc_ln645_reg_1128   |    6   |
|  trunc_ln652_2_reg_1148  |   58   |
|   trunc_ln719_reg_1189   |   32   |
|   trunc_ln727_reg_1194   |    6   |
|  trunc_ln735_1_reg_1199  |   58   |
|   trunc_ln735_reg_1104   |    6   |
|   trunc_ln774_reg_1099   |    6   |
|    trunc_ln9_reg_1256    |   58   |
|     trunc_ln_reg_1133    |   58   |
|   vec_words_1_reg_1063   |   32   |
|    vec_words_reg_1058    |   26   |
|  vector_blocks_reg_1049  |    1   |
+--------------------------+--------+
|           Total          |  5102  |
+--------------------------+--------+

* Multiplexer (MUX) list: 
|-----------------------|------|------|------|--------||---------||---------|
|          Comp         |  Pin | Size |  BW  | S x BW ||  Delay  ||   LUT   |
|-----------------------|------|------|------|--------||---------||---------|
|   grp_readreq_fu_164  |  p1  |   2  |  512 |  1024  ||    9    |
|   grp_readreq_fu_176  |  p1  |   2  |  512 |  1024  ||    9    |
|   grp_readreq_fu_182  |  p1  |   2  |  512 |  1024  ||    9    |
|  grp_writeresp_fu_194 |  p0  |   2  |   1  |    2   |
|  grp_writeresp_fu_194 |  p1  |   2  |  512 |  1024  ||    9    |
| sum_i_0_lcssa_reg_209 |  p0  |   2  |  17  |   34   ||    9    |
|    sum_V_4_reg_242    |  p0  |   2  |  47  |   94   ||    9    |
|-----------------------|------|------|------|--------||---------||---------|
|         Total         |      |      |      |  4226  ||  2.709  ||    54   |
|-----------------------|------|------|------|--------||---------||---------|



* Summary:
+-----------+--------+--------+--------+
|           |  Delay |   FF   |   LUT  |
+-----------+--------+--------+--------+
|  Function |    1   |  5424  |  15736 |
|   Memory  |    -   |    -   |    -   |
|Multiplexer|    2   |    -   |   54   |
|  Register |    -   |  5102  |    -   |
+-----------+--------+--------+--------+
|   Total   |    4   |  10526 |  15790 |
+-----------+--------+--------+--------+
