

================================================================
== Vitis HLS Report for 'process_tcp_checksum_Pipeline_word_loop'
================================================================
* Date:           Thu Apr  2 18:18:17 2026

* Version:        2022.1 (Build 3526262 on Mon Apr 18 15:47:01 MDT 2022)
* Project:        calculate_tcp_checksum
* Solution:       solution (Vitis Kernel Flow Target)
* Product family: virtexuplus
* Target device:  xcu280-fsvh2892-2L-e


================================================================
== Performance Estimates
================================================================
+ Timing: 
    * Summary: 
    +--------+---------+----------+------------+
    |  Clock |  Target | Estimated| Uncertainty|
    +--------+---------+----------+------------+
    |ap_clk  |  3.33 ns|  2.433 ns|     0.90 ns|
    +--------+---------+----------+------------+

+ Latency: 
    * Summary: 
    +---------+---------+----------+----------+-----+-----+---------+
    |  Latency (cycles) |  Latency (absolute) |  Interval | Pipeline|
    |   min   |   max   |    min   |    max   | min | max |   Type  |
    +---------+---------+----------+----------+-----+-----+---------+
    |        ?|        ?|         ?|         ?|    ?|    ?|       no|
    +---------+---------+----------+----------+-----+-----+---------+

    + Detail: 
        * Instance: 
        N/A

        * Loop: 
        +-------------+---------+---------+----------+-----------+-----------+------+----------+
        |             |  Latency (cycles) | Iteration|  Initiation Interval  | Trip |          |
        |  Loop Name  |   min   |   max   |  Latency |  achieved |   target  | Count| Pipelined|
        +-------------+---------+---------+----------+-----------+-----------+------+----------+
        |- word_loop  |        ?|        ?|        75|          2|          1|     ?|       yes|
        +-------------+---------+---------+----------+-----------+-----------+------+----------+

============================================================
+ Verbose Summary: Synthesis Manager
============================================================
InlineROM: 1
ExposeGlobal: 0
============================================================
+ Verbose Summary: CDFG Model
============================================================
IsTopModel: 0
ResetActiveHigh: 1
IsCombinational: 0
IsDatapathOnly: 0
HasWiredReturn: 1
HasMFsm: 2
HasVarLatency: 1
IsPipeline: 0
IsRtlPipelined: 0
IsInstanceOverlapped: 0
IsDontTouch: 0
HasImplIP: 0
IsGatedGlobalClock: 0

+ Individual pipeline summary: 
  * Pipeline-0: initiation interval (II) = 2, depth = 75


============================================================
+ Verbose Summary: Schedule
============================================================
* Number of FSM states : 75
* Pipeline : 1
  Pipeline-0 : II = 2, D = 75, States = { 1 2 3 4 5 6 7 8 9 10 11 12 13 14 15 16 17 18 19 20 21 22 23 24 25 26 27 28 29 30 31 32 33 34 35 36 37 38 39 40 41 42 43 44 45 46 47 48 49 50 51 52 53 54 55 56 57 58 59 60 61 62 63 64 65 66 67 68 69 70 71 72 73 74 75 }
* Dataflow Pipeline: 0

* FSM state transitions: 
1 --> 2 
2 --> 3 
3 --> 4 
4 --> 5 
5 --> 6 
6 --> 7 
7 --> 8 
8 --> 9 
9 --> 10 
10 --> 11 
11 --> 12 
12 --> 13 
13 --> 14 
14 --> 15 
15 --> 16 
16 --> 17 
17 --> 18 
18 --> 19 
19 --> 20 
20 --> 21 
21 --> 22 
22 --> 23 
23 --> 24 
24 --> 25 
25 --> 26 
26 --> 27 
27 --> 28 
28 --> 29 
29 --> 30 
30 --> 31 
31 --> 32 
32 --> 33 
33 --> 34 
34 --> 35 
35 --> 36 
36 --> 37 
37 --> 38 
38 --> 39 
39 --> 40 
40 --> 41 
41 --> 42 
42 --> 43 
43 --> 44 
44 --> 45 
45 --> 46 
46 --> 47 
47 --> 48 
48 --> 49 
49 --> 50 
50 --> 51 
51 --> 52 
52 --> 53 
53 --> 54 
54 --> 55 
55 --> 56 
56 --> 57 
57 --> 58 
58 --> 59 
59 --> 60 
60 --> 61 
61 --> 62 
62 --> 63 
63 --> 64 
64 --> 65 
65 --> 66 
66 --> 67 
67 --> 68 
68 --> 69 
69 --> 70 
70 --> 71 
71 --> 72 
72 --> 73 
73 --> 74 
74 --> 75 
75 --> 

* FSM state operations: 

State 1 <SV = 0> <Delay = 2.29>
ST_1 : Operation 78 [1/1] (0.00ns)   --->   "%sum_V = alloca i32 1"   --->   Operation 78 'alloca' 'sum_V' <Predicate = true> <Delay = 0.00>
ST_1 : Operation 79 [1/1] (0.00ns)   --->   "%i = alloca i32 1"   --->   Operation 79 'alloca' 'i' <Predicate = true> <Delay = 0.00>
ST_1 : Operation 80 [1/1] (0.00ns)   --->   "%specinterface_ln0 = specinterface void @_ssdm_op_SpecInterface, i512 %gmem0, void @empty_4, i32 0, i32 0, void @empty_5, i32 64, i32 1024, void @empty_6, void @empty_7, void @empty_5, i32 16, i32 16, i32 16, i32 16, void @empty_5, void @empty_5, i32 4294967295, i32 0"   --->   Operation 80 'specinterface' 'specinterface_ln0' <Predicate = true> <Delay = 0.00>
ST_1 : Operation 81 [1/1] (0.00ns)   --->   "%chunkSize_read = read i32 @_ssdm_op_Read.ap_auto.i32, i32 %chunkSize"   --->   Operation 81 'read' 'chunkSize_read' <Predicate = true> <Delay = 0.00>
ST_1 : Operation 82 [1/1] (0.00ns)   --->   "%trunc_ln1_read = read i6 @_ssdm_op_Read.ap_auto.i6, i6 %trunc_ln1"   --->   Operation 82 'read' 'trunc_ln1_read' <Predicate = true> <Delay = 0.00>
ST_1 : Operation 83 [1/1] (0.00ns)   --->   "%add_ln645_read = read i64 @_ssdm_op_Read.ap_auto.i64, i64 %add_ln645"   --->   Operation 83 'read' 'add_ln645_read' <Predicate = true> <Delay = 0.00>
ST_1 : Operation 84 [1/1] (0.38ns)   --->   "%store_ln0 = store i32 0, i32 %i"   --->   Operation 84 'store' 'store_ln0' <Predicate = true> <Delay = 0.38>
ST_1 : Operation 85 [1/1] (0.38ns)   --->   "%store_ln0 = store i17 0, i17 %sum_V"   --->   Operation 85 'store' 'store_ln0' <Predicate = true> <Delay = 0.38>
ST_1 : Operation 86 [1/1] (0.00ns)   --->   "%br_ln0 = br void %for.body.i"   --->   Operation 86 'br' 'br_ln0' <Predicate = true> <Delay = 0.00>
ST_1 : Operation 87 [1/1] (0.00ns)   --->   "%i_2 = load i32 %i" [/home/efrink/mled/split_cu/U280_CRC_Accelerator/src/kernel.cpp:645]   --->   Operation 87 'load' 'i_2' <Predicate = true> <Delay = 0.00>
ST_1 : Operation 88 [1/1] (0.00ns)   --->   "%zext_ln645 = zext i32 %i_2" [/home/efrink/mled/split_cu/U280_CRC_Accelerator/src/kernel.cpp:645]   --->   Operation 88 'zext' 'zext_ln645' <Predicate = true> <Delay = 0.00>
ST_1 : Operation 89 [1/1] (0.00ns)   --->   "%trunc_ln645 = trunc i32 %i_2" [/home/efrink/mled/split_cu/U280_CRC_Accelerator/src/kernel.cpp:645]   --->   Operation 89 'trunc' 'trunc_ln645' <Predicate = true> <Delay = 0.00>
ST_1 : Operation 90 [1/1] (1.14ns)   --->   "%add_ln645_1 = add i64 %add_ln645_read, i64 %zext_ln645" [/home/efrink/mled/split_cu/U280_CRC_Accelerator/src/kernel.cpp:645]   --->   Operation 90 'add' 'add_ln645_1' <Predicate = true> <Delay = 1.14> <CoreInst = "Adder">   --->   Core 1 'Adder' <Latency = 0> <II = 1> <Delay = 1.14> <FuncUnit> <Opcode : 'add' 'sub'> <InPorts = 2> <OutPorts = 1>
ST_1 : Operation 91 [1/1] (0.00ns)   --->   "%trunc_ln645_2 = partselect i58 @_ssdm_op_PartSelect.i58.i64.i32.i32, i64 %add_ln645_1, i32 6, i32 63" [/home/efrink/mled/split_cu/U280_CRC_Accelerator/src/kernel.cpp:645]   --->   Operation 91 'partselect' 'trunc_ln645_2' <Predicate = true> <Delay = 0.00>
ST_1 : Operation 92 [1/1] (0.70ns)   --->   "%add_ln645_3 = add i6 %trunc_ln1_read, i6 %trunc_ln645" [/home/efrink/mled/split_cu/U280_CRC_Accelerator/src/kernel.cpp:645]   --->   Operation 92 'add' 'add_ln645_3' <Predicate = true> <Delay = 0.70> <CoreInst = "Adder">   --->   Core 1 'Adder' <Latency = 0> <II = 1> <Delay = 0.70> <FuncUnit> <Opcode : 'add' 'sub'> <InPorts = 2> <OutPorts = 1>
ST_1 : Operation 93 [1/1] (1.14ns)   --->   "%add_ln645_2 = add i64 %add_ln645_1, i64 1" [/home/efrink/mled/split_cu/U280_CRC_Accelerator/src/kernel.cpp:645]   --->   Operation 93 'add' 'add_ln645_2' <Predicate = true> <Delay = 1.14> <CoreInst = "Adder">   --->   Core 1 'Adder' <Latency = 0> <II = 1> <Delay = 1.14> <FuncUnit> <Opcode : 'add' 'sub'> <InPorts = 2> <OutPorts = 1>
ST_1 : Operation 94 [1/1] (0.00ns)   --->   "%trunc_ln645_4 = partselect i58 @_ssdm_op_PartSelect.i58.i64.i32.i32, i64 %add_ln645_2, i32 6, i32 63" [/home/efrink/mled/split_cu/U280_CRC_Accelerator/src/kernel.cpp:645]   --->   Operation 94 'partselect' 'trunc_ln645_4' <Predicate = true> <Delay = 0.00>
ST_1 : Operation 95 [1/1] (0.88ns)   --->   "%add_ln641 = add i32 %i_2, i32 3" [/home/efrink/mled/split_cu/U280_CRC_Accelerator/src/kernel.cpp:641]   --->   Operation 95 'add' 'add_ln641' <Predicate = true> <Delay = 0.88> <CoreInst = "Adder">   --->   Core 1 'Adder' <Latency = 0> <II = 1> <Delay = 0.88> <FuncUnit> <Opcode : 'add' 'sub'> <InPorts = 2> <OutPorts = 1>
ST_1 : Operation 96 [1/1] (0.85ns)   --->   "%icmp_ln641 = icmp_ult  i32 %add_ln641, i32 %chunkSize_read" [/home/efrink/mled/split_cu/U280_CRC_Accelerator/src/kernel.cpp:641]   --->   Operation 96 'icmp' 'icmp_ln641' <Predicate = true> <Delay = 0.85> <CoreInst = "Cmp">   --->   Core 9 'Cmp' <Latency = 0> <II = 1> <Delay = 0.85> <FuncUnit> <Opcode : 'icmp'> <InPorts = 2> <OutPorts = 1>
ST_1 : Operation 97 [1/1] (0.00ns)   --->   "%br_ln641 = br i1 %icmp_ln641, void %for.end.i.loopexit.exitStub, void %for.body.i.for.body.i_crit_edge" [/home/efrink/mled/split_cu/U280_CRC_Accelerator/src/kernel.cpp:641]   --->   Operation 97 'br' 'br_ln641' <Predicate = true> <Delay = 0.00>

State 2 <SV = 1> <Delay = 2.43>
ST_2 : Operation 98 [1/1] (0.00ns)   --->   "%sext_ln645 = sext i58 %trunc_ln645_2" [/home/efrink/mled/split_cu/U280_CRC_Accelerator/src/kernel.cpp:645]   --->   Operation 98 'sext' 'sext_ln645' <Predicate = true> <Delay = 0.00>
ST_2 : Operation 99 [1/1] (0.00ns)   --->   "%gmem0_addr = getelementptr i512 %gmem0, i64 %sext_ln645" [/home/efrink/mled/split_cu/U280_CRC_Accelerator/src/kernel.cpp:645]   --->   Operation 99 'getelementptr' 'gmem0_addr' <Predicate = true> <Delay = 0.00>
ST_2 : Operation 100 [70/70] (2.43ns)   --->   "%gmem0_load_req = readreq i1 @_ssdm_op_ReadReq.m_axi.i512P1A, i512 %gmem0_addr, i32 1" [/home/efrink/mled/split_cu/U280_CRC_Accelerator/src/kernel.cpp:645]   --->   Operation 100 'readreq' 'gmem0_load_req' <Predicate = true> <Delay = 2.43> <CoreInst = "m_axi">   --->   Core 121 'm_axi' <Latency = 0> <II = 1> <Delay = 1.00> <Adapter> <Opcode : 'read' 'write' 'readreq' 'writereq' 'writeresp'>
ST_2 : Operation 101 [1/1] (0.88ns)   --->   "%i_3 = add i32 %i_2, i32 2" [/home/efrink/mled/split_cu/U280_CRC_Accelerator/src/kernel.cpp:641]   --->   Operation 101 'add' 'i_3' <Predicate = true> <Delay = 0.88> <CoreInst = "Adder">   --->   Core 1 'Adder' <Latency = 0> <II = 1> <Delay = 0.88> <FuncUnit> <Opcode : 'add' 'sub'> <InPorts = 2> <OutPorts = 1>
ST_2 : Operation 102 [1/1] (0.38ns)   --->   "%store_ln641 = store i32 %i_3, i32 %i" [/home/efrink/mled/split_cu/U280_CRC_Accelerator/src/kernel.cpp:641]   --->   Operation 102 'store' 'store_ln641' <Predicate = (icmp_ln641)> <Delay = 0.38>

State 3 <SV = 2> <Delay = 2.43>
ST_3 : Operation 103 [69/70] (2.43ns)   --->   "%gmem0_load_req = readreq i1 @_ssdm_op_ReadReq.m_axi.i512P1A, i512 %gmem0_addr, i32 1" [/home/efrink/mled/split_cu/U280_CRC_Accelerator/src/kernel.cpp:645]   --->   Operation 103 'readreq' 'gmem0_load_req' <Predicate = true> <Delay = 2.43> <CoreInst = "m_axi">   --->   Core 121 'm_axi' <Latency = 0> <II = 1> <Delay = 1.00> <Adapter> <Opcode : 'read' 'write' 'readreq' 'writereq' 'writeresp'>
ST_3 : Operation 104 [1/1] (0.00ns)   --->   "%sext_ln645_1 = sext i58 %trunc_ln645_4" [/home/efrink/mled/split_cu/U280_CRC_Accelerator/src/kernel.cpp:645]   --->   Operation 104 'sext' 'sext_ln645_1' <Predicate = true> <Delay = 0.00>
ST_3 : Operation 105 [1/1] (0.00ns)   --->   "%gmem0_addr_1 = getelementptr i512 %gmem0, i64 %sext_ln645_1" [/home/efrink/mled/split_cu/U280_CRC_Accelerator/src/kernel.cpp:645]   --->   Operation 105 'getelementptr' 'gmem0_addr_1' <Predicate = true> <Delay = 0.00>
ST_3 : Operation 106 [70/70] (2.43ns)   --->   "%gmem0_load_1_req = readreq i1 @_ssdm_op_ReadReq.m_axi.i512P1A, i512 %gmem0_addr_1, i32 1" [/home/efrink/mled/split_cu/U280_CRC_Accelerator/src/kernel.cpp:645]   --->   Operation 106 'readreq' 'gmem0_load_1_req' <Predicate = true> <Delay = 2.43> <CoreInst = "m_axi">   --->   Core 121 'm_axi' <Latency = 0> <II = 1> <Delay = 1.00> <Adapter> <Opcode : 'read' 'write' 'readreq' 'writereq' 'writeresp'>

State 4 <SV = 3> <Delay = 2.43>
ST_4 : Operation 107 [68/70] (2.43ns)   --->   "%gmem0_load_req = readreq i1 @_ssdm_op_ReadReq.m_axi.i512P1A, i512 %gmem0_addr, i32 1" [/home/efrink/mled/split_cu/U280_CRC_Accelerator/src/kernel.cpp:645]   --->   Operation 107 'readreq' 'gmem0_load_req' <Predicate = true> <Delay = 2.43> <CoreInst = "m_axi">   --->   Core 121 'm_axi' <Latency = 0> <II = 1> <Delay = 1.00> <Adapter> <Opcode : 'read' 'write' 'readreq' 'writereq' 'writeresp'>
ST_4 : Operation 108 [69/70] (2.43ns)   --->   "%gmem0_load_1_req = readreq i1 @_ssdm_op_ReadReq.m_axi.i512P1A, i512 %gmem0_addr_1, i32 1" [/home/efrink/mled/split_cu/U280_CRC_Accelerator/src/kernel.cpp:645]   --->   Operation 108 'readreq' 'gmem0_load_1_req' <Predicate = true> <Delay = 2.43> <CoreInst = "m_axi">   --->   Core 121 'm_axi' <Latency = 0> <II = 1> <Delay = 1.00> <Adapter> <Opcode : 'read' 'write' 'readreq' 'writereq' 'writeresp'>

State 5 <SV = 4> <Delay = 2.43>
ST_5 : Operation 109 [67/70] (2.43ns)   --->   "%gmem0_load_req = readreq i1 @_ssdm_op_ReadReq.m_axi.i512P1A, i512 %gmem0_addr, i32 1" [/home/efrink/mled/split_cu/U280_CRC_Accelerator/src/kernel.cpp:645]   --->   Operation 109 'readreq' 'gmem0_load_req' <Predicate = true> <Delay = 2.43> <CoreInst = "m_axi">   --->   Core 121 'm_axi' <Latency = 0> <II = 1> <Delay = 1.00> <Adapter> <Opcode : 'read' 'write' 'readreq' 'writereq' 'writeresp'>
ST_5 : Operation 110 [68/70] (2.43ns)   --->   "%gmem0_load_1_req = readreq i1 @_ssdm_op_ReadReq.m_axi.i512P1A, i512 %gmem0_addr_1, i32 1" [/home/efrink/mled/split_cu/U280_CRC_Accelerator/src/kernel.cpp:645]   --->   Operation 110 'readreq' 'gmem0_load_1_req' <Predicate = true> <Delay = 2.43> <CoreInst = "m_axi">   --->   Core 121 'm_axi' <Latency = 0> <II = 1> <Delay = 1.00> <Adapter> <Opcode : 'read' 'write' 'readreq' 'writereq' 'writeresp'>

State 6 <SV = 5> <Delay = 2.43>
ST_6 : Operation 111 [66/70] (2.43ns)   --->   "%gmem0_load_req = readreq i1 @_ssdm_op_ReadReq.m_axi.i512P1A, i512 %gmem0_addr, i32 1" [/home/efrink/mled/split_cu/U280_CRC_Accelerator/src/kernel.cpp:645]   --->   Operation 111 'readreq' 'gmem0_load_req' <Predicate = true> <Delay = 2.43> <CoreInst = "m_axi">   --->   Core 121 'm_axi' <Latency = 0> <II = 1> <Delay = 1.00> <Adapter> <Opcode : 'read' 'write' 'readreq' 'writereq' 'writeresp'>
ST_6 : Operation 112 [67/70] (2.43ns)   --->   "%gmem0_load_1_req = readreq i1 @_ssdm_op_ReadReq.m_axi.i512P1A, i512 %gmem0_addr_1, i32 1" [/home/efrink/mled/split_cu/U280_CRC_Accelerator/src/kernel.cpp:645]   --->   Operation 112 'readreq' 'gmem0_load_1_req' <Predicate = true> <Delay = 2.43> <CoreInst = "m_axi">   --->   Core 121 'm_axi' <Latency = 0> <II = 1> <Delay = 1.00> <Adapter> <Opcode : 'read' 'write' 'readreq' 'writereq' 'writeresp'>

State 7 <SV = 6> <Delay = 2.43>
ST_7 : Operation 113 [65/70] (2.43ns)   --->   "%gmem0_load_req = readreq i1 @_ssdm_op_ReadReq.m_axi.i512P1A, i512 %gmem0_addr, i32 1" [/home/efrink/mled/split_cu/U280_CRC_Accelerator/src/kernel.cpp:645]   --->   Operation 113 'readreq' 'gmem0_load_req' <Predicate = true> <Delay = 2.43> <CoreInst = "m_axi">   --->   Core 121 'm_axi' <Latency = 0> <II = 1> <Delay = 1.00> <Adapter> <Opcode : 'read' 'write' 'readreq' 'writereq' 'writeresp'>
ST_7 : Operation 114 [66/70] (2.43ns)   --->   "%gmem0_load_1_req = readreq i1 @_ssdm_op_ReadReq.m_axi.i512P1A, i512 %gmem0_addr_1, i32 1" [/home/efrink/mled/split_cu/U280_CRC_Accelerator/src/kernel.cpp:645]   --->   Operation 114 'readreq' 'gmem0_load_1_req' <Predicate = true> <Delay = 2.43> <CoreInst = "m_axi">   --->   Core 121 'm_axi' <Latency = 0> <II = 1> <Delay = 1.00> <Adapter> <Opcode : 'read' 'write' 'readreq' 'writereq' 'writeresp'>

State 8 <SV = 7> <Delay = 2.43>
ST_8 : Operation 115 [64/70] (2.43ns)   --->   "%gmem0_load_req = readreq i1 @_ssdm_op_ReadReq.m_axi.i512P1A, i512 %gmem0_addr, i32 1" [/home/efrink/mled/split_cu/U280_CRC_Accelerator/src/kernel.cpp:645]   --->   Operation 115 'readreq' 'gmem0_load_req' <Predicate = true> <Delay = 2.43> <CoreInst = "m_axi">   --->   Core 121 'm_axi' <Latency = 0> <II = 1> <Delay = 1.00> <Adapter> <Opcode : 'read' 'write' 'readreq' 'writereq' 'writeresp'>
ST_8 : Operation 116 [65/70] (2.43ns)   --->   "%gmem0_load_1_req = readreq i1 @_ssdm_op_ReadReq.m_axi.i512P1A, i512 %gmem0_addr_1, i32 1" [/home/efrink/mled/split_cu/U280_CRC_Accelerator/src/kernel.cpp:645]   --->   Operation 116 'readreq' 'gmem0_load_1_req' <Predicate = true> <Delay = 2.43> <CoreInst = "m_axi">   --->   Core 121 'm_axi' <Latency = 0> <II = 1> <Delay = 1.00> <Adapter> <Opcode : 'read' 'write' 'readreq' 'writereq' 'writeresp'>

State 9 <SV = 8> <Delay = 2.43>
ST_9 : Operation 117 [63/70] (2.43ns)   --->   "%gmem0_load_req = readreq i1 @_ssdm_op_ReadReq.m_axi.i512P1A, i512 %gmem0_addr, i32 1" [/home/efrink/mled/split_cu/U280_CRC_Accelerator/src/kernel.cpp:645]   --->   Operation 117 'readreq' 'gmem0_load_req' <Predicate = true> <Delay = 2.43> <CoreInst = "m_axi">   --->   Core 121 'm_axi' <Latency = 0> <II = 1> <Delay = 1.00> <Adapter> <Opcode : 'read' 'write' 'readreq' 'writereq' 'writeresp'>
ST_9 : Operation 118 [64/70] (2.43ns)   --->   "%gmem0_load_1_req = readreq i1 @_ssdm_op_ReadReq.m_axi.i512P1A, i512 %gmem0_addr_1, i32 1" [/home/efrink/mled/split_cu/U280_CRC_Accelerator/src/kernel.cpp:645]   --->   Operation 118 'readreq' 'gmem0_load_1_req' <Predicate = true> <Delay = 2.43> <CoreInst = "m_axi">   --->   Core 121 'm_axi' <Latency = 0> <II = 1> <Delay = 1.00> <Adapter> <Opcode : 'read' 'write' 'readreq' 'writereq' 'writeresp'>

State 10 <SV = 9> <Delay = 2.43>
ST_10 : Operation 119 [62/70] (2.43ns)   --->   "%gmem0_load_req = readreq i1 @_ssdm_op_ReadReq.m_axi.i512P1A, i512 %gmem0_addr, i32 1" [/home/efrink/mled/split_cu/U280_CRC_Accelerator/src/kernel.cpp:645]   --->   Operation 119 'readreq' 'gmem0_load_req' <Predicate = true> <Delay = 2.43> <CoreInst = "m_axi">   --->   Core 121 'm_axi' <Latency = 0> <II = 1> <Delay = 1.00> <Adapter> <Opcode : 'read' 'write' 'readreq' 'writereq' 'writeresp'>
ST_10 : Operation 120 [63/70] (2.43ns)   --->   "%gmem0_load_1_req = readreq i1 @_ssdm_op_ReadReq.m_axi.i512P1A, i512 %gmem0_addr_1, i32 1" [/home/efrink/mled/split_cu/U280_CRC_Accelerator/src/kernel.cpp:645]   --->   Operation 120 'readreq' 'gmem0_load_1_req' <Predicate = true> <Delay = 2.43> <CoreInst = "m_axi">   --->   Core 121 'm_axi' <Latency = 0> <II = 1> <Delay = 1.00> <Adapter> <Opcode : 'read' 'write' 'readreq' 'writereq' 'writeresp'>

State 11 <SV = 10> <Delay = 2.43>
ST_11 : Operation 121 [61/70] (2.43ns)   --->   "%gmem0_load_req = readreq i1 @_ssdm_op_ReadReq.m_axi.i512P1A, i512 %gmem0_addr, i32 1" [/home/efrink/mled/split_cu/U280_CRC_Accelerator/src/kernel.cpp:645]   --->   Operation 121 'readreq' 'gmem0_load_req' <Predicate = true> <Delay = 2.43> <CoreInst = "m_axi">   --->   Core 121 'm_axi' <Latency = 0> <II = 1> <Delay = 1.00> <Adapter> <Opcode : 'read' 'write' 'readreq' 'writereq' 'writeresp'>
ST_11 : Operation 122 [62/70] (2.43ns)   --->   "%gmem0_load_1_req = readreq i1 @_ssdm_op_ReadReq.m_axi.i512P1A, i512 %gmem0_addr_1, i32 1" [/home/efrink/mled/split_cu/U280_CRC_Accelerator/src/kernel.cpp:645]   --->   Operation 122 'readreq' 'gmem0_load_1_req' <Predicate = true> <Delay = 2.43> <CoreInst = "m_axi">   --->   Core 121 'm_axi' <Latency = 0> <II = 1> <Delay = 1.00> <Adapter> <Opcode : 'read' 'write' 'readreq' 'writereq' 'writeresp'>

State 12 <SV = 11> <Delay = 2.43>
ST_12 : Operation 123 [60/70] (2.43ns)   --->   "%gmem0_load_req = readreq i1 @_ssdm_op_ReadReq.m_axi.i512P1A, i512 %gmem0_addr, i32 1" [/home/efrink/mled/split_cu/U280_CRC_Accelerator/src/kernel.cpp:645]   --->   Operation 123 'readreq' 'gmem0_load_req' <Predicate = true> <Delay = 2.43> <CoreInst = "m_axi">   --->   Core 121 'm_axi' <Latency = 0> <II = 1> <Delay = 1.00> <Adapter> <Opcode : 'read' 'write' 'readreq' 'writereq' 'writeresp'>
ST_12 : Operation 124 [61/70] (2.43ns)   --->   "%gmem0_load_1_req = readreq i1 @_ssdm_op_ReadReq.m_axi.i512P1A, i512 %gmem0_addr_1, i32 1" [/home/efrink/mled/split_cu/U280_CRC_Accelerator/src/kernel.cpp:645]   --->   Operation 124 'readreq' 'gmem0_load_1_req' <Predicate = true> <Delay = 2.43> <CoreInst = "m_axi">   --->   Core 121 'm_axi' <Latency = 0> <II = 1> <Delay = 1.00> <Adapter> <Opcode : 'read' 'write' 'readreq' 'writereq' 'writeresp'>

State 13 <SV = 12> <Delay = 2.43>
ST_13 : Operation 125 [59/70] (2.43ns)   --->   "%gmem0_load_req = readreq i1 @_ssdm_op_ReadReq.m_axi.i512P1A, i512 %gmem0_addr, i32 1" [/home/efrink/mled/split_cu/U280_CRC_Accelerator/src/kernel.cpp:645]   --->   Operation 125 'readreq' 'gmem0_load_req' <Predicate = true> <Delay = 2.43> <CoreInst = "m_axi">   --->   Core 121 'm_axi' <Latency = 0> <II = 1> <Delay = 1.00> <Adapter> <Opcode : 'read' 'write' 'readreq' 'writereq' 'writeresp'>
ST_13 : Operation 126 [60/70] (2.43ns)   --->   "%gmem0_load_1_req = readreq i1 @_ssdm_op_ReadReq.m_axi.i512P1A, i512 %gmem0_addr_1, i32 1" [/home/efrink/mled/split_cu/U280_CRC_Accelerator/src/kernel.cpp:645]   --->   Operation 126 'readreq' 'gmem0_load_1_req' <Predicate = true> <Delay = 2.43> <CoreInst = "m_axi">   --->   Core 121 'm_axi' <Latency = 0> <II = 1> <Delay = 1.00> <Adapter> <Opcode : 'read' 'write' 'readreq' 'writereq' 'writeresp'>

State 14 <SV = 13> <Delay = 2.43>
ST_14 : Operation 127 [58/70] (2.43ns)   --->   "%gmem0_load_req = readreq i1 @_ssdm_op_ReadReq.m_axi.i512P1A, i512 %gmem0_addr, i32 1" [/home/efrink/mled/split_cu/U280_CRC_Accelerator/src/kernel.cpp:645]   --->   Operation 127 'readreq' 'gmem0_load_req' <Predicate = true> <Delay = 2.43> <CoreInst = "m_axi">   --->   Core 121 'm_axi' <Latency = 0> <II = 1> <Delay = 1.00> <Adapter> <Opcode : 'read' 'write' 'readreq' 'writereq' 'writeresp'>
ST_14 : Operation 128 [59/70] (2.43ns)   --->   "%gmem0_load_1_req = readreq i1 @_ssdm_op_ReadReq.m_axi.i512P1A, i512 %gmem0_addr_1, i32 1" [/home/efrink/mled/split_cu/U280_CRC_Accelerator/src/kernel.cpp:645]   --->   Operation 128 'readreq' 'gmem0_load_1_req' <Predicate = true> <Delay = 2.43> <CoreInst = "m_axi">   --->   Core 121 'm_axi' <Latency = 0> <II = 1> <Delay = 1.00> <Adapter> <Opcode : 'read' 'write' 'readreq' 'writereq' 'writeresp'>

State 15 <SV = 14> <Delay = 2.43>
ST_15 : Operation 129 [57/70] (2.43ns)   --->   "%gmem0_load_req = readreq i1 @_ssdm_op_ReadReq.m_axi.i512P1A, i512 %gmem0_addr, i32 1" [/home/efrink/mled/split_cu/U280_CRC_Accelerator/src/kernel.cpp:645]   --->   Operation 129 'readreq' 'gmem0_load_req' <Predicate = true> <Delay = 2.43> <CoreInst = "m_axi">   --->   Core 121 'm_axi' <Latency = 0> <II = 1> <Delay = 1.00> <Adapter> <Opcode : 'read' 'write' 'readreq' 'writereq' 'writeresp'>
ST_15 : Operation 130 [58/70] (2.43ns)   --->   "%gmem0_load_1_req = readreq i1 @_ssdm_op_ReadReq.m_axi.i512P1A, i512 %gmem0_addr_1, i32 1" [/home/efrink/mled/split_cu/U280_CRC_Accelerator/src/kernel.cpp:645]   --->   Operation 130 'readreq' 'gmem0_load_1_req' <Predicate = true> <Delay = 2.43> <CoreInst = "m_axi">   --->   Core 121 'm_axi' <Latency = 0> <II = 1> <Delay = 1.00> <Adapter> <Opcode : 'read' 'write' 'readreq' 'writereq' 'writeresp'>

State 16 <SV = 15> <Delay = 2.43>
ST_16 : Operation 131 [56/70] (2.43ns)   --->   "%gmem0_load_req = readreq i1 @_ssdm_op_ReadReq.m_axi.i512P1A, i512 %gmem0_addr, i32 1" [/home/efrink/mled/split_cu/U280_CRC_Accelerator/src/kernel.cpp:645]   --->   Operation 131 'readreq' 'gmem0_load_req' <Predicate = true> <Delay = 2.43> <CoreInst = "m_axi">   --->   Core 121 'm_axi' <Latency = 0> <II = 1> <Delay = 1.00> <Adapter> <Opcode : 'read' 'write' 'readreq' 'writereq' 'writeresp'>
ST_16 : Operation 132 [57/70] (2.43ns)   --->   "%gmem0_load_1_req = readreq i1 @_ssdm_op_ReadReq.m_axi.i512P1A, i512 %gmem0_addr_1, i32 1" [/home/efrink/mled/split_cu/U280_CRC_Accelerator/src/kernel.cpp:645]   --->   Operation 132 'readreq' 'gmem0_load_1_req' <Predicate = true> <Delay = 2.43> <CoreInst = "m_axi">   --->   Core 121 'm_axi' <Latency = 0> <II = 1> <Delay = 1.00> <Adapter> <Opcode : 'read' 'write' 'readreq' 'writereq' 'writeresp'>

State 17 <SV = 16> <Delay = 2.43>
ST_17 : Operation 133 [55/70] (2.43ns)   --->   "%gmem0_load_req = readreq i1 @_ssdm_op_ReadReq.m_axi.i512P1A, i512 %gmem0_addr, i32 1" [/home/efrink/mled/split_cu/U280_CRC_Accelerator/src/kernel.cpp:645]   --->   Operation 133 'readreq' 'gmem0_load_req' <Predicate = true> <Delay = 2.43> <CoreInst = "m_axi">   --->   Core 121 'm_axi' <Latency = 0> <II = 1> <Delay = 1.00> <Adapter> <Opcode : 'read' 'write' 'readreq' 'writereq' 'writeresp'>
ST_17 : Operation 134 [56/70] (2.43ns)   --->   "%gmem0_load_1_req = readreq i1 @_ssdm_op_ReadReq.m_axi.i512P1A, i512 %gmem0_addr_1, i32 1" [/home/efrink/mled/split_cu/U280_CRC_Accelerator/src/kernel.cpp:645]   --->   Operation 134 'readreq' 'gmem0_load_1_req' <Predicate = true> <Delay = 2.43> <CoreInst = "m_axi">   --->   Core 121 'm_axi' <Latency = 0> <II = 1> <Delay = 1.00> <Adapter> <Opcode : 'read' 'write' 'readreq' 'writereq' 'writeresp'>

State 18 <SV = 17> <Delay = 2.43>
ST_18 : Operation 135 [54/70] (2.43ns)   --->   "%gmem0_load_req = readreq i1 @_ssdm_op_ReadReq.m_axi.i512P1A, i512 %gmem0_addr, i32 1" [/home/efrink/mled/split_cu/U280_CRC_Accelerator/src/kernel.cpp:645]   --->   Operation 135 'readreq' 'gmem0_load_req' <Predicate = true> <Delay = 2.43> <CoreInst = "m_axi">   --->   Core 121 'm_axi' <Latency = 0> <II = 1> <Delay = 1.00> <Adapter> <Opcode : 'read' 'write' 'readreq' 'writereq' 'writeresp'>
ST_18 : Operation 136 [55/70] (2.43ns)   --->   "%gmem0_load_1_req = readreq i1 @_ssdm_op_ReadReq.m_axi.i512P1A, i512 %gmem0_addr_1, i32 1" [/home/efrink/mled/split_cu/U280_CRC_Accelerator/src/kernel.cpp:645]   --->   Operation 136 'readreq' 'gmem0_load_1_req' <Predicate = true> <Delay = 2.43> <CoreInst = "m_axi">   --->   Core 121 'm_axi' <Latency = 0> <II = 1> <Delay = 1.00> <Adapter> <Opcode : 'read' 'write' 'readreq' 'writereq' 'writeresp'>

State 19 <SV = 18> <Delay = 2.43>
ST_19 : Operation 137 [53/70] (2.43ns)   --->   "%gmem0_load_req = readreq i1 @_ssdm_op_ReadReq.m_axi.i512P1A, i512 %gmem0_addr, i32 1" [/home/efrink/mled/split_cu/U280_CRC_Accelerator/src/kernel.cpp:645]   --->   Operation 137 'readreq' 'gmem0_load_req' <Predicate = true> <Delay = 2.43> <CoreInst = "m_axi">   --->   Core 121 'm_axi' <Latency = 0> <II = 1> <Delay = 1.00> <Adapter> <Opcode : 'read' 'write' 'readreq' 'writereq' 'writeresp'>
ST_19 : Operation 138 [54/70] (2.43ns)   --->   "%gmem0_load_1_req = readreq i1 @_ssdm_op_ReadReq.m_axi.i512P1A, i512 %gmem0_addr_1, i32 1" [/home/efrink/mled/split_cu/U280_CRC_Accelerator/src/kernel.cpp:645]   --->   Operation 138 'readreq' 'gmem0_load_1_req' <Predicate = true> <Delay = 2.43> <CoreInst = "m_axi">   --->   Core 121 'm_axi' <Latency = 0> <II = 1> <Delay = 1.00> <Adapter> <Opcode : 'read' 'write' 'readreq' 'writereq' 'writeresp'>

State 20 <SV = 19> <Delay = 2.43>
ST_20 : Operation 139 [52/70] (2.43ns)   --->   "%gmem0_load_req = readreq i1 @_ssdm_op_ReadReq.m_axi.i512P1A, i512 %gmem0_addr, i32 1" [/home/efrink/mled/split_cu/U280_CRC_Accelerator/src/kernel.cpp:645]   --->   Operation 139 'readreq' 'gmem0_load_req' <Predicate = true> <Delay = 2.43> <CoreInst = "m_axi">   --->   Core 121 'm_axi' <Latency = 0> <II = 1> <Delay = 1.00> <Adapter> <Opcode : 'read' 'write' 'readreq' 'writereq' 'writeresp'>
ST_20 : Operation 140 [53/70] (2.43ns)   --->   "%gmem0_load_1_req = readreq i1 @_ssdm_op_ReadReq.m_axi.i512P1A, i512 %gmem0_addr_1, i32 1" [/home/efrink/mled/split_cu/U280_CRC_Accelerator/src/kernel.cpp:645]   --->   Operation 140 'readreq' 'gmem0_load_1_req' <Predicate = true> <Delay = 2.43> <CoreInst = "m_axi">   --->   Core 121 'm_axi' <Latency = 0> <II = 1> <Delay = 1.00> <Adapter> <Opcode : 'read' 'write' 'readreq' 'writereq' 'writeresp'>

State 21 <SV = 20> <Delay = 2.43>
ST_21 : Operation 141 [51/70] (2.43ns)   --->   "%gmem0_load_req = readreq i1 @_ssdm_op_ReadReq.m_axi.i512P1A, i512 %gmem0_addr, i32 1" [/home/efrink/mled/split_cu/U280_CRC_Accelerator/src/kernel.cpp:645]   --->   Operation 141 'readreq' 'gmem0_load_req' <Predicate = true> <Delay = 2.43> <CoreInst = "m_axi">   --->   Core 121 'm_axi' <Latency = 0> <II = 1> <Delay = 1.00> <Adapter> <Opcode : 'read' 'write' 'readreq' 'writereq' 'writeresp'>
ST_21 : Operation 142 [52/70] (2.43ns)   --->   "%gmem0_load_1_req = readreq i1 @_ssdm_op_ReadReq.m_axi.i512P1A, i512 %gmem0_addr_1, i32 1" [/home/efrink/mled/split_cu/U280_CRC_Accelerator/src/kernel.cpp:645]   --->   Operation 142 'readreq' 'gmem0_load_1_req' <Predicate = true> <Delay = 2.43> <CoreInst = "m_axi">   --->   Core 121 'm_axi' <Latency = 0> <II = 1> <Delay = 1.00> <Adapter> <Opcode : 'read' 'write' 'readreq' 'writereq' 'writeresp'>

State 22 <SV = 21> <Delay = 2.43>
ST_22 : Operation 143 [50/70] (2.43ns)   --->   "%gmem0_load_req = readreq i1 @_ssdm_op_ReadReq.m_axi.i512P1A, i512 %gmem0_addr, i32 1" [/home/efrink/mled/split_cu/U280_CRC_Accelerator/src/kernel.cpp:645]   --->   Operation 143 'readreq' 'gmem0_load_req' <Predicate = true> <Delay = 2.43> <CoreInst = "m_axi">   --->   Core 121 'm_axi' <Latency = 0> <II = 1> <Delay = 1.00> <Adapter> <Opcode : 'read' 'write' 'readreq' 'writereq' 'writeresp'>
ST_22 : Operation 144 [51/70] (2.43ns)   --->   "%gmem0_load_1_req = readreq i1 @_ssdm_op_ReadReq.m_axi.i512P1A, i512 %gmem0_addr_1, i32 1" [/home/efrink/mled/split_cu/U280_CRC_Accelerator/src/kernel.cpp:645]   --->   Operation 144 'readreq' 'gmem0_load_1_req' <Predicate = true> <Delay = 2.43> <CoreInst = "m_axi">   --->   Core 121 'm_axi' <Latency = 0> <II = 1> <Delay = 1.00> <Adapter> <Opcode : 'read' 'write' 'readreq' 'writereq' 'writeresp'>

State 23 <SV = 22> <Delay = 2.43>
ST_23 : Operation 145 [49/70] (2.43ns)   --->   "%gmem0_load_req = readreq i1 @_ssdm_op_ReadReq.m_axi.i512P1A, i512 %gmem0_addr, i32 1" [/home/efrink/mled/split_cu/U280_CRC_Accelerator/src/kernel.cpp:645]   --->   Operation 145 'readreq' 'gmem0_load_req' <Predicate = true> <Delay = 2.43> <CoreInst = "m_axi">   --->   Core 121 'm_axi' <Latency = 0> <II = 1> <Delay = 1.00> <Adapter> <Opcode : 'read' 'write' 'readreq' 'writereq' 'writeresp'>
ST_23 : Operation 146 [50/70] (2.43ns)   --->   "%gmem0_load_1_req = readreq i1 @_ssdm_op_ReadReq.m_axi.i512P1A, i512 %gmem0_addr_1, i32 1" [/home/efrink/mled/split_cu/U280_CRC_Accelerator/src/kernel.cpp:645]   --->   Operation 146 'readreq' 'gmem0_load_1_req' <Predicate = true> <Delay = 2.43> <CoreInst = "m_axi">   --->   Core 121 'm_axi' <Latency = 0> <II = 1> <Delay = 1.00> <Adapter> <Opcode : 'read' 'write' 'readreq' 'writereq' 'writeresp'>

State 24 <SV = 23> <Delay = 2.43>
ST_24 : Operation 147 [48/70] (2.43ns)   --->   "%gmem0_load_req = readreq i1 @_ssdm_op_ReadReq.m_axi.i512P1A, i512 %gmem0_addr, i32 1" [/home/efrink/mled/split_cu/U280_CRC_Accelerator/src/kernel.cpp:645]   --->   Operation 147 'readreq' 'gmem0_load_req' <Predicate = true> <Delay = 2.43> <CoreInst = "m_axi">   --->   Core 121 'm_axi' <Latency = 0> <II = 1> <Delay = 1.00> <Adapter> <Opcode : 'read' 'write' 'readreq' 'writereq' 'writeresp'>
ST_24 : Operation 148 [49/70] (2.43ns)   --->   "%gmem0_load_1_req = readreq i1 @_ssdm_op_ReadReq.m_axi.i512P1A, i512 %gmem0_addr_1, i32 1" [/home/efrink/mled/split_cu/U280_CRC_Accelerator/src/kernel.cpp:645]   --->   Operation 148 'readreq' 'gmem0_load_1_req' <Predicate = true> <Delay = 2.43> <CoreInst = "m_axi">   --->   Core 121 'm_axi' <Latency = 0> <II = 1> <Delay = 1.00> <Adapter> <Opcode : 'read' 'write' 'readreq' 'writereq' 'writeresp'>

State 25 <SV = 24> <Delay = 2.43>
ST_25 : Operation 149 [47/70] (2.43ns)   --->   "%gmem0_load_req = readreq i1 @_ssdm_op_ReadReq.m_axi.i512P1A, i512 %gmem0_addr, i32 1" [/home/efrink/mled/split_cu/U280_CRC_Accelerator/src/kernel.cpp:645]   --->   Operation 149 'readreq' 'gmem0_load_req' <Predicate = true> <Delay = 2.43> <CoreInst = "m_axi">   --->   Core 121 'm_axi' <Latency = 0> <II = 1> <Delay = 1.00> <Adapter> <Opcode : 'read' 'write' 'readreq' 'writereq' 'writeresp'>
ST_25 : Operation 150 [48/70] (2.43ns)   --->   "%gmem0_load_1_req = readreq i1 @_ssdm_op_ReadReq.m_axi.i512P1A, i512 %gmem0_addr_1, i32 1" [/home/efrink/mled/split_cu/U280_CRC_Accelerator/src/kernel.cpp:645]   --->   Operation 150 'readreq' 'gmem0_load_1_req' <Predicate = true> <Delay = 2.43> <CoreInst = "m_axi">   --->   Core 121 'm_axi' <Latency = 0> <II = 1> <Delay = 1.00> <Adapter> <Opcode : 'read' 'write' 'readreq' 'writereq' 'writeresp'>

State 26 <SV = 25> <Delay = 2.43>
ST_26 : Operation 151 [46/70] (2.43ns)   --->   "%gmem0_load_req = readreq i1 @_ssdm_op_ReadReq.m_axi.i512P1A, i512 %gmem0_addr, i32 1" [/home/efrink/mled/split_cu/U280_CRC_Accelerator/src/kernel.cpp:645]   --->   Operation 151 'readreq' 'gmem0_load_req' <Predicate = true> <Delay = 2.43> <CoreInst = "m_axi">   --->   Core 121 'm_axi' <Latency = 0> <II = 1> <Delay = 1.00> <Adapter> <Opcode : 'read' 'write' 'readreq' 'writereq' 'writeresp'>
ST_26 : Operation 152 [47/70] (2.43ns)   --->   "%gmem0_load_1_req = readreq i1 @_ssdm_op_ReadReq.m_axi.i512P1A, i512 %gmem0_addr_1, i32 1" [/home/efrink/mled/split_cu/U280_CRC_Accelerator/src/kernel.cpp:645]   --->   Operation 152 'readreq' 'gmem0_load_1_req' <Predicate = true> <Delay = 2.43> <CoreInst = "m_axi">   --->   Core 121 'm_axi' <Latency = 0> <II = 1> <Delay = 1.00> <Adapter> <Opcode : 'read' 'write' 'readreq' 'writereq' 'writeresp'>

State 27 <SV = 26> <Delay = 2.43>
ST_27 : Operation 153 [45/70] (2.43ns)   --->   "%gmem0_load_req = readreq i1 @_ssdm_op_ReadReq.m_axi.i512P1A, i512 %gmem0_addr, i32 1" [/home/efrink/mled/split_cu/U280_CRC_Accelerator/src/kernel.cpp:645]   --->   Operation 153 'readreq' 'gmem0_load_req' <Predicate = true> <Delay = 2.43> <CoreInst = "m_axi">   --->   Core 121 'm_axi' <Latency = 0> <II = 1> <Delay = 1.00> <Adapter> <Opcode : 'read' 'write' 'readreq' 'writereq' 'writeresp'>
ST_27 : Operation 154 [46/70] (2.43ns)   --->   "%gmem0_load_1_req = readreq i1 @_ssdm_op_ReadReq.m_axi.i512P1A, i512 %gmem0_addr_1, i32 1" [/home/efrink/mled/split_cu/U280_CRC_Accelerator/src/kernel.cpp:645]   --->   Operation 154 'readreq' 'gmem0_load_1_req' <Predicate = true> <Delay = 2.43> <CoreInst = "m_axi">   --->   Core 121 'm_axi' <Latency = 0> <II = 1> <Delay = 1.00> <Adapter> <Opcode : 'read' 'write' 'readreq' 'writereq' 'writeresp'>

State 28 <SV = 27> <Delay = 2.43>
ST_28 : Operation 155 [44/70] (2.43ns)   --->   "%gmem0_load_req = readreq i1 @_ssdm_op_ReadReq.m_axi.i512P1A, i512 %gmem0_addr, i32 1" [/home/efrink/mled/split_cu/U280_CRC_Accelerator/src/kernel.cpp:645]   --->   Operation 155 'readreq' 'gmem0_load_req' <Predicate = true> <Delay = 2.43> <CoreInst = "m_axi">   --->   Core 121 'm_axi' <Latency = 0> <II = 1> <Delay = 1.00> <Adapter> <Opcode : 'read' 'write' 'readreq' 'writereq' 'writeresp'>
ST_28 : Operation 156 [45/70] (2.43ns)   --->   "%gmem0_load_1_req = readreq i1 @_ssdm_op_ReadReq.m_axi.i512P1A, i512 %gmem0_addr_1, i32 1" [/home/efrink/mled/split_cu/U280_CRC_Accelerator/src/kernel.cpp:645]   --->   Operation 156 'readreq' 'gmem0_load_1_req' <Predicate = true> <Delay = 2.43> <CoreInst = "m_axi">   --->   Core 121 'm_axi' <Latency = 0> <II = 1> <Delay = 1.00> <Adapter> <Opcode : 'read' 'write' 'readreq' 'writereq' 'writeresp'>

State 29 <SV = 28> <Delay = 2.43>
ST_29 : Operation 157 [43/70] (2.43ns)   --->   "%gmem0_load_req = readreq i1 @_ssdm_op_ReadReq.m_axi.i512P1A, i512 %gmem0_addr, i32 1" [/home/efrink/mled/split_cu/U280_CRC_Accelerator/src/kernel.cpp:645]   --->   Operation 157 'readreq' 'gmem0_load_req' <Predicate = true> <Delay = 2.43> <CoreInst = "m_axi">   --->   Core 121 'm_axi' <Latency = 0> <II = 1> <Delay = 1.00> <Adapter> <Opcode : 'read' 'write' 'readreq' 'writereq' 'writeresp'>
ST_29 : Operation 158 [44/70] (2.43ns)   --->   "%gmem0_load_1_req = readreq i1 @_ssdm_op_ReadReq.m_axi.i512P1A, i512 %gmem0_addr_1, i32 1" [/home/efrink/mled/split_cu/U280_CRC_Accelerator/src/kernel.cpp:645]   --->   Operation 158 'readreq' 'gmem0_load_1_req' <Predicate = true> <Delay = 2.43> <CoreInst = "m_axi">   --->   Core 121 'm_axi' <Latency = 0> <II = 1> <Delay = 1.00> <Adapter> <Opcode : 'read' 'write' 'readreq' 'writereq' 'writeresp'>

State 30 <SV = 29> <Delay = 2.43>
ST_30 : Operation 159 [42/70] (2.43ns)   --->   "%gmem0_load_req = readreq i1 @_ssdm_op_ReadReq.m_axi.i512P1A, i512 %gmem0_addr, i32 1" [/home/efrink/mled/split_cu/U280_CRC_Accelerator/src/kernel.cpp:645]   --->   Operation 159 'readreq' 'gmem0_load_req' <Predicate = true> <Delay = 2.43> <CoreInst = "m_axi">   --->   Core 121 'm_axi' <Latency = 0> <II = 1> <Delay = 1.00> <Adapter> <Opcode : 'read' 'write' 'readreq' 'writereq' 'writeresp'>
ST_30 : Operation 160 [43/70] (2.43ns)   --->   "%gmem0_load_1_req = readreq i1 @_ssdm_op_ReadReq.m_axi.i512P1A, i512 %gmem0_addr_1, i32 1" [/home/efrink/mled/split_cu/U280_CRC_Accelerator/src/kernel.cpp:645]   --->   Operation 160 'readreq' 'gmem0_load_1_req' <Predicate = true> <Delay = 2.43> <CoreInst = "m_axi">   --->   Core 121 'm_axi' <Latency = 0> <II = 1> <Delay = 1.00> <Adapter> <Opcode : 'read' 'write' 'readreq' 'writereq' 'writeresp'>

State 31 <SV = 30> <Delay = 2.43>
ST_31 : Operation 161 [41/70] (2.43ns)   --->   "%gmem0_load_req = readreq i1 @_ssdm_op_ReadReq.m_axi.i512P1A, i512 %gmem0_addr, i32 1" [/home/efrink/mled/split_cu/U280_CRC_Accelerator/src/kernel.cpp:645]   --->   Operation 161 'readreq' 'gmem0_load_req' <Predicate = true> <Delay = 2.43> <CoreInst = "m_axi">   --->   Core 121 'm_axi' <Latency = 0> <II = 1> <Delay = 1.00> <Adapter> <Opcode : 'read' 'write' 'readreq' 'writereq' 'writeresp'>
ST_31 : Operation 162 [42/70] (2.43ns)   --->   "%gmem0_load_1_req = readreq i1 @_ssdm_op_ReadReq.m_axi.i512P1A, i512 %gmem0_addr_1, i32 1" [/home/efrink/mled/split_cu/U280_CRC_Accelerator/src/kernel.cpp:645]   --->   Operation 162 'readreq' 'gmem0_load_1_req' <Predicate = true> <Delay = 2.43> <CoreInst = "m_axi">   --->   Core 121 'm_axi' <Latency = 0> <II = 1> <Delay = 1.00> <Adapter> <Opcode : 'read' 'write' 'readreq' 'writereq' 'writeresp'>

State 32 <SV = 31> <Delay = 2.43>
ST_32 : Operation 163 [40/70] (2.43ns)   --->   "%gmem0_load_req = readreq i1 @_ssdm_op_ReadReq.m_axi.i512P1A, i512 %gmem0_addr, i32 1" [/home/efrink/mled/split_cu/U280_CRC_Accelerator/src/kernel.cpp:645]   --->   Operation 163 'readreq' 'gmem0_load_req' <Predicate = true> <Delay = 2.43> <CoreInst = "m_axi">   --->   Core 121 'm_axi' <Latency = 0> <II = 1> <Delay = 1.00> <Adapter> <Opcode : 'read' 'write' 'readreq' 'writereq' 'writeresp'>
ST_32 : Operation 164 [41/70] (2.43ns)   --->   "%gmem0_load_1_req = readreq i1 @_ssdm_op_ReadReq.m_axi.i512P1A, i512 %gmem0_addr_1, i32 1" [/home/efrink/mled/split_cu/U280_CRC_Accelerator/src/kernel.cpp:645]   --->   Operation 164 'readreq' 'gmem0_load_1_req' <Predicate = true> <Delay = 2.43> <CoreInst = "m_axi">   --->   Core 121 'm_axi' <Latency = 0> <II = 1> <Delay = 1.00> <Adapter> <Opcode : 'read' 'write' 'readreq' 'writereq' 'writeresp'>

State 33 <SV = 32> <Delay = 2.43>
ST_33 : Operation 165 [39/70] (2.43ns)   --->   "%gmem0_load_req = readreq i1 @_ssdm_op_ReadReq.m_axi.i512P1A, i512 %gmem0_addr, i32 1" [/home/efrink/mled/split_cu/U280_CRC_Accelerator/src/kernel.cpp:645]   --->   Operation 165 'readreq' 'gmem0_load_req' <Predicate = true> <Delay = 2.43> <CoreInst = "m_axi">   --->   Core 121 'm_axi' <Latency = 0> <II = 1> <Delay = 1.00> <Adapter> <Opcode : 'read' 'write' 'readreq' 'writereq' 'writeresp'>
ST_33 : Operation 166 [40/70] (2.43ns)   --->   "%gmem0_load_1_req = readreq i1 @_ssdm_op_ReadReq.m_axi.i512P1A, i512 %gmem0_addr_1, i32 1" [/home/efrink/mled/split_cu/U280_CRC_Accelerator/src/kernel.cpp:645]   --->   Operation 166 'readreq' 'gmem0_load_1_req' <Predicate = true> <Delay = 2.43> <CoreInst = "m_axi">   --->   Core 121 'm_axi' <Latency = 0> <II = 1> <Delay = 1.00> <Adapter> <Opcode : 'read' 'write' 'readreq' 'writereq' 'writeresp'>

State 34 <SV = 33> <Delay = 2.43>
ST_34 : Operation 167 [38/70] (2.43ns)   --->   "%gmem0_load_req = readreq i1 @_ssdm_op_ReadReq.m_axi.i512P1A, i512 %gmem0_addr, i32 1" [/home/efrink/mled/split_cu/U280_CRC_Accelerator/src/kernel.cpp:645]   --->   Operation 167 'readreq' 'gmem0_load_req' <Predicate = true> <Delay = 2.43> <CoreInst = "m_axi">   --->   Core 121 'm_axi' <Latency = 0> <II = 1> <Delay = 1.00> <Adapter> <Opcode : 'read' 'write' 'readreq' 'writereq' 'writeresp'>
ST_34 : Operation 168 [39/70] (2.43ns)   --->   "%gmem0_load_1_req = readreq i1 @_ssdm_op_ReadReq.m_axi.i512P1A, i512 %gmem0_addr_1, i32 1" [/home/efrink/mled/split_cu/U280_CRC_Accelerator/src/kernel.cpp:645]   --->   Operation 168 'readreq' 'gmem0_load_1_req' <Predicate = true> <Delay = 2.43> <CoreInst = "m_axi">   --->   Core 121 'm_axi' <Latency = 0> <II = 1> <Delay = 1.00> <Adapter> <Opcode : 'read' 'write' 'readreq' 'writereq' 'writeresp'>

State 35 <SV = 34> <Delay = 2.43>
ST_35 : Operation 169 [37/70] (2.43ns)   --->   "%gmem0_load_req = readreq i1 @_ssdm_op_ReadReq.m_axi.i512P1A, i512 %gmem0_addr, i32 1" [/home/efrink/mled/split_cu/U280_CRC_Accelerator/src/kernel.cpp:645]   --->   Operation 169 'readreq' 'gmem0_load_req' <Predicate = true> <Delay = 2.43> <CoreInst = "m_axi">   --->   Core 121 'm_axi' <Latency = 0> <II = 1> <Delay = 1.00> <Adapter> <Opcode : 'read' 'write' 'readreq' 'writereq' 'writeresp'>
ST_35 : Operation 170 [38/70] (2.43ns)   --->   "%gmem0_load_1_req = readreq i1 @_ssdm_op_ReadReq.m_axi.i512P1A, i512 %gmem0_addr_1, i32 1" [/home/efrink/mled/split_cu/U280_CRC_Accelerator/src/kernel.cpp:645]   --->   Operation 170 'readreq' 'gmem0_load_1_req' <Predicate = true> <Delay = 2.43> <CoreInst = "m_axi">   --->   Core 121 'm_axi' <Latency = 0> <II = 1> <Delay = 1.00> <Adapter> <Opcode : 'read' 'write' 'readreq' 'writereq' 'writeresp'>

State 36 <SV = 35> <Delay = 2.43>
ST_36 : Operation 171 [36/70] (2.43ns)   --->   "%gmem0_load_req = readreq i1 @_ssdm_op_ReadReq.m_axi.i512P1A, i512 %gmem0_addr, i32 1" [/home/efrink/mled/split_cu/U280_CRC_Accelerator/src/kernel.cpp:645]   --->   Operation 171 'readreq' 'gmem0_load_req' <Predicate = true> <Delay = 2.43> <CoreInst = "m_axi">   --->   Core 121 'm_axi' <Latency = 0> <II = 1> <Delay = 1.00> <Adapter> <Opcode : 'read' 'write' 'readreq' 'writereq' 'writeresp'>
ST_36 : Operation 172 [37/70] (2.43ns)   --->   "%gmem0_load_1_req = readreq i1 @_ssdm_op_ReadReq.m_axi.i512P1A, i512 %gmem0_addr_1, i32 1" [/home/efrink/mled/split_cu/U280_CRC_Accelerator/src/kernel.cpp:645]   --->   Operation 172 'readreq' 'gmem0_load_1_req' <Predicate = true> <Delay = 2.43> <CoreInst = "m_axi">   --->   Core 121 'm_axi' <Latency = 0> <II = 1> <Delay = 1.00> <Adapter> <Opcode : 'read' 'write' 'readreq' 'writereq' 'writeresp'>

State 37 <SV = 36> <Delay = 2.43>
ST_37 : Operation 173 [35/70] (2.43ns)   --->   "%gmem0_load_req = readreq i1 @_ssdm_op_ReadReq.m_axi.i512P1A, i512 %gmem0_addr, i32 1" [/home/efrink/mled/split_cu/U280_CRC_Accelerator/src/kernel.cpp:645]   --->   Operation 173 'readreq' 'gmem0_load_req' <Predicate = true> <Delay = 2.43> <CoreInst = "m_axi">   --->   Core 121 'm_axi' <Latency = 0> <II = 1> <Delay = 1.00> <Adapter> <Opcode : 'read' 'write' 'readreq' 'writereq' 'writeresp'>
ST_37 : Operation 174 [36/70] (2.43ns)   --->   "%gmem0_load_1_req = readreq i1 @_ssdm_op_ReadReq.m_axi.i512P1A, i512 %gmem0_addr_1, i32 1" [/home/efrink/mled/split_cu/U280_CRC_Accelerator/src/kernel.cpp:645]   --->   Operation 174 'readreq' 'gmem0_load_1_req' <Predicate = true> <Delay = 2.43> <CoreInst = "m_axi">   --->   Core 121 'm_axi' <Latency = 0> <II = 1> <Delay = 1.00> <Adapter> <Opcode : 'read' 'write' 'readreq' 'writereq' 'writeresp'>

State 38 <SV = 37> <Delay = 2.43>
ST_38 : Operation 175 [34/70] (2.43ns)   --->   "%gmem0_load_req = readreq i1 @_ssdm_op_ReadReq.m_axi.i512P1A, i512 %gmem0_addr, i32 1" [/home/efrink/mled/split_cu/U280_CRC_Accelerator/src/kernel.cpp:645]   --->   Operation 175 'readreq' 'gmem0_load_req' <Predicate = true> <Delay = 2.43> <CoreInst = "m_axi">   --->   Core 121 'm_axi' <Latency = 0> <II = 1> <Delay = 1.00> <Adapter> <Opcode : 'read' 'write' 'readreq' 'writereq' 'writeresp'>
ST_38 : Operation 176 [35/70] (2.43ns)   --->   "%gmem0_load_1_req = readreq i1 @_ssdm_op_ReadReq.m_axi.i512P1A, i512 %gmem0_addr_1, i32 1" [/home/efrink/mled/split_cu/U280_CRC_Accelerator/src/kernel.cpp:645]   --->   Operation 176 'readreq' 'gmem0_load_1_req' <Predicate = true> <Delay = 2.43> <CoreInst = "m_axi">   --->   Core 121 'm_axi' <Latency = 0> <II = 1> <Delay = 1.00> <Adapter> <Opcode : 'read' 'write' 'readreq' 'writereq' 'writeresp'>

State 39 <SV = 38> <Delay = 2.43>
ST_39 : Operation 177 [33/70] (2.43ns)   --->   "%gmem0_load_req = readreq i1 @_ssdm_op_ReadReq.m_axi.i512P1A, i512 %gmem0_addr, i32 1" [/home/efrink/mled/split_cu/U280_CRC_Accelerator/src/kernel.cpp:645]   --->   Operation 177 'readreq' 'gmem0_load_req' <Predicate = true> <Delay = 2.43> <CoreInst = "m_axi">   --->   Core 121 'm_axi' <Latency = 0> <II = 1> <Delay = 1.00> <Adapter> <Opcode : 'read' 'write' 'readreq' 'writereq' 'writeresp'>
ST_39 : Operation 178 [34/70] (2.43ns)   --->   "%gmem0_load_1_req = readreq i1 @_ssdm_op_ReadReq.m_axi.i512P1A, i512 %gmem0_addr_1, i32 1" [/home/efrink/mled/split_cu/U280_CRC_Accelerator/src/kernel.cpp:645]   --->   Operation 178 'readreq' 'gmem0_load_1_req' <Predicate = true> <Delay = 2.43> <CoreInst = "m_axi">   --->   Core 121 'm_axi' <Latency = 0> <II = 1> <Delay = 1.00> <Adapter> <Opcode : 'read' 'write' 'readreq' 'writereq' 'writeresp'>

State 40 <SV = 39> <Delay = 2.43>
ST_40 : Operation 179 [32/70] (2.43ns)   --->   "%gmem0_load_req = readreq i1 @_ssdm_op_ReadReq.m_axi.i512P1A, i512 %gmem0_addr, i32 1" [/home/efrink/mled/split_cu/U280_CRC_Accelerator/src/kernel.cpp:645]   --->   Operation 179 'readreq' 'gmem0_load_req' <Predicate = true> <Delay = 2.43> <CoreInst = "m_axi">   --->   Core 121 'm_axi' <Latency = 0> <II = 1> <Delay = 1.00> <Adapter> <Opcode : 'read' 'write' 'readreq' 'writereq' 'writeresp'>
ST_40 : Operation 180 [33/70] (2.43ns)   --->   "%gmem0_load_1_req = readreq i1 @_ssdm_op_ReadReq.m_axi.i512P1A, i512 %gmem0_addr_1, i32 1" [/home/efrink/mled/split_cu/U280_CRC_Accelerator/src/kernel.cpp:645]   --->   Operation 180 'readreq' 'gmem0_load_1_req' <Predicate = true> <Delay = 2.43> <CoreInst = "m_axi">   --->   Core 121 'm_axi' <Latency = 0> <II = 1> <Delay = 1.00> <Adapter> <Opcode : 'read' 'write' 'readreq' 'writereq' 'writeresp'>

State 41 <SV = 40> <Delay = 2.43>
ST_41 : Operation 181 [31/70] (2.43ns)   --->   "%gmem0_load_req = readreq i1 @_ssdm_op_ReadReq.m_axi.i512P1A, i512 %gmem0_addr, i32 1" [/home/efrink/mled/split_cu/U280_CRC_Accelerator/src/kernel.cpp:645]   --->   Operation 181 'readreq' 'gmem0_load_req' <Predicate = true> <Delay = 2.43> <CoreInst = "m_axi">   --->   Core 121 'm_axi' <Latency = 0> <II = 1> <Delay = 1.00> <Adapter> <Opcode : 'read' 'write' 'readreq' 'writereq' 'writeresp'>
ST_41 : Operation 182 [32/70] (2.43ns)   --->   "%gmem0_load_1_req = readreq i1 @_ssdm_op_ReadReq.m_axi.i512P1A, i512 %gmem0_addr_1, i32 1" [/home/efrink/mled/split_cu/U280_CRC_Accelerator/src/kernel.cpp:645]   --->   Operation 182 'readreq' 'gmem0_load_1_req' <Predicate = true> <Delay = 2.43> <CoreInst = "m_axi">   --->   Core 121 'm_axi' <Latency = 0> <II = 1> <Delay = 1.00> <Adapter> <Opcode : 'read' 'write' 'readreq' 'writereq' 'writeresp'>

State 42 <SV = 41> <Delay = 2.43>
ST_42 : Operation 183 [30/70] (2.43ns)   --->   "%gmem0_load_req = readreq i1 @_ssdm_op_ReadReq.m_axi.i512P1A, i512 %gmem0_addr, i32 1" [/home/efrink/mled/split_cu/U280_CRC_Accelerator/src/kernel.cpp:645]   --->   Operation 183 'readreq' 'gmem0_load_req' <Predicate = true> <Delay = 2.43> <CoreInst = "m_axi">   --->   Core 121 'm_axi' <Latency = 0> <II = 1> <Delay = 1.00> <Adapter> <Opcode : 'read' 'write' 'readreq' 'writereq' 'writeresp'>
ST_42 : Operation 184 [31/70] (2.43ns)   --->   "%gmem0_load_1_req = readreq i1 @_ssdm_op_ReadReq.m_axi.i512P1A, i512 %gmem0_addr_1, i32 1" [/home/efrink/mled/split_cu/U280_CRC_Accelerator/src/kernel.cpp:645]   --->   Operation 184 'readreq' 'gmem0_load_1_req' <Predicate = true> <Delay = 2.43> <CoreInst = "m_axi">   --->   Core 121 'm_axi' <Latency = 0> <II = 1> <Delay = 1.00> <Adapter> <Opcode : 'read' 'write' 'readreq' 'writereq' 'writeresp'>

State 43 <SV = 42> <Delay = 2.43>
ST_43 : Operation 185 [29/70] (2.43ns)   --->   "%gmem0_load_req = readreq i1 @_ssdm_op_ReadReq.m_axi.i512P1A, i512 %gmem0_addr, i32 1" [/home/efrink/mled/split_cu/U280_CRC_Accelerator/src/kernel.cpp:645]   --->   Operation 185 'readreq' 'gmem0_load_req' <Predicate = true> <Delay = 2.43> <CoreInst = "m_axi">   --->   Core 121 'm_axi' <Latency = 0> <II = 1> <Delay = 1.00> <Adapter> <Opcode : 'read' 'write' 'readreq' 'writereq' 'writeresp'>
ST_43 : Operation 186 [30/70] (2.43ns)   --->   "%gmem0_load_1_req = readreq i1 @_ssdm_op_ReadReq.m_axi.i512P1A, i512 %gmem0_addr_1, i32 1" [/home/efrink/mled/split_cu/U280_CRC_Accelerator/src/kernel.cpp:645]   --->   Operation 186 'readreq' 'gmem0_load_1_req' <Predicate = true> <Delay = 2.43> <CoreInst = "m_axi">   --->   Core 121 'm_axi' <Latency = 0> <II = 1> <Delay = 1.00> <Adapter> <Opcode : 'read' 'write' 'readreq' 'writereq' 'writeresp'>

State 44 <SV = 43> <Delay = 2.43>
ST_44 : Operation 187 [28/70] (2.43ns)   --->   "%gmem0_load_req = readreq i1 @_ssdm_op_ReadReq.m_axi.i512P1A, i512 %gmem0_addr, i32 1" [/home/efrink/mled/split_cu/U280_CRC_Accelerator/src/kernel.cpp:645]   --->   Operation 187 'readreq' 'gmem0_load_req' <Predicate = true> <Delay = 2.43> <CoreInst = "m_axi">   --->   Core 121 'm_axi' <Latency = 0> <II = 1> <Delay = 1.00> <Adapter> <Opcode : 'read' 'write' 'readreq' 'writereq' 'writeresp'>
ST_44 : Operation 188 [29/70] (2.43ns)   --->   "%gmem0_load_1_req = readreq i1 @_ssdm_op_ReadReq.m_axi.i512P1A, i512 %gmem0_addr_1, i32 1" [/home/efrink/mled/split_cu/U280_CRC_Accelerator/src/kernel.cpp:645]   --->   Operation 188 'readreq' 'gmem0_load_1_req' <Predicate = true> <Delay = 2.43> <CoreInst = "m_axi">   --->   Core 121 'm_axi' <Latency = 0> <II = 1> <Delay = 1.00> <Adapter> <Opcode : 'read' 'write' 'readreq' 'writereq' 'writeresp'>

State 45 <SV = 44> <Delay = 2.43>
ST_45 : Operation 189 [27/70] (2.43ns)   --->   "%gmem0_load_req = readreq i1 @_ssdm_op_ReadReq.m_axi.i512P1A, i512 %gmem0_addr, i32 1" [/home/efrink/mled/split_cu/U280_CRC_Accelerator/src/kernel.cpp:645]   --->   Operation 189 'readreq' 'gmem0_load_req' <Predicate = true> <Delay = 2.43> <CoreInst = "m_axi">   --->   Core 121 'm_axi' <Latency = 0> <II = 1> <Delay = 1.00> <Adapter> <Opcode : 'read' 'write' 'readreq' 'writereq' 'writeresp'>
ST_45 : Operation 190 [28/70] (2.43ns)   --->   "%gmem0_load_1_req = readreq i1 @_ssdm_op_ReadReq.m_axi.i512P1A, i512 %gmem0_addr_1, i32 1" [/home/efrink/mled/split_cu/U280_CRC_Accelerator/src/kernel.cpp:645]   --->   Operation 190 'readreq' 'gmem0_load_1_req' <Predicate = true> <Delay = 2.43> <CoreInst = "m_axi">   --->   Core 121 'm_axi' <Latency = 0> <II = 1> <Delay = 1.00> <Adapter> <Opcode : 'read' 'write' 'readreq' 'writereq' 'writeresp'>

State 46 <SV = 45> <Delay = 2.43>
ST_46 : Operation 191 [26/70] (2.43ns)   --->   "%gmem0_load_req = readreq i1 @_ssdm_op_ReadReq.m_axi.i512P1A, i512 %gmem0_addr, i32 1" [/home/efrink/mled/split_cu/U280_CRC_Accelerator/src/kernel.cpp:645]   --->   Operation 191 'readreq' 'gmem0_load_req' <Predicate = true> <Delay = 2.43> <CoreInst = "m_axi">   --->   Core 121 'm_axi' <Latency = 0> <II = 1> <Delay = 1.00> <Adapter> <Opcode : 'read' 'write' 'readreq' 'writereq' 'writeresp'>
ST_46 : Operation 192 [27/70] (2.43ns)   --->   "%gmem0_load_1_req = readreq i1 @_ssdm_op_ReadReq.m_axi.i512P1A, i512 %gmem0_addr_1, i32 1" [/home/efrink/mled/split_cu/U280_CRC_Accelerator/src/kernel.cpp:645]   --->   Operation 192 'readreq' 'gmem0_load_1_req' <Predicate = true> <Delay = 2.43> <CoreInst = "m_axi">   --->   Core 121 'm_axi' <Latency = 0> <II = 1> <Delay = 1.00> <Adapter> <Opcode : 'read' 'write' 'readreq' 'writereq' 'writeresp'>

State 47 <SV = 46> <Delay = 2.43>
ST_47 : Operation 193 [25/70] (2.43ns)   --->   "%gmem0_load_req = readreq i1 @_ssdm_op_ReadReq.m_axi.i512P1A, i512 %gmem0_addr, i32 1" [/home/efrink/mled/split_cu/U280_CRC_Accelerator/src/kernel.cpp:645]   --->   Operation 193 'readreq' 'gmem0_load_req' <Predicate = true> <Delay = 2.43> <CoreInst = "m_axi">   --->   Core 121 'm_axi' <Latency = 0> <II = 1> <Delay = 1.00> <Adapter> <Opcode : 'read' 'write' 'readreq' 'writereq' 'writeresp'>
ST_47 : Operation 194 [26/70] (2.43ns)   --->   "%gmem0_load_1_req = readreq i1 @_ssdm_op_ReadReq.m_axi.i512P1A, i512 %gmem0_addr_1, i32 1" [/home/efrink/mled/split_cu/U280_CRC_Accelerator/src/kernel.cpp:645]   --->   Operation 194 'readreq' 'gmem0_load_1_req' <Predicate = true> <Delay = 2.43> <CoreInst = "m_axi">   --->   Core 121 'm_axi' <Latency = 0> <II = 1> <Delay = 1.00> <Adapter> <Opcode : 'read' 'write' 'readreq' 'writereq' 'writeresp'>

State 48 <SV = 47> <Delay = 2.43>
ST_48 : Operation 195 [24/70] (2.43ns)   --->   "%gmem0_load_req = readreq i1 @_ssdm_op_ReadReq.m_axi.i512P1A, i512 %gmem0_addr, i32 1" [/home/efrink/mled/split_cu/U280_CRC_Accelerator/src/kernel.cpp:645]   --->   Operation 195 'readreq' 'gmem0_load_req' <Predicate = true> <Delay = 2.43> <CoreInst = "m_axi">   --->   Core 121 'm_axi' <Latency = 0> <II = 1> <Delay = 1.00> <Adapter> <Opcode : 'read' 'write' 'readreq' 'writereq' 'writeresp'>
ST_48 : Operation 196 [25/70] (2.43ns)   --->   "%gmem0_load_1_req = readreq i1 @_ssdm_op_ReadReq.m_axi.i512P1A, i512 %gmem0_addr_1, i32 1" [/home/efrink/mled/split_cu/U280_CRC_Accelerator/src/kernel.cpp:645]   --->   Operation 196 'readreq' 'gmem0_load_1_req' <Predicate = true> <Delay = 2.43> <CoreInst = "m_axi">   --->   Core 121 'm_axi' <Latency = 0> <II = 1> <Delay = 1.00> <Adapter> <Opcode : 'read' 'write' 'readreq' 'writereq' 'writeresp'>

State 49 <SV = 48> <Delay = 2.43>
ST_49 : Operation 197 [23/70] (2.43ns)   --->   "%gmem0_load_req = readreq i1 @_ssdm_op_ReadReq.m_axi.i512P1A, i512 %gmem0_addr, i32 1" [/home/efrink/mled/split_cu/U280_CRC_Accelerator/src/kernel.cpp:645]   --->   Operation 197 'readreq' 'gmem0_load_req' <Predicate = true> <Delay = 2.43> <CoreInst = "m_axi">   --->   Core 121 'm_axi' <Latency = 0> <II = 1> <Delay = 1.00> <Adapter> <Opcode : 'read' 'write' 'readreq' 'writereq' 'writeresp'>
ST_49 : Operation 198 [24/70] (2.43ns)   --->   "%gmem0_load_1_req = readreq i1 @_ssdm_op_ReadReq.m_axi.i512P1A, i512 %gmem0_addr_1, i32 1" [/home/efrink/mled/split_cu/U280_CRC_Accelerator/src/kernel.cpp:645]   --->   Operation 198 'readreq' 'gmem0_load_1_req' <Predicate = true> <Delay = 2.43> <CoreInst = "m_axi">   --->   Core 121 'm_axi' <Latency = 0> <II = 1> <Delay = 1.00> <Adapter> <Opcode : 'read' 'write' 'readreq' 'writereq' 'writeresp'>

State 50 <SV = 49> <Delay = 2.43>
ST_50 : Operation 199 [22/70] (2.43ns)   --->   "%gmem0_load_req = readreq i1 @_ssdm_op_ReadReq.m_axi.i512P1A, i512 %gmem0_addr, i32 1" [/home/efrink/mled/split_cu/U280_CRC_Accelerator/src/kernel.cpp:645]   --->   Operation 199 'readreq' 'gmem0_load_req' <Predicate = true> <Delay = 2.43> <CoreInst = "m_axi">   --->   Core 121 'm_axi' <Latency = 0> <II = 1> <Delay = 1.00> <Adapter> <Opcode : 'read' 'write' 'readreq' 'writereq' 'writeresp'>
ST_50 : Operation 200 [23/70] (2.43ns)   --->   "%gmem0_load_1_req = readreq i1 @_ssdm_op_ReadReq.m_axi.i512P1A, i512 %gmem0_addr_1, i32 1" [/home/efrink/mled/split_cu/U280_CRC_Accelerator/src/kernel.cpp:645]   --->   Operation 200 'readreq' 'gmem0_load_1_req' <Predicate = true> <Delay = 2.43> <CoreInst = "m_axi">   --->   Core 121 'm_axi' <Latency = 0> <II = 1> <Delay = 1.00> <Adapter> <Opcode : 'read' 'write' 'readreq' 'writereq' 'writeresp'>

State 51 <SV = 50> <Delay = 2.43>
ST_51 : Operation 201 [21/70] (2.43ns)   --->   "%gmem0_load_req = readreq i1 @_ssdm_op_ReadReq.m_axi.i512P1A, i512 %gmem0_addr, i32 1" [/home/efrink/mled/split_cu/U280_CRC_Accelerator/src/kernel.cpp:645]   --->   Operation 201 'readreq' 'gmem0_load_req' <Predicate = true> <Delay = 2.43> <CoreInst = "m_axi">   --->   Core 121 'm_axi' <Latency = 0> <II = 1> <Delay = 1.00> <Adapter> <Opcode : 'read' 'write' 'readreq' 'writereq' 'writeresp'>
ST_51 : Operation 202 [22/70] (2.43ns)   --->   "%gmem0_load_1_req = readreq i1 @_ssdm_op_ReadReq.m_axi.i512P1A, i512 %gmem0_addr_1, i32 1" [/home/efrink/mled/split_cu/U280_CRC_Accelerator/src/kernel.cpp:645]   --->   Operation 202 'readreq' 'gmem0_load_1_req' <Predicate = true> <Delay = 2.43> <CoreInst = "m_axi">   --->   Core 121 'm_axi' <Latency = 0> <II = 1> <Delay = 1.00> <Adapter> <Opcode : 'read' 'write' 'readreq' 'writereq' 'writeresp'>

State 52 <SV = 51> <Delay = 2.43>
ST_52 : Operation 203 [20/70] (2.43ns)   --->   "%gmem0_load_req = readreq i1 @_ssdm_op_ReadReq.m_axi.i512P1A, i512 %gmem0_addr, i32 1" [/home/efrink/mled/split_cu/U280_CRC_Accelerator/src/kernel.cpp:645]   --->   Operation 203 'readreq' 'gmem0_load_req' <Predicate = true> <Delay = 2.43> <CoreInst = "m_axi">   --->   Core 121 'm_axi' <Latency = 0> <II = 1> <Delay = 1.00> <Adapter> <Opcode : 'read' 'write' 'readreq' 'writereq' 'writeresp'>
ST_52 : Operation 204 [21/70] (2.43ns)   --->   "%gmem0_load_1_req = readreq i1 @_ssdm_op_ReadReq.m_axi.i512P1A, i512 %gmem0_addr_1, i32 1" [/home/efrink/mled/split_cu/U280_CRC_Accelerator/src/kernel.cpp:645]   --->   Operation 204 'readreq' 'gmem0_load_1_req' <Predicate = true> <Delay = 2.43> <CoreInst = "m_axi">   --->   Core 121 'm_axi' <Latency = 0> <II = 1> <Delay = 1.00> <Adapter> <Opcode : 'read' 'write' 'readreq' 'writereq' 'writeresp'>

State 53 <SV = 52> <Delay = 2.43>
ST_53 : Operation 205 [19/70] (2.43ns)   --->   "%gmem0_load_req = readreq i1 @_ssdm_op_ReadReq.m_axi.i512P1A, i512 %gmem0_addr, i32 1" [/home/efrink/mled/split_cu/U280_CRC_Accelerator/src/kernel.cpp:645]   --->   Operation 205 'readreq' 'gmem0_load_req' <Predicate = true> <Delay = 2.43> <CoreInst = "m_axi">   --->   Core 121 'm_axi' <Latency = 0> <II = 1> <Delay = 1.00> <Adapter> <Opcode : 'read' 'write' 'readreq' 'writereq' 'writeresp'>
ST_53 : Operation 206 [20/70] (2.43ns)   --->   "%gmem0_load_1_req = readreq i1 @_ssdm_op_ReadReq.m_axi.i512P1A, i512 %gmem0_addr_1, i32 1" [/home/efrink/mled/split_cu/U280_CRC_Accelerator/src/kernel.cpp:645]   --->   Operation 206 'readreq' 'gmem0_load_1_req' <Predicate = true> <Delay = 2.43> <CoreInst = "m_axi">   --->   Core 121 'm_axi' <Latency = 0> <II = 1> <Delay = 1.00> <Adapter> <Opcode : 'read' 'write' 'readreq' 'writereq' 'writeresp'>

State 54 <SV = 53> <Delay = 2.43>
ST_54 : Operation 207 [18/70] (2.43ns)   --->   "%gmem0_load_req = readreq i1 @_ssdm_op_ReadReq.m_axi.i512P1A, i512 %gmem0_addr, i32 1" [/home/efrink/mled/split_cu/U280_CRC_Accelerator/src/kernel.cpp:645]   --->   Operation 207 'readreq' 'gmem0_load_req' <Predicate = true> <Delay = 2.43> <CoreInst = "m_axi">   --->   Core 121 'm_axi' <Latency = 0> <II = 1> <Delay = 1.00> <Adapter> <Opcode : 'read' 'write' 'readreq' 'writereq' 'writeresp'>
ST_54 : Operation 208 [19/70] (2.43ns)   --->   "%gmem0_load_1_req = readreq i1 @_ssdm_op_ReadReq.m_axi.i512P1A, i512 %gmem0_addr_1, i32 1" [/home/efrink/mled/split_cu/U280_CRC_Accelerator/src/kernel.cpp:645]   --->   Operation 208 'readreq' 'gmem0_load_1_req' <Predicate = true> <Delay = 2.43> <CoreInst = "m_axi">   --->   Core 121 'm_axi' <Latency = 0> <II = 1> <Delay = 1.00> <Adapter> <Opcode : 'read' 'write' 'readreq' 'writereq' 'writeresp'>

State 55 <SV = 54> <Delay = 2.43>
ST_55 : Operation 209 [17/70] (2.43ns)   --->   "%gmem0_load_req = readreq i1 @_ssdm_op_ReadReq.m_axi.i512P1A, i512 %gmem0_addr, i32 1" [/home/efrink/mled/split_cu/U280_CRC_Accelerator/src/kernel.cpp:645]   --->   Operation 209 'readreq' 'gmem0_load_req' <Predicate = true> <Delay = 2.43> <CoreInst = "m_axi">   --->   Core 121 'm_axi' <Latency = 0> <II = 1> <Delay = 1.00> <Adapter> <Opcode : 'read' 'write' 'readreq' 'writereq' 'writeresp'>
ST_55 : Operation 210 [18/70] (2.43ns)   --->   "%gmem0_load_1_req = readreq i1 @_ssdm_op_ReadReq.m_axi.i512P1A, i512 %gmem0_addr_1, i32 1" [/home/efrink/mled/split_cu/U280_CRC_Accelerator/src/kernel.cpp:645]   --->   Operation 210 'readreq' 'gmem0_load_1_req' <Predicate = true> <Delay = 2.43> <CoreInst = "m_axi">   --->   Core 121 'm_axi' <Latency = 0> <II = 1> <Delay = 1.00> <Adapter> <Opcode : 'read' 'write' 'readreq' 'writereq' 'writeresp'>

State 56 <SV = 55> <Delay = 2.43>
ST_56 : Operation 211 [16/70] (2.43ns)   --->   "%gmem0_load_req = readreq i1 @_ssdm_op_ReadReq.m_axi.i512P1A, i512 %gmem0_addr, i32 1" [/home/efrink/mled/split_cu/U280_CRC_Accelerator/src/kernel.cpp:645]   --->   Operation 211 'readreq' 'gmem0_load_req' <Predicate = true> <Delay = 2.43> <CoreInst = "m_axi">   --->   Core 121 'm_axi' <Latency = 0> <II = 1> <Delay = 1.00> <Adapter> <Opcode : 'read' 'write' 'readreq' 'writereq' 'writeresp'>
ST_56 : Operation 212 [17/70] (2.43ns)   --->   "%gmem0_load_1_req = readreq i1 @_ssdm_op_ReadReq.m_axi.i512P1A, i512 %gmem0_addr_1, i32 1" [/home/efrink/mled/split_cu/U280_CRC_Accelerator/src/kernel.cpp:645]   --->   Operation 212 'readreq' 'gmem0_load_1_req' <Predicate = true> <Delay = 2.43> <CoreInst = "m_axi">   --->   Core 121 'm_axi' <Latency = 0> <II = 1> <Delay = 1.00> <Adapter> <Opcode : 'read' 'write' 'readreq' 'writereq' 'writeresp'>

State 57 <SV = 56> <Delay = 2.43>
ST_57 : Operation 213 [15/70] (2.43ns)   --->   "%gmem0_load_req = readreq i1 @_ssdm_op_ReadReq.m_axi.i512P1A, i512 %gmem0_addr, i32 1" [/home/efrink/mled/split_cu/U280_CRC_Accelerator/src/kernel.cpp:645]   --->   Operation 213 'readreq' 'gmem0_load_req' <Predicate = true> <Delay = 2.43> <CoreInst = "m_axi">   --->   Core 121 'm_axi' <Latency = 0> <II = 1> <Delay = 1.00> <Adapter> <Opcode : 'read' 'write' 'readreq' 'writereq' 'writeresp'>
ST_57 : Operation 214 [16/70] (2.43ns)   --->   "%gmem0_load_1_req = readreq i1 @_ssdm_op_ReadReq.m_axi.i512P1A, i512 %gmem0_addr_1, i32 1" [/home/efrink/mled/split_cu/U280_CRC_Accelerator/src/kernel.cpp:645]   --->   Operation 214 'readreq' 'gmem0_load_1_req' <Predicate = true> <Delay = 2.43> <CoreInst = "m_axi">   --->   Core 121 'm_axi' <Latency = 0> <II = 1> <Delay = 1.00> <Adapter> <Opcode : 'read' 'write' 'readreq' 'writereq' 'writeresp'>

State 58 <SV = 57> <Delay = 2.43>
ST_58 : Operation 215 [14/70] (2.43ns)   --->   "%gmem0_load_req = readreq i1 @_ssdm_op_ReadReq.m_axi.i512P1A, i512 %gmem0_addr, i32 1" [/home/efrink/mled/split_cu/U280_CRC_Accelerator/src/kernel.cpp:645]   --->   Operation 215 'readreq' 'gmem0_load_req' <Predicate = true> <Delay = 2.43> <CoreInst = "m_axi">   --->   Core 121 'm_axi' <Latency = 0> <II = 1> <Delay = 1.00> <Adapter> <Opcode : 'read' 'write' 'readreq' 'writereq' 'writeresp'>
ST_58 : Operation 216 [15/70] (2.43ns)   --->   "%gmem0_load_1_req = readreq i1 @_ssdm_op_ReadReq.m_axi.i512P1A, i512 %gmem0_addr_1, i32 1" [/home/efrink/mled/split_cu/U280_CRC_Accelerator/src/kernel.cpp:645]   --->   Operation 216 'readreq' 'gmem0_load_1_req' <Predicate = true> <Delay = 2.43> <CoreInst = "m_axi">   --->   Core 121 'm_axi' <Latency = 0> <II = 1> <Delay = 1.00> <Adapter> <Opcode : 'read' 'write' 'readreq' 'writereq' 'writeresp'>

State 59 <SV = 58> <Delay = 2.43>
ST_59 : Operation 217 [13/70] (2.43ns)   --->   "%gmem0_load_req = readreq i1 @_ssdm_op_ReadReq.m_axi.i512P1A, i512 %gmem0_addr, i32 1" [/home/efrink/mled/split_cu/U280_CRC_Accelerator/src/kernel.cpp:645]   --->   Operation 217 'readreq' 'gmem0_load_req' <Predicate = true> <Delay = 2.43> <CoreInst = "m_axi">   --->   Core 121 'm_axi' <Latency = 0> <II = 1> <Delay = 1.00> <Adapter> <Opcode : 'read' 'write' 'readreq' 'writereq' 'writeresp'>
ST_59 : Operation 218 [14/70] (2.43ns)   --->   "%gmem0_load_1_req = readreq i1 @_ssdm_op_ReadReq.m_axi.i512P1A, i512 %gmem0_addr_1, i32 1" [/home/efrink/mled/split_cu/U280_CRC_Accelerator/src/kernel.cpp:645]   --->   Operation 218 'readreq' 'gmem0_load_1_req' <Predicate = true> <Delay = 2.43> <CoreInst = "m_axi">   --->   Core 121 'm_axi' <Latency = 0> <II = 1> <Delay = 1.00> <Adapter> <Opcode : 'read' 'write' 'readreq' 'writereq' 'writeresp'>

State 60 <SV = 59> <Delay = 2.43>
ST_60 : Operation 219 [12/70] (2.43ns)   --->   "%gmem0_load_req = readreq i1 @_ssdm_op_ReadReq.m_axi.i512P1A, i512 %gmem0_addr, i32 1" [/home/efrink/mled/split_cu/U280_CRC_Accelerator/src/kernel.cpp:645]   --->   Operation 219 'readreq' 'gmem0_load_req' <Predicate = true> <Delay = 2.43> <CoreInst = "m_axi">   --->   Core 121 'm_axi' <Latency = 0> <II = 1> <Delay = 1.00> <Adapter> <Opcode : 'read' 'write' 'readreq' 'writereq' 'writeresp'>
ST_60 : Operation 220 [13/70] (2.43ns)   --->   "%gmem0_load_1_req = readreq i1 @_ssdm_op_ReadReq.m_axi.i512P1A, i512 %gmem0_addr_1, i32 1" [/home/efrink/mled/split_cu/U280_CRC_Accelerator/src/kernel.cpp:645]   --->   Operation 220 'readreq' 'gmem0_load_1_req' <Predicate = true> <Delay = 2.43> <CoreInst = "m_axi">   --->   Core 121 'm_axi' <Latency = 0> <II = 1> <Delay = 1.00> <Adapter> <Opcode : 'read' 'write' 'readreq' 'writereq' 'writeresp'>

State 61 <SV = 60> <Delay = 2.43>
ST_61 : Operation 221 [11/70] (2.43ns)   --->   "%gmem0_load_req = readreq i1 @_ssdm_op_ReadReq.m_axi.i512P1A, i512 %gmem0_addr, i32 1" [/home/efrink/mled/split_cu/U280_CRC_Accelerator/src/kernel.cpp:645]   --->   Operation 221 'readreq' 'gmem0_load_req' <Predicate = true> <Delay = 2.43> <CoreInst = "m_axi">   --->   Core 121 'm_axi' <Latency = 0> <II = 1> <Delay = 1.00> <Adapter> <Opcode : 'read' 'write' 'readreq' 'writereq' 'writeresp'>
ST_61 : Operation 222 [12/70] (2.43ns)   --->   "%gmem0_load_1_req = readreq i1 @_ssdm_op_ReadReq.m_axi.i512P1A, i512 %gmem0_addr_1, i32 1" [/home/efrink/mled/split_cu/U280_CRC_Accelerator/src/kernel.cpp:645]   --->   Operation 222 'readreq' 'gmem0_load_1_req' <Predicate = true> <Delay = 2.43> <CoreInst = "m_axi">   --->   Core 121 'm_axi' <Latency = 0> <II = 1> <Delay = 1.00> <Adapter> <Opcode : 'read' 'write' 'readreq' 'writereq' 'writeresp'>

State 62 <SV = 61> <Delay = 2.43>
ST_62 : Operation 223 [10/70] (2.43ns)   --->   "%gmem0_load_req = readreq i1 @_ssdm_op_ReadReq.m_axi.i512P1A, i512 %gmem0_addr, i32 1" [/home/efrink/mled/split_cu/U280_CRC_Accelerator/src/kernel.cpp:645]   --->   Operation 223 'readreq' 'gmem0_load_req' <Predicate = true> <Delay = 2.43> <CoreInst = "m_axi">   --->   Core 121 'm_axi' <Latency = 0> <II = 1> <Delay = 1.00> <Adapter> <Opcode : 'read' 'write' 'readreq' 'writereq' 'writeresp'>
ST_62 : Operation 224 [11/70] (2.43ns)   --->   "%gmem0_load_1_req = readreq i1 @_ssdm_op_ReadReq.m_axi.i512P1A, i512 %gmem0_addr_1, i32 1" [/home/efrink/mled/split_cu/U280_CRC_Accelerator/src/kernel.cpp:645]   --->   Operation 224 'readreq' 'gmem0_load_1_req' <Predicate = true> <Delay = 2.43> <CoreInst = "m_axi">   --->   Core 121 'm_axi' <Latency = 0> <II = 1> <Delay = 1.00> <Adapter> <Opcode : 'read' 'write' 'readreq' 'writereq' 'writeresp'>

State 63 <SV = 62> <Delay = 2.43>
ST_63 : Operation 225 [9/70] (2.43ns)   --->   "%gmem0_load_req = readreq i1 @_ssdm_op_ReadReq.m_axi.i512P1A, i512 %gmem0_addr, i32 1" [/home/efrink/mled/split_cu/U280_CRC_Accelerator/src/kernel.cpp:645]   --->   Operation 225 'readreq' 'gmem0_load_req' <Predicate = true> <Delay = 2.43> <CoreInst = "m_axi">   --->   Core 121 'm_axi' <Latency = 0> <II = 1> <Delay = 1.00> <Adapter> <Opcode : 'read' 'write' 'readreq' 'writereq' 'writeresp'>
ST_63 : Operation 226 [10/70] (2.43ns)   --->   "%gmem0_load_1_req = readreq i1 @_ssdm_op_ReadReq.m_axi.i512P1A, i512 %gmem0_addr_1, i32 1" [/home/efrink/mled/split_cu/U280_CRC_Accelerator/src/kernel.cpp:645]   --->   Operation 226 'readreq' 'gmem0_load_1_req' <Predicate = true> <Delay = 2.43> <CoreInst = "m_axi">   --->   Core 121 'm_axi' <Latency = 0> <II = 1> <Delay = 1.00> <Adapter> <Opcode : 'read' 'write' 'readreq' 'writereq' 'writeresp'>

State 64 <SV = 63> <Delay = 2.43>
ST_64 : Operation 227 [8/70] (2.43ns)   --->   "%gmem0_load_req = readreq i1 @_ssdm_op_ReadReq.m_axi.i512P1A, i512 %gmem0_addr, i32 1" [/home/efrink/mled/split_cu/U280_CRC_Accelerator/src/kernel.cpp:645]   --->   Operation 227 'readreq' 'gmem0_load_req' <Predicate = true> <Delay = 2.43> <CoreInst = "m_axi">   --->   Core 121 'm_axi' <Latency = 0> <II = 1> <Delay = 1.00> <Adapter> <Opcode : 'read' 'write' 'readreq' 'writereq' 'writeresp'>
ST_64 : Operation 228 [9/70] (2.43ns)   --->   "%gmem0_load_1_req = readreq i1 @_ssdm_op_ReadReq.m_axi.i512P1A, i512 %gmem0_addr_1, i32 1" [/home/efrink/mled/split_cu/U280_CRC_Accelerator/src/kernel.cpp:645]   --->   Operation 228 'readreq' 'gmem0_load_1_req' <Predicate = true> <Delay = 2.43> <CoreInst = "m_axi">   --->   Core 121 'm_axi' <Latency = 0> <II = 1> <Delay = 1.00> <Adapter> <Opcode : 'read' 'write' 'readreq' 'writereq' 'writeresp'>

State 65 <SV = 64> <Delay = 2.43>
ST_65 : Operation 229 [7/70] (2.43ns)   --->   "%gmem0_load_req = readreq i1 @_ssdm_op_ReadReq.m_axi.i512P1A, i512 %gmem0_addr, i32 1" [/home/efrink/mled/split_cu/U280_CRC_Accelerator/src/kernel.cpp:645]   --->   Operation 229 'readreq' 'gmem0_load_req' <Predicate = true> <Delay = 2.43> <CoreInst = "m_axi">   --->   Core 121 'm_axi' <Latency = 0> <II = 1> <Delay = 1.00> <Adapter> <Opcode : 'read' 'write' 'readreq' 'writereq' 'writeresp'>
ST_65 : Operation 230 [8/70] (2.43ns)   --->   "%gmem0_load_1_req = readreq i1 @_ssdm_op_ReadReq.m_axi.i512P1A, i512 %gmem0_addr_1, i32 1" [/home/efrink/mled/split_cu/U280_CRC_Accelerator/src/kernel.cpp:645]   --->   Operation 230 'readreq' 'gmem0_load_1_req' <Predicate = true> <Delay = 2.43> <CoreInst = "m_axi">   --->   Core 121 'm_axi' <Latency = 0> <II = 1> <Delay = 1.00> <Adapter> <Opcode : 'read' 'write' 'readreq' 'writereq' 'writeresp'>

State 66 <SV = 65> <Delay = 2.43>
ST_66 : Operation 231 [6/70] (2.43ns)   --->   "%gmem0_load_req = readreq i1 @_ssdm_op_ReadReq.m_axi.i512P1A, i512 %gmem0_addr, i32 1" [/home/efrink/mled/split_cu/U280_CRC_Accelerator/src/kernel.cpp:645]   --->   Operation 231 'readreq' 'gmem0_load_req' <Predicate = true> <Delay = 2.43> <CoreInst = "m_axi">   --->   Core 121 'm_axi' <Latency = 0> <II = 1> <Delay = 1.00> <Adapter> <Opcode : 'read' 'write' 'readreq' 'writereq' 'writeresp'>
ST_66 : Operation 232 [7/70] (2.43ns)   --->   "%gmem0_load_1_req = readreq i1 @_ssdm_op_ReadReq.m_axi.i512P1A, i512 %gmem0_addr_1, i32 1" [/home/efrink/mled/split_cu/U280_CRC_Accelerator/src/kernel.cpp:645]   --->   Operation 232 'readreq' 'gmem0_load_1_req' <Predicate = true> <Delay = 2.43> <CoreInst = "m_axi">   --->   Core 121 'm_axi' <Latency = 0> <II = 1> <Delay = 1.00> <Adapter> <Opcode : 'read' 'write' 'readreq' 'writereq' 'writeresp'>

State 67 <SV = 66> <Delay = 2.43>
ST_67 : Operation 233 [5/70] (2.43ns)   --->   "%gmem0_load_req = readreq i1 @_ssdm_op_ReadReq.m_axi.i512P1A, i512 %gmem0_addr, i32 1" [/home/efrink/mled/split_cu/U280_CRC_Accelerator/src/kernel.cpp:645]   --->   Operation 233 'readreq' 'gmem0_load_req' <Predicate = true> <Delay = 2.43> <CoreInst = "m_axi">   --->   Core 121 'm_axi' <Latency = 0> <II = 1> <Delay = 1.00> <Adapter> <Opcode : 'read' 'write' 'readreq' 'writereq' 'writeresp'>
ST_67 : Operation 234 [6/70] (2.43ns)   --->   "%gmem0_load_1_req = readreq i1 @_ssdm_op_ReadReq.m_axi.i512P1A, i512 %gmem0_addr_1, i32 1" [/home/efrink/mled/split_cu/U280_CRC_Accelerator/src/kernel.cpp:645]   --->   Operation 234 'readreq' 'gmem0_load_1_req' <Predicate = true> <Delay = 2.43> <CoreInst = "m_axi">   --->   Core 121 'm_axi' <Latency = 0> <II = 1> <Delay = 1.00> <Adapter> <Opcode : 'read' 'write' 'readreq' 'writereq' 'writeresp'>

State 68 <SV = 67> <Delay = 2.43>
ST_68 : Operation 235 [4/70] (2.43ns)   --->   "%gmem0_load_req = readreq i1 @_ssdm_op_ReadReq.m_axi.i512P1A, i512 %gmem0_addr, i32 1" [/home/efrink/mled/split_cu/U280_CRC_Accelerator/src/kernel.cpp:645]   --->   Operation 235 'readreq' 'gmem0_load_req' <Predicate = true> <Delay = 2.43> <CoreInst = "m_axi">   --->   Core 121 'm_axi' <Latency = 0> <II = 1> <Delay = 1.00> <Adapter> <Opcode : 'read' 'write' 'readreq' 'writereq' 'writeresp'>
ST_68 : Operation 236 [5/70] (2.43ns)   --->   "%gmem0_load_1_req = readreq i1 @_ssdm_op_ReadReq.m_axi.i512P1A, i512 %gmem0_addr_1, i32 1" [/home/efrink/mled/split_cu/U280_CRC_Accelerator/src/kernel.cpp:645]   --->   Operation 236 'readreq' 'gmem0_load_1_req' <Predicate = true> <Delay = 2.43> <CoreInst = "m_axi">   --->   Core 121 'm_axi' <Latency = 0> <II = 1> <Delay = 1.00> <Adapter> <Opcode : 'read' 'write' 'readreq' 'writereq' 'writeresp'>

State 69 <SV = 68> <Delay = 2.43>
ST_69 : Operation 237 [3/70] (2.43ns)   --->   "%gmem0_load_req = readreq i1 @_ssdm_op_ReadReq.m_axi.i512P1A, i512 %gmem0_addr, i32 1" [/home/efrink/mled/split_cu/U280_CRC_Accelerator/src/kernel.cpp:645]   --->   Operation 237 'readreq' 'gmem0_load_req' <Predicate = true> <Delay = 2.43> <CoreInst = "m_axi">   --->   Core 121 'm_axi' <Latency = 0> <II = 1> <Delay = 1.00> <Adapter> <Opcode : 'read' 'write' 'readreq' 'writereq' 'writeresp'>
ST_69 : Operation 238 [4/70] (2.43ns)   --->   "%gmem0_load_1_req = readreq i1 @_ssdm_op_ReadReq.m_axi.i512P1A, i512 %gmem0_addr_1, i32 1" [/home/efrink/mled/split_cu/U280_CRC_Accelerator/src/kernel.cpp:645]   --->   Operation 238 'readreq' 'gmem0_load_1_req' <Predicate = true> <Delay = 2.43> <CoreInst = "m_axi">   --->   Core 121 'm_axi' <Latency = 0> <II = 1> <Delay = 1.00> <Adapter> <Opcode : 'read' 'write' 'readreq' 'writereq' 'writeresp'>

State 70 <SV = 69> <Delay = 2.43>
ST_70 : Operation 239 [2/70] (2.43ns)   --->   "%gmem0_load_req = readreq i1 @_ssdm_op_ReadReq.m_axi.i512P1A, i512 %gmem0_addr, i32 1" [/home/efrink/mled/split_cu/U280_CRC_Accelerator/src/kernel.cpp:645]   --->   Operation 239 'readreq' 'gmem0_load_req' <Predicate = true> <Delay = 2.43> <CoreInst = "m_axi">   --->   Core 121 'm_axi' <Latency = 0> <II = 1> <Delay = 1.00> <Adapter> <Opcode : 'read' 'write' 'readreq' 'writereq' 'writeresp'>
ST_70 : Operation 240 [3/70] (2.43ns)   --->   "%gmem0_load_1_req = readreq i1 @_ssdm_op_ReadReq.m_axi.i512P1A, i512 %gmem0_addr_1, i32 1" [/home/efrink/mled/split_cu/U280_CRC_Accelerator/src/kernel.cpp:645]   --->   Operation 240 'readreq' 'gmem0_load_1_req' <Predicate = true> <Delay = 2.43> <CoreInst = "m_axi">   --->   Core 121 'm_axi' <Latency = 0> <II = 1> <Delay = 1.00> <Adapter> <Opcode : 'read' 'write' 'readreq' 'writereq' 'writeresp'>

State 71 <SV = 70> <Delay = 2.43>
ST_71 : Operation 241 [1/70] (2.43ns)   --->   "%gmem0_load_req = readreq i1 @_ssdm_op_ReadReq.m_axi.i512P1A, i512 %gmem0_addr, i32 1" [/home/efrink/mled/split_cu/U280_CRC_Accelerator/src/kernel.cpp:645]   --->   Operation 241 'readreq' 'gmem0_load_req' <Predicate = true> <Delay = 2.43> <CoreInst = "m_axi">   --->   Core 121 'm_axi' <Latency = 0> <II = 1> <Delay = 1.00> <Adapter> <Opcode : 'read' 'write' 'readreq' 'writereq' 'writeresp'>
ST_71 : Operation 242 [2/70] (2.43ns)   --->   "%gmem0_load_1_req = readreq i1 @_ssdm_op_ReadReq.m_axi.i512P1A, i512 %gmem0_addr_1, i32 1" [/home/efrink/mled/split_cu/U280_CRC_Accelerator/src/kernel.cpp:645]   --->   Operation 242 'readreq' 'gmem0_load_1_req' <Predicate = true> <Delay = 2.43> <CoreInst = "m_axi">   --->   Core 121 'm_axi' <Latency = 0> <II = 1> <Delay = 1.00> <Adapter> <Opcode : 'read' 'write' 'readreq' 'writereq' 'writeresp'>

State 72 <SV = 71> <Delay = 2.43>
ST_72 : Operation 243 [1/1] (2.43ns)   --->   "%gmem0_addr_read = read i512 @_ssdm_op_Read.m_axi.i512P1A, i512 %gmem0_addr" [/home/efrink/mled/split_cu/U280_CRC_Accelerator/src/kernel.cpp:645]   --->   Operation 243 'read' 'gmem0_addr_read' <Predicate = true> <Delay = 2.43> <CoreInst = "m_axi">   --->   Core 121 'm_axi' <Latency = 0> <II = 1> <Delay = 1.00> <Adapter> <Opcode : 'read' 'write' 'readreq' 'writereq' 'writeresp'>
ST_72 : Operation 244 [1/70] (2.43ns)   --->   "%gmem0_load_1_req = readreq i1 @_ssdm_op_ReadReq.m_axi.i512P1A, i512 %gmem0_addr_1, i32 1" [/home/efrink/mled/split_cu/U280_CRC_Accelerator/src/kernel.cpp:645]   --->   Operation 244 'readreq' 'gmem0_load_1_req' <Predicate = true> <Delay = 2.43> <CoreInst = "m_axi">   --->   Core 121 'm_axi' <Latency = 0> <II = 1> <Delay = 1.00> <Adapter> <Opcode : 'read' 'write' 'readreq' 'writereq' 'writeresp'>

State 73 <SV = 72> <Delay = 2.43>
ST_73 : Operation 245 [1/1] (0.00ns)   --->   "%shl_ln = bitconcatenate i9 @_ssdm_op_BitConcatenate.i9.i6.i3, i6 %add_ln645_3, i3 0" [/home/efrink/mled/split_cu/U280_CRC_Accelerator/src/kernel.cpp:645]   --->   Operation 245 'bitconcatenate' 'shl_ln' <Predicate = true> <Delay = 0.00>
ST_73 : Operation 246 [1/1] (0.00ns)   --->   "%zext_ln645_1 = zext i9 %shl_ln" [/home/efrink/mled/split_cu/U280_CRC_Accelerator/src/kernel.cpp:645]   --->   Operation 246 'zext' 'zext_ln645_1' <Predicate = true> <Delay = 0.00>
ST_73 : Operation 247 [1/1] (1.44ns)   --->   "%lshr_ln645 = lshr i512 %gmem0_addr_read, i512 %zext_ln645_1" [/home/efrink/mled/split_cu/U280_CRC_Accelerator/src/kernel.cpp:645]   --->   Operation 247 'lshr' 'lshr_ln645' <Predicate = true> <Delay = 1.44> <CoreInst = "Shifter">   --->   Core 75 'Shifter' <Latency = 0> <II = 1> <Delay = 1.44> <FuncUnit> <Opcode : 'shl' 'lshr' 'ashr'> <InPorts = 2> <OutPorts = 1>
ST_73 : Operation 248 [1/1] (0.00ns)   --->   "%trunc_ln645_1 = trunc i512 %lshr_ln645" [/home/efrink/mled/split_cu/U280_CRC_Accelerator/src/kernel.cpp:645]   --->   Operation 248 'trunc' 'trunc_ln645_1' <Predicate = true> <Delay = 0.00>
ST_73 : Operation 249 [1/1] (2.43ns)   --->   "%gmem0_addr_1_read = read i512 @_ssdm_op_Read.m_axi.i512P1A, i512 %gmem0_addr_1" [/home/efrink/mled/split_cu/U280_CRC_Accelerator/src/kernel.cpp:645]   --->   Operation 249 'read' 'gmem0_addr_1_read' <Predicate = true> <Delay = 2.43> <CoreInst = "m_axi">   --->   Core 121 'm_axi' <Latency = 0> <II = 1> <Delay = 1.00> <Adapter> <Opcode : 'read' 'write' 'readreq' 'writereq' 'writeresp'>

State 74 <SV = 73> <Delay = 2.14>
ST_74 : Operation 250 [1/1] (0.70ns)   --->   "%add_ln645_4 = add i6 %add_ln645_3, i6 1" [/home/efrink/mled/split_cu/U280_CRC_Accelerator/src/kernel.cpp:645]   --->   Operation 250 'add' 'add_ln645_4' <Predicate = true> <Delay = 0.70> <CoreInst = "Adder">   --->   Core 1 'Adder' <Latency = 0> <II = 1> <Delay = 0.70> <FuncUnit> <Opcode : 'add' 'sub'> <InPorts = 2> <OutPorts = 1>
ST_74 : Operation 251 [1/1] (0.00ns)   --->   "%shl_ln645_1 = bitconcatenate i9 @_ssdm_op_BitConcatenate.i9.i6.i3, i6 %add_ln645_4, i3 0" [/home/efrink/mled/split_cu/U280_CRC_Accelerator/src/kernel.cpp:645]   --->   Operation 251 'bitconcatenate' 'shl_ln645_1' <Predicate = true> <Delay = 0.00>
ST_74 : Operation 252 [1/1] (0.00ns)   --->   "%zext_ln645_2 = zext i9 %shl_ln645_1" [/home/efrink/mled/split_cu/U280_CRC_Accelerator/src/kernel.cpp:645]   --->   Operation 252 'zext' 'zext_ln645_2' <Predicate = true> <Delay = 0.00>
ST_74 : Operation 253 [1/1] (1.44ns)   --->   "%lshr_ln645_1 = lshr i512 %gmem0_addr_1_read, i512 %zext_ln645_2" [/home/efrink/mled/split_cu/U280_CRC_Accelerator/src/kernel.cpp:645]   --->   Operation 253 'lshr' 'lshr_ln645_1' <Predicate = true> <Delay = 1.44> <CoreInst = "Shifter">   --->   Core 75 'Shifter' <Latency = 0> <II = 1> <Delay = 1.44> <FuncUnit> <Opcode : 'shl' 'lshr' 'ashr'> <InPorts = 2> <OutPorts = 1>
ST_74 : Operation 254 [1/1] (0.00ns)   --->   "%trunc_ln645_3 = trunc i512 %lshr_ln645_1" [/home/efrink/mled/split_cu/U280_CRC_Accelerator/src/kernel.cpp:645]   --->   Operation 254 'trunc' 'trunc_ln645_3' <Predicate = true> <Delay = 0.00>

State 75 <SV = 74> <Delay = 1.96>
ST_75 : Operation 255 [1/1] (0.00ns)   --->   "%sum_V_2 = load i17 %sum_V"   --->   Operation 255 'load' 'sum_V_2' <Predicate = true> <Delay = 0.00>
ST_75 : Operation 256 [1/1] (0.00ns)   --->   "%specpipeline_ln643 = specpipeline void @_ssdm_op_SpecPipeline, i32 1, i32 0, i32 0, i32 0, void @empty_5" [/home/efrink/mled/split_cu/U280_CRC_Accelerator/src/kernel.cpp:643]   --->   Operation 256 'specpipeline' 'specpipeline_ln643' <Predicate = true> <Delay = 0.00>
ST_75 : Operation 257 [1/1] (0.00ns)   --->   "%specloopname_ln637 = specloopname void @_ssdm_op_SpecLoopName, void @empty_11" [/home/efrink/mled/split_cu/U280_CRC_Accelerator/src/kernel.cpp:637]   --->   Operation 257 'specloopname' 'specloopname_ln637' <Predicate = true> <Delay = 0.00>
ST_75 : Operation 258 [1/1] (0.00ns)   --->   "%ret_V = bitconcatenate i16 @_ssdm_op_BitConcatenate.i16.i8.i8, i8 %trunc_ln645_1, i8 %trunc_ln645_3"   --->   Operation 258 'bitconcatenate' 'ret_V' <Predicate = true> <Delay = 0.00>
ST_75 : Operation 259 [1/1] (0.00ns)   --->   "%zext_ln232 = zext i16 %ret_V"   --->   Operation 259 'zext' 'zext_ln232' <Predicate = true> <Delay = 0.00>
ST_75 : Operation 260 [1/1] (0.00ns)   --->   "%trunc_ln232 = trunc i17 %sum_V_2"   --->   Operation 260 'trunc' 'trunc_ln232' <Predicate = true> <Delay = 0.00>
ST_75 : Operation 261 [1/1] (0.79ns)   --->   "%tmp = add i17 %sum_V_2, i17 %zext_ln232"   --->   Operation 261 'add' 'tmp' <Predicate = true> <Delay = 0.79> <CoreInst = "Adder">   --->   Core 1 'Adder' <Latency = 0> <II = 1> <Delay = 0.79> <FuncUnit> <Opcode : 'add' 'sub'> <InPorts = 2> <OutPorts = 1>
ST_75 : Operation 262 [1/1] (0.78ns)   --->   "%add_ln630 = add i16 %trunc_ln232, i16 %ret_V" [/home/efrink/mled/split_cu/U280_CRC_Accelerator/src/kernel.cpp:630]   --->   Operation 262 'add' 'add_ln630' <Predicate = true> <Delay = 0.78> <CoreInst = "Adder">   --->   Core 1 'Adder' <Latency = 0> <II = 1> <Delay = 0.78> <FuncUnit> <Opcode : 'add' 'sub'> <InPorts = 2> <OutPorts = 1>
ST_75 : Operation 263 [1/1] (0.00ns)   --->   "%zext_ln1715 = zext i16 %add_ln630"   --->   Operation 263 'zext' 'zext_ln1715' <Predicate = true> <Delay = 0.00>
ST_75 : Operation 264 [1/1] (0.00ns)   --->   "%r_V = bitselect i1 @_ssdm_op_BitSelect.i1.i17.i32, i17 %tmp, i32 16"   --->   Operation 264 'bitselect' 'r_V' <Predicate = true> <Delay = 0.00>
ST_75 : Operation 265 [1/1] (0.00ns)   --->   "%zext_ln1715_1 = zext i1 %r_V"   --->   Operation 265 'zext' 'zext_ln1715_1' <Predicate = true> <Delay = 0.00>
ST_75 : Operation 266 [1/1] (0.78ns)   --->   "%sum_V_3 = add i17 %zext_ln1715, i17 %zext_ln1715_1"   --->   Operation 266 'add' 'sum_V_3' <Predicate = true> <Delay = 0.78> <CoreInst = "Adder">   --->   Core 1 'Adder' <Latency = 0> <II = 1> <Delay = 0.78> <FuncUnit> <Opcode : 'add' 'sub'> <InPorts = 2> <OutPorts = 1>
ST_75 : Operation 267 [1/1] (0.38ns)   --->   "%store_ln641 = store i17 %sum_V_3, i17 %sum_V" [/home/efrink/mled/split_cu/U280_CRC_Accelerator/src/kernel.cpp:641]   --->   Operation 267 'store' 'store_ln641' <Predicate = (icmp_ln641)> <Delay = 0.38>
ST_75 : Operation 268 [1/1] (0.00ns)   --->   "%br_ln641 = br void %for.body.i" [/home/efrink/mled/split_cu/U280_CRC_Accelerator/src/kernel.cpp:641]   --->   Operation 268 'br' 'br_ln641' <Predicate = (icmp_ln641)> <Delay = 0.00>
ST_75 : Operation 269 [1/1] (0.00ns)   --->   "%write_ln232 = write void @_ssdm_op_Write.ap_auto.i17P0A, i17 %sum_V_1_out, i17 %sum_V_3"   --->   Operation 269 'write' 'write_ln232' <Predicate = (!icmp_ln641)> <Delay = 0.00>
ST_75 : Operation 270 [1/1] (0.00ns)   --->   "%write_ln641 = write void @_ssdm_op_Write.ap_auto.i32P0A, i32 %i_1_out, i32 %i_3" [/home/efrink/mled/split_cu/U280_CRC_Accelerator/src/kernel.cpp:641]   --->   Operation 270 'write' 'write_ln641' <Predicate = (!icmp_ln641)> <Delay = 0.00>
ST_75 : Operation 271 [1/1] (0.00ns)   --->   "%ret_ln0 = ret"   --->   Operation 271 'ret' 'ret_ln0' <Predicate = (!icmp_ln641)> <Delay = 0.00>


============================================================
+ Verbose Summary: Timing violations
============================================================
Target clock period: 3.33ns, clock uncertainty: 0.9ns.

 <State 1>: 2.29ns
The critical path consists of the following:
	'alloca' operation ('i') [8]  (0 ns)
	'load' operation ('i', /home/efrink/mled/split_cu/U280_CRC_Accelerator/src/kernel.cpp:645) on local variable 'i' [18]  (0 ns)
	'add' operation ('add_ln645_1', /home/efrink/mled/split_cu/U280_CRC_Accelerator/src/kernel.cpp:645) [23]  (1.15 ns)
	'add' operation ('add_ln645_2', /home/efrink/mled/split_cu/U280_CRC_Accelerator/src/kernel.cpp:645) [34]  (1.15 ns)

 <State 2>: 2.43ns
The critical path consists of the following:
	'getelementptr' operation ('gmem0_addr', /home/efrink/mled/split_cu/U280_CRC_Accelerator/src/kernel.cpp:645) [26]  (0 ns)
	bus request operation ('gmem0_load_req', /home/efrink/mled/split_cu/U280_CRC_Accelerator/src/kernel.cpp:645) on port 'gmem0' (/home/efrink/mled/split_cu/U280_CRC_Accelerator/src/kernel.cpp:645) [27]  (2.43 ns)

 <State 3>: 2.43ns
The critical path consists of the following:
	bus request operation ('gmem0_load_req', /home/efrink/mled/split_cu/U280_CRC_Accelerator/src/kernel.cpp:645) on port 'gmem0' (/home/efrink/mled/split_cu/U280_CRC_Accelerator/src/kernel.cpp:645) [27]  (2.43 ns)

 <State 4>: 2.43ns
The critical path consists of the following:
	bus request operation ('gmem0_load_req', /home/efrink/mled/split_cu/U280_CRC_Accelerator/src/kernel.cpp:645) on port 'gmem0' (/home/efrink/mled/split_cu/U280_CRC_Accelerator/src/kernel.cpp:645) [27]  (2.43 ns)

 <State 5>: 2.43ns
The critical path consists of the following:
	bus request operation ('gmem0_load_req', /home/efrink/mled/split_cu/U280_CRC_Accelerator/src/kernel.cpp:645) on port 'gmem0' (/home/efrink/mled/split_cu/U280_CRC_Accelerator/src/kernel.cpp:645) [27]  (2.43 ns)

 <State 6>: 2.43ns
The critical path consists of the following:
	bus request operation ('gmem0_load_req', /home/efrink/mled/split_cu/U280_CRC_Accelerator/src/kernel.cpp:645) on port 'gmem0' (/home/efrink/mled/split_cu/U280_CRC_Accelerator/src/kernel.cpp:645) [27]  (2.43 ns)

 <State 7>: 2.43ns
The critical path consists of the following:
	bus request operation ('gmem0_load_req', /home/efrink/mled/split_cu/U280_CRC_Accelerator/src/kernel.cpp:645) on port 'gmem0' (/home/efrink/mled/split_cu/U280_CRC_Accelerator/src/kernel.cpp:645) [27]  (2.43 ns)

 <State 8>: 2.43ns
The critical path consists of the following:
	bus request operation ('gmem0_load_req', /home/efrink/mled/split_cu/U280_CRC_Accelerator/src/kernel.cpp:645) on port 'gmem0' (/home/efrink/mled/split_cu/U280_CRC_Accelerator/src/kernel.cpp:645) [27]  (2.43 ns)

 <State 9>: 2.43ns
The critical path consists of the following:
	bus request operation ('gmem0_load_req', /home/efrink/mled/split_cu/U280_CRC_Accelerator/src/kernel.cpp:645) on port 'gmem0' (/home/efrink/mled/split_cu/U280_CRC_Accelerator/src/kernel.cpp:645) [27]  (2.43 ns)

 <State 10>: 2.43ns
The critical path consists of the following:
	bus request operation ('gmem0_load_req', /home/efrink/mled/split_cu/U280_CRC_Accelerator/src/kernel.cpp:645) on port 'gmem0' (/home/efrink/mled/split_cu/U280_CRC_Accelerator/src/kernel.cpp:645) [27]  (2.43 ns)

 <State 11>: 2.43ns
The critical path consists of the following:
	bus request operation ('gmem0_load_req', /home/efrink/mled/split_cu/U280_CRC_Accelerator/src/kernel.cpp:645) on port 'gmem0' (/home/efrink/mled/split_cu/U280_CRC_Accelerator/src/kernel.cpp:645) [27]  (2.43 ns)

 <State 12>: 2.43ns
The critical path consists of the following:
	bus request operation ('gmem0_load_req', /home/efrink/mled/split_cu/U280_CRC_Accelerator/src/kernel.cpp:645) on port 'gmem0' (/home/efrink/mled/split_cu/U280_CRC_Accelerator/src/kernel.cpp:645) [27]  (2.43 ns)

 <State 13>: 2.43ns
The critical path consists of the following:
	bus request operation ('gmem0_load_req', /home/efrink/mled/split_cu/U280_CRC_Accelerator/src/kernel.cpp:645) on port 'gmem0' (/home/efrink/mled/split_cu/U280_CRC_Accelerator/src/kernel.cpp:645) [27]  (2.43 ns)

 <State 14>: 2.43ns
The critical path consists of the following:
	bus request operation ('gmem0_load_req', /home/efrink/mled/split_cu/U280_CRC_Accelerator/src/kernel.cpp:645) on port 'gmem0' (/home/efrink/mled/split_cu/U280_CRC_Accelerator/src/kernel.cpp:645) [27]  (2.43 ns)

 <State 15>: 2.43ns
The critical path consists of the following:
	bus request operation ('gmem0_load_req', /home/efrink/mled/split_cu/U280_CRC_Accelerator/src/kernel.cpp:645) on port 'gmem0' (/home/efrink/mled/split_cu/U280_CRC_Accelerator/src/kernel.cpp:645) [27]  (2.43 ns)

 <State 16>: 2.43ns
The critical path consists of the following:
	bus request operation ('gmem0_load_req', /home/efrink/mled/split_cu/U280_CRC_Accelerator/src/kernel.cpp:645) on port 'gmem0' (/home/efrink/mled/split_cu/U280_CRC_Accelerator/src/kernel.cpp:645) [27]  (2.43 ns)

 <State 17>: 2.43ns
The critical path consists of the following:
	bus request operation ('gmem0_load_req', /home/efrink/mled/split_cu/U280_CRC_Accelerator/src/kernel.cpp:645) on port 'gmem0' (/home/efrink/mled/split_cu/U280_CRC_Accelerator/src/kernel.cpp:645) [27]  (2.43 ns)

 <State 18>: 2.43ns
The critical path consists of the following:
	bus request operation ('gmem0_load_req', /home/efrink/mled/split_cu/U280_CRC_Accelerator/src/kernel.cpp:645) on port 'gmem0' (/home/efrink/mled/split_cu/U280_CRC_Accelerator/src/kernel.cpp:645) [27]  (2.43 ns)

 <State 19>: 2.43ns
The critical path consists of the following:
	bus request operation ('gmem0_load_req', /home/efrink/mled/split_cu/U280_CRC_Accelerator/src/kernel.cpp:645) on port 'gmem0' (/home/efrink/mled/split_cu/U280_CRC_Accelerator/src/kernel.cpp:645) [27]  (2.43 ns)

 <State 20>: 2.43ns
The critical path consists of the following:
	bus request operation ('gmem0_load_req', /home/efrink/mled/split_cu/U280_CRC_Accelerator/src/kernel.cpp:645) on port 'gmem0' (/home/efrink/mled/split_cu/U280_CRC_Accelerator/src/kernel.cpp:645) [27]  (2.43 ns)

 <State 21>: 2.43ns
The critical path consists of the following:
	bus request operation ('gmem0_load_req', /home/efrink/mled/split_cu/U280_CRC_Accelerator/src/kernel.cpp:645) on port 'gmem0' (/home/efrink/mled/split_cu/U280_CRC_Accelerator/src/kernel.cpp:645) [27]  (2.43 ns)

 <State 22>: 2.43ns
The critical path consists of the following:
	bus request operation ('gmem0_load_req', /home/efrink/mled/split_cu/U280_CRC_Accelerator/src/kernel.cpp:645) on port 'gmem0' (/home/efrink/mled/split_cu/U280_CRC_Accelerator/src/kernel.cpp:645) [27]  (2.43 ns)

 <State 23>: 2.43ns
The critical path consists of the following:
	bus request operation ('gmem0_load_req', /home/efrink/mled/split_cu/U280_CRC_Accelerator/src/kernel.cpp:645) on port 'gmem0' (/home/efrink/mled/split_cu/U280_CRC_Accelerator/src/kernel.cpp:645) [27]  (2.43 ns)

 <State 24>: 2.43ns
The critical path consists of the following:
	bus request operation ('gmem0_load_req', /home/efrink/mled/split_cu/U280_CRC_Accelerator/src/kernel.cpp:645) on port 'gmem0' (/home/efrink/mled/split_cu/U280_CRC_Accelerator/src/kernel.cpp:645) [27]  (2.43 ns)

 <State 25>: 2.43ns
The critical path consists of the following:
	bus request operation ('gmem0_load_req', /home/efrink/mled/split_cu/U280_CRC_Accelerator/src/kernel.cpp:645) on port 'gmem0' (/home/efrink/mled/split_cu/U280_CRC_Accelerator/src/kernel.cpp:645) [27]  (2.43 ns)

 <State 26>: 2.43ns
The critical path consists of the following:
	bus request operation ('gmem0_load_req', /home/efrink/mled/split_cu/U280_CRC_Accelerator/src/kernel.cpp:645) on port 'gmem0' (/home/efrink/mled/split_cu/U280_CRC_Accelerator/src/kernel.cpp:645) [27]  (2.43 ns)

 <State 27>: 2.43ns
The critical path consists of the following:
	bus request operation ('gmem0_load_req', /home/efrink/mled/split_cu/U280_CRC_Accelerator/src/kernel.cpp:645) on port 'gmem0' (/home/efrink/mled/split_cu/U280_CRC_Accelerator/src/kernel.cpp:645) [27]  (2.43 ns)

 <State 28>: 2.43ns
The critical path consists of the following:
	bus request operation ('gmem0_load_req', /home/efrink/mled/split_cu/U280_CRC_Accelerator/src/kernel.cpp:645) on port 'gmem0' (/home/efrink/mled/split_cu/U280_CRC_Accelerator/src/kernel.cpp:645) [27]  (2.43 ns)

 <State 29>: 2.43ns
The critical path consists of the following:
	bus request operation ('gmem0_load_req', /home/efrink/mled/split_cu/U280_CRC_Accelerator/src/kernel.cpp:645) on port 'gmem0' (/home/efrink/mled/split_cu/U280_CRC_Accelerator/src/kernel.cpp:645) [27]  (2.43 ns)

 <State 30>: 2.43ns
The critical path consists of the following:
	bus request operation ('gmem0_load_req', /home/efrink/mled/split_cu/U280_CRC_Accelerator/src/kernel.cpp:645) on port 'gmem0' (/home/efrink/mled/split_cu/U280_CRC_Accelerator/src/kernel.cpp:645) [27]  (2.43 ns)

 <State 31>: 2.43ns
The critical path consists of the following:
	bus request operation ('gmem0_load_req', /home/efrink/mled/split_cu/U280_CRC_Accelerator/src/kernel.cpp:645) on port 'gmem0' (/home/efrink/mled/split_cu/U280_CRC_Accelerator/src/kernel.cpp:645) [27]  (2.43 ns)

 <State 32>: 2.43ns
The critical path consists of the following:
	bus request operation ('gmem0_load_req', /home/efrink/mled/split_cu/U280_CRC_Accelerator/src/kernel.cpp:645) on port 'gmem0' (/home/efrink/mled/split_cu/U280_CRC_Accelerator/src/kernel.cpp:645) [27]  (2.43 ns)

 <State 33>: 2.43ns
The critical path consists of the following:
	bus request operation ('gmem0_load_req', /home/efrink/mled/split_cu/U280_CRC_Accelerator/src/kernel.cpp:645) on port 'gmem0' (/home/efrink/mled/split_cu/U280_CRC_Accelerator/src/kernel.cpp:645) [27]  (2.43 ns)

 <State 34>: 2.43ns
The critical path consists of the following:
	bus request operation ('gmem0_load_req', /home/efrink/mled/split_cu/U280_CRC_Accelerator/src/kernel.cpp:645) on port 'gmem0' (/home/efrink/mled/split_cu/U280_CRC_Accelerator/src/kernel.cpp:645) [27]  (2.43 ns)

 <State 35>: 2.43ns
The critical path consists of the following:
	bus request operation ('gmem0_load_req', /home/efrink/mled/split_cu/U280_CRC_Accelerator/src/kernel.cpp:645) on port 'gmem0' (/home/efrink/mled/split_cu/U280_CRC_Accelerator/src/kernel.cpp:645) [27]  (2.43 ns)

 <State 36>: 2.43ns
The critical path consists of the following:
	bus request operation ('gmem0_load_req', /home/efrink/mled/split_cu/U280_CRC_Accelerator/src/kernel.cpp:645) on port 'gmem0' (/home/efrink/mled/split_cu/U280_CRC_Accelerator/src/kernel.cpp:645) [27]  (2.43 ns)

 <State 37>: 2.43ns
The critical path consists of the following:
	bus request operation ('gmem0_load_req', /home/efrink/mled/split_cu/U280_CRC_Accelerator/src/kernel.cpp:645) on port 'gmem0' (/home/efrink/mled/split_cu/U280_CRC_Accelerator/src/kernel.cpp:645) [27]  (2.43 ns)

 <State 38>: 2.43ns
The critical path consists of the following:
	bus request operation ('gmem0_load_req', /home/efrink/mled/split_cu/U280_CRC_Accelerator/src/kernel.cpp:645) on port 'gmem0' (/home/efrink/mled/split_cu/U280_CRC_Accelerator/src/kernel.cpp:645) [27]  (2.43 ns)

 <State 39>: 2.43ns
The critical path consists of the following:
	bus request operation ('gmem0_load_req', /home/efrink/mled/split_cu/U280_CRC_Accelerator/src/kernel.cpp:645) on port 'gmem0' (/home/efrink/mled/split_cu/U280_CRC_Accelerator/src/kernel.cpp:645) [27]  (2.43 ns)

 <State 40>: 2.43ns
The critical path consists of the following:
	bus request operation ('gmem0_load_req', /home/efrink/mled/split_cu/U280_CRC_Accelerator/src/kernel.cpp:645) on port 'gmem0' (/home/efrink/mled/split_cu/U280_CRC_Accelerator/src/kernel.cpp:645) [27]  (2.43 ns)

 <State 41>: 2.43ns
The critical path consists of the following:
	bus request operation ('gmem0_load_req', /home/efrink/mled/split_cu/U280_CRC_Accelerator/src/kernel.cpp:645) on port 'gmem0' (/home/efrink/mled/split_cu/U280_CRC_Accelerator/src/kernel.cpp:645) [27]  (2.43 ns)

 <State 42>: 2.43ns
The critical path consists of the following:
	bus request operation ('gmem0_load_req', /home/efrink/mled/split_cu/U280_CRC_Accelerator/src/kernel.cpp:645) on port 'gmem0' (/home/efrink/mled/split_cu/U280_CRC_Accelerator/src/kernel.cpp:645) [27]  (2.43 ns)

 <State 43>: 2.43ns
The critical path consists of the following:
	bus request operation ('gmem0_load_req', /home/efrink/mled/split_cu/U280_CRC_Accelerator/src/kernel.cpp:645) on port 'gmem0' (/home/efrink/mled/split_cu/U280_CRC_Accelerator/src/kernel.cpp:645) [27]  (2.43 ns)

 <State 44>: 2.43ns
The critical path consists of the following:
	bus request operation ('gmem0_load_req', /home/efrink/mled/split_cu/U280_CRC_Accelerator/src/kernel.cpp:645) on port 'gmem0' (/home/efrink/mled/split_cu/U280_CRC_Accelerator/src/kernel.cpp:645) [27]  (2.43 ns)

 <State 45>: 2.43ns
The critical path consists of the following:
	bus request operation ('gmem0_load_req', /home/efrink/mled/split_cu/U280_CRC_Accelerator/src/kernel.cpp:645) on port 'gmem0' (/home/efrink/mled/split_cu/U280_CRC_Accelerator/src/kernel.cpp:645) [27]  (2.43 ns)

 <State 46>: 2.43ns
The critical path consists of the following:
	bus request operation ('gmem0_load_req', /home/efrink/mled/split_cu/U280_CRC_Accelerator/src/kernel.cpp:645) on port 'gmem0' (/home/efrink/mled/split_cu/U280_CRC_Accelerator/src/kernel.cpp:645) [27]  (2.43 ns)

 <State 47>: 2.43ns
The critical path consists of the following:
	bus request operation ('gmem0_load_req', /home/efrink/mled/split_cu/U280_CRC_Accelerator/src/kernel.cpp:645) on port 'gmem0' (/home/efrink/mled/split_cu/U280_CRC_Accelerator/src/kernel.cpp:645) [27]  (2.43 ns)

 <State 48>: 2.43ns
The critical path consists of the following:
	bus request operation ('gmem0_load_req', /home/efrink/mled/split_cu/U280_CRC_Accelerator/src/kernel.cpp:645) on port 'gmem0' (/home/efrink/mled/split_cu/U280_CRC_Accelerator/src/kernel.cpp:645) [27]  (2.43 ns)

 <State 49>: 2.43ns
The critical path consists of the following:
	bus request operation ('gmem0_load_req', /home/efrink/mled/split_cu/U280_CRC_Accelerator/src/kernel.cpp:645) on port 'gmem0' (/home/efrink/mled/split_cu/U280_CRC_Accelerator/src/kernel.cpp:645) [27]  (2.43 ns)

 <State 50>: 2.43ns
The critical path consists of the following:
	bus request operation ('gmem0_load_req', /home/efrink/mled/split_cu/U280_CRC_Accelerator/src/kernel.cpp:645) on port 'gmem0' (/home/efrink/mled/split_cu/U280_CRC_Accelerator/src/kernel.cpp:645) [27]  (2.43 ns)

 <State 51>: 2.43ns
The critical path consists of the following:
	bus request operation ('gmem0_load_req', /home/efrink/mled/split_cu/U280_CRC_Accelerator/src/kernel.cpp:645) on port 'gmem0' (/home/efrink/mled/split_cu/U280_CRC_Accelerator/src/kernel.cpp:645) [27]  (2.43 ns)

 <State 52>: 2.43ns
The critical path consists of the following:
	bus request operation ('gmem0_load_req', /home/efrink/mled/split_cu/U280_CRC_Accelerator/src/kernel.cpp:645) on port 'gmem0' (/home/efrink/mled/split_cu/U280_CRC_Accelerator/src/kernel.cpp:645) [27]  (2.43 ns)

 <State 53>: 2.43ns
The critical path consists of the following:
	bus request operation ('gmem0_load_req', /home/efrink/mled/split_cu/U280_CRC_Accelerator/src/kernel.cpp:645) on port 'gmem0' (/home/efrink/mled/split_cu/U280_CRC_Accelerator/src/kernel.cpp:645) [27]  (2.43 ns)

 <State 54>: 2.43ns
The critical path consists of the following:
	bus request operation ('gmem0_load_req', /home/efrink/mled/split_cu/U280_CRC_Accelerator/src/kernel.cpp:645) on port 'gmem0' (/home/efrink/mled/split_cu/U280_CRC_Accelerator/src/kernel.cpp:645) [27]  (2.43 ns)

 <State 55>: 2.43ns
The critical path consists of the following:
	bus request operation ('gmem0_load_req', /home/efrink/mled/split_cu/U280_CRC_Accelerator/src/kernel.cpp:645) on port 'gmem0' (/home/efrink/mled/split_cu/U280_CRC_Accelerator/src/kernel.cpp:645) [27]  (2.43 ns)

 <State 56>: 2.43ns
The critical path consists of the following:
	bus request operation ('gmem0_load_req', /home/efrink/mled/split_cu/U280_CRC_Accelerator/src/kernel.cpp:645) on port 'gmem0' (/home/efrink/mled/split_cu/U280_CRC_Accelerator/src/kernel.cpp:645) [27]  (2.43 ns)

 <State 57>: 2.43ns
The critical path consists of the following:
	bus request operation ('gmem0_load_req', /home/efrink/mled/split_cu/U280_CRC_Accelerator/src/kernel.cpp:645) on port 'gmem0' (/home/efrink/mled/split_cu/U280_CRC_Accelerator/src/kernel.cpp:645) [27]  (2.43 ns)

 <State 58>: 2.43ns
The critical path consists of the following:
	bus request operation ('gmem0_load_req', /home/efrink/mled/split_cu/U280_CRC_Accelerator/src/kernel.cpp:645) on port 'gmem0' (/home/efrink/mled/split_cu/U280_CRC_Accelerator/src/kernel.cpp:645) [27]  (2.43 ns)

 <State 59>: 2.43ns
The critical path consists of the following:
	bus request operation ('gmem0_load_req', /home/efrink/mled/split_cu/U280_CRC_Accelerator/src/kernel.cpp:645) on port 'gmem0' (/home/efrink/mled/split_cu/U280_CRC_Accelerator/src/kernel.cpp:645) [27]  (2.43 ns)

 <State 60>: 2.43ns
The critical path consists of the following:
	bus request operation ('gmem0_load_req', /home/efrink/mled/split_cu/U280_CRC_Accelerator/src/kernel.cpp:645) on port 'gmem0' (/home/efrink/mled/split_cu/U280_CRC_Accelerator/src/kernel.cpp:645) [27]  (2.43 ns)

 <State 61>: 2.43ns
The critical path consists of the following:
	bus request operation ('gmem0_load_req', /home/efrink/mled/split_cu/U280_CRC_Accelerator/src/kernel.cpp:645) on port 'gmem0' (/home/efrink/mled/split_cu/U280_CRC_Accelerator/src/kernel.cpp:645) [27]  (2.43 ns)

 <State 62>: 2.43ns
The critical path consists of the following:
	bus request operation ('gmem0_load_req', /home/efrink/mled/split_cu/U280_CRC_Accelerator/src/kernel.cpp:645) on port 'gmem0' (/home/efrink/mled/split_cu/U280_CRC_Accelerator/src/kernel.cpp:645) [27]  (2.43 ns)

 <State 63>: 2.43ns
The critical path consists of the following:
	bus request operation ('gmem0_load_req', /home/efrink/mled/split_cu/U280_CRC_Accelerator/src/kernel.cpp:645) on port 'gmem0' (/home/efrink/mled/split_cu/U280_CRC_Accelerator/src/kernel.cpp:645) [27]  (2.43 ns)

 <State 64>: 2.43ns
The critical path consists of the following:
	bus request operation ('gmem0_load_req', /home/efrink/mled/split_cu/U280_CRC_Accelerator/src/kernel.cpp:645) on port 'gmem0' (/home/efrink/mled/split_cu/U280_CRC_Accelerator/src/kernel.cpp:645) [27]  (2.43 ns)

 <State 65>: 2.43ns
The critical path consists of the following:
	bus request operation ('gmem0_load_req', /home/efrink/mled/split_cu/U280_CRC_Accelerator/src/kernel.cpp:645) on port 'gmem0' (/home/efrink/mled/split_cu/U280_CRC_Accelerator/src/kernel.cpp:645) [27]  (2.43 ns)

 <State 66>: 2.43ns
The critical path consists of the following:
	bus request operation ('gmem0_load_req', /home/efrink/mled/split_cu/U280_CRC_Accelerator/src/kernel.cpp:645) on port 'gmem0' (/home/efrink/mled/split_cu/U280_CRC_Accelerator/src/kernel.cpp:645) [27]  (2.43 ns)

 <State 67>: 2.43ns
The critical path consists of the following:
	bus request operation ('gmem0_load_req', /home/efrink/mled/split_cu/U280_CRC_Accelerator/src/kernel.cpp:645) on port 'gmem0' (/home/efrink/mled/split_cu/U280_CRC_Accelerator/src/kernel.cpp:645) [27]  (2.43 ns)

 <State 68>: 2.43ns
The critical path consists of the following:
	bus request operation ('gmem0_load_req', /home/efrink/mled/split_cu/U280_CRC_Accelerator/src/kernel.cpp:645) on port 'gmem0' (/home/efrink/mled/split_cu/U280_CRC_Accelerator/src/kernel.cpp:645) [27]  (2.43 ns)

 <State 69>: 2.43ns
The critical path consists of the following:
	bus request operation ('gmem0_load_req', /home/efrink/mled/split_cu/U280_CRC_Accelerator/src/kernel.cpp:645) on port 'gmem0' (/home/efrink/mled/split_cu/U280_CRC_Accelerator/src/kernel.cpp:645) [27]  (2.43 ns)

 <State 70>: 2.43ns
The critical path consists of the following:
	bus request operation ('gmem0_load_req', /home/efrink/mled/split_cu/U280_CRC_Accelerator/src/kernel.cpp:645) on port 'gmem0' (/home/efrink/mled/split_cu/U280_CRC_Accelerator/src/kernel.cpp:645) [27]  (2.43 ns)

 <State 71>: 2.43ns
The critical path consists of the following:
	bus request operation ('gmem0_load_req', /home/efrink/mled/split_cu/U280_CRC_Accelerator/src/kernel.cpp:645) on port 'gmem0' (/home/efrink/mled/split_cu/U280_CRC_Accelerator/src/kernel.cpp:645) [27]  (2.43 ns)

 <State 72>: 2.43ns
The critical path consists of the following:
	bus read operation ('gmem0_addr_read', /home/efrink/mled/split_cu/U280_CRC_Accelerator/src/kernel.cpp:645) on port 'gmem0' (/home/efrink/mled/split_cu/U280_CRC_Accelerator/src/kernel.cpp:645) [28]  (2.43 ns)

 <State 73>: 2.43ns
The critical path consists of the following:
	bus read operation ('gmem0_addr_1_read', /home/efrink/mled/split_cu/U280_CRC_Accelerator/src/kernel.cpp:645) on port 'gmem0' (/home/efrink/mled/split_cu/U280_CRC_Accelerator/src/kernel.cpp:645) [39]  (2.43 ns)

 <State 74>: 2.15ns
The critical path consists of the following:
	'add' operation ('add_ln645_4', /home/efrink/mled/split_cu/U280_CRC_Accelerator/src/kernel.cpp:645) [40]  (0.706 ns)
	'lshr' operation ('lshr_ln645_1', /home/efrink/mled/split_cu/U280_CRC_Accelerator/src/kernel.cpp:645) [43]  (1.44 ns)

 <State 75>: 1.96ns
The critical path consists of the following:
	'load' operation ('sum.V') on local variable 'sum.V' [17]  (0 ns)
	'add' operation ('tmp') [48]  (0.791 ns)
	'add' operation ('sum.V') [53]  (0.785 ns)
	'store' operation ('store_ln641', /home/efrink/mled/split_cu/U280_CRC_Accelerator/src/kernel.cpp:641) of variable 'sum.V' on local variable 'sum.V' [60]  (0.387 ns)


============================================================
+ Verbose Summary: Binding
============================================================
N/A
* FSMD analyzer results:
  - Output states:
 - Input state : 
  - Chain level:
	State 1
	State 2
	State 3
	State 4
	State 5
	State 6
	State 7
	State 8
	State 9
	State 10
	State 11
	State 12
	State 13
	State 14
	State 15
	State 16
	State 17
	State 18
	State 19
	State 20
	State 21
	State 22
	State 23
	State 24
	State 25
	State 26
	State 27
	State 28
	State 29
	State 30
	State 31
	State 32
	State 33
	State 34
	State 35
	State 36
	State 37
	State 38
	State 39
	State 40
	State 41
	State 42
	State 43
	State 44
	State 45
	State 46
	State 47
	State 48
	State 49
	State 50
	State 51
	State 52
	State 53
	State 54
	State 55
	State 56
	State 57
	State 58
	State 59
	State 60
	State 61
	State 62
	State 63
	State 64
	State 65
	State 66
	State 67
	State 68
	State 69
	State 70
	State 71
	State 72
	State 73
	State 74
	State 75


============================================================
+ Verbose Summary: Datapath Resource usage 
============================================================
N/A
