

================================================================
== Vitis HLS Report for 'calculate_crc'
================================================================
* Date:           Thu Apr  2 18:17:08 2026

* Version:        2022.1 (Build 3526262 on Mon Apr 18 15:47:01 MDT 2022)
* Project:        calculate_crc
* Solution:       solution (Vitis Kernel Flow Target)
* Product family: virtexuplus
* Target device:  xcu280-fsvh2892-2L-e


================================================================
== Performance Estimates
================================================================
+ Timing: 
    * Summary: 
    +--------+---------+----------+------------+
    |  Clock |  Target | Estimated| Uncertainty|
    +--------+---------+----------+------------+
    |ap_clk  |  3.33 ns|  2.433 ns|     0.90 ns|
    +--------+---------+----------+------------+

+ Latency: 
    * Summary: 
    +---------+---------+----------+----------+-----+-----+---------+
    |  Latency (cycles) |  Latency (absolute) |  Interval | Pipeline|
    |   min   |   max   |    min   |    max   | min | max |   Type  |
    +---------+---------+----------+----------+-----+-----+---------+
    |        ?|        ?|         ?|         ?|    ?|    ?|       no|
    +---------+---------+----------+----------+-----+-----+---------+

    + Detail: 
        * Instance: 
        +--------------------------------+---------------------+---------+---------+-----------+-----------+------+------+----------+
        |                                |                     |  Latency (cycles) |   Latency (absolute)  |   Interval  | Pipeline |
        |            Instance            |        Module       |   min   |   max   |    min    |    max    |  min |  max |   Type   |
        +--------------------------------+---------------------+---------+---------+-----------+-----------+------+------+----------+
        |grp_load_crc_tables_fu_198      |load_crc_tables      |     4170|     4170|  13.899 us|  13.899 us|  4170|  4170|        no|
        |grp_crc_dataflow_region_fu_221  |crc_dataflow_region  |        ?|        ?|          ?|          ?|     ?|     ?|  dataflow|
        +--------------------------------+---------------------+---------+---------+-----------+-----------+------+------+----------+

        * Loop: 
        N/A



================================================================
== Utilization Estimates
================================================================
* Summary: 
+---------------------+---------+------+---------+---------+-----+
|         Name        | BRAM_18K|  DSP |    FF   |   LUT   | URAM|
+---------------------+---------+------+---------+---------+-----+
|DSP                  |        -|     -|        -|        -|    -|
|Expression           |        -|     -|        0|        6|    -|
|FIFO                 |        -|     -|        -|        -|    -|
|Instance             |        0|     3|     9825|    17273|    0|
|Memory               |       16|     -|        0|        0|    -|
|Multiplexer          |        -|     -|        -|      695|    -|
|Register             |        -|     -|      205|        -|    -|
+---------------------+---------+------+---------+---------+-----+
|Total                |       16|     3|    10030|    17974|    0|
+---------------------+---------+------+---------+---------+-----+
|Available SLR        |     1344|  3008|   869120|   434560|  320|
+---------------------+---------+------+---------+---------+-----+
|Utilization SLR (%)  |        1|    ~0|        1|        4|    0|
+---------------------+---------+------+---------+---------+-----+
|Available            |     4032|  9024|  2607360|  1303680|  960|
+---------------------+---------+------+---------+---------+-----+
|Utilization (%)      |       ~0|    ~0|       ~0|        1|    0|
+---------------------+---------+------+---------+---------+-----+

+ Detail: 
    * Instance: 
    +--------------------------------+---------------------+---------+----+------+------+-----+
    |            Instance            |        Module       | BRAM_18K| DSP|  FF  |  LUT | URAM|
    +--------------------------------+---------------------+---------+----+------+------+-----+
    |control_s_axi_U                 |control_s_axi        |        0|   0|   398|   680|    0|
    |grp_crc_dataflow_region_fu_221  |crc_dataflow_region  |        0|   3|  2236|  4900|    0|
    |gmem0_m_axi_U                   |gmem0_m_axi          |        0|   0|  1445|  2615|    0|
    |gmem1_m_axi_U                   |gmem1_m_axi          |        0|   0|  4567|  8001|    0|
    |grp_load_crc_tables_fu_198      |load_crc_tables      |        0|   0|  1179|  1077|    0|
    +--------------------------------+---------------------+---------+----+------+------+-----+
    |Total                           |                     |        0|   3|  9825| 17273|    0|
    +--------------------------------+---------------------+---------+----+------+------+-----+

    * DSP: 
    N/A

    * Memory: 
    +----------------+----------------------------+---------+---+----+-----+------+-----+------+-------------+
    |     Memory     |           Module           | BRAM_18K| FF| LUT| URAM| Words| Bits| Banks| W*Bits*Banks|
    +----------------+----------------------------+---------+---+----+-----+------+-----+------+-------------+
    |crcTables_U     |crcTables_RAM_1P_BRAM_1R1W  |        1|  0|   0|    0|   256|   32|     1|         8192|
    |crcTables_1_U   |crcTables_RAM_1P_BRAM_1R1W  |        1|  0|   0|    0|   256|   32|     1|         8192|
    |crcTables_2_U   |crcTables_RAM_1P_BRAM_1R1W  |        1|  0|   0|    0|   256|   32|     1|         8192|
    |crcTables_3_U   |crcTables_RAM_1P_BRAM_1R1W  |        1|  0|   0|    0|   256|   32|     1|         8192|
    |crcTables_4_U   |crcTables_RAM_1P_BRAM_1R1W  |        1|  0|   0|    0|   256|   32|     1|         8192|
    |crcTables_5_U   |crcTables_RAM_1P_BRAM_1R1W  |        1|  0|   0|    0|   256|   32|     1|         8192|
    |crcTables_6_U   |crcTables_RAM_1P_BRAM_1R1W  |        1|  0|   0|    0|   256|   32|     1|         8192|
    |crcTables_7_U   |crcTables_RAM_1P_BRAM_1R1W  |        1|  0|   0|    0|   256|   32|     1|         8192|
    |crcTables_8_U   |crcTables_RAM_1P_BRAM_1R1W  |        1|  0|   0|    0|   256|   32|     1|         8192|
    |crcTables_9_U   |crcTables_RAM_1P_BRAM_1R1W  |        1|  0|   0|    0|   256|   32|     1|         8192|
    |crcTables_10_U  |crcTables_RAM_1P_BRAM_1R1W  |        1|  0|   0|    0|   256|   32|     1|         8192|
    |crcTables_11_U  |crcTables_RAM_1P_BRAM_1R1W  |        1|  0|   0|    0|   256|   32|     1|         8192|
    |crcTables_12_U  |crcTables_RAM_1P_BRAM_1R1W  |        1|  0|   0|    0|   256|   32|     1|         8192|
    |crcTables_13_U  |crcTables_RAM_1P_BRAM_1R1W  |        1|  0|   0|    0|   256|   32|     1|         8192|
    |crcTables_14_U  |crcTables_RAM_1P_BRAM_1R1W  |        1|  0|   0|    0|   256|   32|     1|         8192|
    |crcTables_15_U  |crcTables_RAM_1P_BRAM_1R1W  |        1|  0|   0|    0|   256|   32|     1|         8192|
    +----------------+----------------------------+---------+---+----+-----+------+-----+------+-------------+
    |Total           |                            |       16|  0|   0|    0|  4096|  512|    16|       131072|
    +----------------+----------------------------+---------+---+----+-----+------+-----+------+-------------+

    * FIFO: 
    N/A

    * Expression: 
    +-------------------------------------------------+----------+----+---+----+------------+------------+
    |                  Variable Name                  | Operation| DSP| FF| LUT| Bitwidth P0| Bitwidth P1|
    +-------------------------------------------------+----------+----+---+----+------------+------------+
    |ap_block_state1                                  |        or|   0|  0|   2|           1|           1|
    |ap_sync_grp_crc_dataflow_region_fu_221_ap_done   |        or|   0|  0|   2|           1|           1|
    |ap_sync_grp_crc_dataflow_region_fu_221_ap_ready  |        or|   0|  0|   2|           1|           1|
    +-------------------------------------------------+----------+----+---+----+------------+------------+
    |Total                                            |          |   0|  0|   6|           3|           3|
    +-------------------------------------------------+----------+----+---+----+------------+------------+

    * Multiplexer: 
    +-----------------------+----+-----------+-----+-----------+
    |          Name         | LUT| Input Size| Bits| Total Bits|
    +-----------------------+----+-----------+-----+-----------+
    |ap_NS_fsm              |  31|          6|    1|          6|
    |ap_done                |   9|          2|    1|          2|
    |crcTables_10_address0  |  14|          3|    8|         24|
    |crcTables_10_ce0       |  14|          3|    1|          3|
    |crcTables_10_we0       |   9|          2|    1|          2|
    |crcTables_11_address0  |  14|          3|    8|         24|
    |crcTables_11_ce0       |  14|          3|    1|          3|
    |crcTables_11_we0       |   9|          2|    1|          2|
    |crcTables_12_address0  |  14|          3|    8|         24|
    |crcTables_12_ce0       |  14|          3|    1|          3|
    |crcTables_12_we0       |   9|          2|    1|          2|
    |crcTables_13_address0  |  14|          3|    8|         24|
    |crcTables_13_ce0       |  14|          3|    1|          3|
    |crcTables_13_we0       |   9|          2|    1|          2|
    |crcTables_14_address0  |  14|          3|    8|         24|
    |crcTables_14_ce0       |  14|          3|    1|          3|
    |crcTables_14_we0       |   9|          2|    1|          2|
    |crcTables_15_address0  |  14|          3|    8|         24|
    |crcTables_15_ce0       |  14|          3|    1|          3|
    |crcTables_15_we0       |   9|          2|    1|          2|
    |crcTables_1_address0   |  14|          3|    8|         24|
    |crcTables_1_ce0        |  14|          3|    1|          3|
    |crcTables_1_we0        |   9|          2|    1|          2|
    |crcTables_2_address0   |  14|          3|    8|         24|
    |crcTables_2_ce0        |  14|          3|    1|          3|
    |crcTables_2_we0        |   9|          2|    1|          2|
    |crcTables_3_address0   |  14|          3|    8|         24|
    |crcTables_3_ce0        |  14|          3|    1|          3|
    |crcTables_3_we0        |   9|          2|    1|          2|
    |crcTables_4_address0   |  14|          3|    8|         24|
    |crcTables_4_ce0        |  14|          3|    1|          3|
    |crcTables_4_we0        |   9|          2|    1|          2|
    |crcTables_5_address0   |  14|          3|    8|         24|
    |crcTables_5_ce0        |  14|          3|    1|          3|
    |crcTables_5_we0        |   9|          2|    1|          2|
    |crcTables_6_address0   |  14|          3|    8|         24|
    |crcTables_6_ce0        |  14|          3|    1|          3|
    |crcTables_6_we0        |   9|          2|    1|          2|
    |crcTables_7_address0   |  14|          3|    8|         24|
    |crcTables_7_ce0        |  14|          3|    1|          3|
    |crcTables_7_we0        |   9|          2|    1|          2|
    |crcTables_8_address0   |  14|          3|    8|         24|
    |crcTables_8_ce0        |  14|          3|    1|          3|
    |crcTables_8_we0        |   9|          2|    1|          2|
    |crcTables_9_address0   |  14|          3|    8|         24|
    |crcTables_9_ce0        |  14|          3|    1|          3|
    |crcTables_9_we0        |   9|          2|    1|          2|
    |crcTables_address0     |  14|          3|    8|         24|
    |crcTables_ce0          |  14|          3|    1|          3|
    |crcTables_we0          |   9|          2|    1|          2|
    |gmem0_ARVALID          |   9|          2|    1|          2|
    |gmem0_AWVALID          |   9|          2|    1|          2|
    |gmem0_BREADY           |   9|          2|    1|          2|
    |gmem0_RREADY           |   9|          2|    1|          2|
    |gmem0_WVALID           |   9|          2|    1|          2|
    |gmem1_ARVALID          |   9|          2|    1|          2|
    |gmem1_RREADY           |   9|          2|    1|          2|
    +-----------------------+----+-----------+-----+-----------+
    |Total                  | 695|        150|  169|        486|
    +-----------------------+----+-----------+-----+-----------+

    * Register: 
    +-----------------------------------------------------+----+----+-----+-----------+
    |                         Name                        | FF | LUT| Bits| Const Bits|
    +-----------------------------------------------------+----+----+-----+-----------+
    |ap_CS_fsm                                            |   5|   0|    5|          0|
    |ap_done_reg                                          |   1|   0|    1|          0|
    |ap_rst_n_inv                                         |   1|   0|    1|          0|
    |ap_rst_reg_1                                         |   1|   0|    1|          0|
    |ap_rst_reg_2                                         |   1|   0|    1|          0|
    |ap_sync_reg_grp_crc_dataflow_region_fu_221_ap_done   |   1|   0|    1|          0|
    |ap_sync_reg_grp_crc_dataflow_region_fu_221_ap_ready  |   1|   0|    1|          0|
    |crc_out_read_reg_254                                 |  64|   0|   64|          0|
    |data_in_read_reg_259                                 |  64|   0|   64|          0|
    |grp_crc_dataflow_region_fu_221_ap_start_reg          |   1|   0|    1|          0|
    |grp_load_crc_tables_fu_198_ap_start_reg              |   1|   0|    1|          0|
    |tables_read_reg_249                                  |  64|   0|   64|          0|
    +-----------------------------------------------------+----+----+-----+-----------+
    |Total                                                | 205|   0|  205|          0|
    +-----------------------------------------------------+----+----+-----+-----------+



================================================================
== Interface
================================================================
* Summary: 
+-----------------------+-----+-----+---------------+---------------+--------------+
|       RTL Ports       | Dir | Bits|    Protocol   | Source Object |    C Type    |
+-----------------------+-----+-----+---------------+---------------+--------------+
|s_axi_control_AWVALID  |   in|    1|          s_axi|        control|        scalar|
|s_axi_control_AWREADY  |  out|    1|          s_axi|        control|        scalar|
|s_axi_control_AWADDR   |   in|    7|          s_axi|        control|        scalar|
|s_axi_control_WVALID   |   in|    1|          s_axi|        control|        scalar|
|s_axi_control_WREADY   |  out|    1|          s_axi|        control|        scalar|
|s_axi_control_WDATA    |   in|   32|          s_axi|        control|        scalar|
|s_axi_control_WSTRB    |   in|    4|          s_axi|        control|        scalar|
|s_axi_control_ARVALID  |   in|    1|          s_axi|        control|        scalar|
|s_axi_control_ARREADY  |  out|    1|          s_axi|        control|        scalar|
|s_axi_control_ARADDR   |   in|    7|          s_axi|        control|        scalar|
|s_axi_control_RVALID   |  out|    1|          s_axi|        control|        scalar|
|s_axi_control_RREADY   |   in|    1|          s_axi|        control|        scalar|
|s_axi_control_RDATA    |  out|   32|          s_axi|        control|        scalar|
|s_axi_control_RRESP    |  out|    2|          s_axi|        control|        scalar|
|s_axi_control_BVALID   |  out|    1|          s_axi|        control|        scalar|
|s_axi_control_BREADY   |   in|    1|          s_axi|        control|        scalar|
|s_axi_control_BRESP    |  out|    2|          s_axi|        control|        scalar|
|ap_clk                 |   in|    1|  ap_ctrl_chain|  calculate_crc|  return value|
|ap_rst_n               |   in|    1|  ap_ctrl_chain|  calculate_crc|  return value|
|interrupt              |  out|    1|  ap_ctrl_chain|  calculate_crc|  return value|
|m_axi_gmem0_AWVALID    |  out|    1|          m_axi|          gmem0|       pointer|
|m_axi_gmem0_AWREADY    |   in|    1|          m_axi|          gmem0|       pointer|
|m_axi_gmem0_AWADDR     |  out|   64|          m_axi|          gmem0|       pointer|
|m_axi_gmem0_AWID       |  out|    1|          m_axi|          gmem0|       pointer|
|m_axi_gmem0_AWLEN      |  out|    8|          m_axi|          gmem0|       pointer|
|m_axi_gmem0_AWSIZE     |  out|    3|          m_axi|          gmem0|       pointer|
|m_axi_gmem0_AWBURST    |  out|    2|          m_axi|          gmem0|       pointer|
|m_axi_gmem0_AWLOCK     |  out|    2|          m_axi|          gmem0|       pointer|
|m_axi_gmem0_AWCACHE    |  out|    4|          m_axi|          gmem0|       pointer|
|m_axi_gmem0_AWPROT     |  out|    3|          m_axi|          gmem0|       pointer|
|m_axi_gmem0_AWQOS      |  out|    4|          m_axi|          gmem0|       pointer|
|m_axi_gmem0_AWREGION   |  out|    4|          m_axi|          gmem0|       pointer|
|m_axi_gmem0_AWUSER     |  out|    1|          m_axi|          gmem0|       pointer|
|m_axi_gmem0_WVALID     |  out|    1|          m_axi|          gmem0|       pointer|
|m_axi_gmem0_WREADY     |   in|    1|          m_axi|          gmem0|       pointer|
|m_axi_gmem0_WDATA      |  out|  128|          m_axi|          gmem0|       pointer|
|m_axi_gmem0_WSTRB      |  out|   16|          m_axi|          gmem0|       pointer|
|m_axi_gmem0_WLAST      |  out|    1|          m_axi|          gmem0|       pointer|
|m_axi_gmem0_WID        |  out|    1|          m_axi|          gmem0|       pointer|
|m_axi_gmem0_WUSER      |  out|    1|          m_axi|          gmem0|       pointer|
|m_axi_gmem0_ARVALID    |  out|    1|          m_axi|          gmem0|       pointer|
|m_axi_gmem0_ARREADY    |   in|    1|          m_axi|          gmem0|       pointer|
|m_axi_gmem0_ARADDR     |  out|   64|          m_axi|          gmem0|       pointer|
|m_axi_gmem0_ARID       |  out|    1|          m_axi|          gmem0|       pointer|
|m_axi_gmem0_ARLEN      |  out|    8|          m_axi|          gmem0|       pointer|
|m_axi_gmem0_ARSIZE     |  out|    3|          m_axi|          gmem0|       pointer|
|m_axi_gmem0_ARBURST    |  out|    2|          m_axi|          gmem0|       pointer|
|m_axi_gmem0_ARLOCK     |  out|    2|          m_axi|          gmem0|       pointer|
|m_axi_gmem0_ARCACHE    |  out|    4|          m_axi|          gmem0|       pointer|
|m_axi_gmem0_ARPROT     |  out|    3|          m_axi|          gmem0|       pointer|
|m_axi_gmem0_ARQOS      |  out|    4|          m_axi|          gmem0|       pointer|
|m_axi_gmem0_ARREGION   |  out|    4|          m_axi|          gmem0|       pointer|
|m_axi_gmem0_ARUSER     |  out|    1|          m_axi|          gmem0|       pointer|
|m_axi_gmem0_RVALID     |   in|    1|          m_axi|          gmem0|       pointer|
|m_axi_gmem0_RREADY     |  out|    1|          m_axi|          gmem0|       pointer|
|m_axi_gmem0_RDATA      |   in|  128|          m_axi|          gmem0|       pointer|
|m_axi_gmem0_RLAST      |   in|    1|          m_axi|          gmem0|       pointer|
|m_axi_gmem0_RID        |   in|    1|          m_axi|          gmem0|       pointer|
|m_axi_gmem0_RUSER      |   in|    1|          m_axi|          gmem0|       pointer|
|m_axi_gmem0_RRESP      |   in|    2|          m_axi|          gmem0|       pointer|
|m_axi_gmem0_BVALID     |   in|    1|          m_axi|          gmem0|       pointer|
|m_axi_gmem0_BREADY     |  out|    1|          m_axi|          gmem0|       pointer|
|m_axi_gmem0_BRESP      |   in|    2|          m_axi|          gmem0|       pointer|
|m_axi_gmem0_BID        |   in|    1|          m_axi|          gmem0|       pointer|
|m_axi_gmem0_BUSER      |   in|    1|          m_axi|          gmem0|       pointer|
|m_axi_gmem1_AWVALID    |  out|    1|          m_axi|          gmem1|       pointer|
|m_axi_gmem1_AWREADY    |   in|    1|          m_axi|          gmem1|       pointer|
|m_axi_gmem1_AWADDR     |  out|   64|          m_axi|          gmem1|       pointer|
|m_axi_gmem1_AWID       |  out|    1|          m_axi|          gmem1|       pointer|
|m_axi_gmem1_AWLEN      |  out|    8|          m_axi|          gmem1|       pointer|
|m_axi_gmem1_AWSIZE     |  out|    3|          m_axi|          gmem1|       pointer|
|m_axi_gmem1_AWBURST    |  out|    2|          m_axi|          gmem1|       pointer|
|m_axi_gmem1_AWLOCK     |  out|    2|          m_axi|          gmem1|       pointer|
|m_axi_gmem1_AWCACHE    |  out|    4|          m_axi|          gmem1|       pointer|
|m_axi_gmem1_AWPROT     |  out|    3|          m_axi|          gmem1|       pointer|
|m_axi_gmem1_AWQOS      |  out|    4|          m_axi|          gmem1|       pointer|
|m_axi_gmem1_AWREGION   |  out|    4|          m_axi|          gmem1|       pointer|
|m_axi_gmem1_AWUSER     |  out|    1|          m_axi|          gmem1|       pointer|
|m_axi_gmem1_WVALID     |  out|    1|          m_axi|          gmem1|       pointer|
|m_axi_gmem1_WREADY     |   in|    1|          m_axi|          gmem1|       pointer|
|m_axi_gmem1_WDATA      |  out|  512|          m_axi|          gmem1|       pointer|
|m_axi_gmem1_WSTRB      |  out|   64|          m_axi|          gmem1|       pointer|
|m_axi_gmem1_WLAST      |  out|    1|          m_axi|          gmem1|       pointer|
|m_axi_gmem1_WID        |  out|    1|          m_axi|          gmem1|       pointer|
|m_axi_gmem1_WUSER      |  out|    1|          m_axi|          gmem1|       pointer|
|m_axi_gmem1_ARVALID    |  out|    1|          m_axi|          gmem1|       pointer|
|m_axi_gmem1_ARREADY    |   in|    1|          m_axi|          gmem1|       pointer|
|m_axi_gmem1_ARADDR     |  out|   64|          m_axi|          gmem1|       pointer|
|m_axi_gmem1_ARID       |  out|    1|          m_axi|          gmem1|       pointer|
|m_axi_gmem1_ARLEN      |  out|    8|          m_axi|          gmem1|       pointer|
|m_axi_gmem1_ARSIZE     |  out|    3|          m_axi|          gmem1|       pointer|
|m_axi_gmem1_ARBURST    |  out|    2|          m_axi|          gmem1|       pointer|
|m_axi_gmem1_ARLOCK     |  out|    2|          m_axi|          gmem1|       pointer|
|m_axi_gmem1_ARCACHE    |  out|    4|          m_axi|          gmem1|       pointer|
|m_axi_gmem1_ARPROT     |  out|    3|          m_axi|          gmem1|       pointer|
|m_axi_gmem1_ARQOS      |  out|    4|          m_axi|          gmem1|       pointer|
|m_axi_gmem1_ARREGION   |  out|    4|          m_axi|          gmem1|       pointer|
|m_axi_gmem1_ARUSER     |  out|    1|          m_axi|          gmem1|       pointer|
|m_axi_gmem1_RVALID     |   in|    1|          m_axi|          gmem1|       pointer|
|m_axi_gmem1_RREADY     |  out|    1|          m_axi|          gmem1|       pointer|
|m_axi_gmem1_RDATA      |   in|  512|          m_axi|          gmem1|       pointer|
|m_axi_gmem1_RLAST      |   in|    1|          m_axi|          gmem1|       pointer|
|m_axi_gmem1_RID        |   in|    1|          m_axi|          gmem1|       pointer|
|m_axi_gmem1_RUSER      |   in|    1|          m_axi|          gmem1|       pointer|
|m_axi_gmem1_RRESP      |   in|    2|          m_axi|          gmem1|       pointer|
|m_axi_gmem1_BVALID     |   in|    1|          m_axi|          gmem1|       pointer|
|m_axi_gmem1_BREADY     |  out|    1|          m_axi|          gmem1|       pointer|
|m_axi_gmem1_BRESP      |   in|    2|          m_axi|          gmem1|       pointer|
|m_axi_gmem1_BID        |   in|    1|          m_axi|          gmem1|       pointer|
|m_axi_gmem1_BUSER      |   in|    1|          m_axi|          gmem1|       pointer|
+-----------------------+-----+-----+---------------+---------------+--------------+

============================================================
+ Verbose Summary: Synthesis Manager
============================================================
InlineROM: 1
ExposeGlobal: 0
============================================================
+ Verbose Summary: CDFG Model
============================================================
IsTopModel: 1
ResetActiveHigh: 1
IsCombinational: 2
IsDatapathOnly: 2
HasWiredReturn: 1
HasMFsm: 0
HasVarLatency: 1
IsPipeline: 0
IsRtlPipelined: 0
IsInstanceOverlapped: 0
IsDontTouch: 0
HasImplIP: 0
IsGatedGlobalClock: 0


============================================================
+ Verbose Summary: Schedule
============================================================
* Number of FSM states : 5
* Pipeline : 0
* Dataflow Pipeline: 0

* FSM state transitions: 
1 --> 2 
2 --> 3 
3 --> 4 
4 --> 5 
5 --> 

* FSM state operations: 

State 1 <SV = 0> <Delay = 1.19>
ST_1 : Operation 6 [1/1] (1.00ns)   --->   "%tables_read = read i64 @_ssdm_op_Read.s_axilite.i64, i64 %tables"   --->   Operation 6 'read' 'tables_read' <Predicate = true> <Delay = 1.00> <CoreInst = "s_axilite">   --->   Core 122 's_axilite' <Latency = 0> <II = 1> <Delay = 1.00> <Adapter> <Opcode : 'read' 'write'>
ST_1 : Operation 7 [1/1] (1.00ns)   --->   "%crc_out_read = read i64 @_ssdm_op_Read.s_axilite.i64, i64 %crc_out"   --->   Operation 7 'read' 'crc_out_read' <Predicate = true> <Delay = 1.00> <CoreInst = "s_axilite">   --->   Core 122 's_axilite' <Latency = 0> <II = 1> <Delay = 1.00> <Adapter> <Opcode : 'read' 'write'>
ST_1 : Operation 8 [1/1] (1.00ns)   --->   "%data_in_read = read i64 @_ssdm_op_Read.s_axilite.i64, i64 %data_in"   --->   Operation 8 'read' 'data_in_read' <Predicate = true> <Delay = 1.00> <CoreInst = "s_axilite">   --->   Core 122 's_axilite' <Latency = 0> <II = 1> <Delay = 1.00> <Adapter> <Opcode : 'read' 'write'>
ST_1 : Operation 9 [1/1] (1.19ns)   --->   "%crcTables = alloca i64 1" [/home/efrink/mled/split_cu/U280_CRC_Accelerator/src/kernel.cpp:802]   --->   Operation 9 'alloca' 'crcTables' <Predicate = true> <Delay = 1.19> <CoreInst = "RAM_1P_BRAM">   --->   Core 90 'RAM_1P_BRAM' <Latency = 1> <II = 1> <Delay = 1.19> <Storage> <Opcode : 'load' 'store'> <Ports = 1> <Width = 32> <Depth = 256> <RAM>
ST_1 : Operation 10 [1/1] (1.19ns)   --->   "%crcTables_1 = alloca i64 1" [/home/efrink/mled/split_cu/U280_CRC_Accelerator/src/kernel.cpp:802]   --->   Operation 10 'alloca' 'crcTables_1' <Predicate = true> <Delay = 1.19> <CoreInst = "RAM_1P_BRAM">   --->   Core 90 'RAM_1P_BRAM' <Latency = 1> <II = 1> <Delay = 1.19> <Storage> <Opcode : 'load' 'store'> <Ports = 1> <Width = 32> <Depth = 256> <RAM>
ST_1 : Operation 11 [1/1] (1.19ns)   --->   "%crcTables_2 = alloca i64 1" [/home/efrink/mled/split_cu/U280_CRC_Accelerator/src/kernel.cpp:802]   --->   Operation 11 'alloca' 'crcTables_2' <Predicate = true> <Delay = 1.19> <CoreInst = "RAM_1P_BRAM">   --->   Core 90 'RAM_1P_BRAM' <Latency = 1> <II = 1> <Delay = 1.19> <Storage> <Opcode : 'load' 'store'> <Ports = 1> <Width = 32> <Depth = 256> <RAM>
ST_1 : Operation 12 [1/1] (1.19ns)   --->   "%crcTables_3 = alloca i64 1" [/home/efrink/mled/split_cu/U280_CRC_Accelerator/src/kernel.cpp:802]   --->   Operation 12 'alloca' 'crcTables_3' <Predicate = true> <Delay = 1.19> <CoreInst = "RAM_1P_BRAM">   --->   Core 90 'RAM_1P_BRAM' <Latency = 1> <II = 1> <Delay = 1.19> <Storage> <Opcode : 'load' 'store'> <Ports = 1> <Width = 32> <Depth = 256> <RAM>
ST_1 : Operation 13 [1/1] (1.19ns)   --->   "%crcTables_4 = alloca i64 1" [/home/efrink/mled/split_cu/U280_CRC_Accelerator/src/kernel.cpp:802]   --->   Operation 13 'alloca' 'crcTables_4' <Predicate = true> <Delay = 1.19> <CoreInst = "RAM_1P_BRAM">   --->   Core 90 'RAM_1P_BRAM' <Latency = 1> <II = 1> <Delay = 1.19> <Storage> <Opcode : 'load' 'store'> <Ports = 1> <Width = 32> <Depth = 256> <RAM>
ST_1 : Operation 14 [1/1] (1.19ns)   --->   "%crcTables_5 = alloca i64 1" [/home/efrink/mled/split_cu/U280_CRC_Accelerator/src/kernel.cpp:802]   --->   Operation 14 'alloca' 'crcTables_5' <Predicate = true> <Delay = 1.19> <CoreInst = "RAM_1P_BRAM">   --->   Core 90 'RAM_1P_BRAM' <Latency = 1> <II = 1> <Delay = 1.19> <Storage> <Opcode : 'load' 'store'> <Ports = 1> <Width = 32> <Depth = 256> <RAM>
ST_1 : Operation 15 [1/1] (1.19ns)   --->   "%crcTables_6 = alloca i64 1" [/home/efrink/mled/split_cu/U280_CRC_Accelerator/src/kernel.cpp:802]   --->   Operation 15 'alloca' 'crcTables_6' <Predicate = true> <Delay = 1.19> <CoreInst = "RAM_1P_BRAM">   --->   Core 90 'RAM_1P_BRAM' <Latency = 1> <II = 1> <Delay = 1.19> <Storage> <Opcode : 'load' 'store'> <Ports = 1> <Width = 32> <Depth = 256> <RAM>
ST_1 : Operation 16 [1/1] (1.19ns)   --->   "%crcTables_7 = alloca i64 1" [/home/efrink/mled/split_cu/U280_CRC_Accelerator/src/kernel.cpp:802]   --->   Operation 16 'alloca' 'crcTables_7' <Predicate = true> <Delay = 1.19> <CoreInst = "RAM_1P_BRAM">   --->   Core 90 'RAM_1P_BRAM' <Latency = 1> <II = 1> <Delay = 1.19> <Storage> <Opcode : 'load' 'store'> <Ports = 1> <Width = 32> <Depth = 256> <RAM>
ST_1 : Operation 17 [1/1] (1.19ns)   --->   "%crcTables_8 = alloca i64 1" [/home/efrink/mled/split_cu/U280_CRC_Accelerator/src/kernel.cpp:802]   --->   Operation 17 'alloca' 'crcTables_8' <Predicate = true> <Delay = 1.19> <CoreInst = "RAM_1P_BRAM">   --->   Core 90 'RAM_1P_BRAM' <Latency = 1> <II = 1> <Delay = 1.19> <Storage> <Opcode : 'load' 'store'> <Ports = 1> <Width = 32> <Depth = 256> <RAM>
ST_1 : Operation 18 [1/1] (1.19ns)   --->   "%crcTables_9 = alloca i64 1" [/home/efrink/mled/split_cu/U280_CRC_Accelerator/src/kernel.cpp:802]   --->   Operation 18 'alloca' 'crcTables_9' <Predicate = true> <Delay = 1.19> <CoreInst = "RAM_1P_BRAM">   --->   Core 90 'RAM_1P_BRAM' <Latency = 1> <II = 1> <Delay = 1.19> <Storage> <Opcode : 'load' 'store'> <Ports = 1> <Width = 32> <Depth = 256> <RAM>
ST_1 : Operation 19 [1/1] (1.19ns)   --->   "%crcTables_10 = alloca i64 1" [/home/efrink/mled/split_cu/U280_CRC_Accelerator/src/kernel.cpp:802]   --->   Operation 19 'alloca' 'crcTables_10' <Predicate = true> <Delay = 1.19> <CoreInst = "RAM_1P_BRAM">   --->   Core 90 'RAM_1P_BRAM' <Latency = 1> <II = 1> <Delay = 1.19> <Storage> <Opcode : 'load' 'store'> <Ports = 1> <Width = 32> <Depth = 256> <RAM>
ST_1 : Operation 20 [1/1] (1.19ns)   --->   "%crcTables_11 = alloca i64 1" [/home/efrink/mled/split_cu/U280_CRC_Accelerator/src/kernel.cpp:802]   --->   Operation 20 'alloca' 'crcTables_11' <Predicate = true> <Delay = 1.19> <CoreInst = "RAM_1P_BRAM">   --->   Core 90 'RAM_1P_BRAM' <Latency = 1> <II = 1> <Delay = 1.19> <Storage> <Opcode : 'load' 'store'> <Ports = 1> <Width = 32> <Depth = 256> <RAM>
ST_1 : Operation 21 [1/1] (1.19ns)   --->   "%crcTables_12 = alloca i64 1" [/home/efrink/mled/split_cu/U280_CRC_Accelerator/src/kernel.cpp:802]   --->   Operation 21 'alloca' 'crcTables_12' <Predicate = true> <Delay = 1.19> <CoreInst = "RAM_1P_BRAM">   --->   Core 90 'RAM_1P_BRAM' <Latency = 1> <II = 1> <Delay = 1.19> <Storage> <Opcode : 'load' 'store'> <Ports = 1> <Width = 32> <Depth = 256> <RAM>
ST_1 : Operation 22 [1/1] (1.19ns)   --->   "%crcTables_13 = alloca i64 1" [/home/efrink/mled/split_cu/U280_CRC_Accelerator/src/kernel.cpp:802]   --->   Operation 22 'alloca' 'crcTables_13' <Predicate = true> <Delay = 1.19> <CoreInst = "RAM_1P_BRAM">   --->   Core 90 'RAM_1P_BRAM' <Latency = 1> <II = 1> <Delay = 1.19> <Storage> <Opcode : 'load' 'store'> <Ports = 1> <Width = 32> <Depth = 256> <RAM>
ST_1 : Operation 23 [1/1] (1.19ns)   --->   "%crcTables_14 = alloca i64 1" [/home/efrink/mled/split_cu/U280_CRC_Accelerator/src/kernel.cpp:802]   --->   Operation 23 'alloca' 'crcTables_14' <Predicate = true> <Delay = 1.19> <CoreInst = "RAM_1P_BRAM">   --->   Core 90 'RAM_1P_BRAM' <Latency = 1> <II = 1> <Delay = 1.19> <Storage> <Opcode : 'load' 'store'> <Ports = 1> <Width = 32> <Depth = 256> <RAM>
ST_1 : Operation 24 [1/1] (1.19ns)   --->   "%crcTables_15 = alloca i64 1" [/home/efrink/mled/split_cu/U280_CRC_Accelerator/src/kernel.cpp:802]   --->   Operation 24 'alloca' 'crcTables_15' <Predicate = true> <Delay = 1.19> <CoreInst = "RAM_1P_BRAM">   --->   Core 90 'RAM_1P_BRAM' <Latency = 1> <II = 1> <Delay = 1.19> <Storage> <Opcode : 'load' 'store'> <Ports = 1> <Width = 32> <Depth = 256> <RAM>

State 2 <SV = 1> <Delay = 2.43>
ST_2 : Operation 25 [2/2] (2.43ns)   --->   "%call_ln806 = call void @load_crc_tables, i512 %gmem1, i64 %tables_read, i32 %crcTables, i32 %crcTables_1, i32 %crcTables_2, i32 %crcTables_3, i32 %crcTables_4, i32 %crcTables_5, i32 %crcTables_6, i32 %crcTables_7, i32 %crcTables_8, i32 %crcTables_9, i32 %crcTables_10, i32 %crcTables_11, i32 %crcTables_12, i32 %crcTables_13, i32 %crcTables_14, i32 %crcTables_15" [/home/efrink/mled/split_cu/U280_CRC_Accelerator/src/kernel.cpp:806]   --->   Operation 25 'call' 'call_ln806' <Predicate = true> <Delay = 2.43> <CoreType = "Generic">   --->   Core 0 '' <Latency = 0> <II = 1> <Delay = 1.00> <Generic> <Opcode : >

State 3 <SV = 2> <Delay = 1.00>
ST_3 : Operation 26 [1/1] (1.00ns)   --->   "%init_value_read = read i32 @_ssdm_op_Read.ap_none.i32, i32 %init_value"   --->   Operation 26 'read' 'init_value_read' <Predicate = true> <Delay = 1.00> <CoreInst = "s_axilite">   --->   Core 122 's_axilite' <Latency = 0> <II = 1> <Delay = 1.00> <Adapter> <Opcode : 'read' 'write'>
ST_3 : Operation 27 [1/1] (1.00ns)   --->   "%crc_size_read = read i32 @_ssdm_op_Read.ap_none.i32, i32 %crc_size"   --->   Operation 27 'read' 'crc_size_read' <Predicate = true> <Delay = 1.00> <CoreInst = "s_axilite">   --->   Core 122 's_axilite' <Latency = 0> <II = 1> <Delay = 1.00> <Adapter> <Opcode : 'read' 'write'>
ST_3 : Operation 28 [1/1] (1.00ns)   --->   "%chunkSize_read = read i32 @_ssdm_op_Read.ap_none.i32, i32 %chunkSize"   --->   Operation 28 'read' 'chunkSize_read' <Predicate = true> <Delay = 1.00> <CoreInst = "s_axilite">   --->   Core 122 's_axilite' <Latency = 0> <II = 1> <Delay = 1.00> <Adapter> <Opcode : 'read' 'write'>
ST_3 : Operation 29 [1/1] (1.00ns)   --->   "%numChunks_read = read i32 @_ssdm_op_Read.ap_none.i32, i32 %numChunks"   --->   Operation 29 'read' 'numChunks_read' <Predicate = true> <Delay = 1.00> <CoreInst = "s_axilite">   --->   Core 122 's_axilite' <Latency = 0> <II = 1> <Delay = 1.00> <Adapter> <Opcode : 'read' 'write'>
ST_3 : Operation 30 [1/2] (0.00ns)   --->   "%call_ln806 = call void @load_crc_tables, i512 %gmem1, i64 %tables_read, i32 %crcTables, i32 %crcTables_1, i32 %crcTables_2, i32 %crcTables_3, i32 %crcTables_4, i32 %crcTables_5, i32 %crcTables_6, i32 %crcTables_7, i32 %crcTables_8, i32 %crcTables_9, i32 %crcTables_10, i32 %crcTables_11, i32 %crcTables_12, i32 %crcTables_13, i32 %crcTables_14, i32 %crcTables_15" [/home/efrink/mled/split_cu/U280_CRC_Accelerator/src/kernel.cpp:806]   --->   Operation 30 'call' 'call_ln806' <Predicate = true> <Delay = 0.00> <CoreType = "Generic">   --->   Core 0 '' <Latency = 0> <II = 1> <Delay = 1.00> <Generic> <Opcode : >

State 4 <SV = 3> <Delay = 2.43>
ST_4 : Operation 31 [2/2] (2.43ns)   --->   "%call_ln808 = call void @crc_dataflow_region, i128 %gmem0, i64 %data_in_read, i64 %crc_out_read, i32 %crcTables, i32 %crcTables_1, i32 %crcTables_2, i32 %crcTables_3, i32 %crcTables_4, i32 %crcTables_5, i32 %crcTables_6, i32 %crcTables_7, i32 %crcTables_8, i32 %crcTables_9, i32 %crcTables_10, i32 %crcTables_11, i32 %crcTables_12, i32 %crcTables_13, i32 %crcTables_14, i32 %crcTables_15, i32 %numChunks_read, i32 %chunkSize_read, i32 %crc_size_read, i32 %init_value_read" [/home/efrink/mled/split_cu/U280_CRC_Accelerator/src/kernel.cpp:808]   --->   Operation 31 'call' 'call_ln808' <Predicate = true> <Delay = 2.43> <CoreType = "Generic">   --->   Core 0 '' <Latency = 0> <II = 1> <Delay = 1.00> <Generic> <Opcode : >

State 5 <SV = 4> <Delay = 0.00>
ST_5 : Operation 32 [1/1] (0.00ns)   --->   "%spectopmodule_ln815 = spectopmodule void @_ssdm_op_SpecTopModule, void @empty_0" [/home/efrink/mled/split_cu/U280_CRC_Accelerator/src/kernel.cpp:815]   --->   Operation 32 'spectopmodule' 'spectopmodule_ln815' <Predicate = true> <Delay = 0.00>
ST_5 : Operation 33 [1/1] (0.00ns)   --->   "%specinterface_ln815 = specinterface void @_ssdm_op_SpecInterface, i32 0, void @empty_14, i32 0, i32 0, void @empty_23, i32 0, i32 0, void @empty_23, void @empty_23, void @empty_23, i32 0, i32 0, i32 0, i32 0, void @empty_23, void @empty_23, i32 4294967295, i32 0" [/home/efrink/mled/split_cu/U280_CRC_Accelerator/src/kernel.cpp:815]   --->   Operation 33 'specinterface' 'specinterface_ln815' <Predicate = true> <Delay = 0.00>
ST_5 : Operation 34 [1/1] (0.00ns)   --->   "%specinterface_ln0 = specinterface void @_ssdm_op_SpecInterface, i128 %gmem0, void @empty_22, i32 0, i32 0, void @empty_23, i32 64, i32 1024, void @empty, void @empty_2, void @empty_23, i32 16, i32 16, i32 16, i32 16, void @empty_23, void @empty_23, i32 4294967295, i32 0"   --->   Operation 34 'specinterface' 'specinterface_ln0' <Predicate = true> <Delay = 0.00>
ST_5 : Operation 35 [1/1] (0.00ns)   --->   "%specbitsmap_ln0 = specbitsmap void @_ssdm_op_SpecBitsMap, i128 %gmem0"   --->   Operation 35 'specbitsmap' 'specbitsmap_ln0' <Predicate = true> <Delay = 0.00>
ST_5 : Operation 36 [1/1] (0.00ns)   --->   "%specinterface_ln0 = specinterface void @_ssdm_op_SpecInterface, i512 %gmem1, void @empty_22, i32 0, i32 0, void @empty_23, i32 64, i32 4096, void @empty_24, void @empty_2, void @empty_23, i32 16, i32 16, i32 16, i32 16, void @empty_23, void @empty_23, i32 4294967295, i32 0"   --->   Operation 36 'specinterface' 'specinterface_ln0' <Predicate = true> <Delay = 0.00>
ST_5 : Operation 37 [1/1] (0.00ns)   --->   "%specbitsmap_ln0 = specbitsmap void @_ssdm_op_SpecBitsMap, i512 %gmem1"   --->   Operation 37 'specbitsmap' 'specbitsmap_ln0' <Predicate = true> <Delay = 0.00>
ST_5 : Operation 38 [1/1] (0.00ns)   --->   "%specinterface_ln0 = specinterface void @_ssdm_op_SpecInterface, i64 %data_in, void @empty_1, i32 0, i32 0, void @empty_23, i32 0, i32 0, void @empty_15, void @empty_12, void @empty_23, i32 0, i32 0, i32 0, i32 0, void @empty_23, void @empty_16, i32 4294967295, i32 0"   --->   Operation 38 'specinterface' 'specinterface_ln0' <Predicate = true> <Delay = 0.00>
ST_5 : Operation 39 [1/1] (0.00ns)   --->   "%specinterface_ln0 = specinterface void @_ssdm_op_SpecInterface, i64 %data_in, void @empty_17, i32 0, i32 0, void @empty_23, i32 0, i32 0, void @empty_23, void @empty_23, void @empty_23, i32 0, i32 0, i32 0, i32 0, void @empty_23, void @empty_16, i32 4294967295, i32 0"   --->   Operation 39 'specinterface' 'specinterface_ln0' <Predicate = true> <Delay = 0.00>
ST_5 : Operation 40 [1/1] (0.00ns)   --->   "%specinterface_ln0 = specinterface void @_ssdm_op_SpecInterface, i64 %crc_out, void @empty_1, i32 0, i32 0, void @empty_23, i32 0, i32 0, void @empty_15, void @empty_18, void @empty_23, i32 0, i32 0, i32 0, i32 0, void @empty_23, void @empty_16, i32 4294967295, i32 0"   --->   Operation 40 'specinterface' 'specinterface_ln0' <Predicate = true> <Delay = 0.00>
ST_5 : Operation 41 [1/1] (0.00ns)   --->   "%specinterface_ln0 = specinterface void @_ssdm_op_SpecInterface, i64 %crc_out, void @empty_17, i32 0, i32 0, void @empty_23, i32 0, i32 0, void @empty_23, void @empty_23, void @empty_23, i32 0, i32 0, i32 0, i32 0, void @empty_23, void @empty_16, i32 4294967295, i32 0"   --->   Operation 41 'specinterface' 'specinterface_ln0' <Predicate = true> <Delay = 0.00>
ST_5 : Operation 42 [1/1] (0.00ns)   --->   "%specinterface_ln0 = specinterface void @_ssdm_op_SpecInterface, i64 %tables, void @empty_1, i32 0, i32 0, void @empty_23, i32 0, i32 0, void @empty_15, void @empty_19, void @empty_23, i32 0, i32 0, i32 0, i32 0, void @empty_23, void @empty_16, i32 4294967295, i32 0"   --->   Operation 42 'specinterface' 'specinterface_ln0' <Predicate = true> <Delay = 0.00>
ST_5 : Operation 43 [1/1] (0.00ns)   --->   "%specinterface_ln0 = specinterface void @_ssdm_op_SpecInterface, i64 %tables, void @empty_17, i32 0, i32 0, void @empty_23, i32 0, i32 0, void @empty_23, void @empty_23, void @empty_23, i32 0, i32 0, i32 0, i32 0, void @empty_23, void @empty_16, i32 4294967295, i32 0"   --->   Operation 43 'specinterface' 'specinterface_ln0' <Predicate = true> <Delay = 0.00>
ST_5 : Operation 44 [1/1] (0.00ns)   --->   "%specbitsmap_ln0 = specbitsmap void @_ssdm_op_SpecBitsMap, i32 %numChunks"   --->   Operation 44 'specbitsmap' 'specbitsmap_ln0' <Predicate = true> <Delay = 0.00>
ST_5 : Operation 45 [1/1] (0.00ns)   --->   "%specinterface_ln0 = specinterface void @_ssdm_op_SpecInterface, i32 %numChunks, void @empty_1, i32 0, i32 0, void @empty_23, i32 0, i32 0, void @empty_15, void @empty_20, void @empty_23, i32 0, i32 0, i32 0, i32 0, void @empty_23, void @empty_23, i32 4294967295, i32 0"   --->   Operation 45 'specinterface' 'specinterface_ln0' <Predicate = true> <Delay = 0.00>
ST_5 : Operation 46 [1/1] (0.00ns)   --->   "%specinterface_ln0 = specinterface void @_ssdm_op_SpecInterface, i32 %numChunks, void @empty_21, i32 0, i32 0, void @empty_23, i32 0, i32 0, void @empty_23, void @empty_23, void @empty_23, i32 0, i32 0, i32 0, i32 0, void @empty_23, void @empty_23, i32 4294967295, i32 0"   --->   Operation 46 'specinterface' 'specinterface_ln0' <Predicate = true> <Delay = 0.00>
ST_5 : Operation 47 [1/1] (0.00ns)   --->   "%specbitsmap_ln0 = specbitsmap void @_ssdm_op_SpecBitsMap, i32 %chunkSize"   --->   Operation 47 'specbitsmap' 'specbitsmap_ln0' <Predicate = true> <Delay = 0.00>
ST_5 : Operation 48 [1/1] (0.00ns)   --->   "%specinterface_ln0 = specinterface void @_ssdm_op_SpecInterface, i32 %chunkSize, void @empty_1, i32 0, i32 0, void @empty_23, i32 0, i32 0, void @empty_15, void @empty_6, void @empty_23, i32 0, i32 0, i32 0, i32 0, void @empty_23, void @empty_23, i32 4294967295, i32 0"   --->   Operation 48 'specinterface' 'specinterface_ln0' <Predicate = true> <Delay = 0.00>
ST_5 : Operation 49 [1/1] (0.00ns)   --->   "%specinterface_ln0 = specinterface void @_ssdm_op_SpecInterface, i32 %chunkSize, void @empty_21, i32 0, i32 0, void @empty_23, i32 0, i32 0, void @empty_23, void @empty_23, void @empty_23, i32 0, i32 0, i32 0, i32 0, void @empty_23, void @empty_23, i32 4294967295, i32 0"   --->   Operation 49 'specinterface' 'specinterface_ln0' <Predicate = true> <Delay = 0.00>
ST_5 : Operation 50 [1/1] (0.00ns)   --->   "%specbitsmap_ln0 = specbitsmap void @_ssdm_op_SpecBitsMap, i32 %crc_size"   --->   Operation 50 'specbitsmap' 'specbitsmap_ln0' <Predicate = true> <Delay = 0.00>
ST_5 : Operation 51 [1/1] (0.00ns)   --->   "%specinterface_ln0 = specinterface void @_ssdm_op_SpecInterface, i32 %crc_size, void @empty_1, i32 0, i32 0, void @empty_23, i32 0, i32 0, void @empty_15, void @empty_5, void @empty_23, i32 0, i32 0, i32 0, i32 0, void @empty_23, void @empty_23, i32 4294967295, i32 0"   --->   Operation 51 'specinterface' 'specinterface_ln0' <Predicate = true> <Delay = 0.00>
ST_5 : Operation 52 [1/1] (0.00ns)   --->   "%specinterface_ln0 = specinterface void @_ssdm_op_SpecInterface, i32 %crc_size, void @empty_21, i32 0, i32 0, void @empty_23, i32 0, i32 0, void @empty_23, void @empty_23, void @empty_23, i32 0, i32 0, i32 0, i32 0, void @empty_23, void @empty_23, i32 4294967295, i32 0"   --->   Operation 52 'specinterface' 'specinterface_ln0' <Predicate = true> <Delay = 0.00>
ST_5 : Operation 53 [1/1] (0.00ns)   --->   "%specbitsmap_ln0 = specbitsmap void @_ssdm_op_SpecBitsMap, i32 %init_value"   --->   Operation 53 'specbitsmap' 'specbitsmap_ln0' <Predicate = true> <Delay = 0.00>
ST_5 : Operation 54 [1/1] (0.00ns)   --->   "%specinterface_ln0 = specinterface void @_ssdm_op_SpecInterface, i32 %init_value, void @empty_1, i32 0, i32 0, void @empty_23, i32 0, i32 0, void @empty_15, void @empty_4, void @empty_23, i32 0, i32 0, i32 0, i32 0, void @empty_23, void @empty_23, i32 4294967295, i32 0"   --->   Operation 54 'specinterface' 'specinterface_ln0' <Predicate = true> <Delay = 0.00>
ST_5 : Operation 55 [1/1] (0.00ns)   --->   "%specinterface_ln0 = specinterface void @_ssdm_op_SpecInterface, i32 %init_value, void @empty_21, i32 0, i32 0, void @empty_23, i32 0, i32 0, void @empty_23, void @empty_23, void @empty_23, i32 0, i32 0, i32 0, i32 0, void @empty_23, void @empty_23, i32 4294967295, i32 0"   --->   Operation 55 'specinterface' 'specinterface_ln0' <Predicate = true> <Delay = 0.00>
ST_5 : Operation 56 [1/1] (0.00ns)   --->   "%specinterface_ln0 = specinterface void @_ssdm_op_SpecInterface, i32 0, void @empty_1, i32 0, i32 0, void @empty_23, i32 0, i32 0, void @empty_15, void @empty_23, void @empty_23, i32 0, i32 0, i32 0, i32 0, void @empty_23, void @empty_23, i32 4294967295, i32 0"   --->   Operation 56 'specinterface' 'specinterface_ln0' <Predicate = true> <Delay = 0.00>
ST_5 : Operation 57 [1/1] (0.00ns)   --->   "%specmemcore_ln804 = specmemcore void @_ssdm_op_SpecMemCore, i32 %crcTables_15, i64 666, i64 18, i64 18446744073709551615" [/home/efrink/mled/split_cu/U280_CRC_Accelerator/src/kernel.cpp:804]   --->   Operation 57 'specmemcore' 'specmemcore_ln804' <Predicate = true> <Delay = 0.00>
ST_5 : Operation 58 [1/1] (0.00ns)   --->   "%specmemcore_ln804 = specmemcore void @_ssdm_op_SpecMemCore, i32 %crcTables_14, i64 666, i64 18, i64 18446744073709551615" [/home/efrink/mled/split_cu/U280_CRC_Accelerator/src/kernel.cpp:804]   --->   Operation 58 'specmemcore' 'specmemcore_ln804' <Predicate = true> <Delay = 0.00>
ST_5 : Operation 59 [1/1] (0.00ns)   --->   "%specmemcore_ln804 = specmemcore void @_ssdm_op_SpecMemCore, i32 %crcTables_13, i64 666, i64 18, i64 18446744073709551615" [/home/efrink/mled/split_cu/U280_CRC_Accelerator/src/kernel.cpp:804]   --->   Operation 59 'specmemcore' 'specmemcore_ln804' <Predicate = true> <Delay = 0.00>
ST_5 : Operation 60 [1/1] (0.00ns)   --->   "%specmemcore_ln804 = specmemcore void @_ssdm_op_SpecMemCore, i32 %crcTables_12, i64 666, i64 18, i64 18446744073709551615" [/home/efrink/mled/split_cu/U280_CRC_Accelerator/src/kernel.cpp:804]   --->   Operation 60 'specmemcore' 'specmemcore_ln804' <Predicate = true> <Delay = 0.00>
ST_5 : Operation 61 [1/1] (0.00ns)   --->   "%specmemcore_ln804 = specmemcore void @_ssdm_op_SpecMemCore, i32 %crcTables_11, i64 666, i64 18, i64 18446744073709551615" [/home/efrink/mled/split_cu/U280_CRC_Accelerator/src/kernel.cpp:804]   --->   Operation 61 'specmemcore' 'specmemcore_ln804' <Predicate = true> <Delay = 0.00>
ST_5 : Operation 62 [1/1] (0.00ns)   --->   "%specmemcore_ln804 = specmemcore void @_ssdm_op_SpecMemCore, i32 %crcTables_10, i64 666, i64 18, i64 18446744073709551615" [/home/efrink/mled/split_cu/U280_CRC_Accelerator/src/kernel.cpp:804]   --->   Operation 62 'specmemcore' 'specmemcore_ln804' <Predicate = true> <Delay = 0.00>
ST_5 : Operation 63 [1/1] (0.00ns)   --->   "%specmemcore_ln804 = specmemcore void @_ssdm_op_SpecMemCore, i32 %crcTables_9, i64 666, i64 18, i64 18446744073709551615" [/home/efrink/mled/split_cu/U280_CRC_Accelerator/src/kernel.cpp:804]   --->   Operation 63 'specmemcore' 'specmemcore_ln804' <Predicate = true> <Delay = 0.00>
ST_5 : Operation 64 [1/1] (0.00ns)   --->   "%specmemcore_ln804 = specmemcore void @_ssdm_op_SpecMemCore, i32 %crcTables_8, i64 666, i64 18, i64 18446744073709551615" [/home/efrink/mled/split_cu/U280_CRC_Accelerator/src/kernel.cpp:804]   --->   Operation 64 'specmemcore' 'specmemcore_ln804' <Predicate = true> <Delay = 0.00>
ST_5 : Operation 65 [1/1] (0.00ns)   --->   "%specmemcore_ln804 = specmemcore void @_ssdm_op_SpecMemCore, i32 %crcTables_7, i64 666, i64 18, i64 18446744073709551615" [/home/efrink/mled/split_cu/U280_CRC_Accelerator/src/kernel.cpp:804]   --->   Operation 65 'specmemcore' 'specmemcore_ln804' <Predicate = true> <Delay = 0.00>
ST_5 : Operation 66 [1/1] (0.00ns)   --->   "%specmemcore_ln804 = specmemcore void @_ssdm_op_SpecMemCore, i32 %crcTables_6, i64 666, i64 18, i64 18446744073709551615" [/home/efrink/mled/split_cu/U280_CRC_Accelerator/src/kernel.cpp:804]   --->   Operation 66 'specmemcore' 'specmemcore_ln804' <Predicate = true> <Delay = 0.00>
ST_5 : Operation 67 [1/1] (0.00ns)   --->   "%specmemcore_ln804 = specmemcore void @_ssdm_op_SpecMemCore, i32 %crcTables_5, i64 666, i64 18, i64 18446744073709551615" [/home/efrink/mled/split_cu/U280_CRC_Accelerator/src/kernel.cpp:804]   --->   Operation 67 'specmemcore' 'specmemcore_ln804' <Predicate = true> <Delay = 0.00>
ST_5 : Operation 68 [1/1] (0.00ns)   --->   "%specmemcore_ln804 = specmemcore void @_ssdm_op_SpecMemCore, i32 %crcTables_4, i64 666, i64 18, i64 18446744073709551615" [/home/efrink/mled/split_cu/U280_CRC_Accelerator/src/kernel.cpp:804]   --->   Operation 68 'specmemcore' 'specmemcore_ln804' <Predicate = true> <Delay = 0.00>
ST_5 : Operation 69 [1/1] (0.00ns)   --->   "%specmemcore_ln804 = specmemcore void @_ssdm_op_SpecMemCore, i32 %crcTables_3, i64 666, i64 18, i64 18446744073709551615" [/home/efrink/mled/split_cu/U280_CRC_Accelerator/src/kernel.cpp:804]   --->   Operation 69 'specmemcore' 'specmemcore_ln804' <Predicate = true> <Delay = 0.00>
ST_5 : Operation 70 [1/1] (0.00ns)   --->   "%specmemcore_ln804 = specmemcore void @_ssdm_op_SpecMemCore, i32 %crcTables_2, i64 666, i64 18, i64 18446744073709551615" [/home/efrink/mled/split_cu/U280_CRC_Accelerator/src/kernel.cpp:804]   --->   Operation 70 'specmemcore' 'specmemcore_ln804' <Predicate = true> <Delay = 0.00>
ST_5 : Operation 71 [1/1] (0.00ns)   --->   "%specmemcore_ln804 = specmemcore void @_ssdm_op_SpecMemCore, i32 %crcTables_1, i64 666, i64 18, i64 18446744073709551615" [/home/efrink/mled/split_cu/U280_CRC_Accelerator/src/kernel.cpp:804]   --->   Operation 71 'specmemcore' 'specmemcore_ln804' <Predicate = true> <Delay = 0.00>
ST_5 : Operation 72 [1/1] (0.00ns)   --->   "%specmemcore_ln804 = specmemcore void @_ssdm_op_SpecMemCore, i32 %crcTables, i64 666, i64 18, i64 18446744073709551615" [/home/efrink/mled/split_cu/U280_CRC_Accelerator/src/kernel.cpp:804]   --->   Operation 72 'specmemcore' 'specmemcore_ln804' <Predicate = true> <Delay = 0.00>
ST_5 : Operation 73 [1/1] (0.00ns)   --->   "%specmemcore_ln806 = specmemcore void @_ssdm_op_SpecMemCore, i32 %crcTables_15, i64 666, i64 18, i64 18446744073709551615" [/home/efrink/mled/split_cu/U280_CRC_Accelerator/src/kernel.cpp:806]   --->   Operation 73 'specmemcore' 'specmemcore_ln806' <Predicate = true> <Delay = 0.00>
ST_5 : Operation 74 [1/1] (0.00ns)   --->   "%specmemcore_ln806 = specmemcore void @_ssdm_op_SpecMemCore, i32 %crcTables_14, i64 666, i64 18, i64 18446744073709551615" [/home/efrink/mled/split_cu/U280_CRC_Accelerator/src/kernel.cpp:806]   --->   Operation 74 'specmemcore' 'specmemcore_ln806' <Predicate = true> <Delay = 0.00>
ST_5 : Operation 75 [1/1] (0.00ns)   --->   "%specmemcore_ln806 = specmemcore void @_ssdm_op_SpecMemCore, i32 %crcTables_13, i64 666, i64 18, i64 18446744073709551615" [/home/efrink/mled/split_cu/U280_CRC_Accelerator/src/kernel.cpp:806]   --->   Operation 75 'specmemcore' 'specmemcore_ln806' <Predicate = true> <Delay = 0.00>
ST_5 : Operation 76 [1/1] (0.00ns)   --->   "%specmemcore_ln806 = specmemcore void @_ssdm_op_SpecMemCore, i32 %crcTables_12, i64 666, i64 18, i64 18446744073709551615" [/home/efrink/mled/split_cu/U280_CRC_Accelerator/src/kernel.cpp:806]   --->   Operation 76 'specmemcore' 'specmemcore_ln806' <Predicate = true> <Delay = 0.00>
ST_5 : Operation 77 [1/1] (0.00ns)   --->   "%specmemcore_ln806 = specmemcore void @_ssdm_op_SpecMemCore, i32 %crcTables_11, i64 666, i64 18, i64 18446744073709551615" [/home/efrink/mled/split_cu/U280_CRC_Accelerator/src/kernel.cpp:806]   --->   Operation 77 'specmemcore' 'specmemcore_ln806' <Predicate = true> <Delay = 0.00>
ST_5 : Operation 78 [1/1] (0.00ns)   --->   "%specmemcore_ln806 = specmemcore void @_ssdm_op_SpecMemCore, i32 %crcTables_10, i64 666, i64 18, i64 18446744073709551615" [/home/efrink/mled/split_cu/U280_CRC_Accelerator/src/kernel.cpp:806]   --->   Operation 78 'specmemcore' 'specmemcore_ln806' <Predicate = true> <Delay = 0.00>
ST_5 : Operation 79 [1/1] (0.00ns)   --->   "%specmemcore_ln806 = specmemcore void @_ssdm_op_SpecMemCore, i32 %crcTables_9, i64 666, i64 18, i64 18446744073709551615" [/home/efrink/mled/split_cu/U280_CRC_Accelerator/src/kernel.cpp:806]   --->   Operation 79 'specmemcore' 'specmemcore_ln806' <Predicate = true> <Delay = 0.00>
ST_5 : Operation 80 [1/1] (0.00ns)   --->   "%specmemcore_ln806 = specmemcore void @_ssdm_op_SpecMemCore, i32 %crcTables_8, i64 666, i64 18, i64 18446744073709551615" [/home/efrink/mled/split_cu/U280_CRC_Accelerator/src/kernel.cpp:806]   --->   Operation 80 'specmemcore' 'specmemcore_ln806' <Predicate = true> <Delay = 0.00>
ST_5 : Operation 81 [1/1] (0.00ns)   --->   "%specmemcore_ln806 = specmemcore void @_ssdm_op_SpecMemCore, i32 %crcTables_7, i64 666, i64 18, i64 18446744073709551615" [/home/efrink/mled/split_cu/U280_CRC_Accelerator/src/kernel.cpp:806]   --->   Operation 81 'specmemcore' 'specmemcore_ln806' <Predicate = true> <Delay = 0.00>
ST_5 : Operation 82 [1/1] (0.00ns)   --->   "%specmemcore_ln806 = specmemcore void @_ssdm_op_SpecMemCore, i32 %crcTables_6, i64 666, i64 18, i64 18446744073709551615" [/home/efrink/mled/split_cu/U280_CRC_Accelerator/src/kernel.cpp:806]   --->   Operation 82 'specmemcore' 'specmemcore_ln806' <Predicate = true> <Delay = 0.00>
ST_5 : Operation 83 [1/1] (0.00ns)   --->   "%specmemcore_ln806 = specmemcore void @_ssdm_op_SpecMemCore, i32 %crcTables_5, i64 666, i64 18, i64 18446744073709551615" [/home/efrink/mled/split_cu/U280_CRC_Accelerator/src/kernel.cpp:806]   --->   Operation 83 'specmemcore' 'specmemcore_ln806' <Predicate = true> <Delay = 0.00>
ST_5 : Operation 84 [1/1] (0.00ns)   --->   "%specmemcore_ln806 = specmemcore void @_ssdm_op_SpecMemCore, i32 %crcTables_4, i64 666, i64 18, i64 18446744073709551615" [/home/efrink/mled/split_cu/U280_CRC_Accelerator/src/kernel.cpp:806]   --->   Operation 84 'specmemcore' 'specmemcore_ln806' <Predicate = true> <Delay = 0.00>
ST_5 : Operation 85 [1/1] (0.00ns)   --->   "%specmemcore_ln806 = specmemcore void @_ssdm_op_SpecMemCore, i32 %crcTables_3, i64 666, i64 18, i64 18446744073709551615" [/home/efrink/mled/split_cu/U280_CRC_Accelerator/src/kernel.cpp:806]   --->   Operation 85 'specmemcore' 'specmemcore_ln806' <Predicate = true> <Delay = 0.00>
ST_5 : Operation 86 [1/1] (0.00ns)   --->   "%specmemcore_ln806 = specmemcore void @_ssdm_op_SpecMemCore, i32 %crcTables_2, i64 666, i64 18, i64 18446744073709551615" [/home/efrink/mled/split_cu/U280_CRC_Accelerator/src/kernel.cpp:806]   --->   Operation 86 'specmemcore' 'specmemcore_ln806' <Predicate = true> <Delay = 0.00>
ST_5 : Operation 87 [1/1] (0.00ns)   --->   "%specmemcore_ln806 = specmemcore void @_ssdm_op_SpecMemCore, i32 %crcTables_1, i64 666, i64 18, i64 18446744073709551615" [/home/efrink/mled/split_cu/U280_CRC_Accelerator/src/kernel.cpp:806]   --->   Operation 87 'specmemcore' 'specmemcore_ln806' <Predicate = true> <Delay = 0.00>
ST_5 : Operation 88 [1/1] (0.00ns)   --->   "%specmemcore_ln806 = specmemcore void @_ssdm_op_SpecMemCore, i32 %crcTables, i64 666, i64 18, i64 18446744073709551615" [/home/efrink/mled/split_cu/U280_CRC_Accelerator/src/kernel.cpp:806]   --->   Operation 88 'specmemcore' 'specmemcore_ln806' <Predicate = true> <Delay = 0.00>
ST_5 : Operation 89 [1/1] (0.00ns)   --->   "%specmemcore_ln808 = specmemcore void @_ssdm_op_SpecMemCore, i32 %crcTables_15, i64 666, i64 18, i64 18446744073709551615" [/home/efrink/mled/split_cu/U280_CRC_Accelerator/src/kernel.cpp:808]   --->   Operation 89 'specmemcore' 'specmemcore_ln808' <Predicate = true> <Delay = 0.00>
ST_5 : Operation 90 [1/1] (0.00ns)   --->   "%specmemcore_ln808 = specmemcore void @_ssdm_op_SpecMemCore, i32 %crcTables_14, i64 666, i64 18, i64 18446744073709551615" [/home/efrink/mled/split_cu/U280_CRC_Accelerator/src/kernel.cpp:808]   --->   Operation 90 'specmemcore' 'specmemcore_ln808' <Predicate = true> <Delay = 0.00>
ST_5 : Operation 91 [1/1] (0.00ns)   --->   "%specmemcore_ln808 = specmemcore void @_ssdm_op_SpecMemCore, i32 %crcTables_13, i64 666, i64 18, i64 18446744073709551615" [/home/efrink/mled/split_cu/U280_CRC_Accelerator/src/kernel.cpp:808]   --->   Operation 91 'specmemcore' 'specmemcore_ln808' <Predicate = true> <Delay = 0.00>
ST_5 : Operation 92 [1/1] (0.00ns)   --->   "%specmemcore_ln808 = specmemcore void @_ssdm_op_SpecMemCore, i32 %crcTables_12, i64 666, i64 18, i64 18446744073709551615" [/home/efrink/mled/split_cu/U280_CRC_Accelerator/src/kernel.cpp:808]   --->   Operation 92 'specmemcore' 'specmemcore_ln808' <Predicate = true> <Delay = 0.00>
ST_5 : Operation 93 [1/1] (0.00ns)   --->   "%specmemcore_ln808 = specmemcore void @_ssdm_op_SpecMemCore, i32 %crcTables_11, i64 666, i64 18, i64 18446744073709551615" [/home/efrink/mled/split_cu/U280_CRC_Accelerator/src/kernel.cpp:808]   --->   Operation 93 'specmemcore' 'specmemcore_ln808' <Predicate = true> <Delay = 0.00>
ST_5 : Operation 94 [1/1] (0.00ns)   --->   "%specmemcore_ln808 = specmemcore void @_ssdm_op_SpecMemCore, i32 %crcTables_10, i64 666, i64 18, i64 18446744073709551615" [/home/efrink/mled/split_cu/U280_CRC_Accelerator/src/kernel.cpp:808]   --->   Operation 94 'specmemcore' 'specmemcore_ln808' <Predicate = true> <Delay = 0.00>
ST_5 : Operation 95 [1/1] (0.00ns)   --->   "%specmemcore_ln808 = specmemcore void @_ssdm_op_SpecMemCore, i32 %crcTables_9, i64 666, i64 18, i64 18446744073709551615" [/home/efrink/mled/split_cu/U280_CRC_Accelerator/src/kernel.cpp:808]   --->   Operation 95 'specmemcore' 'specmemcore_ln808' <Predicate = true> <Delay = 0.00>
ST_5 : Operation 96 [1/1] (0.00ns)   --->   "%specmemcore_ln808 = specmemcore void @_ssdm_op_SpecMemCore, i32 %crcTables_8, i64 666, i64 18, i64 18446744073709551615" [/home/efrink/mled/split_cu/U280_CRC_Accelerator/src/kernel.cpp:808]   --->   Operation 96 'specmemcore' 'specmemcore_ln808' <Predicate = true> <Delay = 0.00>
ST_5 : Operation 97 [1/1] (0.00ns)   --->   "%specmemcore_ln808 = specmemcore void @_ssdm_op_SpecMemCore, i32 %crcTables_7, i64 666, i64 18, i64 18446744073709551615" [/home/efrink/mled/split_cu/U280_CRC_Accelerator/src/kernel.cpp:808]   --->   Operation 97 'specmemcore' 'specmemcore_ln808' <Predicate = true> <Delay = 0.00>
ST_5 : Operation 98 [1/1] (0.00ns)   --->   "%specmemcore_ln808 = specmemcore void @_ssdm_op_SpecMemCore, i32 %crcTables_6, i64 666, i64 18, i64 18446744073709551615" [/home/efrink/mled/split_cu/U280_CRC_Accelerator/src/kernel.cpp:808]   --->   Operation 98 'specmemcore' 'specmemcore_ln808' <Predicate = true> <Delay = 0.00>
ST_5 : Operation 99 [1/1] (0.00ns)   --->   "%specmemcore_ln808 = specmemcore void @_ssdm_op_SpecMemCore, i32 %crcTables_5, i64 666, i64 18, i64 18446744073709551615" [/home/efrink/mled/split_cu/U280_CRC_Accelerator/src/kernel.cpp:808]   --->   Operation 99 'specmemcore' 'specmemcore_ln808' <Predicate = true> <Delay = 0.00>
ST_5 : Operation 100 [1/1] (0.00ns)   --->   "%specmemcore_ln808 = specmemcore void @_ssdm_op_SpecMemCore, i32 %crcTables_4, i64 666, i64 18, i64 18446744073709551615" [/home/efrink/mled/split_cu/U280_CRC_Accelerator/src/kernel.cpp:808]   --->   Operation 100 'specmemcore' 'specmemcore_ln808' <Predicate = true> <Delay = 0.00>
ST_5 : Operation 101 [1/1] (0.00ns)   --->   "%specmemcore_ln808 = specmemcore void @_ssdm_op_SpecMemCore, i32 %crcTables_3, i64 666, i64 18, i64 18446744073709551615" [/home/efrink/mled/split_cu/U280_CRC_Accelerator/src/kernel.cpp:808]   --->   Operation 101 'specmemcore' 'specmemcore_ln808' <Predicate = true> <Delay = 0.00>
ST_5 : Operation 102 [1/1] (0.00ns)   --->   "%specmemcore_ln808 = specmemcore void @_ssdm_op_SpecMemCore, i32 %crcTables_2, i64 666, i64 18, i64 18446744073709551615" [/home/efrink/mled/split_cu/U280_CRC_Accelerator/src/kernel.cpp:808]   --->   Operation 102 'specmemcore' 'specmemcore_ln808' <Predicate = true> <Delay = 0.00>
ST_5 : Operation 103 [1/1] (0.00ns)   --->   "%specmemcore_ln808 = specmemcore void @_ssdm_op_SpecMemCore, i32 %crcTables_1, i64 666, i64 18, i64 18446744073709551615" [/home/efrink/mled/split_cu/U280_CRC_Accelerator/src/kernel.cpp:808]   --->   Operation 103 'specmemcore' 'specmemcore_ln808' <Predicate = true> <Delay = 0.00>
ST_5 : Operation 104 [1/1] (0.00ns)   --->   "%specmemcore_ln808 = specmemcore void @_ssdm_op_SpecMemCore, i32 %crcTables, i64 666, i64 18, i64 18446744073709551615" [/home/efrink/mled/split_cu/U280_CRC_Accelerator/src/kernel.cpp:808]   --->   Operation 104 'specmemcore' 'specmemcore_ln808' <Predicate = true> <Delay = 0.00>
ST_5 : Operation 105 [1/1] (0.00ns)   --->   "%specmemcore_ln808 = specmemcore void @_ssdm_op_SpecMemCore, i32 %crcTables_15, i64 666, i64 18, i64 18446744073709551615" [/home/efrink/mled/split_cu/U280_CRC_Accelerator/src/kernel.cpp:808]   --->   Operation 105 'specmemcore' 'specmemcore_ln808' <Predicate = true> <Delay = 0.00>
ST_5 : Operation 106 [1/1] (0.00ns)   --->   "%specmemcore_ln808 = specmemcore void @_ssdm_op_SpecMemCore, i32 %crcTables_14, i64 666, i64 18, i64 18446744073709551615" [/home/efrink/mled/split_cu/U280_CRC_Accelerator/src/kernel.cpp:808]   --->   Operation 106 'specmemcore' 'specmemcore_ln808' <Predicate = true> <Delay = 0.00>
ST_5 : Operation 107 [1/1] (0.00ns)   --->   "%specmemcore_ln808 = specmemcore void @_ssdm_op_SpecMemCore, i32 %crcTables_13, i64 666, i64 18, i64 18446744073709551615" [/home/efrink/mled/split_cu/U280_CRC_Accelerator/src/kernel.cpp:808]   --->   Operation 107 'specmemcore' 'specmemcore_ln808' <Predicate = true> <Delay = 0.00>
ST_5 : Operation 108 [1/1] (0.00ns)   --->   "%specmemcore_ln808 = specmemcore void @_ssdm_op_SpecMemCore, i32 %crcTables_12, i64 666, i64 18, i64 18446744073709551615" [/home/efrink/mled/split_cu/U280_CRC_Accelerator/src/kernel.cpp:808]   --->   Operation 108 'specmemcore' 'specmemcore_ln808' <Predicate = true> <Delay = 0.00>
ST_5 : Operation 109 [1/1] (0.00ns)   --->   "%specmemcore_ln808 = specmemcore void @_ssdm_op_SpecMemCore, i32 %crcTables_11, i64 666, i64 18, i64 18446744073709551615" [/home/efrink/mled/split_cu/U280_CRC_Accelerator/src/kernel.cpp:808]   --->   Operation 109 'specmemcore' 'specmemcore_ln808' <Predicate = true> <Delay = 0.00>
ST_5 : Operation 110 [1/1] (0.00ns)   --->   "%specmemcore_ln808 = specmemcore void @_ssdm_op_SpecMemCore, i32 %crcTables_10, i64 666, i64 18, i64 18446744073709551615" [/home/efrink/mled/split_cu/U280_CRC_Accelerator/src/kernel.cpp:808]   --->   Operation 110 'specmemcore' 'specmemcore_ln808' <Predicate = true> <Delay = 0.00>
ST_5 : Operation 111 [1/1] (0.00ns)   --->   "%specmemcore_ln808 = specmemcore void @_ssdm_op_SpecMemCore, i32 %crcTables_9, i64 666, i64 18, i64 18446744073709551615" [/home/efrink/mled/split_cu/U280_CRC_Accelerator/src/kernel.cpp:808]   --->   Operation 111 'specmemcore' 'specmemcore_ln808' <Predicate = true> <Delay = 0.00>
ST_5 : Operation 112 [1/1] (0.00ns)   --->   "%specmemcore_ln808 = specmemcore void @_ssdm_op_SpecMemCore, i32 %crcTables_8, i64 666, i64 18, i64 18446744073709551615" [/home/efrink/mled/split_cu/U280_CRC_Accelerator/src/kernel.cpp:808]   --->   Operation 112 'specmemcore' 'specmemcore_ln808' <Predicate = true> <Delay = 0.00>
ST_5 : Operation 113 [1/1] (0.00ns)   --->   "%specmemcore_ln808 = specmemcore void @_ssdm_op_SpecMemCore, i32 %crcTables_7, i64 666, i64 18, i64 18446744073709551615" [/home/efrink/mled/split_cu/U280_CRC_Accelerator/src/kernel.cpp:808]   --->   Operation 113 'specmemcore' 'specmemcore_ln808' <Predicate = true> <Delay = 0.00>
ST_5 : Operation 114 [1/1] (0.00ns)   --->   "%specmemcore_ln808 = specmemcore void @_ssdm_op_SpecMemCore, i32 %crcTables_6, i64 666, i64 18, i64 18446744073709551615" [/home/efrink/mled/split_cu/U280_CRC_Accelerator/src/kernel.cpp:808]   --->   Operation 114 'specmemcore' 'specmemcore_ln808' <Predicate = true> <Delay = 0.00>
ST_5 : Operation 115 [1/1] (0.00ns)   --->   "%specmemcore_ln808 = specmemcore void @_ssdm_op_SpecMemCore, i32 %crcTables_5, i64 666, i64 18, i64 18446744073709551615" [/home/efrink/mled/split_cu/U280_CRC_Accelerator/src/kernel.cpp:808]   --->   Operation 115 'specmemcore' 'specmemcore_ln808' <Predicate = true> <Delay = 0.00>
ST_5 : Operation 116 [1/1] (0.00ns)   --->   "%specmemcore_ln808 = specmemcore void @_ssdm_op_SpecMemCore, i32 %crcTables_4, i64 666, i64 18, i64 18446744073709551615" [/home/efrink/mled/split_cu/U280_CRC_Accelerator/src/kernel.cpp:808]   --->   Operation 116 'specmemcore' 'specmemcore_ln808' <Predicate = true> <Delay = 0.00>
ST_5 : Operation 117 [1/1] (0.00ns)   --->   "%specmemcore_ln808 = specmemcore void @_ssdm_op_SpecMemCore, i32 %crcTables_3, i64 666, i64 18, i64 18446744073709551615" [/home/efrink/mled/split_cu/U280_CRC_Accelerator/src/kernel.cpp:808]   --->   Operation 117 'specmemcore' 'specmemcore_ln808' <Predicate = true> <Delay = 0.00>
ST_5 : Operation 118 [1/1] (0.00ns)   --->   "%specmemcore_ln808 = specmemcore void @_ssdm_op_SpecMemCore, i32 %crcTables_2, i64 666, i64 18, i64 18446744073709551615" [/home/efrink/mled/split_cu/U280_CRC_Accelerator/src/kernel.cpp:808]   --->   Operation 118 'specmemcore' 'specmemcore_ln808' <Predicate = true> <Delay = 0.00>
ST_5 : Operation 119 [1/1] (0.00ns)   --->   "%specmemcore_ln808 = specmemcore void @_ssdm_op_SpecMemCore, i32 %crcTables_1, i64 666, i64 18, i64 18446744073709551615" [/home/efrink/mled/split_cu/U280_CRC_Accelerator/src/kernel.cpp:808]   --->   Operation 119 'specmemcore' 'specmemcore_ln808' <Predicate = true> <Delay = 0.00>
ST_5 : Operation 120 [1/1] (0.00ns)   --->   "%specmemcore_ln808 = specmemcore void @_ssdm_op_SpecMemCore, i32 %crcTables, i64 666, i64 18, i64 18446744073709551615" [/home/efrink/mled/split_cu/U280_CRC_Accelerator/src/kernel.cpp:808]   --->   Operation 120 'specmemcore' 'specmemcore_ln808' <Predicate = true> <Delay = 0.00>
ST_5 : Operation 121 [1/1] (0.00ns)   --->   "%specmemcore_ln808 = specmemcore void @_ssdm_op_SpecMemCore, i32 %crcTables_15, i64 666, i64 18, i64 18446744073709551615" [/home/efrink/mled/split_cu/U280_CRC_Accelerator/src/kernel.cpp:808]   --->   Operation 121 'specmemcore' 'specmemcore_ln808' <Predicate = true> <Delay = 0.00>
ST_5 : Operation 122 [1/1] (0.00ns)   --->   "%specmemcore_ln808 = specmemcore void @_ssdm_op_SpecMemCore, i32 %crcTables_14, i64 666, i64 18, i64 18446744073709551615" [/home/efrink/mled/split_cu/U280_CRC_Accelerator/src/kernel.cpp:808]   --->   Operation 122 'specmemcore' 'specmemcore_ln808' <Predicate = true> <Delay = 0.00>
ST_5 : Operation 123 [1/1] (0.00ns)   --->   "%specmemcore_ln808 = specmemcore void @_ssdm_op_SpecMemCore, i32 %crcTables_13, i64 666, i64 18, i64 18446744073709551615" [/home/efrink/mled/split_cu/U280_CRC_Accelerator/src/kernel.cpp:808]   --->   Operation 123 'specmemcore' 'specmemcore_ln808' <Predicate = true> <Delay = 0.00>
ST_5 : Operation 124 [1/1] (0.00ns)   --->   "%specmemcore_ln808 = specmemcore void @_ssdm_op_SpecMemCore, i32 %crcTables_12, i64 666, i64 18, i64 18446744073709551615" [/home/efrink/mled/split_cu/U280_CRC_Accelerator/src/kernel.cpp:808]   --->   Operation 124 'specmemcore' 'specmemcore_ln808' <Predicate = true> <Delay = 0.00>
ST_5 : Operation 125 [1/1] (0.00ns)   --->   "%specmemcore_ln808 = specmemcore void @_ssdm_op_SpecMemCore, i32 %crcTables_11, i64 666, i64 18, i64 18446744073709551615" [/home/efrink/mled/split_cu/U280_CRC_Accelerator/src/kernel.cpp:808]   --->   Operation 125 'specmemcore' 'specmemcore_ln808' <Predicate = true> <Delay = 0.00>
ST_5 : Operation 126 [1/1] (0.00ns)   --->   "%specmemcore_ln808 = specmemcore void @_ssdm_op_SpecMemCore, i32 %crcTables_10, i64 666, i64 18, i64 18446744073709551615" [/home/efrink/mled/split_cu/U280_CRC_Accelerator/src/kernel.cpp:808]   --->   Operation 126 'specmemcore' 'specmemcore_ln808' <Predicate = true> <Delay = 0.00>
ST_5 : Operation 127 [1/1] (0.00ns)   --->   "%specmemcore_ln808 = specmemcore void @_ssdm_op_SpecMemCore, i32 %crcTables_9, i64 666, i64 18, i64 18446744073709551615" [/home/efrink/mled/split_cu/U280_CRC_Accelerator/src/kernel.cpp:808]   --->   Operation 127 'specmemcore' 'specmemcore_ln808' <Predicate = true> <Delay = 0.00>
ST_5 : Operation 128 [1/1] (0.00ns)   --->   "%specmemcore_ln808 = specmemcore void @_ssdm_op_SpecMemCore, i32 %crcTables_8, i64 666, i64 18, i64 18446744073709551615" [/home/efrink/mled/split_cu/U280_CRC_Accelerator/src/kernel.cpp:808]   --->   Operation 128 'specmemcore' 'specmemcore_ln808' <Predicate = true> <Delay = 0.00>
ST_5 : Operation 129 [1/1] (0.00ns)   --->   "%specmemcore_ln808 = specmemcore void @_ssdm_op_SpecMemCore, i32 %crcTables_7, i64 666, i64 18, i64 18446744073709551615" [/home/efrink/mled/split_cu/U280_CRC_Accelerator/src/kernel.cpp:808]   --->   Operation 129 'specmemcore' 'specmemcore_ln808' <Predicate = true> <Delay = 0.00>
ST_5 : Operation 130 [1/1] (0.00ns)   --->   "%specmemcore_ln808 = specmemcore void @_ssdm_op_SpecMemCore, i32 %crcTables_6, i64 666, i64 18, i64 18446744073709551615" [/home/efrink/mled/split_cu/U280_CRC_Accelerator/src/kernel.cpp:808]   --->   Operation 130 'specmemcore' 'specmemcore_ln808' <Predicate = true> <Delay = 0.00>
ST_5 : Operation 131 [1/1] (0.00ns)   --->   "%specmemcore_ln808 = specmemcore void @_ssdm_op_SpecMemCore, i32 %crcTables_5, i64 666, i64 18, i64 18446744073709551615" [/home/efrink/mled/split_cu/U280_CRC_Accelerator/src/kernel.cpp:808]   --->   Operation 131 'specmemcore' 'specmemcore_ln808' <Predicate = true> <Delay = 0.00>
ST_5 : Operation 132 [1/1] (0.00ns)   --->   "%specmemcore_ln808 = specmemcore void @_ssdm_op_SpecMemCore, i32 %crcTables_4, i64 666, i64 18, i64 18446744073709551615" [/home/efrink/mled/split_cu/U280_CRC_Accelerator/src/kernel.cpp:808]   --->   Operation 132 'specmemcore' 'specmemcore_ln808' <Predicate = true> <Delay = 0.00>
ST_5 : Operation 133 [1/1] (0.00ns)   --->   "%specmemcore_ln808 = specmemcore void @_ssdm_op_SpecMemCore, i32 %crcTables_3, i64 666, i64 18, i64 18446744073709551615" [/home/efrink/mled/split_cu/U280_CRC_Accelerator/src/kernel.cpp:808]   --->   Operation 133 'specmemcore' 'specmemcore_ln808' <Predicate = true> <Delay = 0.00>
ST_5 : Operation 134 [1/1] (0.00ns)   --->   "%specmemcore_ln808 = specmemcore void @_ssdm_op_SpecMemCore, i32 %crcTables_2, i64 666, i64 18, i64 18446744073709551615" [/home/efrink/mled/split_cu/U280_CRC_Accelerator/src/kernel.cpp:808]   --->   Operation 134 'specmemcore' 'specmemcore_ln808' <Predicate = true> <Delay = 0.00>
ST_5 : Operation 135 [1/1] (0.00ns)   --->   "%specmemcore_ln808 = specmemcore void @_ssdm_op_SpecMemCore, i32 %crcTables_1, i64 666, i64 18, i64 18446744073709551615" [/home/efrink/mled/split_cu/U280_CRC_Accelerator/src/kernel.cpp:808]   --->   Operation 135 'specmemcore' 'specmemcore_ln808' <Predicate = true> <Delay = 0.00>
ST_5 : Operation 136 [1/1] (0.00ns)   --->   "%specmemcore_ln808 = specmemcore void @_ssdm_op_SpecMemCore, i32 %crcTables, i64 666, i64 18, i64 18446744073709551615" [/home/efrink/mled/split_cu/U280_CRC_Accelerator/src/kernel.cpp:808]   --->   Operation 136 'specmemcore' 'specmemcore_ln808' <Predicate = true> <Delay = 0.00>
ST_5 : Operation 137 [1/2] (0.00ns)   --->   "%call_ln808 = call void @crc_dataflow_region, i128 %gmem0, i64 %data_in_read, i64 %crc_out_read, i32 %crcTables, i32 %crcTables_1, i32 %crcTables_2, i32 %crcTables_3, i32 %crcTables_4, i32 %crcTables_5, i32 %crcTables_6, i32 %crcTables_7, i32 %crcTables_8, i32 %crcTables_9, i32 %crcTables_10, i32 %crcTables_11, i32 %crcTables_12, i32 %crcTables_13, i32 %crcTables_14, i32 %crcTables_15, i32 %numChunks_read, i32 %chunkSize_read, i32 %crc_size_read, i32 %init_value_read" [/home/efrink/mled/split_cu/U280_CRC_Accelerator/src/kernel.cpp:808]   --->   Operation 137 'call' 'call_ln808' <Predicate = true> <Delay = 0.00> <CoreType = "Generic">   --->   Core 0 '' <Latency = 0> <II = 1> <Delay = 1.00> <Generic> <Opcode : >
ST_5 : Operation 138 [1/1] (0.00ns)   --->   "%ret_ln827 = ret" [/home/efrink/mled/split_cu/U280_CRC_Accelerator/src/kernel.cpp:827]   --->   Operation 138 'ret' 'ret_ln827' <Predicate = true> <Delay = 0.00>


============================================================
+ Verbose Summary: Binding
============================================================
STG Binding: 
---------------- STG Properties BEGIN ----------------
- Is combinational: 0
- Is one-state seq: 0
- Is datapath-only: 0
- Is pipelined: 0
- Is top level: 1
Port [ Return ] is wired: 1; IO mode=ap_ctrl_chain:ce=0
Port [ gmem0]:  wired=1; compound=1; hidden=0; nouse=0; global=0; static=0; extern=0; dir=2; type=4; pingpong=0; private_global=0; IO mode=m_axi:ce=0
Port [ gmem1]:  wired=1; compound=1; hidden=0; nouse=0; global=0; static=0; extern=0; dir=0; type=4; pingpong=0; private_global=0; IO mode=m_axi:ce=0
Port [ data_in]:  wired=1; compound=0; hidden=0; nouse=0; global=0; static=0; extern=0; dir=0; type=0; pingpong=0; private_global=0; IO mode=ap_none:ce=0
Port [ crc_out]:  wired=1; compound=0; hidden=0; nouse=0; global=0; static=0; extern=0; dir=0; type=0; pingpong=0; private_global=0; IO mode=ap_none:ce=0
Port [ tables]:  wired=1; compound=0; hidden=0; nouse=0; global=0; static=0; extern=0; dir=0; type=0; pingpong=0; private_global=0; IO mode=ap_none:ce=0
Port [ numChunks]:  wired=1; compound=0; hidden=0; nouse=0; global=0; static=0; extern=0; dir=0; type=0; pingpong=0; private_global=0; IO mode=ap_none:ce=0
Port [ chunkSize]:  wired=1; compound=0; hidden=0; nouse=0; global=0; static=0; extern=0; dir=0; type=0; pingpong=0; private_global=0; IO mode=ap_none:ce=0
Port [ crc_size]:  wired=1; compound=0; hidden=0; nouse=0; global=0; static=0; extern=0; dir=0; type=0; pingpong=0; private_global=0; IO mode=ap_none:ce=0
Port [ init_value]:  wired=1; compound=0; hidden=0; nouse=0; global=0; static=0; extern=0; dir=0; type=0; pingpong=0; private_global=0; IO mode=ap_none:ce=0
---------------- STG Properties END ------------------

---------------- Datapath Model BEGIN ----------------

<LifeTime>
<method=bitvector/>
tables_read         (read         ) [ 001100]
crc_out_read        (read         ) [ 001111]
data_in_read        (read         ) [ 001111]
crcTables           (alloca       ) [ 001111]
crcTables_1         (alloca       ) [ 001111]
crcTables_2         (alloca       ) [ 001111]
crcTables_3         (alloca       ) [ 001111]
crcTables_4         (alloca       ) [ 001111]
crcTables_5         (alloca       ) [ 001111]
crcTables_6         (alloca       ) [ 001111]
crcTables_7         (alloca       ) [ 001111]
crcTables_8         (alloca       ) [ 001111]
crcTables_9         (alloca       ) [ 001111]
crcTables_10        (alloca       ) [ 001111]
crcTables_11        (alloca       ) [ 001111]
crcTables_12        (alloca       ) [ 001111]
crcTables_13        (alloca       ) [ 001111]
crcTables_14        (alloca       ) [ 001111]
crcTables_15        (alloca       ) [ 001111]
init_value_read     (read         ) [ 000011]
crc_size_read       (read         ) [ 000011]
chunkSize_read      (read         ) [ 000011]
numChunks_read      (read         ) [ 000011]
call_ln806          (call         ) [ 000000]
spectopmodule_ln815 (spectopmodule) [ 000000]
specinterface_ln815 (specinterface) [ 000000]
specinterface_ln0   (specinterface) [ 000000]
specbitsmap_ln0     (specbitsmap  ) [ 000000]
specinterface_ln0   (specinterface) [ 000000]
specbitsmap_ln0     (specbitsmap  ) [ 000000]
specinterface_ln0   (specinterface) [ 000000]
specinterface_ln0   (specinterface) [ 000000]
specinterface_ln0   (specinterface) [ 000000]
specinterface_ln0   (specinterface) [ 000000]
specinterface_ln0   (specinterface) [ 000000]
specinterface_ln0   (specinterface) [ 000000]
specbitsmap_ln0     (specbitsmap  ) [ 000000]
specinterface_ln0   (specinterface) [ 000000]
specinterface_ln0   (specinterface) [ 000000]
specbitsmap_ln0     (specbitsmap  ) [ 000000]
specinterface_ln0   (specinterface) [ 000000]
specinterface_ln0   (specinterface) [ 000000]
specbitsmap_ln0     (specbitsmap  ) [ 000000]
specinterface_ln0   (specinterface) [ 000000]
specinterface_ln0   (specinterface) [ 000000]
specbitsmap_ln0     (specbitsmap  ) [ 000000]
specinterface_ln0   (specinterface) [ 000000]
specinterface_ln0   (specinterface) [ 000000]
specinterface_ln0   (specinterface) [ 000000]
specmemcore_ln804   (specmemcore  ) [ 000000]
specmemcore_ln804   (specmemcore  ) [ 000000]
specmemcore_ln804   (specmemcore  ) [ 000000]
specmemcore_ln804   (specmemcore  ) [ 000000]
specmemcore_ln804   (specmemcore  ) [ 000000]
specmemcore_ln804   (specmemcore  ) [ 000000]
specmemcore_ln804   (specmemcore  ) [ 000000]
specmemcore_ln804   (specmemcore  ) [ 000000]
specmemcore_ln804   (specmemcore  ) [ 000000]
specmemcore_ln804   (specmemcore  ) [ 000000]
specmemcore_ln804   (specmemcore  ) [ 000000]
specmemcore_ln804   (specmemcore  ) [ 000000]
specmemcore_ln804   (specmemcore  ) [ 000000]
specmemcore_ln804   (specmemcore  ) [ 000000]
specmemcore_ln804   (specmemcore  ) [ 000000]
specmemcore_ln804   (specmemcore  ) [ 000000]
specmemcore_ln806   (specmemcore  ) [ 000000]
specmemcore_ln806   (specmemcore  ) [ 000000]
specmemcore_ln806   (specmemcore  ) [ 000000]
specmemcore_ln806   (specmemcore  ) [ 000000]
specmemcore_ln806   (specmemcore  ) [ 000000]
specmemcore_ln806   (specmemcore  ) [ 000000]
specmemcore_ln806   (specmemcore  ) [ 000000]
specmemcore_ln806   (specmemcore  ) [ 000000]
specmemcore_ln806   (specmemcore  ) [ 000000]
specmemcore_ln806   (specmemcore  ) [ 000000]
specmemcore_ln806   (specmemcore  ) [ 000000]
specmemcore_ln806   (specmemcore  ) [ 000000]
specmemcore_ln806   (specmemcore  ) [ 000000]
specmemcore_ln806   (specmemcore  ) [ 000000]
specmemcore_ln806   (specmemcore  ) [ 000000]
specmemcore_ln806   (specmemcore  ) [ 000000]
specmemcore_ln808   (specmemcore  ) [ 000000]
specmemcore_ln808   (specmemcore  ) [ 000000]
specmemcore_ln808   (specmemcore  ) [ 000000]
specmemcore_ln808   (specmemcore  ) [ 000000]
specmemcore_ln808   (specmemcore  ) [ 000000]
specmemcore_ln808   (specmemcore  ) [ 000000]
specmemcore_ln808   (specmemcore  ) [ 000000]
specmemcore_ln808   (specmemcore  ) [ 000000]
specmemcore_ln808   (specmemcore  ) [ 000000]
specmemcore_ln808   (specmemcore  ) [ 000000]
specmemcore_ln808   (specmemcore  ) [ 000000]
specmemcore_ln808   (specmemcore  ) [ 000000]
specmemcore_ln808   (specmemcore  ) [ 000000]
specmemcore_ln808   (specmemcore  ) [ 000000]
specmemcore_ln808   (specmemcore  ) [ 000000]
specmemcore_ln808   (specmemcore  ) [ 000000]
specmemcore_ln808   (specmemcore  ) [ 000000]
specmemcore_ln808   (specmemcore  ) [ 000000]
specmemcore_ln808   (specmemcore  ) [ 000000]
specmemcore_ln808   (specmemcore  ) [ 000000]
specmemcore_ln808   (specmemcore  ) [ 000000]
specmemcore_ln808   (specmemcore  ) [ 000000]
specmemcore_ln808   (specmemcore  ) [ 000000]
specmemcore_ln808   (specmemcore  ) [ 000000]
specmemcore_ln808   (specmemcore  ) [ 000000]
specmemcore_ln808   (specmemcore  ) [ 000000]
specmemcore_ln808   (specmemcore  ) [ 000000]
specmemcore_ln808   (specmemcore  ) [ 000000]
specmemcore_ln808   (specmemcore  ) [ 000000]
specmemcore_ln808   (specmemcore  ) [ 000000]
specmemcore_ln808   (specmemcore  ) [ 000000]
specmemcore_ln808   (specmemcore  ) [ 000000]
specmemcore_ln808   (specmemcore  ) [ 000000]
specmemcore_ln808   (specmemcore  ) [ 000000]
specmemcore_ln808   (specmemcore  ) [ 000000]
specmemcore_ln808   (specmemcore  ) [ 000000]
specmemcore_ln808   (specmemcore  ) [ 000000]
specmemcore_ln808   (specmemcore  ) [ 000000]
specmemcore_ln808   (specmemcore  ) [ 000000]
specmemcore_ln808   (specmemcore  ) [ 000000]
specmemcore_ln808   (specmemcore  ) [ 000000]
specmemcore_ln808   (specmemcore  ) [ 000000]
specmemcore_ln808   (specmemcore  ) [ 000000]
specmemcore_ln808   (specmemcore  ) [ 000000]
specmemcore_ln808   (specmemcore  ) [ 000000]
specmemcore_ln808   (specmemcore  ) [ 000000]
specmemcore_ln808   (specmemcore  ) [ 000000]
specmemcore_ln808   (specmemcore  ) [ 000000]
call_ln808          (call         ) [ 000000]
ret_ln827           (ret          ) [ 000000]
</LifeTime>

<model>

<comp_list>
<comp id="0" class="1000" name="gmem0">
<pin_list>
<pin id="1" dir="1" index="0" bw="1" slack="0"/>
</pin_list>
<bind>
<StgValue><ssdm name="gmem0"/></StgValue>
</bind>
</comp>

<comp id="2" class="1000" name="gmem1">
<pin_list>
<pin id="3" dir="1" index="0" bw="1" slack="0"/>
</pin_list>
<bind>
<StgValue><ssdm name="gmem1"/></StgValue>
</bind>
</comp>

<comp id="4" class="1000" name="data_in">
<pin_list>
<pin id="5" dir="1" index="0" bw="1" slack="0"/>
</pin_list>
<bind>
<StgValue><ssdm name="data_in"/></StgValue>
</bind>
</comp>

<comp id="6" class="1000" name="crc_out">
<pin_list>
<pin id="7" dir="1" index="0" bw="1" slack="0"/>
</pin_list>
<bind>
<StgValue><ssdm name="crc_out"/></StgValue>
</bind>
</comp>

<comp id="8" class="1000" name="tables">
<pin_list>
<pin id="9" dir="1" index="0" bw="1" slack="0"/>
</pin_list>
<bind>
<StgValue><ssdm name="tables"/></StgValue>
</bind>
</comp>

<comp id="10" class="1000" name="numChunks">
<pin_list>
<pin id="11" dir="1" index="0" bw="1" slack="0"/>
</pin_list>
<bind>
<StgValue><ssdm name="numChunks"/></StgValue>
</bind>
</comp>

<comp id="12" class="1000" name="chunkSize">
<pin_list>
<pin id="13" dir="1" index="0" bw="1" slack="0"/>
</pin_list>
<bind>
<StgValue><ssdm name="chunkSize"/></StgValue>
</bind>
</comp>

<comp id="14" class="1000" name="crc_size">
<pin_list>
<pin id="15" dir="1" index="0" bw="1" slack="0"/>
</pin_list>
<bind>
<StgValue><ssdm name="crc_size"/></StgValue>
</bind>
</comp>

<comp id="16" class="1000" name="init_value">
<pin_list>
<pin id="17" dir="1" index="0" bw="1" slack="0"/>
</pin_list>
<bind>
<StgValue><ssdm name="init_value"/></StgValue>
</bind>
</comp>

<comp id="18" class="1001" name="const_18">
<pin_list>
<pin id="19" dir="1" index="0" bw="1" slack="0"/>
</pin_list>
<bind>
<StgValue><ssdm name="_ssdm_op_Read.s_axilite.i64"/></StgValue>
</bind>
</comp>

<comp id="20" class="1001" name="const_20">
<pin_list>
<pin id="21" dir="1" index="0" bw="1" slack="0"/>
</pin_list>
<bind>
<StgValue><ssdm name=""/></StgValue>
</bind>
</comp>

<comp id="22" class="1001" name="const_22">
<pin_list>
<pin id="23" dir="1" index="0" bw="1" slack="0"/>
</pin_list>
<bind>
<StgValue><ssdm name="load_crc_tables"/></StgValue>
</bind>
</comp>

<comp id="24" class="1001" name="const_24">
<pin_list>
<pin id="25" dir="1" index="0" bw="1" slack="0"/>
</pin_list>
<bind>
<StgValue><ssdm name="_ssdm_op_Read.ap_none.i32"/></StgValue>
</bind>
</comp>

<comp id="26" class="1001" name="const_26">
<pin_list>
<pin id="27" dir="1" index="0" bw="1" slack="0"/>
</pin_list>
<bind>
<StgValue><ssdm name="crc_dataflow_region"/></StgValue>
</bind>
</comp>

<comp id="28" class="1001" name="const_28">
<pin_list>
<pin id="29" dir="1" index="0" bw="1" slack="2147483647"/>
</pin_list>
<bind>
<StgValue><ssdm name="_ssdm_op_SpecTopModule"/></StgValue>
</bind>
</comp>

<comp id="30" class="1001" name="const_30">
<pin_list>
<pin id="31" dir="1" index="0" bw="1" slack="2147483647"/>
</pin_list>
<bind>
<StgValue><ssdm name="empty_0"/></StgValue>
</bind>
</comp>

<comp id="32" class="1001" name="const_32">
<pin_list>
<pin id="33" dir="1" index="0" bw="1" slack="2147483647"/>
</pin_list>
<bind>
<StgValue><ssdm name="_ssdm_op_SpecInterface"/></StgValue>
</bind>
</comp>

<comp id="34" class="1001" name="const_34">
<pin_list>
<pin id="35" dir="1" index="0" bw="1" slack="2147483647"/>
</pin_list>
<bind>
<StgValue><ssdm name=""/></StgValue>
</bind>
</comp>

<comp id="36" class="1001" name="const_36">
<pin_list>
<pin id="37" dir="1" index="0" bw="1" slack="2147483647"/>
</pin_list>
<bind>
<StgValue><ssdm name="empty_14"/></StgValue>
</bind>
</comp>

<comp id="38" class="1001" name="const_38">
<pin_list>
<pin id="39" dir="1" index="0" bw="1" slack="2147483647"/>
</pin_list>
<bind>
<StgValue><ssdm name="empty_23"/></StgValue>
</bind>
</comp>

<comp id="40" class="1001" name="const_40">
<pin_list>
<pin id="41" dir="1" index="0" bw="1" slack="2147483647"/>
</pin_list>
<bind>
<StgValue><ssdm name=""/></StgValue>
</bind>
</comp>

<comp id="42" class="1001" name="const_42">
<pin_list>
<pin id="43" dir="1" index="0" bw="1" slack="2147483647"/>
</pin_list>
<bind>
<StgValue><ssdm name="empty_22"/></StgValue>
</bind>
</comp>

<comp id="44" class="1001" name="const_44">
<pin_list>
<pin id="45" dir="1" index="0" bw="1" slack="2147483647"/>
</pin_list>
<bind>
<StgValue><ssdm name=""/></StgValue>
</bind>
</comp>

<comp id="46" class="1001" name="const_46">
<pin_list>
<pin id="47" dir="1" index="0" bw="1" slack="2147483647"/>
</pin_list>
<bind>
<StgValue><ssdm name=""/></StgValue>
</bind>
</comp>

<comp id="48" class="1001" name="const_48">
<pin_list>
<pin id="49" dir="1" index="0" bw="1" slack="2147483647"/>
</pin_list>
<bind>
<StgValue><ssdm name="empty"/></StgValue>
</bind>
</comp>

<comp id="50" class="1001" name="const_50">
<pin_list>
<pin id="51" dir="1" index="0" bw="1" slack="2147483647"/>
</pin_list>
<bind>
<StgValue><ssdm name="empty_2"/></StgValue>
</bind>
</comp>

<comp id="52" class="1001" name="const_52">
<pin_list>
<pin id="53" dir="1" index="0" bw="1" slack="2147483647"/>
</pin_list>
<bind>
<StgValue><ssdm name=""/></StgValue>
</bind>
</comp>

<comp id="54" class="1001" name="const_54">
<pin_list>
<pin id="55" dir="1" index="0" bw="1" slack="2147483647"/>
</pin_list>
<bind>
<StgValue><ssdm name="_ssdm_op_SpecBitsMap"/></StgValue>
</bind>
</comp>

<comp id="56" class="1001" name="const_56">
<pin_list>
<pin id="57" dir="1" index="0" bw="1" slack="2147483647"/>
</pin_list>
<bind>
<StgValue><ssdm name=""/></StgValue>
</bind>
</comp>

<comp id="58" class="1001" name="const_58">
<pin_list>
<pin id="59" dir="1" index="0" bw="1" slack="2147483647"/>
</pin_list>
<bind>
<StgValue><ssdm name="empty_24"/></StgValue>
</bind>
</comp>

<comp id="60" class="1001" name="const_60">
<pin_list>
<pin id="61" dir="1" index="0" bw="1" slack="2147483647"/>
</pin_list>
<bind>
<StgValue><ssdm name="empty_1"/></StgValue>
</bind>
</comp>

<comp id="62" class="1001" name="const_62">
<pin_list>
<pin id="63" dir="1" index="0" bw="1" slack="2147483647"/>
</pin_list>
<bind>
<StgValue><ssdm name="empty_15"/></StgValue>
</bind>
</comp>

<comp id="64" class="1001" name="const_64">
<pin_list>
<pin id="65" dir="1" index="0" bw="1" slack="2147483647"/>
</pin_list>
<bind>
<StgValue><ssdm name="empty_12"/></StgValue>
</bind>
</comp>

<comp id="66" class="1001" name="const_66">
<pin_list>
<pin id="67" dir="1" index="0" bw="1" slack="2147483647"/>
</pin_list>
<bind>
<StgValue><ssdm name="empty_16"/></StgValue>
</bind>
</comp>

<comp id="68" class="1001" name="const_68">
<pin_list>
<pin id="69" dir="1" index="0" bw="1" slack="2147483647"/>
</pin_list>
<bind>
<StgValue><ssdm name="empty_17"/></StgValue>
</bind>
</comp>

<comp id="70" class="1001" name="const_70">
<pin_list>
<pin id="71" dir="1" index="0" bw="1" slack="2147483647"/>
</pin_list>
<bind>
<StgValue><ssdm name="empty_18"/></StgValue>
</bind>
</comp>

<comp id="72" class="1001" name="const_72">
<pin_list>
<pin id="73" dir="1" index="0" bw="1" slack="2147483647"/>
</pin_list>
<bind>
<StgValue><ssdm name="empty_19"/></StgValue>
</bind>
</comp>

<comp id="74" class="1001" name="const_74">
<pin_list>
<pin id="75" dir="1" index="0" bw="1" slack="2147483647"/>
</pin_list>
<bind>
<StgValue><ssdm name="empty_20"/></StgValue>
</bind>
</comp>

<comp id="76" class="1001" name="const_76">
<pin_list>
<pin id="77" dir="1" index="0" bw="1" slack="2147483647"/>
</pin_list>
<bind>
<StgValue><ssdm name="empty_21"/></StgValue>
</bind>
</comp>

<comp id="78" class="1001" name="const_78">
<pin_list>
<pin id="79" dir="1" index="0" bw="1" slack="2147483647"/>
</pin_list>
<bind>
<StgValue><ssdm name="empty_6"/></StgValue>
</bind>
</comp>

<comp id="80" class="1001" name="const_80">
<pin_list>
<pin id="81" dir="1" index="0" bw="1" slack="2147483647"/>
</pin_list>
<bind>
<StgValue><ssdm name="empty_5"/></StgValue>
</bind>
</comp>

<comp id="82" class="1001" name="const_82">
<pin_list>
<pin id="83" dir="1" index="0" bw="1" slack="2147483647"/>
</pin_list>
<bind>
<StgValue><ssdm name="empty_4"/></StgValue>
</bind>
</comp>

<comp id="84" class="1001" name="const_84">
<pin_list>
<pin id="85" dir="1" index="0" bw="1" slack="2147483647"/>
</pin_list>
<bind>
<StgValue><ssdm name="_ssdm_op_SpecMemCore"/></StgValue>
</bind>
</comp>

<comp id="86" class="1001" name="const_86">
<pin_list>
<pin id="87" dir="1" index="0" bw="1" slack="2147483647"/>
</pin_list>
<bind>
<StgValue><ssdm name=""/></StgValue>
</bind>
</comp>

<comp id="88" class="1001" name="const_88">
<pin_list>
<pin id="89" dir="1" index="0" bw="1" slack="2147483647"/>
</pin_list>
<bind>
<StgValue><ssdm name=""/></StgValue>
</bind>
</comp>

<comp id="90" class="1001" name="const_90">
<pin_list>
<pin id="91" dir="1" index="0" bw="1" slack="2147483647"/>
</pin_list>
<bind>
<StgValue><ssdm name=""/></StgValue>
</bind>
</comp>

<comp id="92" class="1004" name="crcTables_alloca_fu_92">
<pin_list>
<pin id="93" dir="0" index="0" bw="1" slack="0"/>
<pin id="94" dir="1" index="1" bw="32" slack="2147483647"/>
</pin_list>
<bind>
<opcode="alloca(26) " fcode="alloca"/>
<opset="crcTables/1 "/>
</bind>
</comp>

<comp id="96" class="1004" name="crcTables_1_alloca_fu_96">
<pin_list>
<pin id="97" dir="0" index="0" bw="1" slack="0"/>
<pin id="98" dir="1" index="1" bw="32" slack="2147483647"/>
</pin_list>
<bind>
<opcode="alloca(26) " fcode="alloca"/>
<opset="crcTables_1/1 "/>
</bind>
</comp>

<comp id="100" class="1004" name="crcTables_2_alloca_fu_100">
<pin_list>
<pin id="101" dir="0" index="0" bw="1" slack="0"/>
<pin id="102" dir="1" index="1" bw="32" slack="2147483647"/>
</pin_list>
<bind>
<opcode="alloca(26) " fcode="alloca"/>
<opset="crcTables_2/1 "/>
</bind>
</comp>

<comp id="104" class="1004" name="crcTables_3_alloca_fu_104">
<pin_list>
<pin id="105" dir="0" index="0" bw="1" slack="0"/>
<pin id="106" dir="1" index="1" bw="32" slack="2147483647"/>
</pin_list>
<bind>
<opcode="alloca(26) " fcode="alloca"/>
<opset="crcTables_3/1 "/>
</bind>
</comp>

<comp id="108" class="1004" name="crcTables_4_alloca_fu_108">
<pin_list>
<pin id="109" dir="0" index="0" bw="1" slack="0"/>
<pin id="110" dir="1" index="1" bw="32" slack="2147483647"/>
</pin_list>
<bind>
<opcode="alloca(26) " fcode="alloca"/>
<opset="crcTables_4/1 "/>
</bind>
</comp>

<comp id="112" class="1004" name="crcTables_5_alloca_fu_112">
<pin_list>
<pin id="113" dir="0" index="0" bw="1" slack="0"/>
<pin id="114" dir="1" index="1" bw="32" slack="2147483647"/>
</pin_list>
<bind>
<opcode="alloca(26) " fcode="alloca"/>
<opset="crcTables_5/1 "/>
</bind>
</comp>

<comp id="116" class="1004" name="crcTables_6_alloca_fu_116">
<pin_list>
<pin id="117" dir="0" index="0" bw="1" slack="0"/>
<pin id="118" dir="1" index="1" bw="32" slack="2147483647"/>
</pin_list>
<bind>
<opcode="alloca(26) " fcode="alloca"/>
<opset="crcTables_6/1 "/>
</bind>
</comp>

<comp id="120" class="1004" name="crcTables_7_alloca_fu_120">
<pin_list>
<pin id="121" dir="0" index="0" bw="1" slack="0"/>
<pin id="122" dir="1" index="1" bw="32" slack="2147483647"/>
</pin_list>
<bind>
<opcode="alloca(26) " fcode="alloca"/>
<opset="crcTables_7/1 "/>
</bind>
</comp>

<comp id="124" class="1004" name="crcTables_8_alloca_fu_124">
<pin_list>
<pin id="125" dir="0" index="0" bw="1" slack="0"/>
<pin id="126" dir="1" index="1" bw="32" slack="2147483647"/>
</pin_list>
<bind>
<opcode="alloca(26) " fcode="alloca"/>
<opset="crcTables_8/1 "/>
</bind>
</comp>

<comp id="128" class="1004" name="crcTables_9_alloca_fu_128">
<pin_list>
<pin id="129" dir="0" index="0" bw="1" slack="0"/>
<pin id="130" dir="1" index="1" bw="32" slack="2147483647"/>
</pin_list>
<bind>
<opcode="alloca(26) " fcode="alloca"/>
<opset="crcTables_9/1 "/>
</bind>
</comp>

<comp id="132" class="1004" name="crcTables_10_alloca_fu_132">
<pin_list>
<pin id="133" dir="0" index="0" bw="1" slack="0"/>
<pin id="134" dir="1" index="1" bw="32" slack="2147483647"/>
</pin_list>
<bind>
<opcode="alloca(26) " fcode="alloca"/>
<opset="crcTables_10/1 "/>
</bind>
</comp>

<comp id="136" class="1004" name="crcTables_11_alloca_fu_136">
<pin_list>
<pin id="137" dir="0" index="0" bw="1" slack="0"/>
<pin id="138" dir="1" index="1" bw="32" slack="2147483647"/>
</pin_list>
<bind>
<opcode="alloca(26) " fcode="alloca"/>
<opset="crcTables_11/1 "/>
</bind>
</comp>

<comp id="140" class="1004" name="crcTables_12_alloca_fu_140">
<pin_list>
<pin id="141" dir="0" index="0" bw="1" slack="0"/>
<pin id="142" dir="1" index="1" bw="32" slack="2147483647"/>
</pin_list>
<bind>
<opcode="alloca(26) " fcode="alloca"/>
<opset="crcTables_12/1 "/>
</bind>
</comp>

<comp id="144" class="1004" name="crcTables_13_alloca_fu_144">
<pin_list>
<pin id="145" dir="0" index="0" bw="1" slack="0"/>
<pin id="146" dir="1" index="1" bw="32" slack="2147483647"/>
</pin_list>
<bind>
<opcode="alloca(26) " fcode="alloca"/>
<opset="crcTables_13/1 "/>
</bind>
</comp>

<comp id="148" class="1004" name="crcTables_14_alloca_fu_148">
<pin_list>
<pin id="149" dir="0" index="0" bw="1" slack="0"/>
<pin id="150" dir="1" index="1" bw="32" slack="2147483647"/>
</pin_list>
<bind>
<opcode="alloca(26) " fcode="alloca"/>
<opset="crcTables_14/1 "/>
</bind>
</comp>

<comp id="152" class="1004" name="crcTables_15_alloca_fu_152">
<pin_list>
<pin id="153" dir="0" index="0" bw="1" slack="0"/>
<pin id="154" dir="1" index="1" bw="32" slack="2147483647"/>
</pin_list>
<bind>
<opcode="alloca(26) " fcode="alloca"/>
<opset="crcTables_15/1 "/>
</bind>
</comp>

<comp id="156" class="1004" name="tables_read_read_fu_156">
<pin_list>
<pin id="157" dir="0" index="0" bw="64" slack="0"/>
<pin id="158" dir="0" index="1" bw="64" slack="0"/>
<pin id="159" dir="1" index="2" bw="64" slack="1"/>
</pin_list>
<bind>
<opcode="read(1150) " fcode="read"/>
<opset="tables_read/1 "/>
</bind>
</comp>

<comp id="162" class="1004" name="crc_out_read_read_fu_162">
<pin_list>
<pin id="163" dir="0" index="0" bw="64" slack="0"/>
<pin id="164" dir="0" index="1" bw="64" slack="0"/>
<pin id="165" dir="1" index="2" bw="64" slack="3"/>
</pin_list>
<bind>
<opcode="read(1150) " fcode="read"/>
<opset="crc_out_read/1 "/>
</bind>
</comp>

<comp id="168" class="1004" name="data_in_read_read_fu_168">
<pin_list>
<pin id="169" dir="0" index="0" bw="64" slack="0"/>
<pin id="170" dir="0" index="1" bw="64" slack="0"/>
<pin id="171" dir="1" index="2" bw="64" slack="3"/>
</pin_list>
<bind>
<opcode="read(1150) " fcode="read"/>
<opset="data_in_read/1 "/>
</bind>
</comp>

<comp id="174" class="1004" name="init_value_read_read_fu_174">
<pin_list>
<pin id="175" dir="0" index="0" bw="32" slack="0"/>
<pin id="176" dir="0" index="1" bw="32" slack="0"/>
<pin id="177" dir="1" index="2" bw="32" slack="1"/>
</pin_list>
<bind>
<opcode="read(1150) " fcode="read"/>
<opset="init_value_read/3 "/>
</bind>
</comp>

<comp id="180" class="1004" name="crc_size_read_read_fu_180">
<pin_list>
<pin id="181" dir="0" index="0" bw="32" slack="0"/>
<pin id="182" dir="0" index="1" bw="32" slack="0"/>
<pin id="183" dir="1" index="2" bw="32" slack="1"/>
</pin_list>
<bind>
<opcode="read(1150) " fcode="read"/>
<opset="crc_size_read/3 "/>
</bind>
</comp>

<comp id="186" class="1004" name="chunkSize_read_read_fu_186">
<pin_list>
<pin id="187" dir="0" index="0" bw="32" slack="0"/>
<pin id="188" dir="0" index="1" bw="32" slack="0"/>
<pin id="189" dir="1" index="2" bw="32" slack="1"/>
</pin_list>
<bind>
<opcode="read(1150) " fcode="read"/>
<opset="chunkSize_read/3 "/>
</bind>
</comp>

<comp id="192" class="1004" name="numChunks_read_read_fu_192">
<pin_list>
<pin id="193" dir="0" index="0" bw="32" slack="0"/>
<pin id="194" dir="0" index="1" bw="32" slack="0"/>
<pin id="195" dir="1" index="2" bw="32" slack="1"/>
</pin_list>
<bind>
<opcode="read(1150) " fcode="read"/>
<opset="numChunks_read/3 "/>
</bind>
</comp>

<comp id="198" class="1004" name="grp_load_crc_tables_fu_198">
<pin_list>
<pin id="199" dir="0" index="0" bw="0" slack="0"/>
<pin id="200" dir="0" index="1" bw="512" slack="0"/>
<pin id="201" dir="0" index="2" bw="64" slack="1"/>
<pin id="202" dir="0" index="3" bw="32" slack="2147483647"/>
<pin id="203" dir="0" index="4" bw="32" slack="2147483647"/>
<pin id="204" dir="0" index="5" bw="32" slack="2147483647"/>
<pin id="205" dir="0" index="6" bw="32" slack="2147483647"/>
<pin id="206" dir="0" index="7" bw="32" slack="2147483647"/>
<pin id="207" dir="0" index="8" bw="32" slack="2147483647"/>
<pin id="208" dir="0" index="9" bw="32" slack="2147483647"/>
<pin id="209" dir="0" index="10" bw="32" slack="2147483647"/>
<pin id="210" dir="0" index="11" bw="32" slack="2147483647"/>
<pin id="211" dir="0" index="12" bw="32" slack="2147483647"/>
<pin id="212" dir="0" index="13" bw="32" slack="2147483647"/>
<pin id="213" dir="0" index="14" bw="32" slack="2147483647"/>
<pin id="214" dir="0" index="15" bw="32" slack="2147483647"/>
<pin id="215" dir="0" index="16" bw="32" slack="2147483647"/>
<pin id="216" dir="0" index="17" bw="32" slack="2147483647"/>
<pin id="217" dir="0" index="18" bw="32" slack="2147483647"/>
<pin id="218" dir="1" index="19" bw="0" slack="2147483647"/>
</pin_list>
<bind>
<opcode="call(48) " fcode="call"/>
<opset="call_ln806/2 "/>
</bind>
</comp>

<comp id="221" class="1004" name="grp_crc_dataflow_region_fu_221">
<pin_list>
<pin id="222" dir="0" index="0" bw="0" slack="0"/>
<pin id="223" dir="0" index="1" bw="128" slack="0"/>
<pin id="224" dir="0" index="2" bw="64" slack="3"/>
<pin id="225" dir="0" index="3" bw="64" slack="3"/>
<pin id="226" dir="0" index="4" bw="32" slack="2147483647"/>
<pin id="227" dir="0" index="5" bw="32" slack="2147483647"/>
<pin id="228" dir="0" index="6" bw="32" slack="2147483647"/>
<pin id="229" dir="0" index="7" bw="32" slack="2147483647"/>
<pin id="230" dir="0" index="8" bw="32" slack="2147483647"/>
<pin id="231" dir="0" index="9" bw="32" slack="2147483647"/>
<pin id="232" dir="0" index="10" bw="32" slack="2147483647"/>
<pin id="233" dir="0" index="11" bw="32" slack="2147483647"/>
<pin id="234" dir="0" index="12" bw="32" slack="2147483647"/>
<pin id="235" dir="0" index="13" bw="32" slack="2147483647"/>
<pin id="236" dir="0" index="14" bw="32" slack="2147483647"/>
<pin id="237" dir="0" index="15" bw="32" slack="2147483647"/>
<pin id="238" dir="0" index="16" bw="32" slack="2147483647"/>
<pin id="239" dir="0" index="17" bw="32" slack="2147483647"/>
<pin id="240" dir="0" index="18" bw="32" slack="2147483647"/>
<pin id="241" dir="0" index="19" bw="32" slack="2147483647"/>
<pin id="242" dir="0" index="20" bw="32" slack="1"/>
<pin id="243" dir="0" index="21" bw="32" slack="1"/>
<pin id="244" dir="0" index="22" bw="32" slack="1"/>
<pin id="245" dir="0" index="23" bw="32" slack="1"/>
<pin id="246" dir="1" index="24" bw="0" slack="2147483647"/>
</pin_list>
<bind>
<opcode="call(48) " fcode="call"/>
<opset="call_ln808/4 "/>
</bind>
</comp>

<comp id="249" class="1005" name="tables_read_reg_249">
<pin_list>
<pin id="250" dir="0" index="0" bw="64" slack="1"/>
<pin id="251" dir="1" index="1" bw="64" slack="1"/>
</pin_list>
<bind>
<opset="tables_read "/>
</bind>
</comp>

<comp id="254" class="1005" name="crc_out_read_reg_254">
<pin_list>
<pin id="255" dir="0" index="0" bw="64" slack="3"/>
<pin id="256" dir="1" index="1" bw="64" slack="3"/>
</pin_list>
<bind>
<opset="crc_out_read "/>
</bind>
</comp>

<comp id="259" class="1005" name="data_in_read_reg_259">
<pin_list>
<pin id="260" dir="0" index="0" bw="64" slack="3"/>
<pin id="261" dir="1" index="1" bw="64" slack="3"/>
</pin_list>
<bind>
<opset="data_in_read "/>
</bind>
</comp>

<comp id="264" class="1005" name="init_value_read_reg_264">
<pin_list>
<pin id="265" dir="0" index="0" bw="32" slack="1"/>
<pin id="266" dir="1" index="1" bw="32" slack="1"/>
</pin_list>
<bind>
<opset="init_value_read "/>
</bind>
</comp>

<comp id="269" class="1005" name="crc_size_read_reg_269">
<pin_list>
<pin id="270" dir="0" index="0" bw="32" slack="1"/>
<pin id="271" dir="1" index="1" bw="32" slack="1"/>
</pin_list>
<bind>
<opset="crc_size_read "/>
</bind>
</comp>

<comp id="274" class="1005" name="chunkSize_read_reg_274">
<pin_list>
<pin id="275" dir="0" index="0" bw="32" slack="1"/>
<pin id="276" dir="1" index="1" bw="32" slack="1"/>
</pin_list>
<bind>
<opset="chunkSize_read "/>
</bind>
</comp>

<comp id="279" class="1005" name="numChunks_read_reg_279">
<pin_list>
<pin id="280" dir="0" index="0" bw="32" slack="1"/>
<pin id="281" dir="1" index="1" bw="32" slack="1"/>
</pin_list>
<bind>
<opset="numChunks_read "/>
</bind>
</comp>

</comp_list>

<net_list>
<net id="95"><net_src comp="20" pin="0"/><net_sink comp="92" pin=0"/></net>

<net id="99"><net_src comp="20" pin="0"/><net_sink comp="96" pin=0"/></net>

<net id="103"><net_src comp="20" pin="0"/><net_sink comp="100" pin=0"/></net>

<net id="107"><net_src comp="20" pin="0"/><net_sink comp="104" pin=0"/></net>

<net id="111"><net_src comp="20" pin="0"/><net_sink comp="108" pin=0"/></net>

<net id="115"><net_src comp="20" pin="0"/><net_sink comp="112" pin=0"/></net>

<net id="119"><net_src comp="20" pin="0"/><net_sink comp="116" pin=0"/></net>

<net id="123"><net_src comp="20" pin="0"/><net_sink comp="120" pin=0"/></net>

<net id="127"><net_src comp="20" pin="0"/><net_sink comp="124" pin=0"/></net>

<net id="131"><net_src comp="20" pin="0"/><net_sink comp="128" pin=0"/></net>

<net id="135"><net_src comp="20" pin="0"/><net_sink comp="132" pin=0"/></net>

<net id="139"><net_src comp="20" pin="0"/><net_sink comp="136" pin=0"/></net>

<net id="143"><net_src comp="20" pin="0"/><net_sink comp="140" pin=0"/></net>

<net id="147"><net_src comp="20" pin="0"/><net_sink comp="144" pin=0"/></net>

<net id="151"><net_src comp="20" pin="0"/><net_sink comp="148" pin=0"/></net>

<net id="155"><net_src comp="20" pin="0"/><net_sink comp="152" pin=0"/></net>

<net id="160"><net_src comp="18" pin="0"/><net_sink comp="156" pin=0"/></net>

<net id="161"><net_src comp="8" pin="0"/><net_sink comp="156" pin=1"/></net>

<net id="166"><net_src comp="18" pin="0"/><net_sink comp="162" pin=0"/></net>

<net id="167"><net_src comp="6" pin="0"/><net_sink comp="162" pin=1"/></net>

<net id="172"><net_src comp="18" pin="0"/><net_sink comp="168" pin=0"/></net>

<net id="173"><net_src comp="4" pin="0"/><net_sink comp="168" pin=1"/></net>

<net id="178"><net_src comp="24" pin="0"/><net_sink comp="174" pin=0"/></net>

<net id="179"><net_src comp="16" pin="0"/><net_sink comp="174" pin=1"/></net>

<net id="184"><net_src comp="24" pin="0"/><net_sink comp="180" pin=0"/></net>

<net id="185"><net_src comp="14" pin="0"/><net_sink comp="180" pin=1"/></net>

<net id="190"><net_src comp="24" pin="0"/><net_sink comp="186" pin=0"/></net>

<net id="191"><net_src comp="12" pin="0"/><net_sink comp="186" pin=1"/></net>

<net id="196"><net_src comp="24" pin="0"/><net_sink comp="192" pin=0"/></net>

<net id="197"><net_src comp="10" pin="0"/><net_sink comp="192" pin=1"/></net>

<net id="219"><net_src comp="22" pin="0"/><net_sink comp="198" pin=0"/></net>

<net id="220"><net_src comp="2" pin="0"/><net_sink comp="198" pin=1"/></net>

<net id="247"><net_src comp="26" pin="0"/><net_sink comp="221" pin=0"/></net>

<net id="248"><net_src comp="0" pin="0"/><net_sink comp="221" pin=1"/></net>

<net id="252"><net_src comp="156" pin="2"/><net_sink comp="249" pin=0"/></net>

<net id="253"><net_src comp="249" pin="1"/><net_sink comp="198" pin=2"/></net>

<net id="257"><net_src comp="162" pin="2"/><net_sink comp="254" pin=0"/></net>

<net id="258"><net_src comp="254" pin="1"/><net_sink comp="221" pin=3"/></net>

<net id="262"><net_src comp="168" pin="2"/><net_sink comp="259" pin=0"/></net>

<net id="263"><net_src comp="259" pin="1"/><net_sink comp="221" pin=2"/></net>

<net id="267"><net_src comp="174" pin="2"/><net_sink comp="264" pin=0"/></net>

<net id="268"><net_src comp="264" pin="1"/><net_sink comp="221" pin=23"/></net>

<net id="272"><net_src comp="180" pin="2"/><net_sink comp="269" pin=0"/></net>

<net id="273"><net_src comp="269" pin="1"/><net_sink comp="221" pin=22"/></net>

<net id="277"><net_src comp="186" pin="2"/><net_sink comp="274" pin=0"/></net>

<net id="278"><net_src comp="274" pin="1"/><net_sink comp="221" pin=21"/></net>

<net id="282"><net_src comp="192" pin="2"/><net_sink comp="279" pin=0"/></net>

<net id="283"><net_src comp="279" pin="1"/><net_sink comp="221" pin=20"/></net>

</net_list>

</model> 
---------------- Datapath Model END ------------------

* FSMD analyzer results:
  - Output states:
	Port: gmem0 | {4 5 }
 - Input state : 
	Port: calculate_crc : gmem0 | {4 5 }
	Port: calculate_crc : gmem1 | {2 3 }
	Port: calculate_crc : data_in | {1 }
	Port: calculate_crc : crc_out | {1 }
	Port: calculate_crc : tables | {1 }
	Port: calculate_crc : numChunks | {3 }
	Port: calculate_crc : chunkSize | {3 }
	Port: calculate_crc : crc_size | {3 }
	Port: calculate_crc : init_value | {3 }
  - Chain level:
	State 1
	State 2
	State 3
	State 4
	State 5


============================================================
+ Verbose Summary: Datapath Resource usage 
============================================================

* Functional unit list:
|----------|--------------------------------|---------|---------|---------|---------|
| Operation|         Functional Unit        |   DSP   |  Delay  |    FF   |   LUT   |
|----------|--------------------------------|---------|---------|---------|---------|
|   call   |   grp_load_crc_tables_fu_198   |    0    |  0.387  |   2177  |   511   |
|          | grp_crc_dataflow_region_fu_221 |    3    |  11.997 |   2923  |   1880  |
|----------|--------------------------------|---------|---------|---------|---------|
|          |     tables_read_read_fu_156    |    0    |    0    |    0    |    0    |
|          |    crc_out_read_read_fu_162    |    0    |    0    |    0    |    0    |
|          |    data_in_read_read_fu_168    |    0    |    0    |    0    |    0    |
|   read   |   init_value_read_read_fu_174  |    0    |    0    |    0    |    0    |
|          |    crc_size_read_read_fu_180   |    0    |    0    |    0    |    0    |
|          |   chunkSize_read_read_fu_186   |    0    |    0    |    0    |    0    |
|          |   numChunks_read_read_fu_192   |    0    |    0    |    0    |    0    |
|----------|--------------------------------|---------|---------|---------|---------|
|   Total  |                                |    3    |  12.384 |   5100  |   2391  |
|----------|--------------------------------|---------|---------|---------|---------|

Memories:
+------------+--------+--------+--------+
|            |  BRAM  |   FF   |   LUT  |
+------------+--------+--------+--------+
|  crcTables |    1   |    0   |    0   |
| crcTables_1|    1   |    0   |    0   |
|crcTables_10|    1   |    0   |    0   |
|crcTables_11|    1   |    0   |    0   |
|crcTables_12|    1   |    0   |    0   |
|crcTables_13|    1   |    0   |    0   |
|crcTables_14|    1   |    0   |    0   |
|crcTables_15|    1   |    0   |    0   |
| crcTables_2|    1   |    0   |    0   |
| crcTables_3|    1   |    0   |    0   |
| crcTables_4|    1   |    0   |    0   |
| crcTables_5|    1   |    0   |    0   |
| crcTables_6|    1   |    0   |    0   |
| crcTables_7|    1   |    0   |    0   |
| crcTables_8|    1   |    0   |    0   |
| crcTables_9|    1   |    0   |    0   |
+------------+--------+--------+--------+
|    Total   |   16   |    0   |    0   |
+------------+--------+--------+--------+

* Register list:
+-----------------------+--------+
|                       |   FF   |
+-----------------------+--------+
| chunkSize_read_reg_274|   32   |
|  crc_out_read_reg_254 |   64   |
| crc_size_read_reg_269 |   32   |
|  data_in_read_reg_259 |   64   |
|init_value_read_reg_264|   32   |
| numChunks_read_reg_279|   32   |
|  tables_read_reg_249  |   64   |
+-----------------------+--------+
|         Total         |   320  |
+-----------------------+--------+

* Multiplexer (MUX) list: 
|--------|------|------|------|--------|
|  Comp  |  Pin | Size |  BW  | S x BW |
|--------|------|------|------|--------|
|  Total |      |      |      |    0   |
|--------|------|------|------|--------|



* Summary:
+-----------+--------+--------+--------+--------+--------+
|           |  BRAM  |   DSP  |  Delay |   FF   |   LUT  |
+-----------+--------+--------+--------+--------+--------+
|  Function |    -   |    3   |   12   |  5100  |  2391  |
|   Memory  |   16   |    -   |    -   |    0   |    0   |
|Multiplexer|    -   |    -   |    -   |    -   |    -   |
|  Register |    -   |    -   |    -   |   320  |    -   |
+-----------+--------+--------+--------+--------+--------+
|   Total   |   16   |    3   |   12   |  5420  |  2391  |
+-----------+--------+--------+--------+--------+--------+
