

================================================================
== Vitis HLS Report for 'crc_process_full_blocks_Pipeline_full_block_loop'
================================================================
* Date:           Thu Apr  2 18:17:03 2026

* Version:        2022.1 (Build 3526262 on Mon Apr 18 15:47:01 MDT 2022)
* Project:        calculate_crc
* Solution:       solution (Vitis Kernel Flow Target)
* Product family: virtexuplus
* Target device:  xcu280-fsvh2892-2L-e


================================================================
== Performance Estimates
================================================================
+ Timing: 
    * Summary: 
    +--------+---------+----------+------------+
    |  Clock |  Target | Estimated| Uncertainty|
    +--------+---------+----------+------------+
    |ap_clk  |  3.33 ns|  2.413 ns|     0.90 ns|
    +--------+---------+----------+------------+

+ Latency: 
    * Summary: 
    +---------+---------+-----------+----------+-----+-----+---------+
    |  Latency (cycles) |  Latency (absolute)  |  Interval | Pipeline|
    |   min   |   max   |    min    |    max   | min | max |   Type  |
    +---------+---------+-----------+----------+-----+-----+---------+
    |        5|        ?|  16.665 ns|         ?|    5|    ?|       no|
    +---------+---------+-----------+----------+-----+-----+---------+

    + Detail: 
        * Instance: 
        N/A

        * Loop: 
        +-------------------+---------+---------+----------+-----------+-----------+-------+----------+
        |                   |  Latency (cycles) | Iteration|  Initiation Interval  |  Trip |          |
        |     Loop Name     |   min   |   max   |  Latency |  achieved |   target  | Count | Pipelined|
        +-------------------+---------+---------+----------+-----------+-----------+-------+----------+
        |- full_block_loop  |        3|        ?|         4|          1|          1|  1 ~ ?|       yes|
        +-------------------+---------+---------+----------+-----------+-----------+-------+----------+

============================================================
+ Verbose Summary: Synthesis Manager
============================================================
InlineROM: 1
ExposeGlobal: 0
============================================================
+ Verbose Summary: CDFG Model
============================================================
IsTopModel: 0
ResetActiveHigh: 1
IsCombinational: 0
IsDatapathOnly: 0
HasWiredReturn: 1
HasMFsm: 2
HasVarLatency: 1
IsPipeline: 0
IsRtlPipelined: 0
IsInstanceOverlapped: 0
IsDontTouch: 0
HasImplIP: 0
IsGatedGlobalClock: 0

+ Individual pipeline summary: 
  * Pipeline-0: initiation interval (II) = 1, depth = 4


============================================================
+ Verbose Summary: Schedule
============================================================
* Number of FSM states : 4
* Pipeline : 1
  Pipeline-0 : II = 1, D = 4, States = { 1 2 3 4 }
* Dataflow Pipeline: 0

* FSM state transitions: 
1 --> 2 
2 --> 3 
3 --> 4 
4 --> 

* FSM state operations: 

State 1 <SV = 0> <Delay = 1.24>
ST_1 : Operation 7 [1/1] (0.00ns)   --->   "%b = alloca i32 1"   --->   Operation 7 'alloca' 'b' <Predicate = true> <Delay = 0.00>
ST_1 : Operation 8 [1/1] (0.00ns)   --->   "%ret_V_3 = alloca i32 1"   --->   Operation 8 'alloca' 'ret_V_3' <Predicate = true> <Delay = 0.00>
ST_1 : Operation 9 [1/1] (0.00ns)   --->   "%specmemcore_ln0 = specmemcore void @_ssdm_op_SpecMemCore, i32 %crcTables_15, i64 666, i64 18, i64 18446744073709551615"   --->   Operation 9 'specmemcore' 'specmemcore_ln0' <Predicate = true> <Delay = 0.00>
ST_1 : Operation 10 [1/1] (0.00ns)   --->   "%specmemcore_ln0 = specmemcore void @_ssdm_op_SpecMemCore, i32 %crcTables_14, i64 666, i64 18, i64 18446744073709551615"   --->   Operation 10 'specmemcore' 'specmemcore_ln0' <Predicate = true> <Delay = 0.00>
ST_1 : Operation 11 [1/1] (0.00ns)   --->   "%specmemcore_ln0 = specmemcore void @_ssdm_op_SpecMemCore, i32 %crcTables_13, i64 666, i64 18, i64 18446744073709551615"   --->   Operation 11 'specmemcore' 'specmemcore_ln0' <Predicate = true> <Delay = 0.00>
ST_1 : Operation 12 [1/1] (0.00ns)   --->   "%specmemcore_ln0 = specmemcore void @_ssdm_op_SpecMemCore, i32 %crcTables_12, i64 666, i64 18, i64 18446744073709551615"   --->   Operation 12 'specmemcore' 'specmemcore_ln0' <Predicate = true> <Delay = 0.00>
ST_1 : Operation 13 [1/1] (0.00ns)   --->   "%specmemcore_ln0 = specmemcore void @_ssdm_op_SpecMemCore, i32 %crcTables_11, i64 666, i64 18, i64 18446744073709551615"   --->   Operation 13 'specmemcore' 'specmemcore_ln0' <Predicate = true> <Delay = 0.00>
ST_1 : Operation 14 [1/1] (0.00ns)   --->   "%specmemcore_ln0 = specmemcore void @_ssdm_op_SpecMemCore, i32 %crcTables_10, i64 666, i64 18, i64 18446744073709551615"   --->   Operation 14 'specmemcore' 'specmemcore_ln0' <Predicate = true> <Delay = 0.00>
ST_1 : Operation 15 [1/1] (0.00ns)   --->   "%specmemcore_ln0 = specmemcore void @_ssdm_op_SpecMemCore, i32 %crcTables_9, i64 666, i64 18, i64 18446744073709551615"   --->   Operation 15 'specmemcore' 'specmemcore_ln0' <Predicate = true> <Delay = 0.00>
ST_1 : Operation 16 [1/1] (0.00ns)   --->   "%specmemcore_ln0 = specmemcore void @_ssdm_op_SpecMemCore, i32 %crcTables_8, i64 666, i64 18, i64 18446744073709551615"   --->   Operation 16 'specmemcore' 'specmemcore_ln0' <Predicate = true> <Delay = 0.00>
ST_1 : Operation 17 [1/1] (0.00ns)   --->   "%specmemcore_ln0 = specmemcore void @_ssdm_op_SpecMemCore, i32 %crcTables_7, i64 666, i64 18, i64 18446744073709551615"   --->   Operation 17 'specmemcore' 'specmemcore_ln0' <Predicate = true> <Delay = 0.00>
ST_1 : Operation 18 [1/1] (0.00ns)   --->   "%specmemcore_ln0 = specmemcore void @_ssdm_op_SpecMemCore, i32 %crcTables_6, i64 666, i64 18, i64 18446744073709551615"   --->   Operation 18 'specmemcore' 'specmemcore_ln0' <Predicate = true> <Delay = 0.00>
ST_1 : Operation 19 [1/1] (0.00ns)   --->   "%specmemcore_ln0 = specmemcore void @_ssdm_op_SpecMemCore, i32 %crcTables_5, i64 666, i64 18, i64 18446744073709551615"   --->   Operation 19 'specmemcore' 'specmemcore_ln0' <Predicate = true> <Delay = 0.00>
ST_1 : Operation 20 [1/1] (0.00ns)   --->   "%specmemcore_ln0 = specmemcore void @_ssdm_op_SpecMemCore, i32 %crcTables_4, i64 666, i64 18, i64 18446744073709551615"   --->   Operation 20 'specmemcore' 'specmemcore_ln0' <Predicate = true> <Delay = 0.00>
ST_1 : Operation 21 [1/1] (0.00ns)   --->   "%specmemcore_ln0 = specmemcore void @_ssdm_op_SpecMemCore, i32 %crcTables_3, i64 666, i64 18, i64 18446744073709551615"   --->   Operation 21 'specmemcore' 'specmemcore_ln0' <Predicate = true> <Delay = 0.00>
ST_1 : Operation 22 [1/1] (0.00ns)   --->   "%specmemcore_ln0 = specmemcore void @_ssdm_op_SpecMemCore, i32 %crcTables_2, i64 666, i64 18, i64 18446744073709551615"   --->   Operation 22 'specmemcore' 'specmemcore_ln0' <Predicate = true> <Delay = 0.00>
ST_1 : Operation 23 [1/1] (0.00ns)   --->   "%specmemcore_ln0 = specmemcore void @_ssdm_op_SpecMemCore, i32 %crcTables_1, i64 666, i64 18, i64 18446744073709551615"   --->   Operation 23 'specmemcore' 'specmemcore_ln0' <Predicate = true> <Delay = 0.00>
ST_1 : Operation 24 [1/1] (0.00ns)   --->   "%specmemcore_ln0 = specmemcore void @_ssdm_op_SpecMemCore, i32 %crcTables_0, i64 666, i64 18, i64 18446744073709551615"   --->   Operation 24 'specmemcore' 'specmemcore_ln0' <Predicate = true> <Delay = 0.00>
ST_1 : Operation 25 [1/1] (0.00ns)   --->   "%specinterface_ln0 = specinterface void @_ssdm_op_SpecInterface, i8 %inByte1532, void @empty_3, i32 0, i32 0, void @empty_23, i32 0, i32 0, void @empty_23, void @empty_23, void @empty_23, i32 0, i32 0, i32 0, i32 0, void @empty_23, void @empty_23, i32 4294967295, i32 0"   --->   Operation 25 'specinterface' 'specinterface_ln0' <Predicate = true> <Delay = 0.00>
ST_1 : Operation 26 [1/1] (0.00ns)   --->   "%specinterface_ln0 = specinterface void @_ssdm_op_SpecInterface, i8 %inByte1431, void @empty_3, i32 0, i32 0, void @empty_23, i32 0, i32 0, void @empty_23, void @empty_23, void @empty_23, i32 0, i32 0, i32 0, i32 0, void @empty_23, void @empty_23, i32 4294967295, i32 0"   --->   Operation 26 'specinterface' 'specinterface_ln0' <Predicate = true> <Delay = 0.00>
ST_1 : Operation 27 [1/1] (0.00ns)   --->   "%specinterface_ln0 = specinterface void @_ssdm_op_SpecInterface, i8 %inByte1330, void @empty_3, i32 0, i32 0, void @empty_23, i32 0, i32 0, void @empty_23, void @empty_23, void @empty_23, i32 0, i32 0, i32 0, i32 0, void @empty_23, void @empty_23, i32 4294967295, i32 0"   --->   Operation 27 'specinterface' 'specinterface_ln0' <Predicate = true> <Delay = 0.00>
ST_1 : Operation 28 [1/1] (0.00ns)   --->   "%specinterface_ln0 = specinterface void @_ssdm_op_SpecInterface, i8 %inByte1229, void @empty_3, i32 0, i32 0, void @empty_23, i32 0, i32 0, void @empty_23, void @empty_23, void @empty_23, i32 0, i32 0, i32 0, i32 0, void @empty_23, void @empty_23, i32 4294967295, i32 0"   --->   Operation 28 'specinterface' 'specinterface_ln0' <Predicate = true> <Delay = 0.00>
ST_1 : Operation 29 [1/1] (0.00ns)   --->   "%specinterface_ln0 = specinterface void @_ssdm_op_SpecInterface, i8 %inByte1128, void @empty_3, i32 0, i32 0, void @empty_23, i32 0, i32 0, void @empty_23, void @empty_23, void @empty_23, i32 0, i32 0, i32 0, i32 0, void @empty_23, void @empty_23, i32 4294967295, i32 0"   --->   Operation 29 'specinterface' 'specinterface_ln0' <Predicate = true> <Delay = 0.00>
ST_1 : Operation 30 [1/1] (0.00ns)   --->   "%specinterface_ln0 = specinterface void @_ssdm_op_SpecInterface, i8 %inByte1027, void @empty_3, i32 0, i32 0, void @empty_23, i32 0, i32 0, void @empty_23, void @empty_23, void @empty_23, i32 0, i32 0, i32 0, i32 0, void @empty_23, void @empty_23, i32 4294967295, i32 0"   --->   Operation 30 'specinterface' 'specinterface_ln0' <Predicate = true> <Delay = 0.00>
ST_1 : Operation 31 [1/1] (0.00ns)   --->   "%specinterface_ln0 = specinterface void @_ssdm_op_SpecInterface, i8 %inByte926, void @empty_3, i32 0, i32 0, void @empty_23, i32 0, i32 0, void @empty_23, void @empty_23, void @empty_23, i32 0, i32 0, i32 0, i32 0, void @empty_23, void @empty_23, i32 4294967295, i32 0"   --->   Operation 31 'specinterface' 'specinterface_ln0' <Predicate = true> <Delay = 0.00>
ST_1 : Operation 32 [1/1] (0.00ns)   --->   "%specinterface_ln0 = specinterface void @_ssdm_op_SpecInterface, i8 %inByte825, void @empty_3, i32 0, i32 0, void @empty_23, i32 0, i32 0, void @empty_23, void @empty_23, void @empty_23, i32 0, i32 0, i32 0, i32 0, void @empty_23, void @empty_23, i32 4294967295, i32 0"   --->   Operation 32 'specinterface' 'specinterface_ln0' <Predicate = true> <Delay = 0.00>
ST_1 : Operation 33 [1/1] (0.00ns)   --->   "%specinterface_ln0 = specinterface void @_ssdm_op_SpecInterface, i8 %inByte724, void @empty_3, i32 0, i32 0, void @empty_23, i32 0, i32 0, void @empty_23, void @empty_23, void @empty_23, i32 0, i32 0, i32 0, i32 0, void @empty_23, void @empty_23, i32 4294967295, i32 0"   --->   Operation 33 'specinterface' 'specinterface_ln0' <Predicate = true> <Delay = 0.00>
ST_1 : Operation 34 [1/1] (0.00ns)   --->   "%specinterface_ln0 = specinterface void @_ssdm_op_SpecInterface, i8 %inByte623, void @empty_3, i32 0, i32 0, void @empty_23, i32 0, i32 0, void @empty_23, void @empty_23, void @empty_23, i32 0, i32 0, i32 0, i32 0, void @empty_23, void @empty_23, i32 4294967295, i32 0"   --->   Operation 34 'specinterface' 'specinterface_ln0' <Predicate = true> <Delay = 0.00>
ST_1 : Operation 35 [1/1] (0.00ns)   --->   "%specinterface_ln0 = specinterface void @_ssdm_op_SpecInterface, i8 %inByte522, void @empty_3, i32 0, i32 0, void @empty_23, i32 0, i32 0, void @empty_23, void @empty_23, void @empty_23, i32 0, i32 0, i32 0, i32 0, void @empty_23, void @empty_23, i32 4294967295, i32 0"   --->   Operation 35 'specinterface' 'specinterface_ln0' <Predicate = true> <Delay = 0.00>
ST_1 : Operation 36 [1/1] (0.00ns)   --->   "%specinterface_ln0 = specinterface void @_ssdm_op_SpecInterface, i8 %inByte421, void @empty_3, i32 0, i32 0, void @empty_23, i32 0, i32 0, void @empty_23, void @empty_23, void @empty_23, i32 0, i32 0, i32 0, i32 0, void @empty_23, void @empty_23, i32 4294967295, i32 0"   --->   Operation 36 'specinterface' 'specinterface_ln0' <Predicate = true> <Delay = 0.00>
ST_1 : Operation 37 [1/1] (0.00ns)   --->   "%specinterface_ln0 = specinterface void @_ssdm_op_SpecInterface, i8 %inByte320, void @empty_3, i32 0, i32 0, void @empty_23, i32 0, i32 0, void @empty_23, void @empty_23, void @empty_23, i32 0, i32 0, i32 0, i32 0, void @empty_23, void @empty_23, i32 4294967295, i32 0"   --->   Operation 37 'specinterface' 'specinterface_ln0' <Predicate = true> <Delay = 0.00>
ST_1 : Operation 38 [1/1] (0.00ns)   --->   "%specinterface_ln0 = specinterface void @_ssdm_op_SpecInterface, i8 %inByte219, void @empty_3, i32 0, i32 0, void @empty_23, i32 0, i32 0, void @empty_23, void @empty_23, void @empty_23, i32 0, i32 0, i32 0, i32 0, void @empty_23, void @empty_23, i32 4294967295, i32 0"   --->   Operation 38 'specinterface' 'specinterface_ln0' <Predicate = true> <Delay = 0.00>
ST_1 : Operation 39 [1/1] (0.00ns)   --->   "%specinterface_ln0 = specinterface void @_ssdm_op_SpecInterface, i8 %inByte118, void @empty_3, i32 0, i32 0, void @empty_23, i32 0, i32 0, void @empty_23, void @empty_23, void @empty_23, i32 0, i32 0, i32 0, i32 0, void @empty_23, void @empty_23, i32 4294967295, i32 0"   --->   Operation 39 'specinterface' 'specinterface_ln0' <Predicate = true> <Delay = 0.00>
ST_1 : Operation 40 [1/1] (0.00ns)   --->   "%specinterface_ln0 = specinterface void @_ssdm_op_SpecInterface, i8 %inByte017, void @empty_3, i32 0, i32 0, void @empty_23, i32 0, i32 0, void @empty_23, void @empty_23, void @empty_23, i32 0, i32 0, i32 0, i32 0, void @empty_23, void @empty_23, i32 4294967295, i32 0"   --->   Operation 40 'specinterface' 'specinterface_ln0' <Predicate = true> <Delay = 0.00>
ST_1 : Operation 41 [1/1] (0.00ns)   --->   "%mask_read = read i32 @_ssdm_op_Read.ap_auto.i32, i32 %mask" [/home/efrink/mled/split_cu/U280_CRC_Accelerator/src/kernel.cpp:377]   --->   Operation 41 'read' 'mask_read' <Predicate = true> <Delay = 0.00>
ST_1 : Operation 42 [1/1] (0.00ns)   --->   "%blocks_in_chunk_read = read i28 @_ssdm_op_Read.ap_auto.i28, i28 %blocks_in_chunk" [/home/efrink/mled/split_cu/U280_CRC_Accelerator/src/kernel.cpp:377]   --->   Operation 42 'read' 'blocks_in_chunk_read' <Predicate = true> <Delay = 0.00>
ST_1 : Operation 43 [1/1] (0.00ns)   --->   "%crc_read = read i32 @_ssdm_op_Read.ap_auto.i32, i32 %crc" [/home/efrink/mled/split_cu/U280_CRC_Accelerator/src/kernel.cpp:377]   --->   Operation 43 'read' 'crc_read' <Predicate = true> <Delay = 0.00>
ST_1 : Operation 44 [1/1] (0.38ns)   --->   "%store_ln377 = store i32 %crc_read, i32 %ret_V_3" [/home/efrink/mled/split_cu/U280_CRC_Accelerator/src/kernel.cpp:377]   --->   Operation 44 'store' 'store_ln377' <Predicate = true> <Delay = 0.38>
ST_1 : Operation 45 [1/1] (0.38ns)   --->   "%store_ln0 = store i28 0, i28 %b"   --->   Operation 45 'store' 'store_ln0' <Predicate = true> <Delay = 0.38>
ST_1 : Operation 46 [1/1] (0.00ns)   --->   "%br_ln0 = br void %for.inc"   --->   Operation 46 'br' 'br_ln0' <Predicate = true> <Delay = 0.00>
ST_1 : Operation 47 [1/1] (0.00ns)   --->   "%b_load = load i28 %b" [/home/efrink/mled/split_cu/U280_CRC_Accelerator/src/kernel.cpp:391]   --->   Operation 47 'load' 'b_load' <Predicate = true> <Delay = 0.00>
ST_1 : Operation 48 [1/1] (0.81ns)   --->   "%icmp_ln391 = icmp_eq  i28 %b_load, i28 %blocks_in_chunk_read" [/home/efrink/mled/split_cu/U280_CRC_Accelerator/src/kernel.cpp:391]   --->   Operation 48 'icmp' 'icmp_ln391' <Predicate = true> <Delay = 0.81> <CoreInst = "Cmp">   --->   Core 9 'Cmp' <Latency = 0> <II = 1> <Delay = 0.81> <FuncUnit> <Opcode : 'icmp'> <InPorts = 2> <OutPorts = 1>
ST_1 : Operation 49 [1/1] (0.00ns)   --->   "%empty = speclooptripcount i32 @_ssdm_op_SpecLoopTripCount, i64 1, i64 18446744073709551615, i64 0"   --->   Operation 49 'speclooptripcount' 'empty' <Predicate = true> <Delay = 0.00>
ST_1 : Operation 50 [1/1] (0.85ns)   --->   "%add_ln391 = add i28 %b_load, i28 1" [/home/efrink/mled/split_cu/U280_CRC_Accelerator/src/kernel.cpp:391]   --->   Operation 50 'add' 'add_ln391' <Predicate = true> <Delay = 0.85> <CoreInst = "Adder">   --->   Core 1 'Adder' <Latency = 0> <II = 1> <Delay = 0.85> <FuncUnit> <Opcode : 'add' 'sub'> <InPorts = 2> <OutPorts = 1>
ST_1 : Operation 51 [1/1] (0.00ns)   --->   "%br_ln391 = br i1 %icmp_ln391, void %for.inc.split, void %for.end.loopexit.exitStub" [/home/efrink/mled/split_cu/U280_CRC_Accelerator/src/kernel.cpp:391]   --->   Operation 51 'br' 'br_ln391' <Predicate = true> <Delay = 0.00>
ST_1 : Operation 52 [1/1] (0.38ns)   --->   "%store_ln391 = store i28 %add_ln391, i28 %b" [/home/efrink/mled/split_cu/U280_CRC_Accelerator/src/kernel.cpp:391]   --->   Operation 52 'store' 'store_ln391' <Predicate = (!icmp_ln391)> <Delay = 0.38>

State 2 <SV = 1> <Delay = 2.41>
ST_2 : Operation 53 [1/1] (1.21ns)   --->   "%b0_V = read i8 @_ssdm_op_Read.ap_fifo.volatile.i8P0A, i8 %inByte017" [/packages/apps/fpga/Vitis_HLS/2022.1/common/technology/autopilot/hls_stream_39.h:145]   --->   Operation 53 'read' 'b0_V' <Predicate = true> <Delay = 1.21> <CoreInst = "FIFO_SRL">   --->   Core 81 'FIFO_SRL' <Latency = 0> <II = 1> <Delay = 1.35> <Storage> <Opcode : 'read' 'write' 'nbread' 'nbwrite'> <Ports = 0> <Width = 8> <Depth = 64> <FIFO>
ST_2 : Operation 54 [1/1] (1.21ns)   --->   "%b1_V = read i8 @_ssdm_op_Read.ap_fifo.volatile.i8P0A, i8 %inByte118" [/packages/apps/fpga/Vitis_HLS/2022.1/common/technology/autopilot/hls_stream_39.h:145]   --->   Operation 54 'read' 'b1_V' <Predicate = true> <Delay = 1.21> <CoreInst = "FIFO_SRL">   --->   Core 81 'FIFO_SRL' <Latency = 0> <II = 1> <Delay = 1.35> <Storage> <Opcode : 'read' 'write' 'nbread' 'nbwrite'> <Ports = 0> <Width = 8> <Depth = 64> <FIFO>
ST_2 : Operation 55 [1/1] (1.21ns)   --->   "%b2_V = read i8 @_ssdm_op_Read.ap_fifo.volatile.i8P0A, i8 %inByte219" [/packages/apps/fpga/Vitis_HLS/2022.1/common/technology/autopilot/hls_stream_39.h:145]   --->   Operation 55 'read' 'b2_V' <Predicate = true> <Delay = 1.21> <CoreInst = "FIFO_SRL">   --->   Core 81 'FIFO_SRL' <Latency = 0> <II = 1> <Delay = 1.35> <Storage> <Opcode : 'read' 'write' 'nbread' 'nbwrite'> <Ports = 0> <Width = 8> <Depth = 64> <FIFO>
ST_2 : Operation 56 [1/1] (1.21ns)   --->   "%b3_V = read i8 @_ssdm_op_Read.ap_fifo.volatile.i8P0A, i8 %inByte320" [/packages/apps/fpga/Vitis_HLS/2022.1/common/technology/autopilot/hls_stream_39.h:145]   --->   Operation 56 'read' 'b3_V' <Predicate = true> <Delay = 1.21> <CoreInst = "FIFO_SRL">   --->   Core 81 'FIFO_SRL' <Latency = 0> <II = 1> <Delay = 1.35> <Storage> <Opcode : 'read' 'write' 'nbread' 'nbwrite'> <Ports = 0> <Width = 8> <Depth = 64> <FIFO>
ST_2 : Operation 57 [1/1] (1.21ns)   --->   "%b4_V = read i8 @_ssdm_op_Read.ap_fifo.volatile.i8P0A, i8 %inByte421" [/packages/apps/fpga/Vitis_HLS/2022.1/common/technology/autopilot/hls_stream_39.h:145]   --->   Operation 57 'read' 'b4_V' <Predicate = true> <Delay = 1.21> <CoreInst = "FIFO_SRL">   --->   Core 81 'FIFO_SRL' <Latency = 0> <II = 1> <Delay = 1.35> <Storage> <Opcode : 'read' 'write' 'nbread' 'nbwrite'> <Ports = 0> <Width = 8> <Depth = 64> <FIFO>
ST_2 : Operation 58 [1/1] (1.21ns)   --->   "%b5_V = read i8 @_ssdm_op_Read.ap_fifo.volatile.i8P0A, i8 %inByte522" [/packages/apps/fpga/Vitis_HLS/2022.1/common/technology/autopilot/hls_stream_39.h:145]   --->   Operation 58 'read' 'b5_V' <Predicate = true> <Delay = 1.21> <CoreInst = "FIFO_SRL">   --->   Core 81 'FIFO_SRL' <Latency = 0> <II = 1> <Delay = 1.35> <Storage> <Opcode : 'read' 'write' 'nbread' 'nbwrite'> <Ports = 0> <Width = 8> <Depth = 64> <FIFO>
ST_2 : Operation 59 [1/1] (1.21ns)   --->   "%b6_V = read i8 @_ssdm_op_Read.ap_fifo.volatile.i8P0A, i8 %inByte623" [/packages/apps/fpga/Vitis_HLS/2022.1/common/technology/autopilot/hls_stream_39.h:145]   --->   Operation 59 'read' 'b6_V' <Predicate = true> <Delay = 1.21> <CoreInst = "FIFO_SRL">   --->   Core 81 'FIFO_SRL' <Latency = 0> <II = 1> <Delay = 1.35> <Storage> <Opcode : 'read' 'write' 'nbread' 'nbwrite'> <Ports = 0> <Width = 8> <Depth = 64> <FIFO>
ST_2 : Operation 60 [1/1] (1.21ns)   --->   "%b7_V = read i8 @_ssdm_op_Read.ap_fifo.volatile.i8P0A, i8 %inByte724" [/packages/apps/fpga/Vitis_HLS/2022.1/common/technology/autopilot/hls_stream_39.h:145]   --->   Operation 60 'read' 'b7_V' <Predicate = true> <Delay = 1.21> <CoreInst = "FIFO_SRL">   --->   Core 81 'FIFO_SRL' <Latency = 0> <II = 1> <Delay = 1.35> <Storage> <Opcode : 'read' 'write' 'nbread' 'nbwrite'> <Ports = 0> <Width = 8> <Depth = 64> <FIFO>
ST_2 : Operation 61 [1/1] (1.21ns)   --->   "%b8_V = read i8 @_ssdm_op_Read.ap_fifo.volatile.i8P0A, i8 %inByte825" [/packages/apps/fpga/Vitis_HLS/2022.1/common/technology/autopilot/hls_stream_39.h:145]   --->   Operation 61 'read' 'b8_V' <Predicate = true> <Delay = 1.21> <CoreInst = "FIFO_SRL">   --->   Core 81 'FIFO_SRL' <Latency = 0> <II = 1> <Delay = 1.35> <Storage> <Opcode : 'read' 'write' 'nbread' 'nbwrite'> <Ports = 0> <Width = 8> <Depth = 64> <FIFO>
ST_2 : Operation 62 [1/1] (1.21ns)   --->   "%b9_V = read i8 @_ssdm_op_Read.ap_fifo.volatile.i8P0A, i8 %inByte926" [/packages/apps/fpga/Vitis_HLS/2022.1/common/technology/autopilot/hls_stream_39.h:145]   --->   Operation 62 'read' 'b9_V' <Predicate = true> <Delay = 1.21> <CoreInst = "FIFO_SRL">   --->   Core 81 'FIFO_SRL' <Latency = 0> <II = 1> <Delay = 1.35> <Storage> <Opcode : 'read' 'write' 'nbread' 'nbwrite'> <Ports = 0> <Width = 8> <Depth = 64> <FIFO>
ST_2 : Operation 63 [1/1] (1.21ns)   --->   "%b10_V = read i8 @_ssdm_op_Read.ap_fifo.volatile.i8P0A, i8 %inByte1027" [/packages/apps/fpga/Vitis_HLS/2022.1/common/technology/autopilot/hls_stream_39.h:145]   --->   Operation 63 'read' 'b10_V' <Predicate = true> <Delay = 1.21> <CoreInst = "FIFO_SRL">   --->   Core 81 'FIFO_SRL' <Latency = 0> <II = 1> <Delay = 1.35> <Storage> <Opcode : 'read' 'write' 'nbread' 'nbwrite'> <Ports = 0> <Width = 8> <Depth = 64> <FIFO>
ST_2 : Operation 64 [1/1] (1.21ns)   --->   "%b11_V = read i8 @_ssdm_op_Read.ap_fifo.volatile.i8P0A, i8 %inByte1128" [/packages/apps/fpga/Vitis_HLS/2022.1/common/technology/autopilot/hls_stream_39.h:145]   --->   Operation 64 'read' 'b11_V' <Predicate = true> <Delay = 1.21> <CoreInst = "FIFO_SRL">   --->   Core 81 'FIFO_SRL' <Latency = 0> <II = 1> <Delay = 1.35> <Storage> <Opcode : 'read' 'write' 'nbread' 'nbwrite'> <Ports = 0> <Width = 8> <Depth = 64> <FIFO>
ST_2 : Operation 65 [1/1] (1.21ns)   --->   "%b12_V = read i8 @_ssdm_op_Read.ap_fifo.volatile.i8P0A, i8 %inByte1229" [/packages/apps/fpga/Vitis_HLS/2022.1/common/technology/autopilot/hls_stream_39.h:145]   --->   Operation 65 'read' 'b12_V' <Predicate = true> <Delay = 1.21> <CoreInst = "FIFO_SRL">   --->   Core 81 'FIFO_SRL' <Latency = 0> <II = 1> <Delay = 1.35> <Storage> <Opcode : 'read' 'write' 'nbread' 'nbwrite'> <Ports = 0> <Width = 8> <Depth = 64> <FIFO>
ST_2 : Operation 66 [1/1] (1.21ns)   --->   "%b13_V = read i8 @_ssdm_op_Read.ap_fifo.volatile.i8P0A, i8 %inByte1330" [/packages/apps/fpga/Vitis_HLS/2022.1/common/technology/autopilot/hls_stream_39.h:145]   --->   Operation 66 'read' 'b13_V' <Predicate = true> <Delay = 1.21> <CoreInst = "FIFO_SRL">   --->   Core 81 'FIFO_SRL' <Latency = 0> <II = 1> <Delay = 1.35> <Storage> <Opcode : 'read' 'write' 'nbread' 'nbwrite'> <Ports = 0> <Width = 8> <Depth = 64> <FIFO>
ST_2 : Operation 67 [1/1] (1.21ns)   --->   "%b14_V = read i8 @_ssdm_op_Read.ap_fifo.volatile.i8P0A, i8 %inByte1431" [/packages/apps/fpga/Vitis_HLS/2022.1/common/technology/autopilot/hls_stream_39.h:145]   --->   Operation 67 'read' 'b14_V' <Predicate = true> <Delay = 1.21> <CoreInst = "FIFO_SRL">   --->   Core 81 'FIFO_SRL' <Latency = 0> <II = 1> <Delay = 1.35> <Storage> <Opcode : 'read' 'write' 'nbread' 'nbwrite'> <Ports = 0> <Width = 8> <Depth = 64> <FIFO>
ST_2 : Operation 68 [1/1] (1.21ns)   --->   "%b15_V = read i8 @_ssdm_op_Read.ap_fifo.volatile.i8P0A, i8 %inByte1532" [/packages/apps/fpga/Vitis_HLS/2022.1/common/technology/autopilot/hls_stream_39.h:145]   --->   Operation 68 'read' 'b15_V' <Predicate = true> <Delay = 1.21> <CoreInst = "FIFO_SRL">   --->   Core 81 'FIFO_SRL' <Latency = 0> <II = 1> <Delay = 1.35> <Storage> <Opcode : 'read' 'write' 'nbread' 'nbwrite'> <Ports = 0> <Width = 8> <Depth = 64> <FIFO>
ST_2 : Operation 69 [1/1] (0.00ns)   --->   "%zext_ln587_4 = zext i8 %b4_V"   --->   Operation 69 'zext' 'zext_ln587_4' <Predicate = true> <Delay = 0.00>
ST_2 : Operation 70 [1/1] (0.00ns)   --->   "%crcTables_4_addr = getelementptr i32 %crcTables_4, i64 0, i64 %zext_ln587_4" [/home/efrink/mled/split_cu/U280_CRC_Accelerator/src/kernel.cpp:416]   --->   Operation 70 'getelementptr' 'crcTables_4_addr' <Predicate = true> <Delay = 0.00>
ST_2 : Operation 71 [2/2] (1.19ns)   --->   "%crcTables_4_load = load i8 %crcTables_4_addr" [/home/efrink/mled/split_cu/U280_CRC_Accelerator/src/kernel.cpp:416]   --->   Operation 71 'load' 'crcTables_4_load' <Predicate = true> <Delay = 1.19> <CoreInst = "RAM_1P_BRAM">   --->   Core 90 'RAM_1P_BRAM' <Latency = 1> <II = 1> <Delay = 1.19> <Storage> <Opcode : 'load' 'store'> <Ports = 1> <Width = 32> <Depth = 256> <RAM>
ST_2 : Operation 72 [1/1] (0.00ns)   --->   "%zext_ln587_5 = zext i8 %b5_V"   --->   Operation 72 'zext' 'zext_ln587_5' <Predicate = true> <Delay = 0.00>
ST_2 : Operation 73 [1/1] (0.00ns)   --->   "%crcTables_5_addr = getelementptr i32 %crcTables_5, i64 0, i64 %zext_ln587_5" [/home/efrink/mled/split_cu/U280_CRC_Accelerator/src/kernel.cpp:416]   --->   Operation 73 'getelementptr' 'crcTables_5_addr' <Predicate = true> <Delay = 0.00>
ST_2 : Operation 74 [2/2] (1.19ns)   --->   "%crcTables_5_load = load i8 %crcTables_5_addr" [/home/efrink/mled/split_cu/U280_CRC_Accelerator/src/kernel.cpp:416]   --->   Operation 74 'load' 'crcTables_5_load' <Predicate = true> <Delay = 1.19> <CoreInst = "RAM_1P_BRAM">   --->   Core 90 'RAM_1P_BRAM' <Latency = 1> <II = 1> <Delay = 1.19> <Storage> <Opcode : 'load' 'store'> <Ports = 1> <Width = 32> <Depth = 256> <RAM>
ST_2 : Operation 75 [1/1] (0.00ns)   --->   "%zext_ln587_6 = zext i8 %b6_V"   --->   Operation 75 'zext' 'zext_ln587_6' <Predicate = true> <Delay = 0.00>
ST_2 : Operation 76 [1/1] (0.00ns)   --->   "%crcTables_6_addr = getelementptr i32 %crcTables_6, i64 0, i64 %zext_ln587_6" [/home/efrink/mled/split_cu/U280_CRC_Accelerator/src/kernel.cpp:417]   --->   Operation 76 'getelementptr' 'crcTables_6_addr' <Predicate = true> <Delay = 0.00>
ST_2 : Operation 77 [2/2] (1.19ns)   --->   "%crcTables_6_load = load i8 %crcTables_6_addr" [/home/efrink/mled/split_cu/U280_CRC_Accelerator/src/kernel.cpp:417]   --->   Operation 77 'load' 'crcTables_6_load' <Predicate = true> <Delay = 1.19> <CoreInst = "RAM_1P_BRAM">   --->   Core 90 'RAM_1P_BRAM' <Latency = 1> <II = 1> <Delay = 1.19> <Storage> <Opcode : 'load' 'store'> <Ports = 1> <Width = 32> <Depth = 256> <RAM>
ST_2 : Operation 78 [1/1] (0.00ns)   --->   "%zext_ln587_7 = zext i8 %b7_V"   --->   Operation 78 'zext' 'zext_ln587_7' <Predicate = true> <Delay = 0.00>
ST_2 : Operation 79 [1/1] (0.00ns)   --->   "%crcTables_7_addr = getelementptr i32 %crcTables_7, i64 0, i64 %zext_ln587_7" [/home/efrink/mled/split_cu/U280_CRC_Accelerator/src/kernel.cpp:417]   --->   Operation 79 'getelementptr' 'crcTables_7_addr' <Predicate = true> <Delay = 0.00>
ST_2 : Operation 80 [2/2] (1.19ns)   --->   "%crcTables_7_load = load i8 %crcTables_7_addr" [/home/efrink/mled/split_cu/U280_CRC_Accelerator/src/kernel.cpp:417]   --->   Operation 80 'load' 'crcTables_7_load' <Predicate = true> <Delay = 1.19> <CoreInst = "RAM_1P_BRAM">   --->   Core 90 'RAM_1P_BRAM' <Latency = 1> <II = 1> <Delay = 1.19> <Storage> <Opcode : 'load' 'store'> <Ports = 1> <Width = 32> <Depth = 256> <RAM>
ST_2 : Operation 81 [1/1] (0.00ns)   --->   "%zext_ln587_8 = zext i8 %b8_V"   --->   Operation 81 'zext' 'zext_ln587_8' <Predicate = true> <Delay = 0.00>
ST_2 : Operation 82 [1/1] (0.00ns)   --->   "%crcTables_8_addr = getelementptr i32 %crcTables_8, i64 0, i64 %zext_ln587_8" [/home/efrink/mled/split_cu/U280_CRC_Accelerator/src/kernel.cpp:418]   --->   Operation 82 'getelementptr' 'crcTables_8_addr' <Predicate = true> <Delay = 0.00>
ST_2 : Operation 83 [2/2] (1.19ns)   --->   "%crcTables_8_load = load i8 %crcTables_8_addr" [/home/efrink/mled/split_cu/U280_CRC_Accelerator/src/kernel.cpp:418]   --->   Operation 83 'load' 'crcTables_8_load' <Predicate = true> <Delay = 1.19> <CoreInst = "RAM_1P_BRAM">   --->   Core 90 'RAM_1P_BRAM' <Latency = 1> <II = 1> <Delay = 1.19> <Storage> <Opcode : 'load' 'store'> <Ports = 1> <Width = 32> <Depth = 256> <RAM>
ST_2 : Operation 84 [1/1] (0.00ns)   --->   "%zext_ln587_9 = zext i8 %b9_V"   --->   Operation 84 'zext' 'zext_ln587_9' <Predicate = true> <Delay = 0.00>
ST_2 : Operation 85 [1/1] (0.00ns)   --->   "%crcTables_9_addr = getelementptr i32 %crcTables_9, i64 0, i64 %zext_ln587_9" [/home/efrink/mled/split_cu/U280_CRC_Accelerator/src/kernel.cpp:418]   --->   Operation 85 'getelementptr' 'crcTables_9_addr' <Predicate = true> <Delay = 0.00>
ST_2 : Operation 86 [2/2] (1.19ns)   --->   "%crcTables_9_load = load i8 %crcTables_9_addr" [/home/efrink/mled/split_cu/U280_CRC_Accelerator/src/kernel.cpp:418]   --->   Operation 86 'load' 'crcTables_9_load' <Predicate = true> <Delay = 1.19> <CoreInst = "RAM_1P_BRAM">   --->   Core 90 'RAM_1P_BRAM' <Latency = 1> <II = 1> <Delay = 1.19> <Storage> <Opcode : 'load' 'store'> <Ports = 1> <Width = 32> <Depth = 256> <RAM>
ST_2 : Operation 87 [1/1] (0.00ns)   --->   "%zext_ln587_10 = zext i8 %b10_V"   --->   Operation 87 'zext' 'zext_ln587_10' <Predicate = true> <Delay = 0.00>
ST_2 : Operation 88 [1/1] (0.00ns)   --->   "%crcTables_10_addr = getelementptr i32 %crcTables_10, i64 0, i64 %zext_ln587_10" [/home/efrink/mled/split_cu/U280_CRC_Accelerator/src/kernel.cpp:419]   --->   Operation 88 'getelementptr' 'crcTables_10_addr' <Predicate = true> <Delay = 0.00>
ST_2 : Operation 89 [2/2] (1.19ns)   --->   "%crcTables_10_load = load i8 %crcTables_10_addr" [/home/efrink/mled/split_cu/U280_CRC_Accelerator/src/kernel.cpp:419]   --->   Operation 89 'load' 'crcTables_10_load' <Predicate = true> <Delay = 1.19> <CoreInst = "RAM_1P_BRAM">   --->   Core 90 'RAM_1P_BRAM' <Latency = 1> <II = 1> <Delay = 1.19> <Storage> <Opcode : 'load' 'store'> <Ports = 1> <Width = 32> <Depth = 256> <RAM>
ST_2 : Operation 90 [1/1] (0.00ns)   --->   "%zext_ln587_11 = zext i8 %b11_V"   --->   Operation 90 'zext' 'zext_ln587_11' <Predicate = true> <Delay = 0.00>
ST_2 : Operation 91 [1/1] (0.00ns)   --->   "%crcTables_11_addr = getelementptr i32 %crcTables_11, i64 0, i64 %zext_ln587_11" [/home/efrink/mled/split_cu/U280_CRC_Accelerator/src/kernel.cpp:419]   --->   Operation 91 'getelementptr' 'crcTables_11_addr' <Predicate = true> <Delay = 0.00>
ST_2 : Operation 92 [2/2] (1.19ns)   --->   "%crcTables_11_load = load i8 %crcTables_11_addr" [/home/efrink/mled/split_cu/U280_CRC_Accelerator/src/kernel.cpp:419]   --->   Operation 92 'load' 'crcTables_11_load' <Predicate = true> <Delay = 1.19> <CoreInst = "RAM_1P_BRAM">   --->   Core 90 'RAM_1P_BRAM' <Latency = 1> <II = 1> <Delay = 1.19> <Storage> <Opcode : 'load' 'store'> <Ports = 1> <Width = 32> <Depth = 256> <RAM>

State 3 <SV = 2> <Delay = 1.42>
ST_3 : Operation 93 [1/1] (0.00ns)   --->   "%ret_V_3_load_1 = load i32 %ret_V_3" [/home/efrink/mled/split_cu/U280_CRC_Accelerator/src/kernel.cpp:391]   --->   Operation 93 'load' 'ret_V_3_load_1' <Predicate = true> <Delay = 0.00>
ST_3 : Operation 94 [1/1] (0.00ns)   --->   "%ret_V_15 = trunc i32 %ret_V_3_load_1" [/home/efrink/mled/split_cu/U280_CRC_Accelerator/src/kernel.cpp:391]   --->   Operation 94 'trunc' 'ret_V_15' <Predicate = true> <Delay = 0.00>
ST_3 : Operation 95 [1/1] (0.22ns)   --->   "%ret_V = xor i8 %b0_V, i8 %ret_V_15"   --->   Operation 95 'xor' 'ret_V' <Predicate = true> <Delay = 0.22> <CoreInst = "LogicGate">   --->   Core 74 'LogicGate' <Latency = 0> <II = 1> <Delay = 0.22> <FuncUnit> <Opcode : 'and' 'or' 'xor'> <InPorts = 2> <OutPorts = 1>
ST_3 : Operation 96 [1/1] (0.00ns)   --->   "%zext_ln587 = zext i8 %ret_V"   --->   Operation 96 'zext' 'zext_ln587' <Predicate = true> <Delay = 0.00>
ST_3 : Operation 97 [1/1] (0.00ns)   --->   "%crcTables_0_addr = getelementptr i32 %crcTables_0, i64 0, i64 %zext_ln587" [/home/efrink/mled/split_cu/U280_CRC_Accelerator/src/kernel.cpp:412]   --->   Operation 97 'getelementptr' 'crcTables_0_addr' <Predicate = true> <Delay = 0.00>
ST_3 : Operation 98 [2/2] (1.19ns)   --->   "%crcTables_0_load = load i8 %crcTables_0_addr" [/home/efrink/mled/split_cu/U280_CRC_Accelerator/src/kernel.cpp:412]   --->   Operation 98 'load' 'crcTables_0_load' <Predicate = true> <Delay = 1.19> <CoreInst = "RAM_1P_BRAM">   --->   Core 90 'RAM_1P_BRAM' <Latency = 1> <II = 1> <Delay = 1.19> <Storage> <Opcode : 'load' 'store'> <Ports = 1> <Width = 32> <Depth = 256> <RAM>
ST_3 : Operation 99 [1/1] (0.00ns)   --->   "%ret_V_16 = partselect i8 @_ssdm_op_PartSelect.i8.i32.i32.i32, i32 %ret_V_3_load_1, i32 8, i32 15"   --->   Operation 99 'partselect' 'ret_V_16' <Predicate = true> <Delay = 0.00>
ST_3 : Operation 100 [1/1] (0.22ns)   --->   "%ret_V_10 = xor i8 %b1_V, i8 %ret_V_16"   --->   Operation 100 'xor' 'ret_V_10' <Predicate = true> <Delay = 0.22> <CoreInst = "LogicGate">   --->   Core 74 'LogicGate' <Latency = 0> <II = 1> <Delay = 0.22> <FuncUnit> <Opcode : 'and' 'or' 'xor'> <InPorts = 2> <OutPorts = 1>
ST_3 : Operation 101 [1/1] (0.00ns)   --->   "%zext_ln587_1 = zext i8 %ret_V_10"   --->   Operation 101 'zext' 'zext_ln587_1' <Predicate = true> <Delay = 0.00>
ST_3 : Operation 102 [1/1] (0.00ns)   --->   "%crcTables_1_addr = getelementptr i32 %crcTables_1, i64 0, i64 %zext_ln587_1" [/home/efrink/mled/split_cu/U280_CRC_Accelerator/src/kernel.cpp:413]   --->   Operation 102 'getelementptr' 'crcTables_1_addr' <Predicate = true> <Delay = 0.00>
ST_3 : Operation 103 [2/2] (1.19ns)   --->   "%crcTables_1_load = load i8 %crcTables_1_addr" [/home/efrink/mled/split_cu/U280_CRC_Accelerator/src/kernel.cpp:413]   --->   Operation 103 'load' 'crcTables_1_load' <Predicate = true> <Delay = 1.19> <CoreInst = "RAM_1P_BRAM">   --->   Core 90 'RAM_1P_BRAM' <Latency = 1> <II = 1> <Delay = 1.19> <Storage> <Opcode : 'load' 'store'> <Ports = 1> <Width = 32> <Depth = 256> <RAM>
ST_3 : Operation 104 [1/1] (0.00ns)   --->   "%ret_V_17 = partselect i8 @_ssdm_op_PartSelect.i8.i32.i32.i32, i32 %ret_V_3_load_1, i32 16, i32 23"   --->   Operation 104 'partselect' 'ret_V_17' <Predicate = true> <Delay = 0.00>
ST_3 : Operation 105 [1/1] (0.22ns)   --->   "%ret_V_12 = xor i8 %b2_V, i8 %ret_V_17"   --->   Operation 105 'xor' 'ret_V_12' <Predicate = true> <Delay = 0.22> <CoreInst = "LogicGate">   --->   Core 74 'LogicGate' <Latency = 0> <II = 1> <Delay = 0.22> <FuncUnit> <Opcode : 'and' 'or' 'xor'> <InPorts = 2> <OutPorts = 1>
ST_3 : Operation 106 [1/1] (0.00ns)   --->   "%zext_ln587_2 = zext i8 %ret_V_12"   --->   Operation 106 'zext' 'zext_ln587_2' <Predicate = true> <Delay = 0.00>
ST_3 : Operation 107 [1/1] (0.00ns)   --->   "%crcTables_2_addr = getelementptr i32 %crcTables_2, i64 0, i64 %zext_ln587_2" [/home/efrink/mled/split_cu/U280_CRC_Accelerator/src/kernel.cpp:414]   --->   Operation 107 'getelementptr' 'crcTables_2_addr' <Predicate = true> <Delay = 0.00>
ST_3 : Operation 108 [2/2] (1.19ns)   --->   "%crcTables_2_load = load i8 %crcTables_2_addr" [/home/efrink/mled/split_cu/U280_CRC_Accelerator/src/kernel.cpp:414]   --->   Operation 108 'load' 'crcTables_2_load' <Predicate = true> <Delay = 1.19> <CoreInst = "RAM_1P_BRAM">   --->   Core 90 'RAM_1P_BRAM' <Latency = 1> <II = 1> <Delay = 1.19> <Storage> <Opcode : 'load' 'store'> <Ports = 1> <Width = 32> <Depth = 256> <RAM>
ST_3 : Operation 109 [1/1] (0.00ns)   --->   "%trunc_ln = partselect i8 @_ssdm_op_PartSelect.i8.i32.i32.i32, i32 %ret_V_3_load_1, i32 24, i32 31"   --->   Operation 109 'partselect' 'trunc_ln' <Predicate = true> <Delay = 0.00>
ST_3 : Operation 110 [1/1] (0.22ns)   --->   "%ret_V_13 = xor i8 %b3_V, i8 %trunc_ln"   --->   Operation 110 'xor' 'ret_V_13' <Predicate = true> <Delay = 0.22> <CoreInst = "LogicGate">   --->   Core 74 'LogicGate' <Latency = 0> <II = 1> <Delay = 0.22> <FuncUnit> <Opcode : 'and' 'or' 'xor'> <InPorts = 2> <OutPorts = 1>
ST_3 : Operation 111 [1/1] (0.00ns)   --->   "%zext_ln587_3 = zext i8 %ret_V_13"   --->   Operation 111 'zext' 'zext_ln587_3' <Predicate = true> <Delay = 0.00>
ST_3 : Operation 112 [1/1] (0.00ns)   --->   "%crcTables_3_addr = getelementptr i32 %crcTables_3, i64 0, i64 %zext_ln587_3" [/home/efrink/mled/split_cu/U280_CRC_Accelerator/src/kernel.cpp:415]   --->   Operation 112 'getelementptr' 'crcTables_3_addr' <Predicate = true> <Delay = 0.00>
ST_3 : Operation 113 [2/2] (1.19ns)   --->   "%crcTables_3_load = load i8 %crcTables_3_addr" [/home/efrink/mled/split_cu/U280_CRC_Accelerator/src/kernel.cpp:415]   --->   Operation 113 'load' 'crcTables_3_load' <Predicate = true> <Delay = 1.19> <CoreInst = "RAM_1P_BRAM">   --->   Core 90 'RAM_1P_BRAM' <Latency = 1> <II = 1> <Delay = 1.19> <Storage> <Opcode : 'load' 'store'> <Ports = 1> <Width = 32> <Depth = 256> <RAM>
ST_3 : Operation 114 [1/2] (1.19ns)   --->   "%crcTables_4_load = load i8 %crcTables_4_addr" [/home/efrink/mled/split_cu/U280_CRC_Accelerator/src/kernel.cpp:416]   --->   Operation 114 'load' 'crcTables_4_load' <Predicate = true> <Delay = 1.19> <CoreInst = "RAM_1P_BRAM">   --->   Core 90 'RAM_1P_BRAM' <Latency = 1> <II = 1> <Delay = 1.19> <Storage> <Opcode : 'load' 'store'> <Ports = 1> <Width = 32> <Depth = 256> <RAM>
ST_3 : Operation 115 [1/2] (1.19ns)   --->   "%crcTables_5_load = load i8 %crcTables_5_addr" [/home/efrink/mled/split_cu/U280_CRC_Accelerator/src/kernel.cpp:416]   --->   Operation 115 'load' 'crcTables_5_load' <Predicate = true> <Delay = 1.19> <CoreInst = "RAM_1P_BRAM">   --->   Core 90 'RAM_1P_BRAM' <Latency = 1> <II = 1> <Delay = 1.19> <Storage> <Opcode : 'load' 'store'> <Ports = 1> <Width = 32> <Depth = 256> <RAM>
ST_3 : Operation 116 [1/2] (1.19ns)   --->   "%crcTables_6_load = load i8 %crcTables_6_addr" [/home/efrink/mled/split_cu/U280_CRC_Accelerator/src/kernel.cpp:417]   --->   Operation 116 'load' 'crcTables_6_load' <Predicate = true> <Delay = 1.19> <CoreInst = "RAM_1P_BRAM">   --->   Core 90 'RAM_1P_BRAM' <Latency = 1> <II = 1> <Delay = 1.19> <Storage> <Opcode : 'load' 'store'> <Ports = 1> <Width = 32> <Depth = 256> <RAM>
ST_3 : Operation 117 [1/2] (1.19ns)   --->   "%crcTables_7_load = load i8 %crcTables_7_addr" [/home/efrink/mled/split_cu/U280_CRC_Accelerator/src/kernel.cpp:417]   --->   Operation 117 'load' 'crcTables_7_load' <Predicate = true> <Delay = 1.19> <CoreInst = "RAM_1P_BRAM">   --->   Core 90 'RAM_1P_BRAM' <Latency = 1> <II = 1> <Delay = 1.19> <Storage> <Opcode : 'load' 'store'> <Ports = 1> <Width = 32> <Depth = 256> <RAM>
ST_3 : Operation 118 [1/2] (1.19ns)   --->   "%crcTables_8_load = load i8 %crcTables_8_addr" [/home/efrink/mled/split_cu/U280_CRC_Accelerator/src/kernel.cpp:418]   --->   Operation 118 'load' 'crcTables_8_load' <Predicate = true> <Delay = 1.19> <CoreInst = "RAM_1P_BRAM">   --->   Core 90 'RAM_1P_BRAM' <Latency = 1> <II = 1> <Delay = 1.19> <Storage> <Opcode : 'load' 'store'> <Ports = 1> <Width = 32> <Depth = 256> <RAM>
ST_3 : Operation 119 [1/2] (1.19ns)   --->   "%crcTables_9_load = load i8 %crcTables_9_addr" [/home/efrink/mled/split_cu/U280_CRC_Accelerator/src/kernel.cpp:418]   --->   Operation 119 'load' 'crcTables_9_load' <Predicate = true> <Delay = 1.19> <CoreInst = "RAM_1P_BRAM">   --->   Core 90 'RAM_1P_BRAM' <Latency = 1> <II = 1> <Delay = 1.19> <Storage> <Opcode : 'load' 'store'> <Ports = 1> <Width = 32> <Depth = 256> <RAM>
ST_3 : Operation 120 [1/2] (1.19ns)   --->   "%crcTables_10_load = load i8 %crcTables_10_addr" [/home/efrink/mled/split_cu/U280_CRC_Accelerator/src/kernel.cpp:419]   --->   Operation 120 'load' 'crcTables_10_load' <Predicate = true> <Delay = 1.19> <CoreInst = "RAM_1P_BRAM">   --->   Core 90 'RAM_1P_BRAM' <Latency = 1> <II = 1> <Delay = 1.19> <Storage> <Opcode : 'load' 'store'> <Ports = 1> <Width = 32> <Depth = 256> <RAM>
ST_3 : Operation 121 [1/2] (1.19ns)   --->   "%crcTables_11_load = load i8 %crcTables_11_addr" [/home/efrink/mled/split_cu/U280_CRC_Accelerator/src/kernel.cpp:419]   --->   Operation 121 'load' 'crcTables_11_load' <Predicate = true> <Delay = 1.19> <CoreInst = "RAM_1P_BRAM">   --->   Core 90 'RAM_1P_BRAM' <Latency = 1> <II = 1> <Delay = 1.19> <Storage> <Opcode : 'load' 'store'> <Ports = 1> <Width = 32> <Depth = 256> <RAM>
ST_3 : Operation 122 [1/1] (0.00ns)   --->   "%zext_ln587_12 = zext i8 %b12_V"   --->   Operation 122 'zext' 'zext_ln587_12' <Predicate = true> <Delay = 0.00>
ST_3 : Operation 123 [1/1] (0.00ns)   --->   "%crcTables_12_addr = getelementptr i32 %crcTables_12, i64 0, i64 %zext_ln587_12" [/home/efrink/mled/split_cu/U280_CRC_Accelerator/src/kernel.cpp:420]   --->   Operation 123 'getelementptr' 'crcTables_12_addr' <Predicate = true> <Delay = 0.00>
ST_3 : Operation 124 [2/2] (1.19ns)   --->   "%crcTables_12_load = load i8 %crcTables_12_addr" [/home/efrink/mled/split_cu/U280_CRC_Accelerator/src/kernel.cpp:420]   --->   Operation 124 'load' 'crcTables_12_load' <Predicate = true> <Delay = 1.19> <CoreInst = "RAM_1P_BRAM">   --->   Core 90 'RAM_1P_BRAM' <Latency = 1> <II = 1> <Delay = 1.19> <Storage> <Opcode : 'load' 'store'> <Ports = 1> <Width = 32> <Depth = 256> <RAM>
ST_3 : Operation 125 [1/1] (0.00ns)   --->   "%zext_ln587_13 = zext i8 %b13_V"   --->   Operation 125 'zext' 'zext_ln587_13' <Predicate = true> <Delay = 0.00>
ST_3 : Operation 126 [1/1] (0.00ns)   --->   "%crcTables_13_addr = getelementptr i32 %crcTables_13, i64 0, i64 %zext_ln587_13" [/home/efrink/mled/split_cu/U280_CRC_Accelerator/src/kernel.cpp:420]   --->   Operation 126 'getelementptr' 'crcTables_13_addr' <Predicate = true> <Delay = 0.00>
ST_3 : Operation 127 [2/2] (1.19ns)   --->   "%crcTables_13_load = load i8 %crcTables_13_addr" [/home/efrink/mled/split_cu/U280_CRC_Accelerator/src/kernel.cpp:420]   --->   Operation 127 'load' 'crcTables_13_load' <Predicate = true> <Delay = 1.19> <CoreInst = "RAM_1P_BRAM">   --->   Core 90 'RAM_1P_BRAM' <Latency = 1> <II = 1> <Delay = 1.19> <Storage> <Opcode : 'load' 'store'> <Ports = 1> <Width = 32> <Depth = 256> <RAM>
ST_3 : Operation 128 [1/1] (0.00ns)   --->   "%zext_ln587_14 = zext i8 %b14_V"   --->   Operation 128 'zext' 'zext_ln587_14' <Predicate = true> <Delay = 0.00>
ST_3 : Operation 129 [1/1] (0.00ns)   --->   "%crcTables_14_addr = getelementptr i32 %crcTables_14, i64 0, i64 %zext_ln587_14" [/home/efrink/mled/split_cu/U280_CRC_Accelerator/src/kernel.cpp:421]   --->   Operation 129 'getelementptr' 'crcTables_14_addr' <Predicate = true> <Delay = 0.00>
ST_3 : Operation 130 [2/2] (1.19ns)   --->   "%crcTables_14_load = load i8 %crcTables_14_addr" [/home/efrink/mled/split_cu/U280_CRC_Accelerator/src/kernel.cpp:421]   --->   Operation 130 'load' 'crcTables_14_load' <Predicate = true> <Delay = 1.19> <CoreInst = "RAM_1P_BRAM">   --->   Core 90 'RAM_1P_BRAM' <Latency = 1> <II = 1> <Delay = 1.19> <Storage> <Opcode : 'load' 'store'> <Ports = 1> <Width = 32> <Depth = 256> <RAM>
ST_3 : Operation 131 [1/1] (0.00ns)   --->   "%zext_ln587_15 = zext i8 %b15_V"   --->   Operation 131 'zext' 'zext_ln587_15' <Predicate = true> <Delay = 0.00>
ST_3 : Operation 132 [1/1] (0.00ns)   --->   "%crcTables_15_addr = getelementptr i32 %crcTables_15, i64 0, i64 %zext_ln587_15" [/home/efrink/mled/split_cu/U280_CRC_Accelerator/src/kernel.cpp:421]   --->   Operation 132 'getelementptr' 'crcTables_15_addr' <Predicate = true> <Delay = 0.00>
ST_3 : Operation 133 [2/2] (1.19ns)   --->   "%crcTables_15_load = load i8 %crcTables_15_addr" [/home/efrink/mled/split_cu/U280_CRC_Accelerator/src/kernel.cpp:421]   --->   Operation 133 'load' 'crcTables_15_load' <Predicate = true> <Delay = 1.19> <CoreInst = "RAM_1P_BRAM">   --->   Core 90 'RAM_1P_BRAM' <Latency = 1> <II = 1> <Delay = 1.19> <Storage> <Opcode : 'load' 'store'> <Ports = 1> <Width = 32> <Depth = 256> <RAM>
ST_3 : Operation 134 [1/1] (0.00ns) (grouped into LUT with out node xor_ln420_9)   --->   "%xor_ln420_7 = xor i32 %crcTables_8_load, i32 %crcTables_9_load" [/home/efrink/mled/split_cu/U280_CRC_Accelerator/src/kernel.cpp:420]   --->   Operation 134 'xor' 'xor_ln420_7' <Predicate = true> <Delay = 0.00> <CoreInst = "LogicGate">   --->   Core 74 'LogicGate' <Latency = 0> <II = 1> <Delay = 0.21> <FuncUnit> <Opcode : 'and' 'or' 'xor'> <InPorts = 2> <OutPorts = 1>
ST_3 : Operation 135 [1/1] (0.00ns) (grouped into LUT with out node xor_ln420_9)   --->   "%xor_ln420_8 = xor i32 %crcTables_10_load, i32 %crcTables_11_load" [/home/efrink/mled/split_cu/U280_CRC_Accelerator/src/kernel.cpp:420]   --->   Operation 135 'xor' 'xor_ln420_8' <Predicate = true> <Delay = 0.00> <CoreInst = "LogicGate">   --->   Core 74 'LogicGate' <Latency = 0> <II = 1> <Delay = 0.21> <FuncUnit> <Opcode : 'and' 'or' 'xor'> <InPorts = 2> <OutPorts = 1>
ST_3 : Operation 136 [1/1] (0.21ns) (out node of the LUT)   --->   "%xor_ln420_9 = xor i32 %xor_ln420_8, i32 %xor_ln420_7" [/home/efrink/mled/split_cu/U280_CRC_Accelerator/src/kernel.cpp:420]   --->   Operation 136 'xor' 'xor_ln420_9' <Predicate = true> <Delay = 0.21> <CoreInst = "LogicGate">   --->   Core 74 'LogicGate' <Latency = 0> <II = 1> <Delay = 0.21> <FuncUnit> <Opcode : 'and' 'or' 'xor'> <InPorts = 2> <OutPorts = 1>
ST_3 : Operation 162 [1/1] (0.00ns)   --->   "%ret_V_3_load = load i32 %ret_V_3"   --->   Operation 162 'load' 'ret_V_3_load' <Predicate = (icmp_ln391)> <Delay = 0.00>
ST_3 : Operation 163 [1/1] (0.00ns)   --->   "%write_ln0 = write void @_ssdm_op_Write.ap_auto.i32P0A, i32 %p_out, i32 %ret_V_3_load"   --->   Operation 163 'write' 'write_ln0' <Predicate = (icmp_ln391)> <Delay = 0.00>
ST_3 : Operation 164 [1/1] (0.00ns)   --->   "%ret_ln0 = ret"   --->   Operation 164 'ret' 'ret_ln0' <Predicate = (icmp_ln391)> <Delay = 0.00>

State 4 <SV = 3> <Delay = 2.21>
ST_4 : Operation 137 [1/1] (0.00ns)   --->   "%specpipeline_ln393 = specpipeline void @_ssdm_op_SpecPipeline, i32 1, i32 0, i32 0, i32 0, void @empty_23" [/home/efrink/mled/split_cu/U280_CRC_Accelerator/src/kernel.cpp:393]   --->   Operation 137 'specpipeline' 'specpipeline_ln393' <Predicate = true> <Delay = 0.00>
ST_4 : Operation 138 [1/1] (0.00ns)   --->   "%specloopname_ln391 = specloopname void @_ssdm_op_SpecLoopName, void @empty_8" [/home/efrink/mled/split_cu/U280_CRC_Accelerator/src/kernel.cpp:391]   --->   Operation 138 'specloopname' 'specloopname_ln391' <Predicate = true> <Delay = 0.00>
ST_4 : Operation 139 [1/2] (1.19ns)   --->   "%crcTables_0_load = load i8 %crcTables_0_addr" [/home/efrink/mled/split_cu/U280_CRC_Accelerator/src/kernel.cpp:412]   --->   Operation 139 'load' 'crcTables_0_load' <Predicate = true> <Delay = 1.19> <CoreInst = "RAM_1P_BRAM">   --->   Core 90 'RAM_1P_BRAM' <Latency = 1> <II = 1> <Delay = 1.19> <Storage> <Opcode : 'load' 'store'> <Ports = 1> <Width = 32> <Depth = 256> <RAM>
ST_4 : Operation 140 [1/2] (1.19ns)   --->   "%crcTables_1_load = load i8 %crcTables_1_addr" [/home/efrink/mled/split_cu/U280_CRC_Accelerator/src/kernel.cpp:413]   --->   Operation 140 'load' 'crcTables_1_load' <Predicate = true> <Delay = 1.19> <CoreInst = "RAM_1P_BRAM">   --->   Core 90 'RAM_1P_BRAM' <Latency = 1> <II = 1> <Delay = 1.19> <Storage> <Opcode : 'load' 'store'> <Ports = 1> <Width = 32> <Depth = 256> <RAM>
ST_4 : Operation 141 [1/2] (1.19ns)   --->   "%crcTables_2_load = load i8 %crcTables_2_addr" [/home/efrink/mled/split_cu/U280_CRC_Accelerator/src/kernel.cpp:414]   --->   Operation 141 'load' 'crcTables_2_load' <Predicate = true> <Delay = 1.19> <CoreInst = "RAM_1P_BRAM">   --->   Core 90 'RAM_1P_BRAM' <Latency = 1> <II = 1> <Delay = 1.19> <Storage> <Opcode : 'load' 'store'> <Ports = 1> <Width = 32> <Depth = 256> <RAM>
ST_4 : Operation 142 [1/2] (1.19ns)   --->   "%crcTables_3_load = load i8 %crcTables_3_addr" [/home/efrink/mled/split_cu/U280_CRC_Accelerator/src/kernel.cpp:415]   --->   Operation 142 'load' 'crcTables_3_load' <Predicate = true> <Delay = 1.19> <CoreInst = "RAM_1P_BRAM">   --->   Core 90 'RAM_1P_BRAM' <Latency = 1> <II = 1> <Delay = 1.19> <Storage> <Opcode : 'load' 'store'> <Ports = 1> <Width = 32> <Depth = 256> <RAM>
ST_4 : Operation 143 [1/2] (1.19ns)   --->   "%crcTables_12_load = load i8 %crcTables_12_addr" [/home/efrink/mled/split_cu/U280_CRC_Accelerator/src/kernel.cpp:420]   --->   Operation 143 'load' 'crcTables_12_load' <Predicate = true> <Delay = 1.19> <CoreInst = "RAM_1P_BRAM">   --->   Core 90 'RAM_1P_BRAM' <Latency = 1> <II = 1> <Delay = 1.19> <Storage> <Opcode : 'load' 'store'> <Ports = 1> <Width = 32> <Depth = 256> <RAM>
ST_4 : Operation 144 [1/2] (1.19ns)   --->   "%crcTables_13_load = load i8 %crcTables_13_addr" [/home/efrink/mled/split_cu/U280_CRC_Accelerator/src/kernel.cpp:420]   --->   Operation 144 'load' 'crcTables_13_load' <Predicate = true> <Delay = 1.19> <CoreInst = "RAM_1P_BRAM">   --->   Core 90 'RAM_1P_BRAM' <Latency = 1> <II = 1> <Delay = 1.19> <Storage> <Opcode : 'load' 'store'> <Ports = 1> <Width = 32> <Depth = 256> <RAM>
ST_4 : Operation 145 [1/2] (1.19ns)   --->   "%crcTables_14_load = load i8 %crcTables_14_addr" [/home/efrink/mled/split_cu/U280_CRC_Accelerator/src/kernel.cpp:421]   --->   Operation 145 'load' 'crcTables_14_load' <Predicate = true> <Delay = 1.19> <CoreInst = "RAM_1P_BRAM">   --->   Core 90 'RAM_1P_BRAM' <Latency = 1> <II = 1> <Delay = 1.19> <Storage> <Opcode : 'load' 'store'> <Ports = 1> <Width = 32> <Depth = 256> <RAM>
ST_4 : Operation 146 [1/2] (1.19ns)   --->   "%crcTables_15_load = load i8 %crcTables_15_addr" [/home/efrink/mled/split_cu/U280_CRC_Accelerator/src/kernel.cpp:421]   --->   Operation 146 'load' 'crcTables_15_load' <Predicate = true> <Delay = 1.19> <CoreInst = "RAM_1P_BRAM">   --->   Core 90 'RAM_1P_BRAM' <Latency = 1> <II = 1> <Delay = 1.19> <Storage> <Opcode : 'load' 'store'> <Ports = 1> <Width = 32> <Depth = 256> <RAM>
ST_4 : Operation 147 [1/1] (0.00ns) (grouped into LUT with out node ret_V_14)   --->   "%xor_ln420_1 = xor i32 %crcTables_1_load, i32 %crcTables_2_load" [/home/efrink/mled/split_cu/U280_CRC_Accelerator/src/kernel.cpp:420]   --->   Operation 147 'xor' 'xor_ln420_1' <Predicate = true> <Delay = 0.00> <CoreInst = "LogicGate">   --->   Core 74 'LogicGate' <Latency = 0> <II = 1> <Delay = 0.21> <FuncUnit> <Opcode : 'and' 'or' 'xor'> <InPorts = 2> <OutPorts = 1>
ST_4 : Operation 148 [1/1] (0.00ns) (grouped into LUT with out node ret_V_14)   --->   "%xor_ln420 = xor i32 %xor_ln420_1, i32 %crcTables_3_load" [/home/efrink/mled/split_cu/U280_CRC_Accelerator/src/kernel.cpp:420]   --->   Operation 148 'xor' 'xor_ln420' <Predicate = true> <Delay = 0.00> <CoreInst = "LogicGate">   --->   Core 74 'LogicGate' <Latency = 0> <II = 1> <Delay = 0.21> <FuncUnit> <Opcode : 'and' 'or' 'xor'> <InPorts = 2> <OutPorts = 1>
ST_4 : Operation 149 [1/1] (0.00ns) (grouped into LUT with out node xor_ln420_2)   --->   "%xor_ln420_3 = xor i32 %crcTables_4_load, i32 %crcTables_5_load" [/home/efrink/mled/split_cu/U280_CRC_Accelerator/src/kernel.cpp:420]   --->   Operation 149 'xor' 'xor_ln420_3' <Predicate = true> <Delay = 0.00> <CoreInst = "LogicGate">   --->   Core 74 'LogicGate' <Latency = 0> <II = 1> <Delay = 0.21> <FuncUnit> <Opcode : 'and' 'or' 'xor'> <InPorts = 2> <OutPorts = 1>
ST_4 : Operation 150 [1/1] (0.00ns) (grouped into LUT with out node xor_ln420_2)   --->   "%xor_ln420_4 = xor i32 %crcTables_6_load, i32 %crcTables_7_load" [/home/efrink/mled/split_cu/U280_CRC_Accelerator/src/kernel.cpp:420]   --->   Operation 150 'xor' 'xor_ln420_4' <Predicate = true> <Delay = 0.00> <CoreInst = "LogicGate">   --->   Core 74 'LogicGate' <Latency = 0> <II = 1> <Delay = 0.21> <FuncUnit> <Opcode : 'and' 'or' 'xor'> <InPorts = 2> <OutPorts = 1>
ST_4 : Operation 151 [1/1] (0.00ns) (grouped into LUT with out node xor_ln420_2)   --->   "%xor_ln420_5 = xor i32 %xor_ln420_4, i32 %xor_ln420_3" [/home/efrink/mled/split_cu/U280_CRC_Accelerator/src/kernel.cpp:420]   --->   Operation 151 'xor' 'xor_ln420_5' <Predicate = true> <Delay = 0.00> <CoreInst = "LogicGate">   --->   Core 74 'LogicGate' <Latency = 0> <II = 1> <Delay = 0.21> <FuncUnit> <Opcode : 'and' 'or' 'xor'> <InPorts = 2> <OutPorts = 1>
ST_4 : Operation 152 [1/1] (0.21ns) (out node of the LUT)   --->   "%xor_ln420_2 = xor i32 %xor_ln420_5, i32 %crcTables_0_load" [/home/efrink/mled/split_cu/U280_CRC_Accelerator/src/kernel.cpp:420]   --->   Operation 152 'xor' 'xor_ln420_2' <Predicate = true> <Delay = 0.21> <CoreInst = "LogicGate">   --->   Core 74 'LogicGate' <Latency = 0> <II = 1> <Delay = 0.21> <FuncUnit> <Opcode : 'and' 'or' 'xor'> <InPorts = 2> <OutPorts = 1>
ST_4 : Operation 153 [1/1] (0.00ns) (grouped into LUT with out node xor_ln420_6)   --->   "%xor_ln420_10 = xor i32 %crcTables_12_load, i32 %crcTables_13_load" [/home/efrink/mled/split_cu/U280_CRC_Accelerator/src/kernel.cpp:420]   --->   Operation 153 'xor' 'xor_ln420_10' <Predicate = true> <Delay = 0.00> <CoreInst = "LogicGate">   --->   Core 74 'LogicGate' <Latency = 0> <II = 1> <Delay = 0.21> <FuncUnit> <Opcode : 'and' 'or' 'xor'> <InPorts = 2> <OutPorts = 1>
ST_4 : Operation 154 [1/1] (0.00ns) (grouped into LUT with out node xor_ln420_6)   --->   "%xor_ln420_11 = xor i32 %crcTables_14_load, i32 %crcTables_15_load" [/home/efrink/mled/split_cu/U280_CRC_Accelerator/src/kernel.cpp:420]   --->   Operation 154 'xor' 'xor_ln420_11' <Predicate = true> <Delay = 0.00> <CoreInst = "LogicGate">   --->   Core 74 'LogicGate' <Latency = 0> <II = 1> <Delay = 0.21> <FuncUnit> <Opcode : 'and' 'or' 'xor'> <InPorts = 2> <OutPorts = 1>
ST_4 : Operation 155 [1/1] (0.00ns) (grouped into LUT with out node xor_ln420_6)   --->   "%xor_ln420_12 = xor i32 %xor_ln420_11, i32 %xor_ln420_10" [/home/efrink/mled/split_cu/U280_CRC_Accelerator/src/kernel.cpp:420]   --->   Operation 155 'xor' 'xor_ln420_12' <Predicate = true> <Delay = 0.00> <CoreInst = "LogicGate">   --->   Core 74 'LogicGate' <Latency = 0> <II = 1> <Delay = 0.21> <FuncUnit> <Opcode : 'and' 'or' 'xor'> <InPorts = 2> <OutPorts = 1>
ST_4 : Operation 156 [1/1] (0.00ns) (grouped into LUT with out node xor_ln420_6)   --->   "%xor_ln420_13 = xor i32 %xor_ln420_12, i32 %xor_ln420_9" [/home/efrink/mled/split_cu/U280_CRC_Accelerator/src/kernel.cpp:420]   --->   Operation 156 'xor' 'xor_ln420_13' <Predicate = true> <Delay = 0.00> <CoreInst = "LogicGate">   --->   Core 74 'LogicGate' <Latency = 0> <II = 1> <Delay = 0.21> <FuncUnit> <Opcode : 'and' 'or' 'xor'> <InPorts = 2> <OutPorts = 1>
ST_4 : Operation 157 [1/1] (0.21ns) (out node of the LUT)   --->   "%xor_ln420_6 = xor i32 %xor_ln420_13, i32 %xor_ln420_2" [/home/efrink/mled/split_cu/U280_CRC_Accelerator/src/kernel.cpp:420]   --->   Operation 157 'xor' 'xor_ln420_6' <Predicate = true> <Delay = 0.21> <CoreInst = "LogicGate">   --->   Core 74 'LogicGate' <Latency = 0> <II = 1> <Delay = 0.21> <FuncUnit> <Opcode : 'and' 'or' 'xor'> <InPorts = 2> <OutPorts = 1>
ST_4 : Operation 158 [1/1] (0.00ns) (grouped into LUT with out node ret_V_14)   --->   "%next_V = xor i32 %xor_ln420_6, i32 %xor_ln420" [/home/efrink/mled/split_cu/U280_CRC_Accelerator/src/kernel.cpp:420]   --->   Operation 158 'xor' 'next_V' <Predicate = true> <Delay = 0.00> <CoreInst = "LogicGate">   --->   Core 74 'LogicGate' <Latency = 0> <II = 1> <Delay = 0.21> <FuncUnit> <Opcode : 'and' 'or' 'xor'> <InPorts = 2> <OutPorts = 1>
ST_4 : Operation 159 [1/1] (0.21ns) (out node of the LUT)   --->   "%ret_V_14 = and i32 %next_V, i32 %mask_read"   --->   Operation 159 'and' 'ret_V_14' <Predicate = true> <Delay = 0.21> <CoreInst = "LogicGate">   --->   Core 74 'LogicGate' <Latency = 0> <II = 1> <Delay = 0.21> <FuncUnit> <Opcode : 'and' 'or' 'xor'> <InPorts = 2> <OutPorts = 1>
ST_4 : Operation 160 [1/1] (0.38ns)   --->   "%store_ln391 = store i32 %ret_V_14, i32 %ret_V_3" [/home/efrink/mled/split_cu/U280_CRC_Accelerator/src/kernel.cpp:391]   --->   Operation 160 'store' 'store_ln391' <Predicate = true> <Delay = 0.38>
ST_4 : Operation 161 [1/1] (0.00ns)   --->   "%br_ln391 = br void %for.inc" [/home/efrink/mled/split_cu/U280_CRC_Accelerator/src/kernel.cpp:391]   --->   Operation 161 'br' 'br_ln391' <Predicate = true> <Delay = 0.00>


============================================================
+ Verbose Summary: Binding
============================================================
STG Binding: 
---------------- STG Properties BEGIN ----------------
- Is combinational: 0
- Is one-state seq: 0
- Is datapath-only: 0
- Is pipelined: 0
- Is top level: 0
Port [ Return ] is wired: 1; IO mode=ap_ctrl_hs:ce=0
Port [ crc]:  wired=1; compound=0; hidden=0; nouse=0; global=0; static=0; extern=0; dir=0; type=0; pingpong=0; private_global=0; IO mode=ap_none:ce=0
Port [ blocks_in_chunk]:  wired=1; compound=0; hidden=0; nouse=0; global=0; static=0; extern=0; dir=0; type=0; pingpong=0; private_global=0; IO mode=ap_none:ce=0
Port [ inByte017]:  wired=1; compound=1; hidden=0; nouse=0; global=0; static=0; extern=0; dir=0; type=3; pingpong=0; private_global=0; IO mode=ap_fifo:ce=0
Port [ inByte118]:  wired=1; compound=1; hidden=0; nouse=0; global=0; static=0; extern=0; dir=0; type=3; pingpong=0; private_global=0; IO mode=ap_fifo:ce=0
Port [ inByte219]:  wired=1; compound=1; hidden=0; nouse=0; global=0; static=0; extern=0; dir=0; type=3; pingpong=0; private_global=0; IO mode=ap_fifo:ce=0
Port [ inByte320]:  wired=1; compound=1; hidden=0; nouse=0; global=0; static=0; extern=0; dir=0; type=3; pingpong=0; private_global=0; IO mode=ap_fifo:ce=0
Port [ inByte421]:  wired=1; compound=1; hidden=0; nouse=0; global=0; static=0; extern=0; dir=0; type=3; pingpong=0; private_global=0; IO mode=ap_fifo:ce=0
Port [ inByte522]:  wired=1; compound=1; hidden=0; nouse=0; global=0; static=0; extern=0; dir=0; type=3; pingpong=0; private_global=0; IO mode=ap_fifo:ce=0
Port [ inByte623]:  wired=1; compound=1; hidden=0; nouse=0; global=0; static=0; extern=0; dir=0; type=3; pingpong=0; private_global=0; IO mode=ap_fifo:ce=0
Port [ inByte724]:  wired=1; compound=1; hidden=0; nouse=0; global=0; static=0; extern=0; dir=0; type=3; pingpong=0; private_global=0; IO mode=ap_fifo:ce=0
Port [ inByte825]:  wired=1; compound=1; hidden=0; nouse=0; global=0; static=0; extern=0; dir=0; type=3; pingpong=0; private_global=0; IO mode=ap_fifo:ce=0
Port [ inByte926]:  wired=1; compound=1; hidden=0; nouse=0; global=0; static=0; extern=0; dir=0; type=3; pingpong=0; private_global=0; IO mode=ap_fifo:ce=0
Port [ inByte1027]:  wired=1; compound=1; hidden=0; nouse=0; global=0; static=0; extern=0; dir=0; type=3; pingpong=0; private_global=0; IO mode=ap_fifo:ce=0
Port [ inByte1128]:  wired=1; compound=1; hidden=0; nouse=0; global=0; static=0; extern=0; dir=0; type=3; pingpong=0; private_global=0; IO mode=ap_fifo:ce=0
Port [ inByte1229]:  wired=1; compound=1; hidden=0; nouse=0; global=0; static=0; extern=0; dir=0; type=3; pingpong=0; private_global=0; IO mode=ap_fifo:ce=0
Port [ inByte1330]:  wired=1; compound=1; hidden=0; nouse=0; global=0; static=0; extern=0; dir=0; type=3; pingpong=0; private_global=0; IO mode=ap_fifo:ce=0
Port [ inByte1431]:  wired=1; compound=1; hidden=0; nouse=0; global=0; static=0; extern=0; dir=0; type=3; pingpong=0; private_global=0; IO mode=ap_fifo:ce=0
Port [ inByte1532]:  wired=1; compound=1; hidden=0; nouse=0; global=0; static=0; extern=0; dir=0; type=3; pingpong=0; private_global=0; IO mode=ap_fifo:ce=0
Port [ crcTables_0]:  wired=1; compound=1; hidden=0; nouse=0; global=0; static=0; extern=0; dir=0; type=1; pingpong=0; private_global=0; MemPort=[1]; IO mode=ap_memory:ce=0
Port [ crcTables_1]:  wired=1; compound=1; hidden=0; nouse=0; global=0; static=0; extern=0; dir=0; type=1; pingpong=0; private_global=0; MemPort=[1]; IO mode=ap_memory:ce=0
Port [ crcTables_2]:  wired=1; compound=1; hidden=0; nouse=0; global=0; static=0; extern=0; dir=0; type=1; pingpong=0; private_global=0; MemPort=[1]; IO mode=ap_memory:ce=0
Port [ crcTables_3]:  wired=1; compound=1; hidden=0; nouse=0; global=0; static=0; extern=0; dir=0; type=1; pingpong=0; private_global=0; MemPort=[1]; IO mode=ap_memory:ce=0
Port [ crcTables_4]:  wired=1; compound=1; hidden=0; nouse=0; global=0; static=0; extern=0; dir=0; type=1; pingpong=0; private_global=0; MemPort=[1]; IO mode=ap_memory:ce=0
Port [ crcTables_5]:  wired=1; compound=1; hidden=0; nouse=0; global=0; static=0; extern=0; dir=0; type=1; pingpong=0; private_global=0; MemPort=[1]; IO mode=ap_memory:ce=0
Port [ crcTables_6]:  wired=1; compound=1; hidden=0; nouse=0; global=0; static=0; extern=0; dir=0; type=1; pingpong=0; private_global=0; MemPort=[1]; IO mode=ap_memory:ce=0
Port [ crcTables_7]:  wired=1; compound=1; hidden=0; nouse=0; global=0; static=0; extern=0; dir=0; type=1; pingpong=0; private_global=0; MemPort=[1]; IO mode=ap_memory:ce=0
Port [ crcTables_8]:  wired=1; compound=1; hidden=0; nouse=0; global=0; static=0; extern=0; dir=0; type=1; pingpong=0; private_global=0; MemPort=[1]; IO mode=ap_memory:ce=0
Port [ crcTables_9]:  wired=1; compound=1; hidden=0; nouse=0; global=0; static=0; extern=0; dir=0; type=1; pingpong=0; private_global=0; MemPort=[1]; IO mode=ap_memory:ce=0
Port [ crcTables_10]:  wired=1; compound=1; hidden=0; nouse=0; global=0; static=0; extern=0; dir=0; type=1; pingpong=0; private_global=0; MemPort=[1]; IO mode=ap_memory:ce=0
Port [ crcTables_11]:  wired=1; compound=1; hidden=0; nouse=0; global=0; static=0; extern=0; dir=0; type=1; pingpong=0; private_global=0; MemPort=[1]; IO mode=ap_memory:ce=0
Port [ crcTables_12]:  wired=1; compound=1; hidden=0; nouse=0; global=0; static=0; extern=0; dir=0; type=1; pingpong=0; private_global=0; MemPort=[1]; IO mode=ap_memory:ce=0
Port [ crcTables_13]:  wired=1; compound=1; hidden=0; nouse=0; global=0; static=0; extern=0; dir=0; type=1; pingpong=0; private_global=0; MemPort=[1]; IO mode=ap_memory:ce=0
Port [ crcTables_14]:  wired=1; compound=1; hidden=0; nouse=0; global=0; static=0; extern=0; dir=0; type=1; pingpong=0; private_global=0; MemPort=[1]; IO mode=ap_memory:ce=0
Port [ crcTables_15]:  wired=1; compound=1; hidden=0; nouse=0; global=0; static=0; extern=0; dir=0; type=1; pingpong=0; private_global=0; MemPort=[1]; IO mode=ap_memory:ce=0
Port [ mask]:  wired=1; compound=0; hidden=0; nouse=0; global=0; static=0; extern=0; dir=0; type=0; pingpong=0; private_global=0; IO mode=ap_none:ce=0
Port [ p_out]:  wired=1; compound=0; hidden=0; nouse=0; global=0; static=0; extern=0; dir=1; type=0; pingpong=0; private_global=0; IO mode=ap_vld:ce=0
---------------- STG Properties END ------------------

---------------- Datapath Model BEGIN ----------------

<LifeTime>
<method=bitvector/>
b                    (alloca           ) [ 01000]
ret_V_3              (alloca           ) [ 01111]
specmemcore_ln0      (specmemcore      ) [ 00000]
specmemcore_ln0      (specmemcore      ) [ 00000]
specmemcore_ln0      (specmemcore      ) [ 00000]
specmemcore_ln0      (specmemcore      ) [ 00000]
specmemcore_ln0      (specmemcore      ) [ 00000]
specmemcore_ln0      (specmemcore      ) [ 00000]
specmemcore_ln0      (specmemcore      ) [ 00000]
specmemcore_ln0      (specmemcore      ) [ 00000]
specmemcore_ln0      (specmemcore      ) [ 00000]
specmemcore_ln0      (specmemcore      ) [ 00000]
specmemcore_ln0      (specmemcore      ) [ 00000]
specmemcore_ln0      (specmemcore      ) [ 00000]
specmemcore_ln0      (specmemcore      ) [ 00000]
specmemcore_ln0      (specmemcore      ) [ 00000]
specmemcore_ln0      (specmemcore      ) [ 00000]
specmemcore_ln0      (specmemcore      ) [ 00000]
specinterface_ln0    (specinterface    ) [ 00000]
specinterface_ln0    (specinterface    ) [ 00000]
specinterface_ln0    (specinterface    ) [ 00000]
specinterface_ln0    (specinterface    ) [ 00000]
specinterface_ln0    (specinterface    ) [ 00000]
specinterface_ln0    (specinterface    ) [ 00000]
specinterface_ln0    (specinterface    ) [ 00000]
specinterface_ln0    (specinterface    ) [ 00000]
specinterface_ln0    (specinterface    ) [ 00000]
specinterface_ln0    (specinterface    ) [ 00000]
specinterface_ln0    (specinterface    ) [ 00000]
specinterface_ln0    (specinterface    ) [ 00000]
specinterface_ln0    (specinterface    ) [ 00000]
specinterface_ln0    (specinterface    ) [ 00000]
specinterface_ln0    (specinterface    ) [ 00000]
specinterface_ln0    (specinterface    ) [ 00000]
mask_read            (read             ) [ 01111]
blocks_in_chunk_read (read             ) [ 00000]
crc_read             (read             ) [ 00000]
store_ln377          (store            ) [ 00000]
store_ln0            (store            ) [ 00000]
br_ln0               (br               ) [ 00000]
b_load               (load             ) [ 00000]
icmp_ln391           (icmp             ) [ 01110]
empty                (speclooptripcount) [ 00000]
add_ln391            (add              ) [ 00000]
br_ln391             (br               ) [ 00000]
store_ln391          (store            ) [ 00000]
b0_V                 (read             ) [ 01010]
b1_V                 (read             ) [ 01010]
b2_V                 (read             ) [ 01010]
b3_V                 (read             ) [ 01010]
b4_V                 (read             ) [ 00000]
b5_V                 (read             ) [ 00000]
b6_V                 (read             ) [ 00000]
b7_V                 (read             ) [ 00000]
b8_V                 (read             ) [ 00000]
b9_V                 (read             ) [ 00000]
b10_V                (read             ) [ 00000]
b11_V                (read             ) [ 00000]
b12_V                (read             ) [ 01010]
b13_V                (read             ) [ 01010]
b14_V                (read             ) [ 01010]
b15_V                (read             ) [ 01010]
zext_ln587_4         (zext             ) [ 00000]
crcTables_4_addr     (getelementptr    ) [ 01010]
zext_ln587_5         (zext             ) [ 00000]
crcTables_5_addr     (getelementptr    ) [ 01010]
zext_ln587_6         (zext             ) [ 00000]
crcTables_6_addr     (getelementptr    ) [ 01010]
zext_ln587_7         (zext             ) [ 00000]
crcTables_7_addr     (getelementptr    ) [ 01010]
zext_ln587_8         (zext             ) [ 00000]
crcTables_8_addr     (getelementptr    ) [ 01010]
zext_ln587_9         (zext             ) [ 00000]
crcTables_9_addr     (getelementptr    ) [ 01010]
zext_ln587_10        (zext             ) [ 00000]
crcTables_10_addr    (getelementptr    ) [ 01010]
zext_ln587_11        (zext             ) [ 00000]
crcTables_11_addr    (getelementptr    ) [ 01010]
ret_V_3_load_1       (load             ) [ 00000]
ret_V_15             (trunc            ) [ 00000]
ret_V                (xor              ) [ 00000]
zext_ln587           (zext             ) [ 00000]
crcTables_0_addr     (getelementptr    ) [ 01001]
ret_V_16             (partselect       ) [ 00000]
ret_V_10             (xor              ) [ 00000]
zext_ln587_1         (zext             ) [ 00000]
crcTables_1_addr     (getelementptr    ) [ 01001]
ret_V_17             (partselect       ) [ 00000]
ret_V_12             (xor              ) [ 00000]
zext_ln587_2         (zext             ) [ 00000]
crcTables_2_addr     (getelementptr    ) [ 01001]
trunc_ln             (partselect       ) [ 00000]
ret_V_13             (xor              ) [ 00000]
zext_ln587_3         (zext             ) [ 00000]
crcTables_3_addr     (getelementptr    ) [ 01001]
crcTables_4_load     (load             ) [ 01001]
crcTables_5_load     (load             ) [ 01001]
crcTables_6_load     (load             ) [ 01001]
crcTables_7_load     (load             ) [ 01001]
crcTables_8_load     (load             ) [ 00000]
crcTables_9_load     (load             ) [ 00000]
crcTables_10_load    (load             ) [ 00000]
crcTables_11_load    (load             ) [ 00000]
zext_ln587_12        (zext             ) [ 00000]
crcTables_12_addr    (getelementptr    ) [ 01001]
zext_ln587_13        (zext             ) [ 00000]
crcTables_13_addr    (getelementptr    ) [ 01001]
zext_ln587_14        (zext             ) [ 00000]
crcTables_14_addr    (getelementptr    ) [ 01001]
zext_ln587_15        (zext             ) [ 00000]
crcTables_15_addr    (getelementptr    ) [ 01001]
xor_ln420_7          (xor              ) [ 00000]
xor_ln420_8          (xor              ) [ 00000]
xor_ln420_9          (xor              ) [ 01001]
specpipeline_ln393   (specpipeline     ) [ 00000]
specloopname_ln391   (specloopname     ) [ 00000]
crcTables_0_load     (load             ) [ 00000]
crcTables_1_load     (load             ) [ 00000]
crcTables_2_load     (load             ) [ 00000]
crcTables_3_load     (load             ) [ 00000]
crcTables_12_load    (load             ) [ 00000]
crcTables_13_load    (load             ) [ 00000]
crcTables_14_load    (load             ) [ 00000]
crcTables_15_load    (load             ) [ 00000]
xor_ln420_1          (xor              ) [ 00000]
xor_ln420            (xor              ) [ 00000]
xor_ln420_3          (xor              ) [ 00000]
xor_ln420_4          (xor              ) [ 00000]
xor_ln420_5          (xor              ) [ 00000]
xor_ln420_2          (xor              ) [ 00000]
xor_ln420_10         (xor              ) [ 00000]
xor_ln420_11         (xor              ) [ 00000]
xor_ln420_12         (xor              ) [ 00000]
xor_ln420_13         (xor              ) [ 00000]
xor_ln420_6          (xor              ) [ 00000]
next_V               (xor              ) [ 00000]
ret_V_14             (and              ) [ 00000]
store_ln391          (store            ) [ 00000]
br_ln391             (br               ) [ 00000]
ret_V_3_load         (load             ) [ 00000]
write_ln0            (write            ) [ 00000]
ret_ln0              (ret              ) [ 00000]
</LifeTime>

<model>

<comp_list>
<comp id="0" class="1000" name="crc">
<pin_list>
<pin id="1" dir="1" index="0" bw="1" slack="0"/>
</pin_list>
<bind>
<StgValue><ssdm name="crc"/></StgValue>
</bind>
</comp>

<comp id="2" class="1000" name="blocks_in_chunk">
<pin_list>
<pin id="3" dir="1" index="0" bw="1" slack="0"/>
</pin_list>
<bind>
<StgValue><ssdm name="blocks_in_chunk"/></StgValue>
</bind>
</comp>

<comp id="4" class="1000" name="inByte017">
<pin_list>
<pin id="5" dir="1" index="0" bw="1" slack="0"/>
</pin_list>
<bind>
<StgValue><ssdm name="inByte017"/></StgValue>
</bind>
</comp>

<comp id="6" class="1000" name="inByte118">
<pin_list>
<pin id="7" dir="1" index="0" bw="1" slack="0"/>
</pin_list>
<bind>
<StgValue><ssdm name="inByte118"/></StgValue>
</bind>
</comp>

<comp id="8" class="1000" name="inByte219">
<pin_list>
<pin id="9" dir="1" index="0" bw="1" slack="0"/>
</pin_list>
<bind>
<StgValue><ssdm name="inByte219"/></StgValue>
</bind>
</comp>

<comp id="10" class="1000" name="inByte320">
<pin_list>
<pin id="11" dir="1" index="0" bw="1" slack="0"/>
</pin_list>
<bind>
<StgValue><ssdm name="inByte320"/></StgValue>
</bind>
</comp>

<comp id="12" class="1000" name="inByte421">
<pin_list>
<pin id="13" dir="1" index="0" bw="1" slack="0"/>
</pin_list>
<bind>
<StgValue><ssdm name="inByte421"/></StgValue>
</bind>
</comp>

<comp id="14" class="1000" name="inByte522">
<pin_list>
<pin id="15" dir="1" index="0" bw="1" slack="0"/>
</pin_list>
<bind>
<StgValue><ssdm name="inByte522"/></StgValue>
</bind>
</comp>

<comp id="16" class="1000" name="inByte623">
<pin_list>
<pin id="17" dir="1" index="0" bw="1" slack="0"/>
</pin_list>
<bind>
<StgValue><ssdm name="inByte623"/></StgValue>
</bind>
</comp>

<comp id="18" class="1000" name="inByte724">
<pin_list>
<pin id="19" dir="1" index="0" bw="1" slack="0"/>
</pin_list>
<bind>
<StgValue><ssdm name="inByte724"/></StgValue>
</bind>
</comp>

<comp id="20" class="1000" name="inByte825">
<pin_list>
<pin id="21" dir="1" index="0" bw="1" slack="0"/>
</pin_list>
<bind>
<StgValue><ssdm name="inByte825"/></StgValue>
</bind>
</comp>

<comp id="22" class="1000" name="inByte926">
<pin_list>
<pin id="23" dir="1" index="0" bw="1" slack="0"/>
</pin_list>
<bind>
<StgValue><ssdm name="inByte926"/></StgValue>
</bind>
</comp>

<comp id="24" class="1000" name="inByte1027">
<pin_list>
<pin id="25" dir="1" index="0" bw="1" slack="0"/>
</pin_list>
<bind>
<StgValue><ssdm name="inByte1027"/></StgValue>
</bind>
</comp>

<comp id="26" class="1000" name="inByte1128">
<pin_list>
<pin id="27" dir="1" index="0" bw="1" slack="0"/>
</pin_list>
<bind>
<StgValue><ssdm name="inByte1128"/></StgValue>
</bind>
</comp>

<comp id="28" class="1000" name="inByte1229">
<pin_list>
<pin id="29" dir="1" index="0" bw="1" slack="0"/>
</pin_list>
<bind>
<StgValue><ssdm name="inByte1229"/></StgValue>
</bind>
</comp>

<comp id="30" class="1000" name="inByte1330">
<pin_list>
<pin id="31" dir="1" index="0" bw="1" slack="0"/>
</pin_list>
<bind>
<StgValue><ssdm name="inByte1330"/></StgValue>
</bind>
</comp>

<comp id="32" class="1000" name="inByte1431">
<pin_list>
<pin id="33" dir="1" index="0" bw="1" slack="0"/>
</pin_list>
<bind>
<StgValue><ssdm name="inByte1431"/></StgValue>
</bind>
</comp>

<comp id="34" class="1000" name="inByte1532">
<pin_list>
<pin id="35" dir="1" index="0" bw="1" slack="0"/>
</pin_list>
<bind>
<StgValue><ssdm name="inByte1532"/></StgValue>
</bind>
</comp>

<comp id="36" class="1000" name="crcTables_0">
<pin_list>
<pin id="37" dir="1" index="0" bw="1" slack="0"/>
</pin_list>
<bind>
<StgValue><ssdm name="crcTables_0"/><MemPortTyVec>1 </MemPortTyVec>
</StgValue>
</bind>
</comp>

<comp id="38" class="1000" name="crcTables_1">
<pin_list>
<pin id="39" dir="1" index="0" bw="1" slack="0"/>
</pin_list>
<bind>
<StgValue><ssdm name="crcTables_1"/><MemPortTyVec>1 </MemPortTyVec>
</StgValue>
</bind>
</comp>

<comp id="40" class="1000" name="crcTables_2">
<pin_list>
<pin id="41" dir="1" index="0" bw="1" slack="0"/>
</pin_list>
<bind>
<StgValue><ssdm name="crcTables_2"/><MemPortTyVec>1 </MemPortTyVec>
</StgValue>
</bind>
</comp>

<comp id="42" class="1000" name="crcTables_3">
<pin_list>
<pin id="43" dir="1" index="0" bw="1" slack="0"/>
</pin_list>
<bind>
<StgValue><ssdm name="crcTables_3"/><MemPortTyVec>1 </MemPortTyVec>
</StgValue>
</bind>
</comp>

<comp id="44" class="1000" name="crcTables_4">
<pin_list>
<pin id="45" dir="1" index="0" bw="1" slack="0"/>
</pin_list>
<bind>
<StgValue><ssdm name="crcTables_4"/><MemPortTyVec>1 </MemPortTyVec>
</StgValue>
</bind>
</comp>

<comp id="46" class="1000" name="crcTables_5">
<pin_list>
<pin id="47" dir="1" index="0" bw="1" slack="0"/>
</pin_list>
<bind>
<StgValue><ssdm name="crcTables_5"/><MemPortTyVec>1 </MemPortTyVec>
</StgValue>
</bind>
</comp>

<comp id="48" class="1000" name="crcTables_6">
<pin_list>
<pin id="49" dir="1" index="0" bw="1" slack="0"/>
</pin_list>
<bind>
<StgValue><ssdm name="crcTables_6"/><MemPortTyVec>1 </MemPortTyVec>
</StgValue>
</bind>
</comp>

<comp id="50" class="1000" name="crcTables_7">
<pin_list>
<pin id="51" dir="1" index="0" bw="1" slack="0"/>
</pin_list>
<bind>
<StgValue><ssdm name="crcTables_7"/><MemPortTyVec>1 </MemPortTyVec>
</StgValue>
</bind>
</comp>

<comp id="52" class="1000" name="crcTables_8">
<pin_list>
<pin id="53" dir="1" index="0" bw="1" slack="0"/>
</pin_list>
<bind>
<StgValue><ssdm name="crcTables_8"/><MemPortTyVec>1 </MemPortTyVec>
</StgValue>
</bind>
</comp>

<comp id="54" class="1000" name="crcTables_9">
<pin_list>
<pin id="55" dir="1" index="0" bw="1" slack="0"/>
</pin_list>
<bind>
<StgValue><ssdm name="crcTables_9"/><MemPortTyVec>1 </MemPortTyVec>
</StgValue>
</bind>
</comp>

<comp id="56" class="1000" name="crcTables_10">
<pin_list>
<pin id="57" dir="1" index="0" bw="1" slack="0"/>
</pin_list>
<bind>
<StgValue><ssdm name="crcTables_10"/><MemPortTyVec>1 </MemPortTyVec>
</StgValue>
</bind>
</comp>

<comp id="58" class="1000" name="crcTables_11">
<pin_list>
<pin id="59" dir="1" index="0" bw="1" slack="0"/>
</pin_list>
<bind>
<StgValue><ssdm name="crcTables_11"/><MemPortTyVec>1 </MemPortTyVec>
</StgValue>
</bind>
</comp>

<comp id="60" class="1000" name="crcTables_12">
<pin_list>
<pin id="61" dir="1" index="0" bw="1" slack="0"/>
</pin_list>
<bind>
<StgValue><ssdm name="crcTables_12"/><MemPortTyVec>1 </MemPortTyVec>
</StgValue>
</bind>
</comp>

<comp id="62" class="1000" name="crcTables_13">
<pin_list>
<pin id="63" dir="1" index="0" bw="1" slack="0"/>
</pin_list>
<bind>
<StgValue><ssdm name="crcTables_13"/><MemPortTyVec>1 </MemPortTyVec>
</StgValue>
</bind>
</comp>

<comp id="64" class="1000" name="crcTables_14">
<pin_list>
<pin id="65" dir="1" index="0" bw="1" slack="0"/>
</pin_list>
<bind>
<StgValue><ssdm name="crcTables_14"/><MemPortTyVec>1 </MemPortTyVec>
</StgValue>
</bind>
</comp>

<comp id="66" class="1000" name="crcTables_15">
<pin_list>
<pin id="67" dir="1" index="0" bw="1" slack="0"/>
</pin_list>
<bind>
<StgValue><ssdm name="crcTables_15"/><MemPortTyVec>1 </MemPortTyVec>
</StgValue>
</bind>
</comp>

<comp id="68" class="1000" name="mask">
<pin_list>
<pin id="69" dir="1" index="0" bw="1" slack="0"/>
</pin_list>
<bind>
<StgValue><ssdm name="mask"/></StgValue>
</bind>
</comp>

<comp id="70" class="1000" name="p_out">
<pin_list>
<pin id="71" dir="1" index="0" bw="1" slack="0"/>
</pin_list>
<bind>
<StgValue><ssdm name="p_out"/></StgValue>
</bind>
</comp>

<comp id="72" class="1001" name="const_72">
<pin_list>
<pin id="73" dir="1" index="0" bw="1" slack="0"/>
</pin_list>
<bind>
<StgValue><ssdm name=""/></StgValue>
</bind>
</comp>

<comp id="74" class="1001" name="const_74">
<pin_list>
<pin id="75" dir="1" index="0" bw="1" slack="2147483647"/>
</pin_list>
<bind>
<StgValue><ssdm name="_ssdm_op_SpecMemCore"/></StgValue>
</bind>
</comp>

<comp id="76" class="1001" name="const_76">
<pin_list>
<pin id="77" dir="1" index="0" bw="1" slack="2147483647"/>
</pin_list>
<bind>
<StgValue><ssdm name=""/></StgValue>
</bind>
</comp>

<comp id="78" class="1001" name="const_78">
<pin_list>
<pin id="79" dir="1" index="0" bw="1" slack="2147483647"/>
</pin_list>
<bind>
<StgValue><ssdm name=""/></StgValue>
</bind>
</comp>

<comp id="80" class="1001" name="const_80">
<pin_list>
<pin id="81" dir="1" index="0" bw="1" slack="2147483647"/>
</pin_list>
<bind>
<StgValue><ssdm name=""/></StgValue>
</bind>
</comp>

<comp id="82" class="1001" name="const_82">
<pin_list>
<pin id="83" dir="1" index="0" bw="1" slack="2147483647"/>
</pin_list>
<bind>
<StgValue><ssdm name="_ssdm_op_SpecInterface"/></StgValue>
</bind>
</comp>

<comp id="84" class="1001" name="const_84">
<pin_list>
<pin id="85" dir="1" index="0" bw="1" slack="2147483647"/>
</pin_list>
<bind>
<StgValue><ssdm name="empty_3"/></StgValue>
</bind>
</comp>

<comp id="86" class="1001" name="const_86">
<pin_list>
<pin id="87" dir="1" index="0" bw="1" slack="2147483647"/>
</pin_list>
<bind>
<StgValue><ssdm name=""/></StgValue>
</bind>
</comp>

<comp id="88" class="1001" name="const_88">
<pin_list>
<pin id="89" dir="1" index="0" bw="1" slack="2147483647"/>
</pin_list>
<bind>
<StgValue><ssdm name="empty_23"/></StgValue>
</bind>
</comp>

<comp id="90" class="1001" name="const_90">
<pin_list>
<pin id="91" dir="1" index="0" bw="1" slack="2147483647"/>
</pin_list>
<bind>
<StgValue><ssdm name=""/></StgValue>
</bind>
</comp>

<comp id="92" class="1001" name="const_92">
<pin_list>
<pin id="93" dir="1" index="0" bw="1" slack="0"/>
</pin_list>
<bind>
<StgValue><ssdm name="_ssdm_op_Read.ap_auto.i32"/></StgValue>
</bind>
</comp>

<comp id="94" class="1001" name="const_94">
<pin_list>
<pin id="95" dir="1" index="0" bw="1" slack="0"/>
</pin_list>
<bind>
<StgValue><ssdm name="_ssdm_op_Read.ap_auto.i28"/></StgValue>
</bind>
</comp>

<comp id="96" class="1001" name="const_96">
<pin_list>
<pin id="97" dir="1" index="0" bw="1" slack="0"/>
</pin_list>
<bind>
<StgValue><ssdm name=""/></StgValue>
</bind>
</comp>

<comp id="98" class="1001" name="const_98">
<pin_list>
<pin id="99" dir="1" index="0" bw="1" slack="2147483647"/>
</pin_list>
<bind>
<StgValue><ssdm name="_ssdm_op_SpecLoopTripCount"/></StgValue>
</bind>
</comp>

<comp id="100" class="1001" name="const_100">
<pin_list>
<pin id="101" dir="1" index="0" bw="1" slack="2147483647"/>
</pin_list>
<bind>
<StgValue><ssdm name=""/></StgValue>
</bind>
</comp>

<comp id="102" class="1001" name="const_102">
<pin_list>
<pin id="103" dir="1" index="0" bw="1" slack="0"/>
</pin_list>
<bind>
<StgValue><ssdm name=""/></StgValue>
</bind>
</comp>

<comp id="104" class="1001" name="const_104">
<pin_list>
<pin id="105" dir="1" index="0" bw="1" slack="0"/>
</pin_list>
<bind>
<StgValue><ssdm name=""/></StgValue>
</bind>
</comp>

<comp id="106" class="1001" name="const_106">
<pin_list>
<pin id="107" dir="1" index="0" bw="1" slack="0"/>
</pin_list>
<bind>
<StgValue><ssdm name="_ssdm_op_Read.ap_fifo.volatile.i8P0A"/></StgValue>
</bind>
</comp>

<comp id="108" class="1001" name="const_108">
<pin_list>
<pin id="109" dir="1" index="0" bw="1" slack="0"/>
</pin_list>
<bind>
<StgValue><ssdm name="_ssdm_op_PartSelect.i8.i32.i32.i32"/></StgValue>
</bind>
</comp>

<comp id="110" class="1001" name="const_110">
<pin_list>
<pin id="111" dir="1" index="0" bw="1" slack="0"/>
</pin_list>
<bind>
<StgValue><ssdm name=""/></StgValue>
</bind>
</comp>

<comp id="112" class="1001" name="const_112">
<pin_list>
<pin id="113" dir="1" index="0" bw="1" slack="0"/>
</pin_list>
<bind>
<StgValue><ssdm name=""/></StgValue>
</bind>
</comp>

<comp id="114" class="1001" name="const_114">
<pin_list>
<pin id="115" dir="1" index="0" bw="1" slack="0"/>
</pin_list>
<bind>
<StgValue><ssdm name=""/></StgValue>
</bind>
</comp>

<comp id="116" class="1001" name="const_116">
<pin_list>
<pin id="117" dir="1" index="0" bw="1" slack="0"/>
</pin_list>
<bind>
<StgValue><ssdm name=""/></StgValue>
</bind>
</comp>

<comp id="118" class="1001" name="const_118">
<pin_list>
<pin id="119" dir="1" index="0" bw="1" slack="0"/>
</pin_list>
<bind>
<StgValue><ssdm name=""/></StgValue>
</bind>
</comp>

<comp id="120" class="1001" name="const_120">
<pin_list>
<pin id="121" dir="1" index="0" bw="1" slack="0"/>
</pin_list>
<bind>
<StgValue><ssdm name=""/></StgValue>
</bind>
</comp>

<comp id="122" class="1001" name="const_122">
<pin_list>
<pin id="123" dir="1" index="0" bw="1" slack="2147483647"/>
</pin_list>
<bind>
<StgValue><ssdm name="_ssdm_op_SpecPipeline"/></StgValue>
</bind>
</comp>

<comp id="124" class="1001" name="const_124">
<pin_list>
<pin id="125" dir="1" index="0" bw="1" slack="2147483647"/>
</pin_list>
<bind>
<StgValue><ssdm name="_ssdm_op_SpecLoopName"/></StgValue>
</bind>
</comp>

<comp id="126" class="1001" name="const_126">
<pin_list>
<pin id="127" dir="1" index="0" bw="1" slack="2147483647"/>
</pin_list>
<bind>
<StgValue><ssdm name="empty_8"/></StgValue>
</bind>
</comp>

<comp id="128" class="1001" name="const_128">
<pin_list>
<pin id="129" dir="1" index="0" bw="1" slack="0"/>
</pin_list>
<bind>
<StgValue><ssdm name="_ssdm_op_Write.ap_auto.i32P0A"/></StgValue>
</bind>
</comp>

<comp id="130" class="1004" name="b_fu_130">
<pin_list>
<pin id="131" dir="0" index="0" bw="1" slack="0"/>
<pin id="132" dir="1" index="1" bw="28" slack="0"/>
</pin_list>
<bind>
<opcode="alloca(26) " fcode="alloca"/>
<opset="b/1 "/>
</bind>
</comp>

<comp id="134" class="1004" name="ret_V_3_fu_134">
<pin_list>
<pin id="135" dir="0" index="0" bw="1" slack="0"/>
<pin id="136" dir="1" index="1" bw="32" slack="0"/>
</pin_list>
<bind>
<opcode="alloca(26) " fcode="alloca"/>
<opset="ret_V_3/1 "/>
</bind>
</comp>

<comp id="138" class="1004" name="mask_read_read_fu_138">
<pin_list>
<pin id="139" dir="0" index="0" bw="32" slack="0"/>
<pin id="140" dir="0" index="1" bw="32" slack="0"/>
<pin id="141" dir="1" index="2" bw="32" slack="3"/>
</pin_list>
<bind>
<opcode="read(1150) " fcode="read"/>
<opset="mask_read/1 "/>
</bind>
</comp>

<comp id="144" class="1004" name="blocks_in_chunk_read_read_fu_144">
<pin_list>
<pin id="145" dir="0" index="0" bw="28" slack="0"/>
<pin id="146" dir="0" index="1" bw="28" slack="0"/>
<pin id="147" dir="1" index="2" bw="28" slack="0"/>
</pin_list>
<bind>
<opcode="read(1150) " fcode="read"/>
<opset="blocks_in_chunk_read/1 "/>
</bind>
</comp>

<comp id="150" class="1004" name="crc_read_read_fu_150">
<pin_list>
<pin id="151" dir="0" index="0" bw="32" slack="0"/>
<pin id="152" dir="0" index="1" bw="32" slack="0"/>
<pin id="153" dir="1" index="2" bw="32" slack="0"/>
</pin_list>
<bind>
<opcode="read(1150) " fcode="read"/>
<opset="crc_read/1 "/>
</bind>
</comp>

<comp id="156" class="1004" name="b0_V_read_fu_156">
<pin_list>
<pin id="157" dir="0" index="0" bw="8" slack="0"/>
<pin id="158" dir="0" index="1" bw="8" slack="0"/>
<pin id="159" dir="1" index="2" bw="8" slack="1"/>
</pin_list>
<bind>
<opcode="read(1150) " fcode="read"/>
<opset="b0_V/2 "/>
</bind>
</comp>

<comp id="162" class="1004" name="b1_V_read_fu_162">
<pin_list>
<pin id="163" dir="0" index="0" bw="8" slack="0"/>
<pin id="164" dir="0" index="1" bw="8" slack="0"/>
<pin id="165" dir="1" index="2" bw="8" slack="1"/>
</pin_list>
<bind>
<opcode="read(1150) " fcode="read"/>
<opset="b1_V/2 "/>
</bind>
</comp>

<comp id="168" class="1004" name="b2_V_read_fu_168">
<pin_list>
<pin id="169" dir="0" index="0" bw="8" slack="0"/>
<pin id="170" dir="0" index="1" bw="8" slack="0"/>
<pin id="171" dir="1" index="2" bw="8" slack="1"/>
</pin_list>
<bind>
<opcode="read(1150) " fcode="read"/>
<opset="b2_V/2 "/>
</bind>
</comp>

<comp id="174" class="1004" name="b3_V_read_fu_174">
<pin_list>
<pin id="175" dir="0" index="0" bw="8" slack="0"/>
<pin id="176" dir="0" index="1" bw="8" slack="0"/>
<pin id="177" dir="1" index="2" bw="8" slack="1"/>
</pin_list>
<bind>
<opcode="read(1150) " fcode="read"/>
<opset="b3_V/2 "/>
</bind>
</comp>

<comp id="180" class="1004" name="b4_V_read_fu_180">
<pin_list>
<pin id="181" dir="0" index="0" bw="8" slack="0"/>
<pin id="182" dir="0" index="1" bw="8" slack="0"/>
<pin id="183" dir="1" index="2" bw="8" slack="0"/>
</pin_list>
<bind>
<opcode="read(1150) " fcode="read"/>
<opset="b4_V/2 "/>
</bind>
</comp>

<comp id="186" class="1004" name="b5_V_read_fu_186">
<pin_list>
<pin id="187" dir="0" index="0" bw="8" slack="0"/>
<pin id="188" dir="0" index="1" bw="8" slack="0"/>
<pin id="189" dir="1" index="2" bw="8" slack="0"/>
</pin_list>
<bind>
<opcode="read(1150) " fcode="read"/>
<opset="b5_V/2 "/>
</bind>
</comp>

<comp id="192" class="1004" name="b6_V_read_fu_192">
<pin_list>
<pin id="193" dir="0" index="0" bw="8" slack="0"/>
<pin id="194" dir="0" index="1" bw="8" slack="0"/>
<pin id="195" dir="1" index="2" bw="8" slack="0"/>
</pin_list>
<bind>
<opcode="read(1150) " fcode="read"/>
<opset="b6_V/2 "/>
</bind>
</comp>

<comp id="198" class="1004" name="b7_V_read_fu_198">
<pin_list>
<pin id="199" dir="0" index="0" bw="8" slack="0"/>
<pin id="200" dir="0" index="1" bw="8" slack="0"/>
<pin id="201" dir="1" index="2" bw="8" slack="0"/>
</pin_list>
<bind>
<opcode="read(1150) " fcode="read"/>
<opset="b7_V/2 "/>
</bind>
</comp>

<comp id="204" class="1004" name="b8_V_read_fu_204">
<pin_list>
<pin id="205" dir="0" index="0" bw="8" slack="0"/>
<pin id="206" dir="0" index="1" bw="8" slack="0"/>
<pin id="207" dir="1" index="2" bw="8" slack="0"/>
</pin_list>
<bind>
<opcode="read(1150) " fcode="read"/>
<opset="b8_V/2 "/>
</bind>
</comp>

<comp id="210" class="1004" name="b9_V_read_fu_210">
<pin_list>
<pin id="211" dir="0" index="0" bw="8" slack="0"/>
<pin id="212" dir="0" index="1" bw="8" slack="0"/>
<pin id="213" dir="1" index="2" bw="8" slack="0"/>
</pin_list>
<bind>
<opcode="read(1150) " fcode="read"/>
<opset="b9_V/2 "/>
</bind>
</comp>

<comp id="216" class="1004" name="b10_V_read_fu_216">
<pin_list>
<pin id="217" dir="0" index="0" bw="8" slack="0"/>
<pin id="218" dir="0" index="1" bw="8" slack="0"/>
<pin id="219" dir="1" index="2" bw="8" slack="0"/>
</pin_list>
<bind>
<opcode="read(1150) " fcode="read"/>
<opset="b10_V/2 "/>
</bind>
</comp>

<comp id="222" class="1004" name="b11_V_read_fu_222">
<pin_list>
<pin id="223" dir="0" index="0" bw="8" slack="0"/>
<pin id="224" dir="0" index="1" bw="8" slack="0"/>
<pin id="225" dir="1" index="2" bw="8" slack="0"/>
</pin_list>
<bind>
<opcode="read(1150) " fcode="read"/>
<opset="b11_V/2 "/>
</bind>
</comp>

<comp id="228" class="1004" name="b12_V_read_fu_228">
<pin_list>
<pin id="229" dir="0" index="0" bw="8" slack="0"/>
<pin id="230" dir="0" index="1" bw="8" slack="0"/>
<pin id="231" dir="1" index="2" bw="8" slack="1"/>
</pin_list>
<bind>
<opcode="read(1150) " fcode="read"/>
<opset="b12_V/2 "/>
</bind>
</comp>

<comp id="234" class="1004" name="b13_V_read_fu_234">
<pin_list>
<pin id="235" dir="0" index="0" bw="8" slack="0"/>
<pin id="236" dir="0" index="1" bw="8" slack="0"/>
<pin id="237" dir="1" index="2" bw="8" slack="1"/>
</pin_list>
<bind>
<opcode="read(1150) " fcode="read"/>
<opset="b13_V/2 "/>
</bind>
</comp>

<comp id="240" class="1004" name="b14_V_read_fu_240">
<pin_list>
<pin id="241" dir="0" index="0" bw="8" slack="0"/>
<pin id="242" dir="0" index="1" bw="8" slack="0"/>
<pin id="243" dir="1" index="2" bw="8" slack="1"/>
</pin_list>
<bind>
<opcode="read(1150) " fcode="read"/>
<opset="b14_V/2 "/>
</bind>
</comp>

<comp id="246" class="1004" name="b15_V_read_fu_246">
<pin_list>
<pin id="247" dir="0" index="0" bw="8" slack="0"/>
<pin id="248" dir="0" index="1" bw="8" slack="0"/>
<pin id="249" dir="1" index="2" bw="8" slack="1"/>
</pin_list>
<bind>
<opcode="read(1150) " fcode="read"/>
<opset="b15_V/2 "/>
</bind>
</comp>

<comp id="252" class="1004" name="write_ln0_write_fu_252">
<pin_list>
<pin id="253" dir="0" index="0" bw="0" slack="0"/>
<pin id="254" dir="0" index="1" bw="32" slack="0"/>
<pin id="255" dir="0" index="2" bw="32" slack="0"/>
<pin id="256" dir="1" index="3" bw="0" slack="2147483647"/>
</pin_list>
<bind>
<opcode="write(1151) " fcode="write"/>
<opset="write_ln0/3 "/>
</bind>
</comp>

<comp id="259" class="1004" name="crcTables_4_addr_gep_fu_259">
<pin_list>
<pin id="260" dir="0" index="0" bw="32" slack="0"/>
<pin id="261" dir="0" index="1" bw="1" slack="0"/>
<pin id="262" dir="0" index="2" bw="8" slack="0"/>
<pin id="263" dir="1" index="3" bw="8" slack="0"/>
</pin_list>
<bind>
<opcode="getelementptr(29) " fcode="getelementptr"/>
<opset="crcTables_4_addr/2 "/>
</bind>
</comp>

<comp id="266" class="1004" name="grp_access_fu_266">
<pin_list>
<pin id="267" dir="0" index="0" bw="8" slack="0"/>
<pin id="268" dir="0" index="1" bw="32" slack="2147483647"/>
<pin id="269" dir="0" index="2" bw="0" slack="2147483647"/>
<pin id="270" dir="1" index="3" bw="32" slack="1"/>
</pin_list>
<bind>
<opcode="load(27) " fcode="load"/>
<opset="crcTables_4_load/2 "/>
</bind>
</comp>

<comp id="272" class="1004" name="crcTables_5_addr_gep_fu_272">
<pin_list>
<pin id="273" dir="0" index="0" bw="32" slack="0"/>
<pin id="274" dir="0" index="1" bw="1" slack="0"/>
<pin id="275" dir="0" index="2" bw="8" slack="0"/>
<pin id="276" dir="1" index="3" bw="8" slack="0"/>
</pin_list>
<bind>
<opcode="getelementptr(29) " fcode="getelementptr"/>
<opset="crcTables_5_addr/2 "/>
</bind>
</comp>

<comp id="279" class="1004" name="grp_access_fu_279">
<pin_list>
<pin id="280" dir="0" index="0" bw="8" slack="0"/>
<pin id="281" dir="0" index="1" bw="32" slack="2147483647"/>
<pin id="282" dir="0" index="2" bw="0" slack="2147483647"/>
<pin id="283" dir="1" index="3" bw="32" slack="1"/>
</pin_list>
<bind>
<opcode="load(27) " fcode="load"/>
<opset="crcTables_5_load/2 "/>
</bind>
</comp>

<comp id="285" class="1004" name="crcTables_6_addr_gep_fu_285">
<pin_list>
<pin id="286" dir="0" index="0" bw="32" slack="0"/>
<pin id="287" dir="0" index="1" bw="1" slack="0"/>
<pin id="288" dir="0" index="2" bw="8" slack="0"/>
<pin id="289" dir="1" index="3" bw="8" slack="0"/>
</pin_list>
<bind>
<opcode="getelementptr(29) " fcode="getelementptr"/>
<opset="crcTables_6_addr/2 "/>
</bind>
</comp>

<comp id="292" class="1004" name="grp_access_fu_292">
<pin_list>
<pin id="293" dir="0" index="0" bw="8" slack="0"/>
<pin id="294" dir="0" index="1" bw="32" slack="2147483647"/>
<pin id="295" dir="0" index="2" bw="0" slack="2147483647"/>
<pin id="296" dir="1" index="3" bw="32" slack="1"/>
</pin_list>
<bind>
<opcode="load(27) " fcode="load"/>
<opset="crcTables_6_load/2 "/>
</bind>
</comp>

<comp id="298" class="1004" name="crcTables_7_addr_gep_fu_298">
<pin_list>
<pin id="299" dir="0" index="0" bw="32" slack="0"/>
<pin id="300" dir="0" index="1" bw="1" slack="0"/>
<pin id="301" dir="0" index="2" bw="8" slack="0"/>
<pin id="302" dir="1" index="3" bw="8" slack="0"/>
</pin_list>
<bind>
<opcode="getelementptr(29) " fcode="getelementptr"/>
<opset="crcTables_7_addr/2 "/>
</bind>
</comp>

<comp id="305" class="1004" name="grp_access_fu_305">
<pin_list>
<pin id="306" dir="0" index="0" bw="8" slack="0"/>
<pin id="307" dir="0" index="1" bw="32" slack="2147483647"/>
<pin id="308" dir="0" index="2" bw="0" slack="2147483647"/>
<pin id="309" dir="1" index="3" bw="32" slack="1"/>
</pin_list>
<bind>
<opcode="load(27) " fcode="load"/>
<opset="crcTables_7_load/2 "/>
</bind>
</comp>

<comp id="311" class="1004" name="crcTables_8_addr_gep_fu_311">
<pin_list>
<pin id="312" dir="0" index="0" bw="32" slack="0"/>
<pin id="313" dir="0" index="1" bw="1" slack="0"/>
<pin id="314" dir="0" index="2" bw="8" slack="0"/>
<pin id="315" dir="1" index="3" bw="8" slack="0"/>
</pin_list>
<bind>
<opcode="getelementptr(29) " fcode="getelementptr"/>
<opset="crcTables_8_addr/2 "/>
</bind>
</comp>

<comp id="318" class="1004" name="grp_access_fu_318">
<pin_list>
<pin id="319" dir="0" index="0" bw="8" slack="0"/>
<pin id="320" dir="0" index="1" bw="32" slack="2147483647"/>
<pin id="321" dir="0" index="2" bw="0" slack="2147483647"/>
<pin id="322" dir="1" index="3" bw="32" slack="0"/>
</pin_list>
<bind>
<opcode="load(27) " fcode="load"/>
<opset="crcTables_8_load/2 "/>
</bind>
</comp>

<comp id="324" class="1004" name="crcTables_9_addr_gep_fu_324">
<pin_list>
<pin id="325" dir="0" index="0" bw="32" slack="0"/>
<pin id="326" dir="0" index="1" bw="1" slack="0"/>
<pin id="327" dir="0" index="2" bw="8" slack="0"/>
<pin id="328" dir="1" index="3" bw="8" slack="0"/>
</pin_list>
<bind>
<opcode="getelementptr(29) " fcode="getelementptr"/>
<opset="crcTables_9_addr/2 "/>
</bind>
</comp>

<comp id="331" class="1004" name="grp_access_fu_331">
<pin_list>
<pin id="332" dir="0" index="0" bw="8" slack="0"/>
<pin id="333" dir="0" index="1" bw="32" slack="2147483647"/>
<pin id="334" dir="0" index="2" bw="0" slack="2147483647"/>
<pin id="335" dir="1" index="3" bw="32" slack="0"/>
</pin_list>
<bind>
<opcode="load(27) " fcode="load"/>
<opset="crcTables_9_load/2 "/>
</bind>
</comp>

<comp id="337" class="1004" name="crcTables_10_addr_gep_fu_337">
<pin_list>
<pin id="338" dir="0" index="0" bw="32" slack="0"/>
<pin id="339" dir="0" index="1" bw="1" slack="0"/>
<pin id="340" dir="0" index="2" bw="8" slack="0"/>
<pin id="341" dir="1" index="3" bw="8" slack="0"/>
</pin_list>
<bind>
<opcode="getelementptr(29) " fcode="getelementptr"/>
<opset="crcTables_10_addr/2 "/>
</bind>
</comp>

<comp id="344" class="1004" name="grp_access_fu_344">
<pin_list>
<pin id="345" dir="0" index="0" bw="8" slack="0"/>
<pin id="346" dir="0" index="1" bw="32" slack="2147483647"/>
<pin id="347" dir="0" index="2" bw="0" slack="2147483647"/>
<pin id="348" dir="1" index="3" bw="32" slack="0"/>
</pin_list>
<bind>
<opcode="load(27) " fcode="load"/>
<opset="crcTables_10_load/2 "/>
</bind>
</comp>

<comp id="350" class="1004" name="crcTables_11_addr_gep_fu_350">
<pin_list>
<pin id="351" dir="0" index="0" bw="32" slack="0"/>
<pin id="352" dir="0" index="1" bw="1" slack="0"/>
<pin id="353" dir="0" index="2" bw="8" slack="0"/>
<pin id="354" dir="1" index="3" bw="8" slack="0"/>
</pin_list>
<bind>
<opcode="getelementptr(29) " fcode="getelementptr"/>
<opset="crcTables_11_addr/2 "/>
</bind>
</comp>

<comp id="357" class="1004" name="grp_access_fu_357">
<pin_list>
<pin id="358" dir="0" index="0" bw="8" slack="0"/>
<pin id="359" dir="0" index="1" bw="32" slack="2147483647"/>
<pin id="360" dir="0" index="2" bw="0" slack="2147483647"/>
<pin id="361" dir="1" index="3" bw="32" slack="0"/>
</pin_list>
<bind>
<opcode="load(27) " fcode="load"/>
<opset="crcTables_11_load/2 "/>
</bind>
</comp>

<comp id="363" class="1004" name="crcTables_0_addr_gep_fu_363">
<pin_list>
<pin id="364" dir="0" index="0" bw="32" slack="0"/>
<pin id="365" dir="0" index="1" bw="1" slack="0"/>
<pin id="366" dir="0" index="2" bw="8" slack="0"/>
<pin id="367" dir="1" index="3" bw="8" slack="0"/>
</pin_list>
<bind>
<opcode="getelementptr(29) " fcode="getelementptr"/>
<opset="crcTables_0_addr/3 "/>
</bind>
</comp>

<comp id="370" class="1004" name="grp_access_fu_370">
<pin_list>
<pin id="371" dir="0" index="0" bw="8" slack="0"/>
<pin id="372" dir="0" index="1" bw="32" slack="2147483647"/>
<pin id="373" dir="0" index="2" bw="0" slack="2147483647"/>
<pin id="374" dir="1" index="3" bw="32" slack="0"/>
</pin_list>
<bind>
<opcode="load(27) " fcode="load"/>
<opset="crcTables_0_load/3 "/>
</bind>
</comp>

<comp id="376" class="1004" name="crcTables_1_addr_gep_fu_376">
<pin_list>
<pin id="377" dir="0" index="0" bw="32" slack="0"/>
<pin id="378" dir="0" index="1" bw="1" slack="0"/>
<pin id="379" dir="0" index="2" bw="8" slack="0"/>
<pin id="380" dir="1" index="3" bw="8" slack="0"/>
</pin_list>
<bind>
<opcode="getelementptr(29) " fcode="getelementptr"/>
<opset="crcTables_1_addr/3 "/>
</bind>
</comp>

<comp id="383" class="1004" name="grp_access_fu_383">
<pin_list>
<pin id="384" dir="0" index="0" bw="8" slack="0"/>
<pin id="385" dir="0" index="1" bw="32" slack="2147483647"/>
<pin id="386" dir="0" index="2" bw="0" slack="2147483647"/>
<pin id="387" dir="1" index="3" bw="32" slack="0"/>
</pin_list>
<bind>
<opcode="load(27) " fcode="load"/>
<opset="crcTables_1_load/3 "/>
</bind>
</comp>

<comp id="389" class="1004" name="crcTables_2_addr_gep_fu_389">
<pin_list>
<pin id="390" dir="0" index="0" bw="32" slack="0"/>
<pin id="391" dir="0" index="1" bw="1" slack="0"/>
<pin id="392" dir="0" index="2" bw="8" slack="0"/>
<pin id="393" dir="1" index="3" bw="8" slack="0"/>
</pin_list>
<bind>
<opcode="getelementptr(29) " fcode="getelementptr"/>
<opset="crcTables_2_addr/3 "/>
</bind>
</comp>

<comp id="396" class="1004" name="grp_access_fu_396">
<pin_list>
<pin id="397" dir="0" index="0" bw="8" slack="0"/>
<pin id="398" dir="0" index="1" bw="32" slack="2147483647"/>
<pin id="399" dir="0" index="2" bw="0" slack="2147483647"/>
<pin id="400" dir="1" index="3" bw="32" slack="0"/>
</pin_list>
<bind>
<opcode="load(27) " fcode="load"/>
<opset="crcTables_2_load/3 "/>
</bind>
</comp>

<comp id="402" class="1004" name="crcTables_3_addr_gep_fu_402">
<pin_list>
<pin id="403" dir="0" index="0" bw="32" slack="0"/>
<pin id="404" dir="0" index="1" bw="1" slack="0"/>
<pin id="405" dir="0" index="2" bw="8" slack="0"/>
<pin id="406" dir="1" index="3" bw="8" slack="0"/>
</pin_list>
<bind>
<opcode="getelementptr(29) " fcode="getelementptr"/>
<opset="crcTables_3_addr/3 "/>
</bind>
</comp>

<comp id="409" class="1004" name="grp_access_fu_409">
<pin_list>
<pin id="410" dir="0" index="0" bw="8" slack="0"/>
<pin id="411" dir="0" index="1" bw="32" slack="2147483647"/>
<pin id="412" dir="0" index="2" bw="0" slack="2147483647"/>
<pin id="413" dir="1" index="3" bw="32" slack="0"/>
</pin_list>
<bind>
<opcode="load(27) " fcode="load"/>
<opset="crcTables_3_load/3 "/>
</bind>
</comp>

<comp id="415" class="1004" name="crcTables_12_addr_gep_fu_415">
<pin_list>
<pin id="416" dir="0" index="0" bw="32" slack="0"/>
<pin id="417" dir="0" index="1" bw="1" slack="0"/>
<pin id="418" dir="0" index="2" bw="8" slack="0"/>
<pin id="419" dir="1" index="3" bw="8" slack="0"/>
</pin_list>
<bind>
<opcode="getelementptr(29) " fcode="getelementptr"/>
<opset="crcTables_12_addr/3 "/>
</bind>
</comp>

<comp id="422" class="1004" name="grp_access_fu_422">
<pin_list>
<pin id="423" dir="0" index="0" bw="8" slack="0"/>
<pin id="424" dir="0" index="1" bw="32" slack="2147483647"/>
<pin id="425" dir="0" index="2" bw="0" slack="2147483647"/>
<pin id="426" dir="1" index="3" bw="32" slack="0"/>
</pin_list>
<bind>
<opcode="load(27) " fcode="load"/>
<opset="crcTables_12_load/3 "/>
</bind>
</comp>

<comp id="428" class="1004" name="crcTables_13_addr_gep_fu_428">
<pin_list>
<pin id="429" dir="0" index="0" bw="32" slack="0"/>
<pin id="430" dir="0" index="1" bw="1" slack="0"/>
<pin id="431" dir="0" index="2" bw="8" slack="0"/>
<pin id="432" dir="1" index="3" bw="8" slack="0"/>
</pin_list>
<bind>
<opcode="getelementptr(29) " fcode="getelementptr"/>
<opset="crcTables_13_addr/3 "/>
</bind>
</comp>

<comp id="435" class="1004" name="grp_access_fu_435">
<pin_list>
<pin id="436" dir="0" index="0" bw="8" slack="0"/>
<pin id="437" dir="0" index="1" bw="32" slack="2147483647"/>
<pin id="438" dir="0" index="2" bw="0" slack="2147483647"/>
<pin id="439" dir="1" index="3" bw="32" slack="0"/>
</pin_list>
<bind>
<opcode="load(27) " fcode="load"/>
<opset="crcTables_13_load/3 "/>
</bind>
</comp>

<comp id="441" class="1004" name="crcTables_14_addr_gep_fu_441">
<pin_list>
<pin id="442" dir="0" index="0" bw="32" slack="0"/>
<pin id="443" dir="0" index="1" bw="1" slack="0"/>
<pin id="444" dir="0" index="2" bw="8" slack="0"/>
<pin id="445" dir="1" index="3" bw="8" slack="0"/>
</pin_list>
<bind>
<opcode="getelementptr(29) " fcode="getelementptr"/>
<opset="crcTables_14_addr/3 "/>
</bind>
</comp>

<comp id="448" class="1004" name="grp_access_fu_448">
<pin_list>
<pin id="449" dir="0" index="0" bw="8" slack="0"/>
<pin id="450" dir="0" index="1" bw="32" slack="2147483647"/>
<pin id="451" dir="0" index="2" bw="0" slack="2147483647"/>
<pin id="452" dir="1" index="3" bw="32" slack="0"/>
</pin_list>
<bind>
<opcode="load(27) " fcode="load"/>
<opset="crcTables_14_load/3 "/>
</bind>
</comp>

<comp id="454" class="1004" name="crcTables_15_addr_gep_fu_454">
<pin_list>
<pin id="455" dir="0" index="0" bw="32" slack="0"/>
<pin id="456" dir="0" index="1" bw="1" slack="0"/>
<pin id="457" dir="0" index="2" bw="8" slack="0"/>
<pin id="458" dir="1" index="3" bw="8" slack="0"/>
</pin_list>
<bind>
<opcode="getelementptr(29) " fcode="getelementptr"/>
<opset="crcTables_15_addr/3 "/>
</bind>
</comp>

<comp id="461" class="1004" name="grp_access_fu_461">
<pin_list>
<pin id="462" dir="0" index="0" bw="8" slack="0"/>
<pin id="463" dir="0" index="1" bw="32" slack="2147483647"/>
<pin id="464" dir="0" index="2" bw="0" slack="2147483647"/>
<pin id="465" dir="1" index="3" bw="32" slack="0"/>
</pin_list>
<bind>
<opcode="load(27) " fcode="load"/>
<opset="crcTables_15_load/3 "/>
</bind>
</comp>

<comp id="467" class="1004" name="store_ln377_store_fu_467">
<pin_list>
<pin id="468" dir="0" index="0" bw="32" slack="0"/>
<pin id="469" dir="0" index="1" bw="32" slack="0"/>
<pin id="470" dir="1" index="2" bw="0" slack="2147483647"/>
</pin_list>
<bind>
<opcode="store(28) " fcode="store"/>
<opset="store_ln377/1 "/>
</bind>
</comp>

<comp id="472" class="1004" name="store_ln0_store_fu_472">
<pin_list>
<pin id="473" dir="0" index="0" bw="1" slack="0"/>
<pin id="474" dir="0" index="1" bw="28" slack="0"/>
<pin id="475" dir="1" index="2" bw="0" slack="2147483647"/>
</pin_list>
<bind>
<opcode="store(28) " fcode="store"/>
<opset="store_ln0/1 "/>
</bind>
</comp>

<comp id="477" class="1004" name="b_load_load_fu_477">
<pin_list>
<pin id="478" dir="0" index="0" bw="28" slack="0"/>
<pin id="479" dir="1" index="1" bw="28" slack="0"/>
</pin_list>
<bind>
<opcode="load(27) " fcode="load"/>
<opset="b_load/1 "/>
</bind>
</comp>

<comp id="480" class="1004" name="icmp_ln391_fu_480">
<pin_list>
<pin id="481" dir="0" index="0" bw="28" slack="0"/>
<pin id="482" dir="0" index="1" bw="28" slack="0"/>
<pin id="483" dir="1" index="2" bw="1" slack="2"/>
</pin_list>
<bind>
<opcode="icmp(45) " fcode="icmp"/>
<opset="icmp_ln391/1 "/>
</bind>
</comp>

<comp id="486" class="1004" name="add_ln391_fu_486">
<pin_list>
<pin id="487" dir="0" index="0" bw="28" slack="0"/>
<pin id="488" dir="0" index="1" bw="1" slack="0"/>
<pin id="489" dir="1" index="2" bw="28" slack="0"/>
</pin_list>
<bind>
<opcode="add(8) " fcode="add"/>
<opset="add_ln391/1 "/>
</bind>
</comp>

<comp id="492" class="1004" name="store_ln391_store_fu_492">
<pin_list>
<pin id="493" dir="0" index="0" bw="28" slack="0"/>
<pin id="494" dir="0" index="1" bw="28" slack="0"/>
<pin id="495" dir="1" index="2" bw="0" slack="2147483647"/>
</pin_list>
<bind>
<opcode="store(28) " fcode="store"/>
<opset="store_ln391/1 "/>
</bind>
</comp>

<comp id="497" class="1004" name="zext_ln587_4_fu_497">
<pin_list>
<pin id="498" dir="0" index="0" bw="8" slack="0"/>
<pin id="499" dir="1" index="1" bw="64" slack="0"/>
</pin_list>
<bind>
<opcode="zext(34) " fcode="zext"/>
<opset="zext_ln587_4/2 "/>
</bind>
</comp>

<comp id="502" class="1004" name="zext_ln587_5_fu_502">
<pin_list>
<pin id="503" dir="0" index="0" bw="8" slack="0"/>
<pin id="504" dir="1" index="1" bw="64" slack="0"/>
</pin_list>
<bind>
<opcode="zext(34) " fcode="zext"/>
<opset="zext_ln587_5/2 "/>
</bind>
</comp>

<comp id="507" class="1004" name="zext_ln587_6_fu_507">
<pin_list>
<pin id="508" dir="0" index="0" bw="8" slack="0"/>
<pin id="509" dir="1" index="1" bw="64" slack="0"/>
</pin_list>
<bind>
<opcode="zext(34) " fcode="zext"/>
<opset="zext_ln587_6/2 "/>
</bind>
</comp>

<comp id="512" class="1004" name="zext_ln587_7_fu_512">
<pin_list>
<pin id="513" dir="0" index="0" bw="8" slack="0"/>
<pin id="514" dir="1" index="1" bw="64" slack="0"/>
</pin_list>
<bind>
<opcode="zext(34) " fcode="zext"/>
<opset="zext_ln587_7/2 "/>
</bind>
</comp>

<comp id="517" class="1004" name="zext_ln587_8_fu_517">
<pin_list>
<pin id="518" dir="0" index="0" bw="8" slack="0"/>
<pin id="519" dir="1" index="1" bw="64" slack="0"/>
</pin_list>
<bind>
<opcode="zext(34) " fcode="zext"/>
<opset="zext_ln587_8/2 "/>
</bind>
</comp>

<comp id="522" class="1004" name="zext_ln587_9_fu_522">
<pin_list>
<pin id="523" dir="0" index="0" bw="8" slack="0"/>
<pin id="524" dir="1" index="1" bw="64" slack="0"/>
</pin_list>
<bind>
<opcode="zext(34) " fcode="zext"/>
<opset="zext_ln587_9/2 "/>
</bind>
</comp>

<comp id="527" class="1004" name="zext_ln587_10_fu_527">
<pin_list>
<pin id="528" dir="0" index="0" bw="8" slack="0"/>
<pin id="529" dir="1" index="1" bw="64" slack="0"/>
</pin_list>
<bind>
<opcode="zext(34) " fcode="zext"/>
<opset="zext_ln587_10/2 "/>
</bind>
</comp>

<comp id="532" class="1004" name="zext_ln587_11_fu_532">
<pin_list>
<pin id="533" dir="0" index="0" bw="8" slack="0"/>
<pin id="534" dir="1" index="1" bw="64" slack="0"/>
</pin_list>
<bind>
<opcode="zext(34) " fcode="zext"/>
<opset="zext_ln587_11/2 "/>
</bind>
</comp>

<comp id="537" class="1004" name="ret_V_3_load_1_load_fu_537">
<pin_list>
<pin id="538" dir="0" index="0" bw="32" slack="2"/>
<pin id="539" dir="1" index="1" bw="32" slack="0"/>
</pin_list>
<bind>
<opcode="load(27) " fcode="load"/>
<opset="ret_V_3_load_1/3 "/>
</bind>
</comp>

<comp id="540" class="1004" name="ret_V_15_fu_540">
<pin_list>
<pin id="541" dir="0" index="0" bw="32" slack="0"/>
<pin id="542" dir="1" index="1" bw="8" slack="0"/>
</pin_list>
<bind>
<opcode="trunc(33) " fcode="trunc"/>
<opset="ret_V_15/3 "/>
</bind>
</comp>

<comp id="544" class="1004" name="ret_V_fu_544">
<pin_list>
<pin id="545" dir="0" index="0" bw="8" slack="1"/>
<pin id="546" dir="0" index="1" bw="8" slack="0"/>
<pin id="547" dir="1" index="2" bw="8" slack="0"/>
</pin_list>
<bind>
<opcode="xor(25) " fcode="xor"/>
<opset="ret_V/3 "/>
</bind>
</comp>

<comp id="549" class="1004" name="zext_ln587_fu_549">
<pin_list>
<pin id="550" dir="0" index="0" bw="8" slack="0"/>
<pin id="551" dir="1" index="1" bw="64" slack="0"/>
</pin_list>
<bind>
<opcode="zext(34) " fcode="zext"/>
<opset="zext_ln587/3 "/>
</bind>
</comp>

<comp id="554" class="1004" name="ret_V_16_fu_554">
<pin_list>
<pin id="555" dir="0" index="0" bw="8" slack="0"/>
<pin id="556" dir="0" index="1" bw="32" slack="0"/>
<pin id="557" dir="0" index="2" bw="5" slack="0"/>
<pin id="558" dir="0" index="3" bw="5" slack="0"/>
<pin id="559" dir="1" index="4" bw="8" slack="0"/>
</pin_list>
<bind>
<opcode="partselect(1002) " fcode="partselect"/>
<opset="ret_V_16/3 "/>
</bind>
</comp>

<comp id="564" class="1004" name="ret_V_10_fu_564">
<pin_list>
<pin id="565" dir="0" index="0" bw="8" slack="1"/>
<pin id="566" dir="0" index="1" bw="8" slack="0"/>
<pin id="567" dir="1" index="2" bw="8" slack="0"/>
</pin_list>
<bind>
<opcode="xor(25) " fcode="xor"/>
<opset="ret_V_10/3 "/>
</bind>
</comp>

<comp id="569" class="1004" name="zext_ln587_1_fu_569">
<pin_list>
<pin id="570" dir="0" index="0" bw="8" slack="0"/>
<pin id="571" dir="1" index="1" bw="64" slack="0"/>
</pin_list>
<bind>
<opcode="zext(34) " fcode="zext"/>
<opset="zext_ln587_1/3 "/>
</bind>
</comp>

<comp id="574" class="1004" name="ret_V_17_fu_574">
<pin_list>
<pin id="575" dir="0" index="0" bw="8" slack="0"/>
<pin id="576" dir="0" index="1" bw="32" slack="0"/>
<pin id="577" dir="0" index="2" bw="6" slack="0"/>
<pin id="578" dir="0" index="3" bw="6" slack="0"/>
<pin id="579" dir="1" index="4" bw="8" slack="0"/>
</pin_list>
<bind>
<opcode="partselect(1002) " fcode="partselect"/>
<opset="ret_V_17/3 "/>
</bind>
</comp>

<comp id="584" class="1004" name="ret_V_12_fu_584">
<pin_list>
<pin id="585" dir="0" index="0" bw="8" slack="1"/>
<pin id="586" dir="0" index="1" bw="8" slack="0"/>
<pin id="587" dir="1" index="2" bw="8" slack="0"/>
</pin_list>
<bind>
<opcode="xor(25) " fcode="xor"/>
<opset="ret_V_12/3 "/>
</bind>
</comp>

<comp id="589" class="1004" name="zext_ln587_2_fu_589">
<pin_list>
<pin id="590" dir="0" index="0" bw="8" slack="0"/>
<pin id="591" dir="1" index="1" bw="64" slack="0"/>
</pin_list>
<bind>
<opcode="zext(34) " fcode="zext"/>
<opset="zext_ln587_2/3 "/>
</bind>
</comp>

<comp id="594" class="1004" name="trunc_ln_fu_594">
<pin_list>
<pin id="595" dir="0" index="0" bw="8" slack="0"/>
<pin id="596" dir="0" index="1" bw="32" slack="0"/>
<pin id="597" dir="0" index="2" bw="6" slack="0"/>
<pin id="598" dir="0" index="3" bw="6" slack="0"/>
<pin id="599" dir="1" index="4" bw="8" slack="0"/>
</pin_list>
<bind>
<opcode="partselect(1002) " fcode="partselect"/>
<opset="trunc_ln/3 "/>
</bind>
</comp>

<comp id="604" class="1004" name="ret_V_13_fu_604">
<pin_list>
<pin id="605" dir="0" index="0" bw="8" slack="1"/>
<pin id="606" dir="0" index="1" bw="8" slack="0"/>
<pin id="607" dir="1" index="2" bw="8" slack="0"/>
</pin_list>
<bind>
<opcode="xor(25) " fcode="xor"/>
<opset="ret_V_13/3 "/>
</bind>
</comp>

<comp id="609" class="1004" name="zext_ln587_3_fu_609">
<pin_list>
<pin id="610" dir="0" index="0" bw="8" slack="0"/>
<pin id="611" dir="1" index="1" bw="64" slack="0"/>
</pin_list>
<bind>
<opcode="zext(34) " fcode="zext"/>
<opset="zext_ln587_3/3 "/>
</bind>
</comp>

<comp id="614" class="1004" name="zext_ln587_12_fu_614">
<pin_list>
<pin id="615" dir="0" index="0" bw="8" slack="1"/>
<pin id="616" dir="1" index="1" bw="64" slack="0"/>
</pin_list>
<bind>
<opcode="zext(34) " fcode="zext"/>
<opset="zext_ln587_12/3 "/>
</bind>
</comp>

<comp id="618" class="1004" name="zext_ln587_13_fu_618">
<pin_list>
<pin id="619" dir="0" index="0" bw="8" slack="1"/>
<pin id="620" dir="1" index="1" bw="64" slack="0"/>
</pin_list>
<bind>
<opcode="zext(34) " fcode="zext"/>
<opset="zext_ln587_13/3 "/>
</bind>
</comp>

<comp id="622" class="1004" name="zext_ln587_14_fu_622">
<pin_list>
<pin id="623" dir="0" index="0" bw="8" slack="1"/>
<pin id="624" dir="1" index="1" bw="64" slack="0"/>
</pin_list>
<bind>
<opcode="zext(34) " fcode="zext"/>
<opset="zext_ln587_14/3 "/>
</bind>
</comp>

<comp id="626" class="1004" name="zext_ln587_15_fu_626">
<pin_list>
<pin id="627" dir="0" index="0" bw="8" slack="1"/>
<pin id="628" dir="1" index="1" bw="64" slack="0"/>
</pin_list>
<bind>
<opcode="zext(34) " fcode="zext"/>
<opset="zext_ln587_15/3 "/>
</bind>
</comp>

<comp id="630" class="1004" name="xor_ln420_7_fu_630">
<pin_list>
<pin id="631" dir="0" index="0" bw="32" slack="0"/>
<pin id="632" dir="0" index="1" bw="32" slack="0"/>
<pin id="633" dir="1" index="2" bw="32" slack="0"/>
</pin_list>
<bind>
<opcode="xor(25) " fcode="xor"/>
<opset="xor_ln420_7/3 "/>
</bind>
</comp>

<comp id="636" class="1004" name="xor_ln420_8_fu_636">
<pin_list>
<pin id="637" dir="0" index="0" bw="32" slack="0"/>
<pin id="638" dir="0" index="1" bw="32" slack="0"/>
<pin id="639" dir="1" index="2" bw="32" slack="0"/>
</pin_list>
<bind>
<opcode="xor(25) " fcode="xor"/>
<opset="xor_ln420_8/3 "/>
</bind>
</comp>

<comp id="642" class="1004" name="xor_ln420_9_fu_642">
<pin_list>
<pin id="643" dir="0" index="0" bw="32" slack="0"/>
<pin id="644" dir="0" index="1" bw="32" slack="0"/>
<pin id="645" dir="1" index="2" bw="32" slack="1"/>
</pin_list>
<bind>
<opcode="xor(25) " fcode="xor"/>
<opset="xor_ln420_9/3 "/>
</bind>
</comp>

<comp id="648" class="1004" name="xor_ln420_1_fu_648">
<pin_list>
<pin id="649" dir="0" index="0" bw="32" slack="0"/>
<pin id="650" dir="0" index="1" bw="32" slack="0"/>
<pin id="651" dir="1" index="2" bw="32" slack="0"/>
</pin_list>
<bind>
<opcode="xor(25) " fcode="xor"/>
<opset="xor_ln420_1/4 "/>
</bind>
</comp>

<comp id="654" class="1004" name="xor_ln420_fu_654">
<pin_list>
<pin id="655" dir="0" index="0" bw="32" slack="0"/>
<pin id="656" dir="0" index="1" bw="32" slack="0"/>
<pin id="657" dir="1" index="2" bw="32" slack="0"/>
</pin_list>
<bind>
<opcode="xor(25) " fcode="xor"/>
<opset="xor_ln420/4 "/>
</bind>
</comp>

<comp id="660" class="1004" name="xor_ln420_3_fu_660">
<pin_list>
<pin id="661" dir="0" index="0" bw="32" slack="1"/>
<pin id="662" dir="0" index="1" bw="32" slack="1"/>
<pin id="663" dir="1" index="2" bw="32" slack="0"/>
</pin_list>
<bind>
<opcode="xor(25) " fcode="xor"/>
<opset="xor_ln420_3/4 "/>
</bind>
</comp>

<comp id="664" class="1004" name="xor_ln420_4_fu_664">
<pin_list>
<pin id="665" dir="0" index="0" bw="32" slack="1"/>
<pin id="666" dir="0" index="1" bw="32" slack="1"/>
<pin id="667" dir="1" index="2" bw="32" slack="0"/>
</pin_list>
<bind>
<opcode="xor(25) " fcode="xor"/>
<opset="xor_ln420_4/4 "/>
</bind>
</comp>

<comp id="668" class="1004" name="xor_ln420_5_fu_668">
<pin_list>
<pin id="669" dir="0" index="0" bw="32" slack="0"/>
<pin id="670" dir="0" index="1" bw="32" slack="0"/>
<pin id="671" dir="1" index="2" bw="32" slack="0"/>
</pin_list>
<bind>
<opcode="xor(25) " fcode="xor"/>
<opset="xor_ln420_5/4 "/>
</bind>
</comp>

<comp id="674" class="1004" name="xor_ln420_2_fu_674">
<pin_list>
<pin id="675" dir="0" index="0" bw="32" slack="0"/>
<pin id="676" dir="0" index="1" bw="32" slack="0"/>
<pin id="677" dir="1" index="2" bw="32" slack="0"/>
</pin_list>
<bind>
<opcode="xor(25) " fcode="xor"/>
<opset="xor_ln420_2/4 "/>
</bind>
</comp>

<comp id="680" class="1004" name="xor_ln420_10_fu_680">
<pin_list>
<pin id="681" dir="0" index="0" bw="32" slack="0"/>
<pin id="682" dir="0" index="1" bw="32" slack="0"/>
<pin id="683" dir="1" index="2" bw="32" slack="0"/>
</pin_list>
<bind>
<opcode="xor(25) " fcode="xor"/>
<opset="xor_ln420_10/4 "/>
</bind>
</comp>

<comp id="686" class="1004" name="xor_ln420_11_fu_686">
<pin_list>
<pin id="687" dir="0" index="0" bw="32" slack="0"/>
<pin id="688" dir="0" index="1" bw="32" slack="0"/>
<pin id="689" dir="1" index="2" bw="32" slack="0"/>
</pin_list>
<bind>
<opcode="xor(25) " fcode="xor"/>
<opset="xor_ln420_11/4 "/>
</bind>
</comp>

<comp id="692" class="1004" name="xor_ln420_12_fu_692">
<pin_list>
<pin id="693" dir="0" index="0" bw="32" slack="0"/>
<pin id="694" dir="0" index="1" bw="32" slack="0"/>
<pin id="695" dir="1" index="2" bw="32" slack="0"/>
</pin_list>
<bind>
<opcode="xor(25) " fcode="xor"/>
<opset="xor_ln420_12/4 "/>
</bind>
</comp>

<comp id="698" class="1004" name="xor_ln420_13_fu_698">
<pin_list>
<pin id="699" dir="0" index="0" bw="32" slack="0"/>
<pin id="700" dir="0" index="1" bw="32" slack="1"/>
<pin id="701" dir="1" index="2" bw="32" slack="0"/>
</pin_list>
<bind>
<opcode="xor(25) " fcode="xor"/>
<opset="xor_ln420_13/4 "/>
</bind>
</comp>

<comp id="703" class="1004" name="xor_ln420_6_fu_703">
<pin_list>
<pin id="704" dir="0" index="0" bw="32" slack="0"/>
<pin id="705" dir="0" index="1" bw="32" slack="0"/>
<pin id="706" dir="1" index="2" bw="32" slack="0"/>
</pin_list>
<bind>
<opcode="xor(25) " fcode="xor"/>
<opset="xor_ln420_6/4 "/>
</bind>
</comp>

<comp id="709" class="1004" name="next_V_fu_709">
<pin_list>
<pin id="710" dir="0" index="0" bw="32" slack="0"/>
<pin id="711" dir="0" index="1" bw="32" slack="0"/>
<pin id="712" dir="1" index="2" bw="32" slack="0"/>
</pin_list>
<bind>
<opcode="xor(25) " fcode="xor"/>
<opset="next_V/4 "/>
</bind>
</comp>

<comp id="715" class="1004" name="ret_V_14_fu_715">
<pin_list>
<pin id="716" dir="0" index="0" bw="32" slack="0"/>
<pin id="717" dir="0" index="1" bw="32" slack="3"/>
<pin id="718" dir="1" index="2" bw="32" slack="0"/>
</pin_list>
<bind>
<opcode="and(23) " fcode="and"/>
<opset="ret_V_14/4 "/>
</bind>
</comp>

<comp id="720" class="1004" name="store_ln391_store_fu_720">
<pin_list>
<pin id="721" dir="0" index="0" bw="32" slack="0"/>
<pin id="722" dir="0" index="1" bw="32" slack="3"/>
<pin id="723" dir="1" index="2" bw="0" slack="2147483647"/>
</pin_list>
<bind>
<opcode="store(28) " fcode="store"/>
<opset="store_ln391/4 "/>
</bind>
</comp>

<comp id="725" class="1004" name="ret_V_3_load_load_fu_725">
<pin_list>
<pin id="726" dir="0" index="0" bw="32" slack="2"/>
<pin id="727" dir="1" index="1" bw="32" slack="0"/>
</pin_list>
<bind>
<opcode="load(27) " fcode="load"/>
<opset="ret_V_3_load/3 "/>
</bind>
</comp>

<comp id="729" class="1005" name="b_reg_729">
<pin_list>
<pin id="730" dir="0" index="0" bw="28" slack="0"/>
<pin id="731" dir="1" index="1" bw="28" slack="0"/>
</pin_list>
<bind>
<opset="b "/>
</bind>
</comp>

<comp id="736" class="1005" name="ret_V_3_reg_736">
<pin_list>
<pin id="737" dir="0" index="0" bw="32" slack="0"/>
<pin id="738" dir="1" index="1" bw="32" slack="0"/>
</pin_list>
<bind>
<opset="ret_V_3 "/>
</bind>
</comp>

<comp id="744" class="1005" name="mask_read_reg_744">
<pin_list>
<pin id="745" dir="0" index="0" bw="32" slack="3"/>
<pin id="746" dir="1" index="1" bw="32" slack="3"/>
</pin_list>
<bind>
<opset="mask_read "/>
</bind>
</comp>

<comp id="749" class="1005" name="icmp_ln391_reg_749">
<pin_list>
<pin id="750" dir="0" index="0" bw="1" slack="2"/>
<pin id="751" dir="1" index="1" bw="1" slack="2147483647"/>
</pin_list>
<bind>
<opset="icmp_ln391 "/>
</bind>
</comp>

<comp id="753" class="1005" name="b0_V_reg_753">
<pin_list>
<pin id="754" dir="0" index="0" bw="8" slack="1"/>
<pin id="755" dir="1" index="1" bw="8" slack="1"/>
</pin_list>
<bind>
<opset="b0_V "/>
</bind>
</comp>

<comp id="758" class="1005" name="b1_V_reg_758">
<pin_list>
<pin id="759" dir="0" index="0" bw="8" slack="1"/>
<pin id="760" dir="1" index="1" bw="8" slack="1"/>
</pin_list>
<bind>
<opset="b1_V "/>
</bind>
</comp>

<comp id="763" class="1005" name="b2_V_reg_763">
<pin_list>
<pin id="764" dir="0" index="0" bw="8" slack="1"/>
<pin id="765" dir="1" index="1" bw="8" slack="1"/>
</pin_list>
<bind>
<opset="b2_V "/>
</bind>
</comp>

<comp id="768" class="1005" name="b3_V_reg_768">
<pin_list>
<pin id="769" dir="0" index="0" bw="8" slack="1"/>
<pin id="770" dir="1" index="1" bw="8" slack="1"/>
</pin_list>
<bind>
<opset="b3_V "/>
</bind>
</comp>

<comp id="773" class="1005" name="b12_V_reg_773">
<pin_list>
<pin id="774" dir="0" index="0" bw="8" slack="1"/>
<pin id="775" dir="1" index="1" bw="8" slack="1"/>
</pin_list>
<bind>
<opset="b12_V "/>
</bind>
</comp>

<comp id="778" class="1005" name="b13_V_reg_778">
<pin_list>
<pin id="779" dir="0" index="0" bw="8" slack="1"/>
<pin id="780" dir="1" index="1" bw="8" slack="1"/>
</pin_list>
<bind>
<opset="b13_V "/>
</bind>
</comp>

<comp id="783" class="1005" name="b14_V_reg_783">
<pin_list>
<pin id="784" dir="0" index="0" bw="8" slack="1"/>
<pin id="785" dir="1" index="1" bw="8" slack="1"/>
</pin_list>
<bind>
<opset="b14_V "/>
</bind>
</comp>

<comp id="788" class="1005" name="b15_V_reg_788">
<pin_list>
<pin id="789" dir="0" index="0" bw="8" slack="1"/>
<pin id="790" dir="1" index="1" bw="8" slack="1"/>
</pin_list>
<bind>
<opset="b15_V "/>
</bind>
</comp>

<comp id="793" class="1005" name="crcTables_4_addr_reg_793">
<pin_list>
<pin id="794" dir="0" index="0" bw="8" slack="1"/>
<pin id="795" dir="1" index="1" bw="8" slack="1"/>
</pin_list>
<bind>
<opset="crcTables_4_addr "/>
</bind>
</comp>

<comp id="798" class="1005" name="crcTables_5_addr_reg_798">
<pin_list>
<pin id="799" dir="0" index="0" bw="8" slack="1"/>
<pin id="800" dir="1" index="1" bw="8" slack="1"/>
</pin_list>
<bind>
<opset="crcTables_5_addr "/>
</bind>
</comp>

<comp id="803" class="1005" name="crcTables_6_addr_reg_803">
<pin_list>
<pin id="804" dir="0" index="0" bw="8" slack="1"/>
<pin id="805" dir="1" index="1" bw="8" slack="1"/>
</pin_list>
<bind>
<opset="crcTables_6_addr "/>
</bind>
</comp>

<comp id="808" class="1005" name="crcTables_7_addr_reg_808">
<pin_list>
<pin id="809" dir="0" index="0" bw="8" slack="1"/>
<pin id="810" dir="1" index="1" bw="8" slack="1"/>
</pin_list>
<bind>
<opset="crcTables_7_addr "/>
</bind>
</comp>

<comp id="813" class="1005" name="crcTables_8_addr_reg_813">
<pin_list>
<pin id="814" dir="0" index="0" bw="8" slack="1"/>
<pin id="815" dir="1" index="1" bw="8" slack="1"/>
</pin_list>
<bind>
<opset="crcTables_8_addr "/>
</bind>
</comp>

<comp id="818" class="1005" name="crcTables_9_addr_reg_818">
<pin_list>
<pin id="819" dir="0" index="0" bw="8" slack="1"/>
<pin id="820" dir="1" index="1" bw="8" slack="1"/>
</pin_list>
<bind>
<opset="crcTables_9_addr "/>
</bind>
</comp>

<comp id="823" class="1005" name="crcTables_10_addr_reg_823">
<pin_list>
<pin id="824" dir="0" index="0" bw="8" slack="1"/>
<pin id="825" dir="1" index="1" bw="8" slack="1"/>
</pin_list>
<bind>
<opset="crcTables_10_addr "/>
</bind>
</comp>

<comp id="828" class="1005" name="crcTables_11_addr_reg_828">
<pin_list>
<pin id="829" dir="0" index="0" bw="8" slack="1"/>
<pin id="830" dir="1" index="1" bw="8" slack="1"/>
</pin_list>
<bind>
<opset="crcTables_11_addr "/>
</bind>
</comp>

<comp id="833" class="1005" name="crcTables_0_addr_reg_833">
<pin_list>
<pin id="834" dir="0" index="0" bw="8" slack="1"/>
<pin id="835" dir="1" index="1" bw="8" slack="1"/>
</pin_list>
<bind>
<opset="crcTables_0_addr "/>
</bind>
</comp>

<comp id="838" class="1005" name="crcTables_1_addr_reg_838">
<pin_list>
<pin id="839" dir="0" index="0" bw="8" slack="1"/>
<pin id="840" dir="1" index="1" bw="8" slack="1"/>
</pin_list>
<bind>
<opset="crcTables_1_addr "/>
</bind>
</comp>

<comp id="843" class="1005" name="crcTables_2_addr_reg_843">
<pin_list>
<pin id="844" dir="0" index="0" bw="8" slack="1"/>
<pin id="845" dir="1" index="1" bw="8" slack="1"/>
</pin_list>
<bind>
<opset="crcTables_2_addr "/>
</bind>
</comp>

<comp id="848" class="1005" name="crcTables_3_addr_reg_848">
<pin_list>
<pin id="849" dir="0" index="0" bw="8" slack="1"/>
<pin id="850" dir="1" index="1" bw="8" slack="1"/>
</pin_list>
<bind>
<opset="crcTables_3_addr "/>
</bind>
</comp>

<comp id="853" class="1005" name="crcTables_4_load_reg_853">
<pin_list>
<pin id="854" dir="0" index="0" bw="32" slack="1"/>
<pin id="855" dir="1" index="1" bw="32" slack="1"/>
</pin_list>
<bind>
<opset="crcTables_4_load "/>
</bind>
</comp>

<comp id="858" class="1005" name="crcTables_5_load_reg_858">
<pin_list>
<pin id="859" dir="0" index="0" bw="32" slack="1"/>
<pin id="860" dir="1" index="1" bw="32" slack="1"/>
</pin_list>
<bind>
<opset="crcTables_5_load "/>
</bind>
</comp>

<comp id="863" class="1005" name="crcTables_6_load_reg_863">
<pin_list>
<pin id="864" dir="0" index="0" bw="32" slack="1"/>
<pin id="865" dir="1" index="1" bw="32" slack="1"/>
</pin_list>
<bind>
<opset="crcTables_6_load "/>
</bind>
</comp>

<comp id="868" class="1005" name="crcTables_7_load_reg_868">
<pin_list>
<pin id="869" dir="0" index="0" bw="32" slack="1"/>
<pin id="870" dir="1" index="1" bw="32" slack="1"/>
</pin_list>
<bind>
<opset="crcTables_7_load "/>
</bind>
</comp>

<comp id="873" class="1005" name="crcTables_12_addr_reg_873">
<pin_list>
<pin id="874" dir="0" index="0" bw="8" slack="1"/>
<pin id="875" dir="1" index="1" bw="8" slack="1"/>
</pin_list>
<bind>
<opset="crcTables_12_addr "/>
</bind>
</comp>

<comp id="878" class="1005" name="crcTables_13_addr_reg_878">
<pin_list>
<pin id="879" dir="0" index="0" bw="8" slack="1"/>
<pin id="880" dir="1" index="1" bw="8" slack="1"/>
</pin_list>
<bind>
<opset="crcTables_13_addr "/>
</bind>
</comp>

<comp id="883" class="1005" name="crcTables_14_addr_reg_883">
<pin_list>
<pin id="884" dir="0" index="0" bw="8" slack="1"/>
<pin id="885" dir="1" index="1" bw="8" slack="1"/>
</pin_list>
<bind>
<opset="crcTables_14_addr "/>
</bind>
</comp>

<comp id="888" class="1005" name="crcTables_15_addr_reg_888">
<pin_list>
<pin id="889" dir="0" index="0" bw="8" slack="1"/>
<pin id="890" dir="1" index="1" bw="8" slack="1"/>
</pin_list>
<bind>
<opset="crcTables_15_addr "/>
</bind>
</comp>

<comp id="893" class="1005" name="xor_ln420_9_reg_893">
<pin_list>
<pin id="894" dir="0" index="0" bw="32" slack="1"/>
<pin id="895" dir="1" index="1" bw="32" slack="1"/>
</pin_list>
<bind>
<opset="xor_ln420_9 "/>
</bind>
</comp>

</comp_list>

<net_list>
<net id="133"><net_src comp="72" pin="0"/><net_sink comp="130" pin=0"/></net>

<net id="137"><net_src comp="72" pin="0"/><net_sink comp="134" pin=0"/></net>

<net id="142"><net_src comp="92" pin="0"/><net_sink comp="138" pin=0"/></net>

<net id="143"><net_src comp="68" pin="0"/><net_sink comp="138" pin=1"/></net>

<net id="148"><net_src comp="94" pin="0"/><net_sink comp="144" pin=0"/></net>

<net id="149"><net_src comp="2" pin="0"/><net_sink comp="144" pin=1"/></net>

<net id="154"><net_src comp="92" pin="0"/><net_sink comp="150" pin=0"/></net>

<net id="155"><net_src comp="0" pin="0"/><net_sink comp="150" pin=1"/></net>

<net id="160"><net_src comp="106" pin="0"/><net_sink comp="156" pin=0"/></net>

<net id="161"><net_src comp="4" pin="0"/><net_sink comp="156" pin=1"/></net>

<net id="166"><net_src comp="106" pin="0"/><net_sink comp="162" pin=0"/></net>

<net id="167"><net_src comp="6" pin="0"/><net_sink comp="162" pin=1"/></net>

<net id="172"><net_src comp="106" pin="0"/><net_sink comp="168" pin=0"/></net>

<net id="173"><net_src comp="8" pin="0"/><net_sink comp="168" pin=1"/></net>

<net id="178"><net_src comp="106" pin="0"/><net_sink comp="174" pin=0"/></net>

<net id="179"><net_src comp="10" pin="0"/><net_sink comp="174" pin=1"/></net>

<net id="184"><net_src comp="106" pin="0"/><net_sink comp="180" pin=0"/></net>

<net id="185"><net_src comp="12" pin="0"/><net_sink comp="180" pin=1"/></net>

<net id="190"><net_src comp="106" pin="0"/><net_sink comp="186" pin=0"/></net>

<net id="191"><net_src comp="14" pin="0"/><net_sink comp="186" pin=1"/></net>

<net id="196"><net_src comp="106" pin="0"/><net_sink comp="192" pin=0"/></net>

<net id="197"><net_src comp="16" pin="0"/><net_sink comp="192" pin=1"/></net>

<net id="202"><net_src comp="106" pin="0"/><net_sink comp="198" pin=0"/></net>

<net id="203"><net_src comp="18" pin="0"/><net_sink comp="198" pin=1"/></net>

<net id="208"><net_src comp="106" pin="0"/><net_sink comp="204" pin=0"/></net>

<net id="209"><net_src comp="20" pin="0"/><net_sink comp="204" pin=1"/></net>

<net id="214"><net_src comp="106" pin="0"/><net_sink comp="210" pin=0"/></net>

<net id="215"><net_src comp="22" pin="0"/><net_sink comp="210" pin=1"/></net>

<net id="220"><net_src comp="106" pin="0"/><net_sink comp="216" pin=0"/></net>

<net id="221"><net_src comp="24" pin="0"/><net_sink comp="216" pin=1"/></net>

<net id="226"><net_src comp="106" pin="0"/><net_sink comp="222" pin=0"/></net>

<net id="227"><net_src comp="26" pin="0"/><net_sink comp="222" pin=1"/></net>

<net id="232"><net_src comp="106" pin="0"/><net_sink comp="228" pin=0"/></net>

<net id="233"><net_src comp="28" pin="0"/><net_sink comp="228" pin=1"/></net>

<net id="238"><net_src comp="106" pin="0"/><net_sink comp="234" pin=0"/></net>

<net id="239"><net_src comp="30" pin="0"/><net_sink comp="234" pin=1"/></net>

<net id="244"><net_src comp="106" pin="0"/><net_sink comp="240" pin=0"/></net>

<net id="245"><net_src comp="32" pin="0"/><net_sink comp="240" pin=1"/></net>

<net id="250"><net_src comp="106" pin="0"/><net_sink comp="246" pin=0"/></net>

<net id="251"><net_src comp="34" pin="0"/><net_sink comp="246" pin=1"/></net>

<net id="257"><net_src comp="128" pin="0"/><net_sink comp="252" pin=0"/></net>

<net id="258"><net_src comp="70" pin="0"/><net_sink comp="252" pin=1"/></net>

<net id="264"><net_src comp="44" pin="0"/><net_sink comp="259" pin=0"/></net>

<net id="265"><net_src comp="102" pin="0"/><net_sink comp="259" pin=1"/></net>

<net id="271"><net_src comp="259" pin="3"/><net_sink comp="266" pin=0"/></net>

<net id="277"><net_src comp="46" pin="0"/><net_sink comp="272" pin=0"/></net>

<net id="278"><net_src comp="102" pin="0"/><net_sink comp="272" pin=1"/></net>

<net id="284"><net_src comp="272" pin="3"/><net_sink comp="279" pin=0"/></net>

<net id="290"><net_src comp="48" pin="0"/><net_sink comp="285" pin=0"/></net>

<net id="291"><net_src comp="102" pin="0"/><net_sink comp="285" pin=1"/></net>

<net id="297"><net_src comp="285" pin="3"/><net_sink comp="292" pin=0"/></net>

<net id="303"><net_src comp="50" pin="0"/><net_sink comp="298" pin=0"/></net>

<net id="304"><net_src comp="102" pin="0"/><net_sink comp="298" pin=1"/></net>

<net id="310"><net_src comp="298" pin="3"/><net_sink comp="305" pin=0"/></net>

<net id="316"><net_src comp="52" pin="0"/><net_sink comp="311" pin=0"/></net>

<net id="317"><net_src comp="102" pin="0"/><net_sink comp="311" pin=1"/></net>

<net id="323"><net_src comp="311" pin="3"/><net_sink comp="318" pin=0"/></net>

<net id="329"><net_src comp="54" pin="0"/><net_sink comp="324" pin=0"/></net>

<net id="330"><net_src comp="102" pin="0"/><net_sink comp="324" pin=1"/></net>

<net id="336"><net_src comp="324" pin="3"/><net_sink comp="331" pin=0"/></net>

<net id="342"><net_src comp="56" pin="0"/><net_sink comp="337" pin=0"/></net>

<net id="343"><net_src comp="102" pin="0"/><net_sink comp="337" pin=1"/></net>

<net id="349"><net_src comp="337" pin="3"/><net_sink comp="344" pin=0"/></net>

<net id="355"><net_src comp="58" pin="0"/><net_sink comp="350" pin=0"/></net>

<net id="356"><net_src comp="102" pin="0"/><net_sink comp="350" pin=1"/></net>

<net id="362"><net_src comp="350" pin="3"/><net_sink comp="357" pin=0"/></net>

<net id="368"><net_src comp="36" pin="0"/><net_sink comp="363" pin=0"/></net>

<net id="369"><net_src comp="102" pin="0"/><net_sink comp="363" pin=1"/></net>

<net id="375"><net_src comp="363" pin="3"/><net_sink comp="370" pin=0"/></net>

<net id="381"><net_src comp="38" pin="0"/><net_sink comp="376" pin=0"/></net>

<net id="382"><net_src comp="102" pin="0"/><net_sink comp="376" pin=1"/></net>

<net id="388"><net_src comp="376" pin="3"/><net_sink comp="383" pin=0"/></net>

<net id="394"><net_src comp="40" pin="0"/><net_sink comp="389" pin=0"/></net>

<net id="395"><net_src comp="102" pin="0"/><net_sink comp="389" pin=1"/></net>

<net id="401"><net_src comp="389" pin="3"/><net_sink comp="396" pin=0"/></net>

<net id="407"><net_src comp="42" pin="0"/><net_sink comp="402" pin=0"/></net>

<net id="408"><net_src comp="102" pin="0"/><net_sink comp="402" pin=1"/></net>

<net id="414"><net_src comp="402" pin="3"/><net_sink comp="409" pin=0"/></net>

<net id="420"><net_src comp="60" pin="0"/><net_sink comp="415" pin=0"/></net>

<net id="421"><net_src comp="102" pin="0"/><net_sink comp="415" pin=1"/></net>

<net id="427"><net_src comp="415" pin="3"/><net_sink comp="422" pin=0"/></net>

<net id="433"><net_src comp="62" pin="0"/><net_sink comp="428" pin=0"/></net>

<net id="434"><net_src comp="102" pin="0"/><net_sink comp="428" pin=1"/></net>

<net id="440"><net_src comp="428" pin="3"/><net_sink comp="435" pin=0"/></net>

<net id="446"><net_src comp="64" pin="0"/><net_sink comp="441" pin=0"/></net>

<net id="447"><net_src comp="102" pin="0"/><net_sink comp="441" pin=1"/></net>

<net id="453"><net_src comp="441" pin="3"/><net_sink comp="448" pin=0"/></net>

<net id="459"><net_src comp="66" pin="0"/><net_sink comp="454" pin=0"/></net>

<net id="460"><net_src comp="102" pin="0"/><net_sink comp="454" pin=1"/></net>

<net id="466"><net_src comp="454" pin="3"/><net_sink comp="461" pin=0"/></net>

<net id="471"><net_src comp="150" pin="2"/><net_sink comp="467" pin=0"/></net>

<net id="476"><net_src comp="96" pin="0"/><net_sink comp="472" pin=0"/></net>

<net id="484"><net_src comp="477" pin="1"/><net_sink comp="480" pin=0"/></net>

<net id="485"><net_src comp="144" pin="2"/><net_sink comp="480" pin=1"/></net>

<net id="490"><net_src comp="477" pin="1"/><net_sink comp="486" pin=0"/></net>

<net id="491"><net_src comp="104" pin="0"/><net_sink comp="486" pin=1"/></net>

<net id="496"><net_src comp="486" pin="2"/><net_sink comp="492" pin=0"/></net>

<net id="500"><net_src comp="180" pin="2"/><net_sink comp="497" pin=0"/></net>

<net id="501"><net_src comp="497" pin="1"/><net_sink comp="259" pin=2"/></net>

<net id="505"><net_src comp="186" pin="2"/><net_sink comp="502" pin=0"/></net>

<net id="506"><net_src comp="502" pin="1"/><net_sink comp="272" pin=2"/></net>

<net id="510"><net_src comp="192" pin="2"/><net_sink comp="507" pin=0"/></net>

<net id="511"><net_src comp="507" pin="1"/><net_sink comp="285" pin=2"/></net>

<net id="515"><net_src comp="198" pin="2"/><net_sink comp="512" pin=0"/></net>

<net id="516"><net_src comp="512" pin="1"/><net_sink comp="298" pin=2"/></net>

<net id="520"><net_src comp="204" pin="2"/><net_sink comp="517" pin=0"/></net>

<net id="521"><net_src comp="517" pin="1"/><net_sink comp="311" pin=2"/></net>

<net id="525"><net_src comp="210" pin="2"/><net_sink comp="522" pin=0"/></net>

<net id="526"><net_src comp="522" pin="1"/><net_sink comp="324" pin=2"/></net>

<net id="530"><net_src comp="216" pin="2"/><net_sink comp="527" pin=0"/></net>

<net id="531"><net_src comp="527" pin="1"/><net_sink comp="337" pin=2"/></net>

<net id="535"><net_src comp="222" pin="2"/><net_sink comp="532" pin=0"/></net>

<net id="536"><net_src comp="532" pin="1"/><net_sink comp="350" pin=2"/></net>

<net id="543"><net_src comp="537" pin="1"/><net_sink comp="540" pin=0"/></net>

<net id="548"><net_src comp="540" pin="1"/><net_sink comp="544" pin=1"/></net>

<net id="552"><net_src comp="544" pin="2"/><net_sink comp="549" pin=0"/></net>

<net id="553"><net_src comp="549" pin="1"/><net_sink comp="363" pin=2"/></net>

<net id="560"><net_src comp="108" pin="0"/><net_sink comp="554" pin=0"/></net>

<net id="561"><net_src comp="537" pin="1"/><net_sink comp="554" pin=1"/></net>

<net id="562"><net_src comp="110" pin="0"/><net_sink comp="554" pin=2"/></net>

<net id="563"><net_src comp="112" pin="0"/><net_sink comp="554" pin=3"/></net>

<net id="568"><net_src comp="554" pin="4"/><net_sink comp="564" pin=1"/></net>

<net id="572"><net_src comp="564" pin="2"/><net_sink comp="569" pin=0"/></net>

<net id="573"><net_src comp="569" pin="1"/><net_sink comp="376" pin=2"/></net>

<net id="580"><net_src comp="108" pin="0"/><net_sink comp="574" pin=0"/></net>

<net id="581"><net_src comp="537" pin="1"/><net_sink comp="574" pin=1"/></net>

<net id="582"><net_src comp="114" pin="0"/><net_sink comp="574" pin=2"/></net>

<net id="583"><net_src comp="116" pin="0"/><net_sink comp="574" pin=3"/></net>

<net id="588"><net_src comp="574" pin="4"/><net_sink comp="584" pin=1"/></net>

<net id="592"><net_src comp="584" pin="2"/><net_sink comp="589" pin=0"/></net>

<net id="593"><net_src comp="589" pin="1"/><net_sink comp="389" pin=2"/></net>

<net id="600"><net_src comp="108" pin="0"/><net_sink comp="594" pin=0"/></net>

<net id="601"><net_src comp="537" pin="1"/><net_sink comp="594" pin=1"/></net>

<net id="602"><net_src comp="118" pin="0"/><net_sink comp="594" pin=2"/></net>

<net id="603"><net_src comp="120" pin="0"/><net_sink comp="594" pin=3"/></net>

<net id="608"><net_src comp="594" pin="4"/><net_sink comp="604" pin=1"/></net>

<net id="612"><net_src comp="604" pin="2"/><net_sink comp="609" pin=0"/></net>

<net id="613"><net_src comp="609" pin="1"/><net_sink comp="402" pin=2"/></net>

<net id="617"><net_src comp="614" pin="1"/><net_sink comp="415" pin=2"/></net>

<net id="621"><net_src comp="618" pin="1"/><net_sink comp="428" pin=2"/></net>

<net id="625"><net_src comp="622" pin="1"/><net_sink comp="441" pin=2"/></net>

<net id="629"><net_src comp="626" pin="1"/><net_sink comp="454" pin=2"/></net>

<net id="634"><net_src comp="318" pin="3"/><net_sink comp="630" pin=0"/></net>

<net id="635"><net_src comp="331" pin="3"/><net_sink comp="630" pin=1"/></net>

<net id="640"><net_src comp="344" pin="3"/><net_sink comp="636" pin=0"/></net>

<net id="641"><net_src comp="357" pin="3"/><net_sink comp="636" pin=1"/></net>

<net id="646"><net_src comp="636" pin="2"/><net_sink comp="642" pin=0"/></net>

<net id="647"><net_src comp="630" pin="2"/><net_sink comp="642" pin=1"/></net>

<net id="652"><net_src comp="383" pin="3"/><net_sink comp="648" pin=0"/></net>

<net id="653"><net_src comp="396" pin="3"/><net_sink comp="648" pin=1"/></net>

<net id="658"><net_src comp="648" pin="2"/><net_sink comp="654" pin=0"/></net>

<net id="659"><net_src comp="409" pin="3"/><net_sink comp="654" pin=1"/></net>

<net id="672"><net_src comp="664" pin="2"/><net_sink comp="668" pin=0"/></net>

<net id="673"><net_src comp="660" pin="2"/><net_sink comp="668" pin=1"/></net>

<net id="678"><net_src comp="668" pin="2"/><net_sink comp="674" pin=0"/></net>

<net id="679"><net_src comp="370" pin="3"/><net_sink comp="674" pin=1"/></net>

<net id="684"><net_src comp="422" pin="3"/><net_sink comp="680" pin=0"/></net>

<net id="685"><net_src comp="435" pin="3"/><net_sink comp="680" pin=1"/></net>

<net id="690"><net_src comp="448" pin="3"/><net_sink comp="686" pin=0"/></net>

<net id="691"><net_src comp="461" pin="3"/><net_sink comp="686" pin=1"/></net>

<net id="696"><net_src comp="686" pin="2"/><net_sink comp="692" pin=0"/></net>

<net id="697"><net_src comp="680" pin="2"/><net_sink comp="692" pin=1"/></net>

<net id="702"><net_src comp="692" pin="2"/><net_sink comp="698" pin=0"/></net>

<net id="707"><net_src comp="698" pin="2"/><net_sink comp="703" pin=0"/></net>

<net id="708"><net_src comp="674" pin="2"/><net_sink comp="703" pin=1"/></net>

<net id="713"><net_src comp="703" pin="2"/><net_sink comp="709" pin=0"/></net>

<net id="714"><net_src comp="654" pin="2"/><net_sink comp="709" pin=1"/></net>

<net id="719"><net_src comp="709" pin="2"/><net_sink comp="715" pin=0"/></net>

<net id="724"><net_src comp="715" pin="2"/><net_sink comp="720" pin=0"/></net>

<net id="728"><net_src comp="725" pin="1"/><net_sink comp="252" pin=2"/></net>

<net id="732"><net_src comp="130" pin="1"/><net_sink comp="729" pin=0"/></net>

<net id="733"><net_src comp="729" pin="1"/><net_sink comp="472" pin=1"/></net>

<net id="734"><net_src comp="729" pin="1"/><net_sink comp="477" pin=0"/></net>

<net id="735"><net_src comp="729" pin="1"/><net_sink comp="492" pin=1"/></net>

<net id="739"><net_src comp="134" pin="1"/><net_sink comp="736" pin=0"/></net>

<net id="740"><net_src comp="736" pin="1"/><net_sink comp="467" pin=1"/></net>

<net id="741"><net_src comp="736" pin="1"/><net_sink comp="537" pin=0"/></net>

<net id="742"><net_src comp="736" pin="1"/><net_sink comp="720" pin=1"/></net>

<net id="743"><net_src comp="736" pin="1"/><net_sink comp="725" pin=0"/></net>

<net id="747"><net_src comp="138" pin="2"/><net_sink comp="744" pin=0"/></net>

<net id="748"><net_src comp="744" pin="1"/><net_sink comp="715" pin=1"/></net>

<net id="752"><net_src comp="480" pin="2"/><net_sink comp="749" pin=0"/></net>

<net id="756"><net_src comp="156" pin="2"/><net_sink comp="753" pin=0"/></net>

<net id="757"><net_src comp="753" pin="1"/><net_sink comp="544" pin=0"/></net>

<net id="761"><net_src comp="162" pin="2"/><net_sink comp="758" pin=0"/></net>

<net id="762"><net_src comp="758" pin="1"/><net_sink comp="564" pin=0"/></net>

<net id="766"><net_src comp="168" pin="2"/><net_sink comp="763" pin=0"/></net>

<net id="767"><net_src comp="763" pin="1"/><net_sink comp="584" pin=0"/></net>

<net id="771"><net_src comp="174" pin="2"/><net_sink comp="768" pin=0"/></net>

<net id="772"><net_src comp="768" pin="1"/><net_sink comp="604" pin=0"/></net>

<net id="776"><net_src comp="228" pin="2"/><net_sink comp="773" pin=0"/></net>

<net id="777"><net_src comp="773" pin="1"/><net_sink comp="614" pin=0"/></net>

<net id="781"><net_src comp="234" pin="2"/><net_sink comp="778" pin=0"/></net>

<net id="782"><net_src comp="778" pin="1"/><net_sink comp="618" pin=0"/></net>

<net id="786"><net_src comp="240" pin="2"/><net_sink comp="783" pin=0"/></net>

<net id="787"><net_src comp="783" pin="1"/><net_sink comp="622" pin=0"/></net>

<net id="791"><net_src comp="246" pin="2"/><net_sink comp="788" pin=0"/></net>

<net id="792"><net_src comp="788" pin="1"/><net_sink comp="626" pin=0"/></net>

<net id="796"><net_src comp="259" pin="3"/><net_sink comp="793" pin=0"/></net>

<net id="797"><net_src comp="793" pin="1"/><net_sink comp="266" pin=0"/></net>

<net id="801"><net_src comp="272" pin="3"/><net_sink comp="798" pin=0"/></net>

<net id="802"><net_src comp="798" pin="1"/><net_sink comp="279" pin=0"/></net>

<net id="806"><net_src comp="285" pin="3"/><net_sink comp="803" pin=0"/></net>

<net id="807"><net_src comp="803" pin="1"/><net_sink comp="292" pin=0"/></net>

<net id="811"><net_src comp="298" pin="3"/><net_sink comp="808" pin=0"/></net>

<net id="812"><net_src comp="808" pin="1"/><net_sink comp="305" pin=0"/></net>

<net id="816"><net_src comp="311" pin="3"/><net_sink comp="813" pin=0"/></net>

<net id="817"><net_src comp="813" pin="1"/><net_sink comp="318" pin=0"/></net>

<net id="821"><net_src comp="324" pin="3"/><net_sink comp="818" pin=0"/></net>

<net id="822"><net_src comp="818" pin="1"/><net_sink comp="331" pin=0"/></net>

<net id="826"><net_src comp="337" pin="3"/><net_sink comp="823" pin=0"/></net>

<net id="827"><net_src comp="823" pin="1"/><net_sink comp="344" pin=0"/></net>

<net id="831"><net_src comp="350" pin="3"/><net_sink comp="828" pin=0"/></net>

<net id="832"><net_src comp="828" pin="1"/><net_sink comp="357" pin=0"/></net>

<net id="836"><net_src comp="363" pin="3"/><net_sink comp="833" pin=0"/></net>

<net id="837"><net_src comp="833" pin="1"/><net_sink comp="370" pin=0"/></net>

<net id="841"><net_src comp="376" pin="3"/><net_sink comp="838" pin=0"/></net>

<net id="842"><net_src comp="838" pin="1"/><net_sink comp="383" pin=0"/></net>

<net id="846"><net_src comp="389" pin="3"/><net_sink comp="843" pin=0"/></net>

<net id="847"><net_src comp="843" pin="1"/><net_sink comp="396" pin=0"/></net>

<net id="851"><net_src comp="402" pin="3"/><net_sink comp="848" pin=0"/></net>

<net id="852"><net_src comp="848" pin="1"/><net_sink comp="409" pin=0"/></net>

<net id="856"><net_src comp="266" pin="3"/><net_sink comp="853" pin=0"/></net>

<net id="857"><net_src comp="853" pin="1"/><net_sink comp="660" pin=0"/></net>

<net id="861"><net_src comp="279" pin="3"/><net_sink comp="858" pin=0"/></net>

<net id="862"><net_src comp="858" pin="1"/><net_sink comp="660" pin=1"/></net>

<net id="866"><net_src comp="292" pin="3"/><net_sink comp="863" pin=0"/></net>

<net id="867"><net_src comp="863" pin="1"/><net_sink comp="664" pin=0"/></net>

<net id="871"><net_src comp="305" pin="3"/><net_sink comp="868" pin=0"/></net>

<net id="872"><net_src comp="868" pin="1"/><net_sink comp="664" pin=1"/></net>

<net id="876"><net_src comp="415" pin="3"/><net_sink comp="873" pin=0"/></net>

<net id="877"><net_src comp="873" pin="1"/><net_sink comp="422" pin=0"/></net>

<net id="881"><net_src comp="428" pin="3"/><net_sink comp="878" pin=0"/></net>

<net id="882"><net_src comp="878" pin="1"/><net_sink comp="435" pin=0"/></net>

<net id="886"><net_src comp="441" pin="3"/><net_sink comp="883" pin=0"/></net>

<net id="887"><net_src comp="883" pin="1"/><net_sink comp="448" pin=0"/></net>

<net id="891"><net_src comp="454" pin="3"/><net_sink comp="888" pin=0"/></net>

<net id="892"><net_src comp="888" pin="1"/><net_sink comp="461" pin=0"/></net>

<net id="896"><net_src comp="642" pin="2"/><net_sink comp="893" pin=0"/></net>

<net id="897"><net_src comp="893" pin="1"/><net_sink comp="698" pin=1"/></net>

</net_list>

</model> 
---------------- Datapath Model END ------------------

* FSMD analyzer results:
  - Output states:
	Port: p_out | {3 }
 - Input state : 
	Port: crc_process_full_blocks_Pipeline_full_block_loop : crc | {1 }
	Port: crc_process_full_blocks_Pipeline_full_block_loop : blocks_in_chunk | {1 }
	Port: crc_process_full_blocks_Pipeline_full_block_loop : inByte017 | {2 }
	Port: crc_process_full_blocks_Pipeline_full_block_loop : inByte118 | {2 }
	Port: crc_process_full_blocks_Pipeline_full_block_loop : inByte219 | {2 }
	Port: crc_process_full_blocks_Pipeline_full_block_loop : inByte320 | {2 }
	Port: crc_process_full_blocks_Pipeline_full_block_loop : inByte421 | {2 }
	Port: crc_process_full_blocks_Pipeline_full_block_loop : inByte522 | {2 }
	Port: crc_process_full_blocks_Pipeline_full_block_loop : inByte623 | {2 }
	Port: crc_process_full_blocks_Pipeline_full_block_loop : inByte724 | {2 }
	Port: crc_process_full_blocks_Pipeline_full_block_loop : inByte825 | {2 }
	Port: crc_process_full_blocks_Pipeline_full_block_loop : inByte926 | {2 }
	Port: crc_process_full_blocks_Pipeline_full_block_loop : inByte1027 | {2 }
	Port: crc_process_full_blocks_Pipeline_full_block_loop : inByte1128 | {2 }
	Port: crc_process_full_blocks_Pipeline_full_block_loop : inByte1229 | {2 }
	Port: crc_process_full_blocks_Pipeline_full_block_loop : inByte1330 | {2 }
	Port: crc_process_full_blocks_Pipeline_full_block_loop : inByte1431 | {2 }
	Port: crc_process_full_blocks_Pipeline_full_block_loop : inByte1532 | {2 }
	Port: crc_process_full_blocks_Pipeline_full_block_loop : crcTables_0 | {3 4 }
	Port: crc_process_full_blocks_Pipeline_full_block_loop : crcTables_1 | {3 4 }
	Port: crc_process_full_blocks_Pipeline_full_block_loop : crcTables_2 | {3 4 }
	Port: crc_process_full_blocks_Pipeline_full_block_loop : crcTables_3 | {3 4 }
	Port: crc_process_full_blocks_Pipeline_full_block_loop : crcTables_4 | {2 3 }
	Port: crc_process_full_blocks_Pipeline_full_block_loop : crcTables_5 | {2 3 }
	Port: crc_process_full_blocks_Pipeline_full_block_loop : crcTables_6 | {2 3 }
	Port: crc_process_full_blocks_Pipeline_full_block_loop : crcTables_7 | {2 3 }
	Port: crc_process_full_blocks_Pipeline_full_block_loop : crcTables_8 | {2 3 }
	Port: crc_process_full_blocks_Pipeline_full_block_loop : crcTables_9 | {2 3 }
	Port: crc_process_full_blocks_Pipeline_full_block_loop : crcTables_10 | {2 3 }
	Port: crc_process_full_blocks_Pipeline_full_block_loop : crcTables_11 | {2 3 }
	Port: crc_process_full_blocks_Pipeline_full_block_loop : crcTables_12 | {3 4 }
	Port: crc_process_full_blocks_Pipeline_full_block_loop : crcTables_13 | {3 4 }
	Port: crc_process_full_blocks_Pipeline_full_block_loop : crcTables_14 | {3 4 }
	Port: crc_process_full_blocks_Pipeline_full_block_loop : crcTables_15 | {3 4 }
	Port: crc_process_full_blocks_Pipeline_full_block_loop : mask | {1 }
  - Chain level:
	State 1
		store_ln0 : 1
		b_load : 1
		icmp_ln391 : 2
		add_ln391 : 2
		br_ln391 : 3
		store_ln391 : 3
	State 2
		crcTables_4_addr : 1
		crcTables_4_load : 2
		crcTables_5_addr : 1
		crcTables_5_load : 2
		crcTables_6_addr : 1
		crcTables_6_load : 2
		crcTables_7_addr : 1
		crcTables_7_load : 2
		crcTables_8_addr : 1
		crcTables_8_load : 2
		crcTables_9_addr : 1
		crcTables_9_load : 2
		crcTables_10_addr : 1
		crcTables_10_load : 2
		crcTables_11_addr : 1
		crcTables_11_load : 2
	State 3
		ret_V_15 : 1
		ret_V : 2
		zext_ln587 : 2
		crcTables_0_addr : 3
		crcTables_0_load : 4
		ret_V_16 : 1
		ret_V_10 : 2
		zext_ln587_1 : 2
		crcTables_1_addr : 3
		crcTables_1_load : 4
		ret_V_17 : 1
		ret_V_12 : 2
		zext_ln587_2 : 2
		crcTables_2_addr : 3
		crcTables_2_load : 4
		trunc_ln : 1
		ret_V_13 : 2
		zext_ln587_3 : 2
		crcTables_3_addr : 3
		crcTables_3_load : 4
		crcTables_12_addr : 1
		crcTables_12_load : 2
		crcTables_13_addr : 1
		crcTables_13_load : 2
		crcTables_14_addr : 1
		crcTables_14_load : 2
		crcTables_15_addr : 1
		crcTables_15_load : 2
		xor_ln420_7 : 1
		xor_ln420_8 : 1
		xor_ln420_9 : 1
		write_ln0 : 1
	State 4
		xor_ln420_1 : 1
		xor_ln420 : 1
		xor_ln420_10 : 1
		xor_ln420_11 : 1
		xor_ln420_12 : 1
		xor_ln420_13 : 1
		xor_ln420_6 : 1
		next_V : 1
		ret_V_14 : 1
		store_ln391 : 1


============================================================
+ Verbose Summary: Datapath Resource usage 
============================================================

* Functional unit list:
|----------|----------------------------------|---------|---------|
| Operation|          Functional Unit         |    FF   |   LUT   |
|----------|----------------------------------|---------|---------|
|          |           ret_V_fu_544           |    0    |    8    |
|          |          ret_V_10_fu_564         |    0    |    8    |
|          |          ret_V_12_fu_584         |    0    |    8    |
|          |          ret_V_13_fu_604         |    0    |    8    |
|          |        xor_ln420_7_fu_630        |    0    |    32   |
|          |        xor_ln420_8_fu_636        |    0    |    32   |
|          |        xor_ln420_9_fu_642        |    0    |    32   |
|          |        xor_ln420_1_fu_648        |    0    |    32   |
|          |         xor_ln420_fu_654         |    0    |    32   |
|    xor   |        xor_ln420_3_fu_660        |    0    |    32   |
|          |        xor_ln420_4_fu_664        |    0    |    32   |
|          |        xor_ln420_5_fu_668        |    0    |    32   |
|          |        xor_ln420_2_fu_674        |    0    |    32   |
|          |        xor_ln420_10_fu_680       |    0    |    32   |
|          |        xor_ln420_11_fu_686       |    0    |    32   |
|          |        xor_ln420_12_fu_692       |    0    |    32   |
|          |        xor_ln420_13_fu_698       |    0    |    32   |
|          |        xor_ln420_6_fu_703        |    0    |    32   |
|          |           next_V_fu_709          |    0    |    32   |
|----------|----------------------------------|---------|---------|
|    add   |         add_ln391_fu_486         |    0    |    35   |
|----------|----------------------------------|---------|---------|
|    and   |          ret_V_14_fu_715         |    0    |    32   |
|----------|----------------------------------|---------|---------|
|   icmp   |         icmp_ln391_fu_480        |    0    |    18   |
|----------|----------------------------------|---------|---------|
|          |       mask_read_read_fu_138      |    0    |    0    |
|          | blocks_in_chunk_read_read_fu_144 |    0    |    0    |
|          |       crc_read_read_fu_150       |    0    |    0    |
|          |         b0_V_read_fu_156         |    0    |    0    |
|          |         b1_V_read_fu_162         |    0    |    0    |
|          |         b2_V_read_fu_168         |    0    |    0    |
|          |         b3_V_read_fu_174         |    0    |    0    |
|          |         b4_V_read_fu_180         |    0    |    0    |
|          |         b5_V_read_fu_186         |    0    |    0    |
|   read   |         b6_V_read_fu_192         |    0    |    0    |
|          |         b7_V_read_fu_198         |    0    |    0    |
|          |         b8_V_read_fu_204         |    0    |    0    |
|          |         b9_V_read_fu_210         |    0    |    0    |
|          |         b10_V_read_fu_216        |    0    |    0    |
|          |         b11_V_read_fu_222        |    0    |    0    |
|          |         b12_V_read_fu_228        |    0    |    0    |
|          |         b13_V_read_fu_234        |    0    |    0    |
|          |         b14_V_read_fu_240        |    0    |    0    |
|          |         b15_V_read_fu_246        |    0    |    0    |
|----------|----------------------------------|---------|---------|
|   write  |      write_ln0_write_fu_252      |    0    |    0    |
|----------|----------------------------------|---------|---------|
|          |        zext_ln587_4_fu_497       |    0    |    0    |
|          |        zext_ln587_5_fu_502       |    0    |    0    |
|          |        zext_ln587_6_fu_507       |    0    |    0    |
|          |        zext_ln587_7_fu_512       |    0    |    0    |
|          |        zext_ln587_8_fu_517       |    0    |    0    |
|          |        zext_ln587_9_fu_522       |    0    |    0    |
|          |       zext_ln587_10_fu_527       |    0    |    0    |
|   zext   |       zext_ln587_11_fu_532       |    0    |    0    |
|          |         zext_ln587_fu_549        |    0    |    0    |
|          |        zext_ln587_1_fu_569       |    0    |    0    |
|          |        zext_ln587_2_fu_589       |    0    |    0    |
|          |        zext_ln587_3_fu_609       |    0    |    0    |
|          |       zext_ln587_12_fu_614       |    0    |    0    |
|          |       zext_ln587_13_fu_618       |    0    |    0    |
|          |       zext_ln587_14_fu_622       |    0    |    0    |
|          |       zext_ln587_15_fu_626       |    0    |    0    |
|----------|----------------------------------|---------|---------|
|   trunc  |          ret_V_15_fu_540         |    0    |    0    |
|----------|----------------------------------|---------|---------|
|          |          ret_V_16_fu_554         |    0    |    0    |
|partselect|          ret_V_17_fu_574         |    0    |    0    |
|          |          trunc_ln_fu_594         |    0    |    0    |
|----------|----------------------------------|---------|---------|
|   Total  |                                  |    0    |   597   |
|----------|----------------------------------|---------|---------|

Memories:
N/A

* Register list:
+-------------------------+--------+
|                         |   FF   |
+-------------------------+--------+
|       b0_V_reg_753      |    8   |
|      b12_V_reg_773      |    8   |
|      b13_V_reg_778      |    8   |
|      b14_V_reg_783      |    8   |
|      b15_V_reg_788      |    8   |
|       b1_V_reg_758      |    8   |
|       b2_V_reg_763      |    8   |
|       b3_V_reg_768      |    8   |
|        b_reg_729        |   28   |
| crcTables_0_addr_reg_833|    8   |
|crcTables_10_addr_reg_823|    8   |
|crcTables_11_addr_reg_828|    8   |
|crcTables_12_addr_reg_873|    8   |
|crcTables_13_addr_reg_878|    8   |
|crcTables_14_addr_reg_883|    8   |
|crcTables_15_addr_reg_888|    8   |
| crcTables_1_addr_reg_838|    8   |
| crcTables_2_addr_reg_843|    8   |
| crcTables_3_addr_reg_848|    8   |
| crcTables_4_addr_reg_793|    8   |
| crcTables_4_load_reg_853|   32   |
| crcTables_5_addr_reg_798|    8   |
| crcTables_5_load_reg_858|   32   |
| crcTables_6_addr_reg_803|    8   |
| crcTables_6_load_reg_863|   32   |
| crcTables_7_addr_reg_808|    8   |
| crcTables_7_load_reg_868|   32   |
| crcTables_8_addr_reg_813|    8   |
| crcTables_9_addr_reg_818|    8   |
|    icmp_ln391_reg_749   |    1   |
|    mask_read_reg_744    |   32   |
|     ret_V_3_reg_736     |   32   |
|   xor_ln420_9_reg_893   |   32   |
+-------------------------+--------+
|          Total          |   445  |
+-------------------------+--------+

* Multiplexer (MUX) list: 
|-------------------|------|------|------|--------||---------||---------|
|        Comp       |  Pin | Size |  BW  | S x BW ||  Delay  ||   LUT   |
|-------------------|------|------|------|--------||---------||---------|
| grp_access_fu_266 |  p0  |   2  |   8  |   16   ||    9    |
| grp_access_fu_279 |  p0  |   2  |   8  |   16   ||    9    |
| grp_access_fu_292 |  p0  |   2  |   8  |   16   ||    9    |
| grp_access_fu_305 |  p0  |   2  |   8  |   16   ||    9    |
| grp_access_fu_318 |  p0  |   2  |   8  |   16   ||    9    |
| grp_access_fu_331 |  p0  |   2  |   8  |   16   ||    9    |
| grp_access_fu_344 |  p0  |   2  |   8  |   16   ||    9    |
| grp_access_fu_357 |  p0  |   2  |   8  |   16   ||    9    |
| grp_access_fu_370 |  p0  |   2  |   8  |   16   ||    9    |
| grp_access_fu_383 |  p0  |   2  |   8  |   16   ||    9    |
| grp_access_fu_396 |  p0  |   2  |   8  |   16   ||    9    |
| grp_access_fu_409 |  p0  |   2  |   8  |   16   ||    9    |
| grp_access_fu_422 |  p0  |   2  |   8  |   16   ||    9    |
| grp_access_fu_435 |  p0  |   2  |   8  |   16   ||    9    |
| grp_access_fu_448 |  p0  |   2  |   8  |   16   ||    9    |
| grp_access_fu_461 |  p0  |   2  |   8  |   16   ||    9    |
|-------------------|------|------|------|--------||---------||---------|
|       Total       |      |      |      |   256  ||  6.192  ||   144   |
|-------------------|------|------|------|--------||---------||---------|



* Summary:
+-----------+--------+--------+--------+
|           |  Delay |   FF   |   LUT  |
+-----------+--------+--------+--------+
|  Function |    -   |    0   |   597  |
|   Memory  |    -   |    -   |    -   |
|Multiplexer|    6   |    -   |   144  |
|  Register |    -   |   445  |    -   |
+-----------+--------+--------+--------+
|   Total   |    6   |   445  |   741  |
+-----------+--------+--------+--------+
