

================================================================
== Vitis HLS Report for 'crc_dataflow_region'
================================================================
* Date:           Thu Apr  2 18:17:07 2026

* Version:        2022.1 (Build 3526262 on Mon Apr 18 15:47:01 MDT 2022)
* Project:        calculate_crc
* Solution:       solution (Vitis Kernel Flow Target)
* Product family: virtexuplus
* Target device:  xcu280-fsvh2892-2L-e


================================================================
== Performance Estimates
================================================================
+ Timing: 
    * Summary: 
    +--------+---------+----------+------------+
    |  Clock |  Target | Estimated| Uncertainty|
    +--------+---------+----------+------------+
    |ap_clk  |  3.33 ns|  2.433 ns|     0.90 ns|
    +--------+---------+----------+------------+

+ Latency: 
    * Summary: 
    +---------+---------+----------+----------+-----+-----+----------+
    |  Latency (cycles) |  Latency (absolute) |  Interval | Pipeline |
    |   min   |   max   |    min   |    max   | min | max |   Type   |
    +---------+---------+----------+----------+-----+-----+----------+
    |        ?|        ?|         ?|         ?|    ?|    ?|  dataflow|
    +---------+---------+----------+----------+-----+-----+----------+

    + Detail: 
        * Instance: 
        +-----------------------+--------------------+---------+---------+----------+----------+-----+-----+---------+
        |                       |                    |  Latency (cycles) |  Latency (absolute) |  Interval | Pipeline|
        |        Instance       |       Module       |   min   |   max   |    min   |    max   | min | max |   Type  |
        +-----------------------+--------------------+---------+---------+----------+----------+-----+-----+---------+
        |read_input_U0          |read_input          |        ?|        ?|         ?|         ?|    ?|    ?|       no|
        |process_crc_chunks_U0  |process_crc_chunks  |        ?|        ?|         ?|         ?|    ?|    ?|       no|
        |entry_proc_U0          |entry_proc          |        0|        0|      0 ns|      0 ns|    0|    0|       no|
        |write_output_U0        |write_output        |        ?|        ?|         ?|         ?|    ?|    ?|       no|
        +-----------------------+--------------------+---------+---------+----------+----------+-----+-----+---------+

        * Loop: 
        N/A



================================================================
== Utilization Estimates
================================================================
* Summary: 
+---------------------+---------+------+---------+---------+-----+
|         Name        | BRAM_18K|  DSP |    FF   |   LUT   | URAM|
+---------------------+---------+------+---------+---------+-----+
|DSP                  |        -|     -|        -|        -|    -|
|Expression           |        -|     -|        0|       16|    -|
|FIFO                 |        0|     -|      335|      742|    -|
|Instance             |        -|     3|     1898|     4115|    -|
|Memory               |        -|     -|        -|        -|    -|
|Multiplexer          |        -|     -|        -|       27|    -|
|Register             |        -|     -|        3|        -|    -|
+---------------------+---------+------+---------+---------+-----+
|Total                |        0|     3|     2236|     4900|    0|
+---------------------+---------+------+---------+---------+-----+
|Available SLR        |     1344|  3008|   869120|   434560|  320|
+---------------------+---------+------+---------+---------+-----+
|Utilization SLR (%)  |        0|    ~0|       ~0|        1|    0|
+---------------------+---------+------+---------+---------+-----+
|Available            |     4032|  9024|  2607360|  1303680|  960|
+---------------------+---------+------+---------+---------+-----+
|Utilization (%)      |        0|    ~0|       ~0|       ~0|    0|
+---------------------+---------+------+---------+---------+-----+

+ Detail: 
    * Instance: 
    +-----------------------+--------------------+---------+----+-----+------+-----+
    |        Instance       |       Module       | BRAM_18K| DSP|  FF |  LUT | URAM|
    +-----------------------+--------------------+---------+----+-----+------+-----+
    |entry_proc_U0          |entry_proc          |        0|   0|    3|    29|    0|
    |process_crc_chunks_U0  |process_crc_chunks  |        0|   0|  802|  2253|    0|
    |read_input_U0          |read_input          |        0|   3|  609|  1070|    0|
    |write_output_U0        |write_output        |        0|   0|  484|   763|    0|
    +-----------------------+--------------------+---------+----+-----+------+-----+
    |Total                  |                    |        0|   3| 1898|  4115|    0|
    +-----------------------+--------------------+---------+----+-----+------+-----+

    * DSP: 
    N/A

    * Memory: 
    N/A

    * FIFO: 
    +---------------+---------+-----+----+-----+------+-----+---------+
    |      Name     | BRAM_18K|  FF | LUT| URAM| Depth| Bits| Size:D*B|
    +---------------+---------+-----+----+-----+------+-----+---------+
    |crc_out_c_U    |        0|    5|   0|    -|     4|   64|      256|
    |inByte0_U      |        0|    9|   0|    -|    64|    8|      512|
    |inByte10_U     |        0|    9|   0|    -|    64|    8|      512|
    |inByte11_U     |        0|    9|   0|    -|    64|    8|      512|
    |inByte12_U     |        0|    9|   0|    -|    64|    8|      512|
    |inByte13_U     |        0|    9|   0|    -|    64|    8|      512|
    |inByte14_U     |        0|    9|   0|    -|    64|    8|      512|
    |inByte15_U     |        0|    9|   0|    -|    64|    8|      512|
    |inByte1_U      |        0|    9|   0|    -|    64|    8|      512|
    |inByte2_U      |        0|    9|   0|    -|    64|    8|      512|
    |inByte3_U      |        0|    9|   0|    -|    64|    8|      512|
    |inByte4_U      |        0|    9|   0|    -|    64|    8|      512|
    |inByte5_U      |        0|    9|   0|    -|    64|    8|      512|
    |inByte6_U      |        0|    9|   0|    -|    64|    8|      512|
    |inByte7_U      |        0|    9|   0|    -|    64|    8|      512|
    |inByte8_U      |        0|    9|   0|    -|    64|    8|      512|
    |inByte9_U      |        0|    9|   0|    -|    64|    8|      512|
    |numChunks_c_U  |        0|   68|   0|    -|     2|   32|       64|
    |outStream_U    |        0|  118|   0|    -|    64|   32|     2048|
    +---------------+---------+-----+----+-----+------+-----+---------+
    |Total          |        0|  335|   0|    0|  1094|  256|    10560|
    +---------------+---------+-----+----+-----+------+-----+---------+

    * Expression: 
    +----------------------------------------+----------+----+---+----+------------+------------+
    |              Variable Name             | Operation| DSP| FF| LUT| Bitwidth P0| Bitwidth P1|
    +----------------------------------------+----------+----+---+----+------------+------------+
    |ap_idle                                 |       and|   0|  0|   2|           1|           1|
    |ap_sync_ready                           |       and|   0|  0|   2|           1|           1|
    |entry_proc_U0_ap_start                  |       and|   0|  0|   2|           1|           1|
    |process_crc_chunks_U0_ap_start          |       and|   0|  0|   2|           1|           1|
    |read_input_U0_ap_start                  |       and|   0|  0|   2|           1|           1|
    |ap_sync_entry_proc_U0_ap_ready          |        or|   0|  0|   2|           1|           1|
    |ap_sync_process_crc_chunks_U0_ap_ready  |        or|   0|  0|   2|           1|           1|
    |ap_sync_read_input_U0_ap_ready          |        or|   0|  0|   2|           1|           1|
    +----------------------------------------+----------+----+---+----+------------+------------+
    |Total                                   |          |   0|  0|  16|           8|           8|
    +----------------------------------------+----------+----+---+----+------------+------------+

    * Multiplexer: 
    +--------------------------------------------+----+-----------+-----+-----------+
    |                    Name                    | LUT| Input Size| Bits| Total Bits|
    +--------------------------------------------+----+-----------+-----+-----------+
    |ap_sync_reg_entry_proc_U0_ap_ready          |   9|          2|    1|          2|
    |ap_sync_reg_process_crc_chunks_U0_ap_ready  |   9|          2|    1|          2|
    |ap_sync_reg_read_input_U0_ap_ready          |   9|          2|    1|          2|
    +--------------------------------------------+----+-----------+-----+-----------+
    |Total                                       |  27|          6|    3|          6|
    +--------------------------------------------+----+-----------+-----+-----------+

    * Register: 
    +--------------------------------------------+---+----+-----+-----------+
    |                    Name                    | FF| LUT| Bits| Const Bits|
    +--------------------------------------------+---+----+-----+-----------+
    |ap_sync_reg_entry_proc_U0_ap_ready          |  1|   0|    1|          0|
    |ap_sync_reg_process_crc_chunks_U0_ap_ready  |  1|   0|    1|          0|
    |ap_sync_reg_read_input_U0_ap_ready          |  1|   0|    1|          0|
    +--------------------------------------------+---+----+-----+-----------+
    |Total                                       |  3|   0|    3|          0|
    +--------------------------------------------+---+----+-----+-----------+



================================================================
== Interface
================================================================
* Summary: 
+-----------------------+-----+-----+------------+---------------------+--------------+
|       RTL Ports       | Dir | Bits|  Protocol  |    Source Object    |    C Type    |
+-----------------------+-----+-----+------------+---------------------+--------------+
|m_axi_gmem0_AWVALID    |  out|    1|       m_axi|                gmem0|       pointer|
|m_axi_gmem0_AWREADY    |   in|    1|       m_axi|                gmem0|       pointer|
|m_axi_gmem0_AWADDR     |  out|   64|       m_axi|                gmem0|       pointer|
|m_axi_gmem0_AWID       |  out|    1|       m_axi|                gmem0|       pointer|
|m_axi_gmem0_AWLEN      |  out|   32|       m_axi|                gmem0|       pointer|
|m_axi_gmem0_AWSIZE     |  out|    3|       m_axi|                gmem0|       pointer|
|m_axi_gmem0_AWBURST    |  out|    2|       m_axi|                gmem0|       pointer|
|m_axi_gmem0_AWLOCK     |  out|    2|       m_axi|                gmem0|       pointer|
|m_axi_gmem0_AWCACHE    |  out|    4|       m_axi|                gmem0|       pointer|
|m_axi_gmem0_AWPROT     |  out|    3|       m_axi|                gmem0|       pointer|
|m_axi_gmem0_AWQOS      |  out|    4|       m_axi|                gmem0|       pointer|
|m_axi_gmem0_AWREGION   |  out|    4|       m_axi|                gmem0|       pointer|
|m_axi_gmem0_AWUSER     |  out|    1|       m_axi|                gmem0|       pointer|
|m_axi_gmem0_WVALID     |  out|    1|       m_axi|                gmem0|       pointer|
|m_axi_gmem0_WREADY     |   in|    1|       m_axi|                gmem0|       pointer|
|m_axi_gmem0_WDATA      |  out|  128|       m_axi|                gmem0|       pointer|
|m_axi_gmem0_WSTRB      |  out|   16|       m_axi|                gmem0|       pointer|
|m_axi_gmem0_WLAST      |  out|    1|       m_axi|                gmem0|       pointer|
|m_axi_gmem0_WID        |  out|    1|       m_axi|                gmem0|       pointer|
|m_axi_gmem0_WUSER      |  out|    1|       m_axi|                gmem0|       pointer|
|m_axi_gmem0_ARVALID    |  out|    1|       m_axi|                gmem0|       pointer|
|m_axi_gmem0_ARREADY    |   in|    1|       m_axi|                gmem0|       pointer|
|m_axi_gmem0_ARADDR     |  out|   64|       m_axi|                gmem0|       pointer|
|m_axi_gmem0_ARID       |  out|    1|       m_axi|                gmem0|       pointer|
|m_axi_gmem0_ARLEN      |  out|   32|       m_axi|                gmem0|       pointer|
|m_axi_gmem0_ARSIZE     |  out|    3|       m_axi|                gmem0|       pointer|
|m_axi_gmem0_ARBURST    |  out|    2|       m_axi|                gmem0|       pointer|
|m_axi_gmem0_ARLOCK     |  out|    2|       m_axi|                gmem0|       pointer|
|m_axi_gmem0_ARCACHE    |  out|    4|       m_axi|                gmem0|       pointer|
|m_axi_gmem0_ARPROT     |  out|    3|       m_axi|                gmem0|       pointer|
|m_axi_gmem0_ARQOS      |  out|    4|       m_axi|                gmem0|       pointer|
|m_axi_gmem0_ARREGION   |  out|    4|       m_axi|                gmem0|       pointer|
|m_axi_gmem0_ARUSER     |  out|    1|       m_axi|                gmem0|       pointer|
|m_axi_gmem0_RVALID     |   in|    1|       m_axi|                gmem0|       pointer|
|m_axi_gmem0_RREADY     |  out|    1|       m_axi|                gmem0|       pointer|
|m_axi_gmem0_RDATA      |   in|  128|       m_axi|                gmem0|       pointer|
|m_axi_gmem0_RLAST      |   in|    1|       m_axi|                gmem0|       pointer|
|m_axi_gmem0_RID        |   in|    1|       m_axi|                gmem0|       pointer|
|m_axi_gmem0_RFIFONUM   |   in|    9|       m_axi|                gmem0|       pointer|
|m_axi_gmem0_RUSER      |   in|    1|       m_axi|                gmem0|       pointer|
|m_axi_gmem0_RRESP      |   in|    2|       m_axi|                gmem0|       pointer|
|m_axi_gmem0_BVALID     |   in|    1|       m_axi|                gmem0|       pointer|
|m_axi_gmem0_BREADY     |  out|    1|       m_axi|                gmem0|       pointer|
|m_axi_gmem0_BRESP      |   in|    2|       m_axi|                gmem0|       pointer|
|m_axi_gmem0_BID        |   in|    1|       m_axi|                gmem0|       pointer|
|m_axi_gmem0_BUSER      |   in|    1|       m_axi|                gmem0|       pointer|
|data_in                |   in|   64|     ap_none|              data_in|        scalar|
|data_in_ap_vld         |   in|    1|     ap_none|              data_in|        scalar|
|crc_out                |   in|   64|     ap_none|              crc_out|        scalar|
|crc_out_ap_vld         |   in|    1|     ap_none|              crc_out|        scalar|
|crcTables_0_address0   |  out|    8|   ap_memory|          crcTables_0|         array|
|crcTables_0_ce0        |  out|    1|   ap_memory|          crcTables_0|         array|
|crcTables_0_d0         |  out|   32|   ap_memory|          crcTables_0|         array|
|crcTables_0_q0         |   in|   32|   ap_memory|          crcTables_0|         array|
|crcTables_0_we0        |  out|    1|   ap_memory|          crcTables_0|         array|
|crcTables_1_address0   |  out|    8|   ap_memory|          crcTables_1|         array|
|crcTables_1_ce0        |  out|    1|   ap_memory|          crcTables_1|         array|
|crcTables_1_d0         |  out|   32|   ap_memory|          crcTables_1|         array|
|crcTables_1_q0         |   in|   32|   ap_memory|          crcTables_1|         array|
|crcTables_1_we0        |  out|    1|   ap_memory|          crcTables_1|         array|
|crcTables_2_address0   |  out|    8|   ap_memory|          crcTables_2|         array|
|crcTables_2_ce0        |  out|    1|   ap_memory|          crcTables_2|         array|
|crcTables_2_d0         |  out|   32|   ap_memory|          crcTables_2|         array|
|crcTables_2_q0         |   in|   32|   ap_memory|          crcTables_2|         array|
|crcTables_2_we0        |  out|    1|   ap_memory|          crcTables_2|         array|
|crcTables_3_address0   |  out|    8|   ap_memory|          crcTables_3|         array|
|crcTables_3_ce0        |  out|    1|   ap_memory|          crcTables_3|         array|
|crcTables_3_d0         |  out|   32|   ap_memory|          crcTables_3|         array|
|crcTables_3_q0         |   in|   32|   ap_memory|          crcTables_3|         array|
|crcTables_3_we0        |  out|    1|   ap_memory|          crcTables_3|         array|
|crcTables_4_address0   |  out|    8|   ap_memory|          crcTables_4|         array|
|crcTables_4_ce0        |  out|    1|   ap_memory|          crcTables_4|         array|
|crcTables_4_d0         |  out|   32|   ap_memory|          crcTables_4|         array|
|crcTables_4_q0         |   in|   32|   ap_memory|          crcTables_4|         array|
|crcTables_4_we0        |  out|    1|   ap_memory|          crcTables_4|         array|
|crcTables_5_address0   |  out|    8|   ap_memory|          crcTables_5|         array|
|crcTables_5_ce0        |  out|    1|   ap_memory|          crcTables_5|         array|
|crcTables_5_d0         |  out|   32|   ap_memory|          crcTables_5|         array|
|crcTables_5_q0         |   in|   32|   ap_memory|          crcTables_5|         array|
|crcTables_5_we0        |  out|    1|   ap_memory|          crcTables_5|         array|
|crcTables_6_address0   |  out|    8|   ap_memory|          crcTables_6|         array|
|crcTables_6_ce0        |  out|    1|   ap_memory|          crcTables_6|         array|
|crcTables_6_d0         |  out|   32|   ap_memory|          crcTables_6|         array|
|crcTables_6_q0         |   in|   32|   ap_memory|          crcTables_6|         array|
|crcTables_6_we0        |  out|    1|   ap_memory|          crcTables_6|         array|
|crcTables_7_address0   |  out|    8|   ap_memory|          crcTables_7|         array|
|crcTables_7_ce0        |  out|    1|   ap_memory|          crcTables_7|         array|
|crcTables_7_d0         |  out|   32|   ap_memory|          crcTables_7|         array|
|crcTables_7_q0         |   in|   32|   ap_memory|          crcTables_7|         array|
|crcTables_7_we0        |  out|    1|   ap_memory|          crcTables_7|         array|
|crcTables_8_address0   |  out|    8|   ap_memory|          crcTables_8|         array|
|crcTables_8_ce0        |  out|    1|   ap_memory|          crcTables_8|         array|
|crcTables_8_d0         |  out|   32|   ap_memory|          crcTables_8|         array|
|crcTables_8_q0         |   in|   32|   ap_memory|          crcTables_8|         array|
|crcTables_8_we0        |  out|    1|   ap_memory|          crcTables_8|         array|
|crcTables_9_address0   |  out|    8|   ap_memory|          crcTables_9|         array|
|crcTables_9_ce0        |  out|    1|   ap_memory|          crcTables_9|         array|
|crcTables_9_d0         |  out|   32|   ap_memory|          crcTables_9|         array|
|crcTables_9_q0         |   in|   32|   ap_memory|          crcTables_9|         array|
|crcTables_9_we0        |  out|    1|   ap_memory|          crcTables_9|         array|
|crcTables_10_address0  |  out|    8|   ap_memory|         crcTables_10|         array|
|crcTables_10_ce0       |  out|    1|   ap_memory|         crcTables_10|         array|
|crcTables_10_d0        |  out|   32|   ap_memory|         crcTables_10|         array|
|crcTables_10_q0        |   in|   32|   ap_memory|         crcTables_10|         array|
|crcTables_10_we0       |  out|    1|   ap_memory|         crcTables_10|         array|
|crcTables_11_address0  |  out|    8|   ap_memory|         crcTables_11|         array|
|crcTables_11_ce0       |  out|    1|   ap_memory|         crcTables_11|         array|
|crcTables_11_d0        |  out|   32|   ap_memory|         crcTables_11|         array|
|crcTables_11_q0        |   in|   32|   ap_memory|         crcTables_11|         array|
|crcTables_11_we0       |  out|    1|   ap_memory|         crcTables_11|         array|
|crcTables_12_address0  |  out|    8|   ap_memory|         crcTables_12|         array|
|crcTables_12_ce0       |  out|    1|   ap_memory|         crcTables_12|         array|
|crcTables_12_d0        |  out|   32|   ap_memory|         crcTables_12|         array|
|crcTables_12_q0        |   in|   32|   ap_memory|         crcTables_12|         array|
|crcTables_12_we0       |  out|    1|   ap_memory|         crcTables_12|         array|
|crcTables_13_address0  |  out|    8|   ap_memory|         crcTables_13|         array|
|crcTables_13_ce0       |  out|    1|   ap_memory|         crcTables_13|         array|
|crcTables_13_d0        |  out|   32|   ap_memory|         crcTables_13|         array|
|crcTables_13_q0        |   in|   32|   ap_memory|         crcTables_13|         array|
|crcTables_13_we0       |  out|    1|   ap_memory|         crcTables_13|         array|
|crcTables_14_address0  |  out|    8|   ap_memory|         crcTables_14|         array|
|crcTables_14_ce0       |  out|    1|   ap_memory|         crcTables_14|         array|
|crcTables_14_d0        |  out|   32|   ap_memory|         crcTables_14|         array|
|crcTables_14_q0        |   in|   32|   ap_memory|         crcTables_14|         array|
|crcTables_14_we0       |  out|    1|   ap_memory|         crcTables_14|         array|
|crcTables_15_address0  |  out|    8|   ap_memory|         crcTables_15|         array|
|crcTables_15_ce0       |  out|    1|   ap_memory|         crcTables_15|         array|
|crcTables_15_d0        |  out|   32|   ap_memory|         crcTables_15|         array|
|crcTables_15_q0        |   in|   32|   ap_memory|         crcTables_15|         array|
|crcTables_15_we0       |  out|    1|   ap_memory|         crcTables_15|         array|
|numChunks              |   in|   32|     ap_none|            numChunks|        scalar|
|numChunks_ap_vld       |   in|    1|     ap_none|            numChunks|        scalar|
|chunkSize              |   in|   32|     ap_none|            chunkSize|        scalar|
|chunkSize_ap_vld       |   in|    1|     ap_none|            chunkSize|        scalar|
|crc_size               |   in|   32|     ap_none|             crc_size|        scalar|
|crc_size_ap_vld        |   in|    1|     ap_none|             crc_size|        scalar|
|init_value             |   in|   32|     ap_none|           init_value|        scalar|
|init_value_ap_vld      |   in|    1|     ap_none|           init_value|        scalar|
|ap_clk                 |   in|    1|  ap_ctrl_hs|  crc_dataflow_region|  return value|
|ap_rst                 |   in|    1|  ap_ctrl_hs|  crc_dataflow_region|  return value|
|ap_start               |   in|    1|  ap_ctrl_hs|  crc_dataflow_region|  return value|
|ap_done                |  out|    1|  ap_ctrl_hs|  crc_dataflow_region|  return value|
|ap_ready               |  out|    1|  ap_ctrl_hs|  crc_dataflow_region|  return value|
|ap_idle                |  out|    1|  ap_ctrl_hs|  crc_dataflow_region|  return value|
|ap_continue            |   in|    1|  ap_ctrl_hs|  crc_dataflow_region|  return value|
+-----------------------+-----+-----+------------+---------------------+--------------+

============================================================
+ Verbose Summary: Synthesis Manager
============================================================
InlineROM: 1
ExposeGlobal: 0
============================================================
+ Verbose Summary: CDFG Model
============================================================
IsTopModel: 0
ResetActiveHigh: 1
IsCombinational: 2
IsDatapathOnly: 2
HasWiredReturn: 1
HasMFsm: 0
HasVarLatency: 1
IsPipeline: 0
IsRtlPipelined: 0
IsInstanceOverlapped: 0
IsDontTouch: 0
HasImplIP: 0
IsGatedGlobalClock: 0


============================================================
+ Verbose Summary: Schedule
============================================================
* Number of FSM states : 6
* Pipeline : 0
* Dataflow Pipeline: 1
  DF-Pipeline-0: Size = 6, States = { 1 2 3 4 5 6 }

* FSM state transitions: 
1 --> 2 
2 --> 3 
3 --> 4 
4 --> 5 
5 --> 6 
6 --> 

* FSM state operations: 

State 1 <SV = 0> <Delay = 2.43>
ST_1 : Operation 7 [1/1] (0.00ns)   --->   "%chunkSize_read = read i32 @_ssdm_op_Read.ap_auto.i32, i32 %chunkSize" [/home/efrink/mled/split_cu/U280_CRC_Accelerator/src/kernel.cpp:605]   --->   Operation 7 'read' 'chunkSize_read' <Predicate = true> <Delay = 0.00>
ST_1 : Operation 8 [1/1] (0.00ns)   --->   "%numChunks_read = read i32 @_ssdm_op_Read.ap_auto.i32, i32 %numChunks" [/home/efrink/mled/split_cu/U280_CRC_Accelerator/src/kernel.cpp:605]   --->   Operation 8 'read' 'numChunks_read' <Predicate = true> <Delay = 0.00>
ST_1 : Operation 9 [1/1] (0.00ns)   --->   "%data_in_read = read i64 @_ssdm_op_Read.ap_auto.i64, i64 %data_in" [/home/efrink/mled/split_cu/U280_CRC_Accelerator/src/kernel.cpp:605]   --->   Operation 9 'read' 'data_in_read' <Predicate = true> <Delay = 0.00>
ST_1 : Operation 10 [1/1] (0.00ns)   --->   "%numChunks_c = alloca i64 1" [/home/efrink/mled/split_cu/U280_CRC_Accelerator/src/kernel.cpp:605]   --->   Operation 10 'alloca' 'numChunks_c' <Predicate = true> <Delay = 0.00> <CoreInst = "FIFO_SRL">   --->   Core 81 'FIFO_SRL' <Latency = 0> <II = 1> <Delay = 1.39> <Storage> <Opcode : 'read' 'write' 'nbread' 'nbwrite'> <Ports = 0> <Width = 32> <Depth = 2> <FIFO>
ST_1 : Operation 11 [1/1] (0.00ns)   --->   "%crc_out_c = alloca i64 1" [/home/efrink/mled/split_cu/U280_CRC_Accelerator/src/kernel.cpp:605]   --->   Operation 11 'alloca' 'crc_out_c' <Predicate = true> <Delay = 0.00> <CoreInst = "FIFO_SRL">   --->   Core 81 'FIFO_SRL' <Latency = 0> <II = 1> <Delay = 1.41> <Storage> <Opcode : 'read' 'write' 'nbread' 'nbwrite'> <Ports = 0> <Width = 64> <Depth = 4> <FIFO>
ST_1 : Operation 12 [1/1] (0.00ns)   --->   "%inByte0 = alloca i64 1" [/home/efrink/mled/split_cu/U280_CRC_Accelerator/src/kernel.cpp:568]   --->   Operation 12 'alloca' 'inByte0' <Predicate = true> <Delay = 0.00> <CoreInst = "FIFO_SRL">   --->   Core 81 'FIFO_SRL' <Latency = 0> <II = 1> <Delay = 1.35> <Storage> <Opcode : 'read' 'write' 'nbread' 'nbwrite'> <Ports = 0> <Width = 8> <Depth = 64> <FIFO>
ST_1 : Operation 13 [1/1] (0.00ns)   --->   "%inByte1 = alloca i64 1" [/home/efrink/mled/split_cu/U280_CRC_Accelerator/src/kernel.cpp:569]   --->   Operation 13 'alloca' 'inByte1' <Predicate = true> <Delay = 0.00> <CoreInst = "FIFO_SRL">   --->   Core 81 'FIFO_SRL' <Latency = 0> <II = 1> <Delay = 1.35> <Storage> <Opcode : 'read' 'write' 'nbread' 'nbwrite'> <Ports = 0> <Width = 8> <Depth = 64> <FIFO>
ST_1 : Operation 14 [1/1] (0.00ns)   --->   "%inByte2 = alloca i64 1" [/home/efrink/mled/split_cu/U280_CRC_Accelerator/src/kernel.cpp:570]   --->   Operation 14 'alloca' 'inByte2' <Predicate = true> <Delay = 0.00> <CoreInst = "FIFO_SRL">   --->   Core 81 'FIFO_SRL' <Latency = 0> <II = 1> <Delay = 1.35> <Storage> <Opcode : 'read' 'write' 'nbread' 'nbwrite'> <Ports = 0> <Width = 8> <Depth = 64> <FIFO>
ST_1 : Operation 15 [1/1] (0.00ns)   --->   "%inByte3 = alloca i64 1" [/home/efrink/mled/split_cu/U280_CRC_Accelerator/src/kernel.cpp:571]   --->   Operation 15 'alloca' 'inByte3' <Predicate = true> <Delay = 0.00> <CoreInst = "FIFO_SRL">   --->   Core 81 'FIFO_SRL' <Latency = 0> <II = 1> <Delay = 1.35> <Storage> <Opcode : 'read' 'write' 'nbread' 'nbwrite'> <Ports = 0> <Width = 8> <Depth = 64> <FIFO>
ST_1 : Operation 16 [1/1] (0.00ns)   --->   "%inByte4 = alloca i64 1" [/home/efrink/mled/split_cu/U280_CRC_Accelerator/src/kernel.cpp:572]   --->   Operation 16 'alloca' 'inByte4' <Predicate = true> <Delay = 0.00> <CoreInst = "FIFO_SRL">   --->   Core 81 'FIFO_SRL' <Latency = 0> <II = 1> <Delay = 1.35> <Storage> <Opcode : 'read' 'write' 'nbread' 'nbwrite'> <Ports = 0> <Width = 8> <Depth = 64> <FIFO>
ST_1 : Operation 17 [1/1] (0.00ns)   --->   "%inByte5 = alloca i64 1" [/home/efrink/mled/split_cu/U280_CRC_Accelerator/src/kernel.cpp:573]   --->   Operation 17 'alloca' 'inByte5' <Predicate = true> <Delay = 0.00> <CoreInst = "FIFO_SRL">   --->   Core 81 'FIFO_SRL' <Latency = 0> <II = 1> <Delay = 1.35> <Storage> <Opcode : 'read' 'write' 'nbread' 'nbwrite'> <Ports = 0> <Width = 8> <Depth = 64> <FIFO>
ST_1 : Operation 18 [1/1] (0.00ns)   --->   "%inByte6 = alloca i64 1" [/home/efrink/mled/split_cu/U280_CRC_Accelerator/src/kernel.cpp:574]   --->   Operation 18 'alloca' 'inByte6' <Predicate = true> <Delay = 0.00> <CoreInst = "FIFO_SRL">   --->   Core 81 'FIFO_SRL' <Latency = 0> <II = 1> <Delay = 1.35> <Storage> <Opcode : 'read' 'write' 'nbread' 'nbwrite'> <Ports = 0> <Width = 8> <Depth = 64> <FIFO>
ST_1 : Operation 19 [1/1] (0.00ns)   --->   "%inByte7 = alloca i64 1" [/home/efrink/mled/split_cu/U280_CRC_Accelerator/src/kernel.cpp:575]   --->   Operation 19 'alloca' 'inByte7' <Predicate = true> <Delay = 0.00> <CoreInst = "FIFO_SRL">   --->   Core 81 'FIFO_SRL' <Latency = 0> <II = 1> <Delay = 1.35> <Storage> <Opcode : 'read' 'write' 'nbread' 'nbwrite'> <Ports = 0> <Width = 8> <Depth = 64> <FIFO>
ST_1 : Operation 20 [1/1] (0.00ns)   --->   "%inByte8 = alloca i64 1" [/home/efrink/mled/split_cu/U280_CRC_Accelerator/src/kernel.cpp:576]   --->   Operation 20 'alloca' 'inByte8' <Predicate = true> <Delay = 0.00> <CoreInst = "FIFO_SRL">   --->   Core 81 'FIFO_SRL' <Latency = 0> <II = 1> <Delay = 1.35> <Storage> <Opcode : 'read' 'write' 'nbread' 'nbwrite'> <Ports = 0> <Width = 8> <Depth = 64> <FIFO>
ST_1 : Operation 21 [1/1] (0.00ns)   --->   "%inByte9 = alloca i64 1" [/home/efrink/mled/split_cu/U280_CRC_Accelerator/src/kernel.cpp:577]   --->   Operation 21 'alloca' 'inByte9' <Predicate = true> <Delay = 0.00> <CoreInst = "FIFO_SRL">   --->   Core 81 'FIFO_SRL' <Latency = 0> <II = 1> <Delay = 1.35> <Storage> <Opcode : 'read' 'write' 'nbread' 'nbwrite'> <Ports = 0> <Width = 8> <Depth = 64> <FIFO>
ST_1 : Operation 22 [1/1] (0.00ns)   --->   "%inByte10 = alloca i64 1" [/home/efrink/mled/split_cu/U280_CRC_Accelerator/src/kernel.cpp:578]   --->   Operation 22 'alloca' 'inByte10' <Predicate = true> <Delay = 0.00> <CoreInst = "FIFO_SRL">   --->   Core 81 'FIFO_SRL' <Latency = 0> <II = 1> <Delay = 1.35> <Storage> <Opcode : 'read' 'write' 'nbread' 'nbwrite'> <Ports = 0> <Width = 8> <Depth = 64> <FIFO>
ST_1 : Operation 23 [1/1] (0.00ns)   --->   "%inByte11 = alloca i64 1" [/home/efrink/mled/split_cu/U280_CRC_Accelerator/src/kernel.cpp:579]   --->   Operation 23 'alloca' 'inByte11' <Predicate = true> <Delay = 0.00> <CoreInst = "FIFO_SRL">   --->   Core 81 'FIFO_SRL' <Latency = 0> <II = 1> <Delay = 1.35> <Storage> <Opcode : 'read' 'write' 'nbread' 'nbwrite'> <Ports = 0> <Width = 8> <Depth = 64> <FIFO>
ST_1 : Operation 24 [1/1] (0.00ns)   --->   "%inByte12 = alloca i64 1" [/home/efrink/mled/split_cu/U280_CRC_Accelerator/src/kernel.cpp:580]   --->   Operation 24 'alloca' 'inByte12' <Predicate = true> <Delay = 0.00> <CoreInst = "FIFO_SRL">   --->   Core 81 'FIFO_SRL' <Latency = 0> <II = 1> <Delay = 1.35> <Storage> <Opcode : 'read' 'write' 'nbread' 'nbwrite'> <Ports = 0> <Width = 8> <Depth = 64> <FIFO>
ST_1 : Operation 25 [1/1] (0.00ns)   --->   "%inByte13 = alloca i64 1" [/home/efrink/mled/split_cu/U280_CRC_Accelerator/src/kernel.cpp:581]   --->   Operation 25 'alloca' 'inByte13' <Predicate = true> <Delay = 0.00> <CoreInst = "FIFO_SRL">   --->   Core 81 'FIFO_SRL' <Latency = 0> <II = 1> <Delay = 1.35> <Storage> <Opcode : 'read' 'write' 'nbread' 'nbwrite'> <Ports = 0> <Width = 8> <Depth = 64> <FIFO>
ST_1 : Operation 26 [1/1] (0.00ns)   --->   "%inByte14 = alloca i64 1" [/home/efrink/mled/split_cu/U280_CRC_Accelerator/src/kernel.cpp:582]   --->   Operation 26 'alloca' 'inByte14' <Predicate = true> <Delay = 0.00> <CoreInst = "FIFO_SRL">   --->   Core 81 'FIFO_SRL' <Latency = 0> <II = 1> <Delay = 1.35> <Storage> <Opcode : 'read' 'write' 'nbread' 'nbwrite'> <Ports = 0> <Width = 8> <Depth = 64> <FIFO>
ST_1 : Operation 27 [1/1] (0.00ns)   --->   "%inByte15 = alloca i64 1" [/home/efrink/mled/split_cu/U280_CRC_Accelerator/src/kernel.cpp:583]   --->   Operation 27 'alloca' 'inByte15' <Predicate = true> <Delay = 0.00> <CoreInst = "FIFO_SRL">   --->   Core 81 'FIFO_SRL' <Latency = 0> <II = 1> <Delay = 1.35> <Storage> <Opcode : 'read' 'write' 'nbread' 'nbwrite'> <Ports = 0> <Width = 8> <Depth = 64> <FIFO>
ST_1 : Operation 28 [1/1] (0.00ns)   --->   "%outStream = alloca i64 1" [/home/efrink/mled/split_cu/U280_CRC_Accelerator/src/kernel.cpp:602]   --->   Operation 28 'alloca' 'outStream' <Predicate = true> <Delay = 0.00> <CoreInst = "FIFO">   --->   Core 78 'FIFO' <Latency = 0> <II = 1> <Delay = 1.31> <Storage> <Opcode : 'read' 'write' 'nbread' 'nbwrite'> <Ports = 0> <Width = 32> <Depth = 64> <FIFO>
ST_1 : Operation 29 [2/2] (2.43ns)   --->   "%call_ln606 = call void @read_input, i128 %gmem0, i64 %data_in_read, i8 %inByte0, i8 %inByte1, i8 %inByte2, i8 %inByte3, i8 %inByte4, i8 %inByte5, i8 %inByte6, i8 %inByte7, i8 %inByte8, i8 %inByte9, i8 %inByte10, i8 %inByte11, i8 %inByte12, i8 %inByte13, i8 %inByte14, i8 %inByte15, i32 %numChunks_read, i32 %chunkSize_read" [/home/efrink/mled/split_cu/U280_CRC_Accelerator/src/kernel.cpp:606]   --->   Operation 29 'call' 'call_ln606' <Predicate = true> <Delay = 2.43> <CoreType = "Generic">   --->   Core 0 '' <Latency = 0> <II = 1> <Delay = 1.00> <Generic> <Opcode : >

State 2 <SV = 1> <Delay = 0.00>
ST_2 : Operation 30 [1/2] (0.00ns)   --->   "%call_ln606 = call void @read_input, i128 %gmem0, i64 %data_in_read, i8 %inByte0, i8 %inByte1, i8 %inByte2, i8 %inByte3, i8 %inByte4, i8 %inByte5, i8 %inByte6, i8 %inByte7, i8 %inByte8, i8 %inByte9, i8 %inByte10, i8 %inByte11, i8 %inByte12, i8 %inByte13, i8 %inByte14, i8 %inByte15, i32 %numChunks_read, i32 %chunkSize_read" [/home/efrink/mled/split_cu/U280_CRC_Accelerator/src/kernel.cpp:606]   --->   Operation 30 'call' 'call_ln606' <Predicate = true> <Delay = 0.00> <CoreType = "Generic">   --->   Core 0 '' <Latency = 0> <II = 1> <Delay = 1.00> <Generic> <Opcode : >

State 3 <SV = 2> <Delay = 2.03>
ST_3 : Operation 31 [1/1] (0.00ns)   --->   "%init_value_read = read i32 @_ssdm_op_Read.ap_auto.i32, i32 %init_value" [/home/efrink/mled/split_cu/U280_CRC_Accelerator/src/kernel.cpp:605]   --->   Operation 31 'read' 'init_value_read' <Predicate = true> <Delay = 0.00>
ST_3 : Operation 32 [1/1] (0.00ns)   --->   "%crc_size_read = read i32 @_ssdm_op_Read.ap_auto.i32, i32 %crc_size" [/home/efrink/mled/split_cu/U280_CRC_Accelerator/src/kernel.cpp:605]   --->   Operation 32 'read' 'crc_size_read' <Predicate = true> <Delay = 0.00>
ST_3 : Operation 33 [2/2] (2.03ns)   --->   "%call_ln613 = call void @process_crc_chunks, i32 %crcTables_0, i32 %crcTables_1, i32 %crcTables_2, i32 %crcTables_3, i32 %crcTables_4, i32 %crcTables_5, i32 %crcTables_6, i32 %crcTables_7, i32 %crcTables_8, i32 %crcTables_9, i32 %crcTables_10, i32 %crcTables_11, i32 %crcTables_12, i32 %crcTables_13, i32 %crcTables_14, i32 %crcTables_15, i8 %inByte0, i8 %inByte1, i8 %inByte2, i8 %inByte3, i8 %inByte4, i8 %inByte5, i8 %inByte6, i8 %inByte7, i8 %inByte8, i8 %inByte9, i8 %inByte10, i8 %inByte11, i8 %inByte12, i8 %inByte13, i8 %inByte14, i8 %inByte15, i32 %crc_size_read, i32 %init_value_read, i32 %outStream, i32 %numChunks_read, i32 %chunkSize_read, i32 %numChunks_c" [/home/efrink/mled/split_cu/U280_CRC_Accelerator/src/kernel.cpp:613]   --->   Operation 33 'call' 'call_ln613' <Predicate = true> <Delay = 2.03> <CoreType = "Generic">   --->   Core 0 '' <Latency = 0> <II = 1> <Delay = 1.00> <Generic> <Opcode : >

State 4 <SV = 3> <Delay = 1.21>
ST_4 : Operation 34 [1/1] (0.00ns)   --->   "%crc_out_read = read i64 @_ssdm_op_Read.ap_auto.i64, i64 %crc_out" [/home/efrink/mled/split_cu/U280_CRC_Accelerator/src/kernel.cpp:605]   --->   Operation 34 'read' 'crc_out_read' <Predicate = true> <Delay = 0.00>
ST_4 : Operation 35 [1/1] (1.21ns)   --->   "%call_ln605 = call void @entry_proc, i64 %crc_out_read, i64 %crc_out_c" [/home/efrink/mled/split_cu/U280_CRC_Accelerator/src/kernel.cpp:605]   --->   Operation 35 'call' 'call_ln605' <Predicate = true> <Delay = 1.21> <CoreType = "Generic">   --->   Core 0 '' <Latency = 0> <II = 1> <Delay = 1.00> <Generic> <Opcode : >
ST_4 : Operation 36 [1/2] (0.00ns)   --->   "%call_ln613 = call void @process_crc_chunks, i32 %crcTables_0, i32 %crcTables_1, i32 %crcTables_2, i32 %crcTables_3, i32 %crcTables_4, i32 %crcTables_5, i32 %crcTables_6, i32 %crcTables_7, i32 %crcTables_8, i32 %crcTables_9, i32 %crcTables_10, i32 %crcTables_11, i32 %crcTables_12, i32 %crcTables_13, i32 %crcTables_14, i32 %crcTables_15, i8 %inByte0, i8 %inByte1, i8 %inByte2, i8 %inByte3, i8 %inByte4, i8 %inByte5, i8 %inByte6, i8 %inByte7, i8 %inByte8, i8 %inByte9, i8 %inByte10, i8 %inByte11, i8 %inByte12, i8 %inByte13, i8 %inByte14, i8 %inByte15, i32 %crc_size_read, i32 %init_value_read, i32 %outStream, i32 %numChunks_read, i32 %chunkSize_read, i32 %numChunks_c" [/home/efrink/mled/split_cu/U280_CRC_Accelerator/src/kernel.cpp:613]   --->   Operation 36 'call' 'call_ln613' <Predicate = true> <Delay = 0.00> <CoreType = "Generic">   --->   Core 0 '' <Latency = 0> <II = 1> <Delay = 1.00> <Generic> <Opcode : >

State 5 <SV = 4> <Delay = 0.00>
ST_5 : Operation 37 [2/2] (0.00ns)   --->   "%call_ln622 = call void @write_output, i32 %outStream, i32 %numChunks_c, i128 %gmem0, i64 %crc_out_c" [/home/efrink/mled/split_cu/U280_CRC_Accelerator/src/kernel.cpp:622]   --->   Operation 37 'call' 'call_ln622' <Predicate = true> <Delay = 0.00> <CoreType = "Generic">   --->   Core 0 '' <Latency = 0> <II = 1> <Delay = 1.00> <Generic> <Opcode : >

State 6 <SV = 5> <Delay = 0.00>
ST_6 : Operation 38 [1/1] (0.00ns)   --->   "%empty = specchannel i32 @_ssdm_op_SpecChannel, void @numChunks_c_str, i32 1, void @p_str, void @p_str, i32 2, i32 0, i32 %numChunks_c, i32 %numChunks_c" [/home/efrink/mled/split_cu/U280_CRC_Accelerator/src/kernel.cpp:605]   --->   Operation 38 'specchannel' 'empty' <Predicate = true> <Delay = 0.00>
ST_6 : Operation 39 [1/1] (0.00ns)   --->   "%specinterface_ln605 = specinterface void @_ssdm_op_SpecInterface, i32 %numChunks_c, void @ap_fifo_str, i32 0, i32 0, void @p_str, i32 0, i32 0, void @p_str, void @p_str, void @p_str, i32 2, i32 2, i32 16, i32 16, void @p_str, void @p_str, i32 4294967295, i32 0" [/home/efrink/mled/split_cu/U280_CRC_Accelerator/src/kernel.cpp:605]   --->   Operation 39 'specinterface' 'specinterface_ln605' <Predicate = true> <Delay = 0.00>
ST_6 : Operation 40 [1/1] (0.00ns)   --->   "%empty_43 = specchannel i32 @_ssdm_op_SpecChannel, void @crc_out_c_str, i32 1, void @p_str, void @p_str, i32 4, i32 0, i64 %crc_out_c, i64 %crc_out_c" [/home/efrink/mled/split_cu/U280_CRC_Accelerator/src/kernel.cpp:605]   --->   Operation 40 'specchannel' 'empty_43' <Predicate = true> <Delay = 0.00>
ST_6 : Operation 41 [1/1] (0.00ns)   --->   "%specinterface_ln605 = specinterface void @_ssdm_op_SpecInterface, i64 %crc_out_c, void @ap_fifo_str, i32 0, i32 0, void @p_str, i32 0, i32 0, void @p_str, void @p_str, void @p_str, i32 2, i32 2, i32 16, i32 16, void @p_str, void @p_str, i32 4294967295, i32 0" [/home/efrink/mled/split_cu/U280_CRC_Accelerator/src/kernel.cpp:605]   --->   Operation 41 'specinterface' 'specinterface_ln605' <Predicate = true> <Delay = 0.00>
ST_6 : Operation 42 [1/1] (0.00ns)   --->   "%specdataflowpipeline_ln605 = specdataflowpipeline void @_ssdm_op_SpecDataflowPipeline, i32 4294967295, i32 0, void @empty_23" [/home/efrink/mled/split_cu/U280_CRC_Accelerator/src/kernel.cpp:605]   --->   Operation 42 'specdataflowpipeline' 'specdataflowpipeline_ln605' <Predicate = true> <Delay = 0.00>
ST_6 : Operation 43 [1/1] (0.00ns)   --->   "%specmemcore_ln0 = specmemcore void @_ssdm_op_SpecMemCore, i32 %crcTables_0, i64 666, i64 18, i64 18446744073709551615"   --->   Operation 43 'specmemcore' 'specmemcore_ln0' <Predicate = true> <Delay = 0.00>
ST_6 : Operation 44 [1/1] (0.00ns)   --->   "%specmemcore_ln0 = specmemcore void @_ssdm_op_SpecMemCore, i32 %crcTables_1, i64 666, i64 18, i64 18446744073709551615"   --->   Operation 44 'specmemcore' 'specmemcore_ln0' <Predicate = true> <Delay = 0.00>
ST_6 : Operation 45 [1/1] (0.00ns)   --->   "%specmemcore_ln0 = specmemcore void @_ssdm_op_SpecMemCore, i32 %crcTables_2, i64 666, i64 18, i64 18446744073709551615"   --->   Operation 45 'specmemcore' 'specmemcore_ln0' <Predicate = true> <Delay = 0.00>
ST_6 : Operation 46 [1/1] (0.00ns)   --->   "%specmemcore_ln0 = specmemcore void @_ssdm_op_SpecMemCore, i32 %crcTables_3, i64 666, i64 18, i64 18446744073709551615"   --->   Operation 46 'specmemcore' 'specmemcore_ln0' <Predicate = true> <Delay = 0.00>
ST_6 : Operation 47 [1/1] (0.00ns)   --->   "%specmemcore_ln0 = specmemcore void @_ssdm_op_SpecMemCore, i32 %crcTables_4, i64 666, i64 18, i64 18446744073709551615"   --->   Operation 47 'specmemcore' 'specmemcore_ln0' <Predicate = true> <Delay = 0.00>
ST_6 : Operation 48 [1/1] (0.00ns)   --->   "%specmemcore_ln0 = specmemcore void @_ssdm_op_SpecMemCore, i32 %crcTables_5, i64 666, i64 18, i64 18446744073709551615"   --->   Operation 48 'specmemcore' 'specmemcore_ln0' <Predicate = true> <Delay = 0.00>
ST_6 : Operation 49 [1/1] (0.00ns)   --->   "%specmemcore_ln0 = specmemcore void @_ssdm_op_SpecMemCore, i32 %crcTables_6, i64 666, i64 18, i64 18446744073709551615"   --->   Operation 49 'specmemcore' 'specmemcore_ln0' <Predicate = true> <Delay = 0.00>
ST_6 : Operation 50 [1/1] (0.00ns)   --->   "%specmemcore_ln0 = specmemcore void @_ssdm_op_SpecMemCore, i32 %crcTables_7, i64 666, i64 18, i64 18446744073709551615"   --->   Operation 50 'specmemcore' 'specmemcore_ln0' <Predicate = true> <Delay = 0.00>
ST_6 : Operation 51 [1/1] (0.00ns)   --->   "%specmemcore_ln0 = specmemcore void @_ssdm_op_SpecMemCore, i32 %crcTables_8, i64 666, i64 18, i64 18446744073709551615"   --->   Operation 51 'specmemcore' 'specmemcore_ln0' <Predicate = true> <Delay = 0.00>
ST_6 : Operation 52 [1/1] (0.00ns)   --->   "%specmemcore_ln0 = specmemcore void @_ssdm_op_SpecMemCore, i32 %crcTables_9, i64 666, i64 18, i64 18446744073709551615"   --->   Operation 52 'specmemcore' 'specmemcore_ln0' <Predicate = true> <Delay = 0.00>
ST_6 : Operation 53 [1/1] (0.00ns)   --->   "%specmemcore_ln0 = specmemcore void @_ssdm_op_SpecMemCore, i32 %crcTables_10, i64 666, i64 18, i64 18446744073709551615"   --->   Operation 53 'specmemcore' 'specmemcore_ln0' <Predicate = true> <Delay = 0.00>
ST_6 : Operation 54 [1/1] (0.00ns)   --->   "%specmemcore_ln0 = specmemcore void @_ssdm_op_SpecMemCore, i32 %crcTables_11, i64 666, i64 18, i64 18446744073709551615"   --->   Operation 54 'specmemcore' 'specmemcore_ln0' <Predicate = true> <Delay = 0.00>
ST_6 : Operation 55 [1/1] (0.00ns)   --->   "%specmemcore_ln0 = specmemcore void @_ssdm_op_SpecMemCore, i32 %crcTables_12, i64 666, i64 18, i64 18446744073709551615"   --->   Operation 55 'specmemcore' 'specmemcore_ln0' <Predicate = true> <Delay = 0.00>
ST_6 : Operation 56 [1/1] (0.00ns)   --->   "%specmemcore_ln0 = specmemcore void @_ssdm_op_SpecMemCore, i32 %crcTables_13, i64 666, i64 18, i64 18446744073709551615"   --->   Operation 56 'specmemcore' 'specmemcore_ln0' <Predicate = true> <Delay = 0.00>
ST_6 : Operation 57 [1/1] (0.00ns)   --->   "%specmemcore_ln0 = specmemcore void @_ssdm_op_SpecMemCore, i32 %crcTables_14, i64 666, i64 18, i64 18446744073709551615"   --->   Operation 57 'specmemcore' 'specmemcore_ln0' <Predicate = true> <Delay = 0.00>
ST_6 : Operation 58 [1/1] (0.00ns)   --->   "%specmemcore_ln0 = specmemcore void @_ssdm_op_SpecMemCore, i32 %crcTables_15, i64 666, i64 18, i64 18446744073709551615"   --->   Operation 58 'specmemcore' 'specmemcore_ln0' <Predicate = true> <Delay = 0.00>
ST_6 : Operation 59 [1/1] (0.00ns)   --->   "%specinterface_ln0 = specinterface void @_ssdm_op_SpecInterface, i128 %gmem0, void @empty_22, i32 0, i32 0, void @empty_23, i32 64, i32 1024, void @empty, void @empty_2, void @empty_23, i32 16, i32 16, i32 16, i32 16, void @empty_23, void @empty_23, i32 4294967295, i32 0"   --->   Operation 59 'specinterface' 'specinterface_ln0' <Predicate = true> <Delay = 0.00>
ST_6 : Operation 60 [1/1] (0.00ns)   --->   "%empty_44 = specchannel i32 @_ssdm_op_SpecChannel, void @inByte0_str, i32 1, void @p_str, void @p_str, i32 64, i32 64, i8 %inByte0, i8 %inByte0"   --->   Operation 60 'specchannel' 'empty_44' <Predicate = true> <Delay = 0.00>
ST_6 : Operation 61 [1/1] (0.00ns)   --->   "%specinterface_ln0 = specinterface void @_ssdm_op_SpecInterface, i8 %inByte0, void @empty_3, i32 0, i32 0, void @empty_23, i32 0, i32 0, void @empty_23, void @empty_23, void @empty_23, i32 0, i32 0, i32 0, i32 0, void @empty_23, void @empty_23, i32 4294967295, i32 0"   --->   Operation 61 'specinterface' 'specinterface_ln0' <Predicate = true> <Delay = 0.00>
ST_6 : Operation 62 [1/1] (0.00ns)   --->   "%empty_45 = specchannel i32 @_ssdm_op_SpecChannel, void @inByte1_str, i32 1, void @p_str, void @p_str, i32 64, i32 64, i8 %inByte1, i8 %inByte1"   --->   Operation 62 'specchannel' 'empty_45' <Predicate = true> <Delay = 0.00>
ST_6 : Operation 63 [1/1] (0.00ns)   --->   "%specinterface_ln0 = specinterface void @_ssdm_op_SpecInterface, i8 %inByte1, void @empty_3, i32 0, i32 0, void @empty_23, i32 0, i32 0, void @empty_23, void @empty_23, void @empty_23, i32 0, i32 0, i32 0, i32 0, void @empty_23, void @empty_23, i32 4294967295, i32 0"   --->   Operation 63 'specinterface' 'specinterface_ln0' <Predicate = true> <Delay = 0.00>
ST_6 : Operation 64 [1/1] (0.00ns)   --->   "%empty_46 = specchannel i32 @_ssdm_op_SpecChannel, void @inByte2_str, i32 1, void @p_str, void @p_str, i32 64, i32 64, i8 %inByte2, i8 %inByte2"   --->   Operation 64 'specchannel' 'empty_46' <Predicate = true> <Delay = 0.00>
ST_6 : Operation 65 [1/1] (0.00ns)   --->   "%specinterface_ln0 = specinterface void @_ssdm_op_SpecInterface, i8 %inByte2, void @empty_3, i32 0, i32 0, void @empty_23, i32 0, i32 0, void @empty_23, void @empty_23, void @empty_23, i32 0, i32 0, i32 0, i32 0, void @empty_23, void @empty_23, i32 4294967295, i32 0"   --->   Operation 65 'specinterface' 'specinterface_ln0' <Predicate = true> <Delay = 0.00>
ST_6 : Operation 66 [1/1] (0.00ns)   --->   "%empty_47 = specchannel i32 @_ssdm_op_SpecChannel, void @inByte3_str, i32 1, void @p_str, void @p_str, i32 64, i32 64, i8 %inByte3, i8 %inByte3"   --->   Operation 66 'specchannel' 'empty_47' <Predicate = true> <Delay = 0.00>
ST_6 : Operation 67 [1/1] (0.00ns)   --->   "%specinterface_ln0 = specinterface void @_ssdm_op_SpecInterface, i8 %inByte3, void @empty_3, i32 0, i32 0, void @empty_23, i32 0, i32 0, void @empty_23, void @empty_23, void @empty_23, i32 0, i32 0, i32 0, i32 0, void @empty_23, void @empty_23, i32 4294967295, i32 0"   --->   Operation 67 'specinterface' 'specinterface_ln0' <Predicate = true> <Delay = 0.00>
ST_6 : Operation 68 [1/1] (0.00ns)   --->   "%empty_48 = specchannel i32 @_ssdm_op_SpecChannel, void @inByte4_str, i32 1, void @p_str, void @p_str, i32 64, i32 64, i8 %inByte4, i8 %inByte4"   --->   Operation 68 'specchannel' 'empty_48' <Predicate = true> <Delay = 0.00>
ST_6 : Operation 69 [1/1] (0.00ns)   --->   "%specinterface_ln0 = specinterface void @_ssdm_op_SpecInterface, i8 %inByte4, void @empty_3, i32 0, i32 0, void @empty_23, i32 0, i32 0, void @empty_23, void @empty_23, void @empty_23, i32 0, i32 0, i32 0, i32 0, void @empty_23, void @empty_23, i32 4294967295, i32 0"   --->   Operation 69 'specinterface' 'specinterface_ln0' <Predicate = true> <Delay = 0.00>
ST_6 : Operation 70 [1/1] (0.00ns)   --->   "%empty_49 = specchannel i32 @_ssdm_op_SpecChannel, void @inByte5_str, i32 1, void @p_str, void @p_str, i32 64, i32 64, i8 %inByte5, i8 %inByte5"   --->   Operation 70 'specchannel' 'empty_49' <Predicate = true> <Delay = 0.00>
ST_6 : Operation 71 [1/1] (0.00ns)   --->   "%specinterface_ln0 = specinterface void @_ssdm_op_SpecInterface, i8 %inByte5, void @empty_3, i32 0, i32 0, void @empty_23, i32 0, i32 0, void @empty_23, void @empty_23, void @empty_23, i32 0, i32 0, i32 0, i32 0, void @empty_23, void @empty_23, i32 4294967295, i32 0"   --->   Operation 71 'specinterface' 'specinterface_ln0' <Predicate = true> <Delay = 0.00>
ST_6 : Operation 72 [1/1] (0.00ns)   --->   "%empty_50 = specchannel i32 @_ssdm_op_SpecChannel, void @inByte6_str, i32 1, void @p_str, void @p_str, i32 64, i32 64, i8 %inByte6, i8 %inByte6"   --->   Operation 72 'specchannel' 'empty_50' <Predicate = true> <Delay = 0.00>
ST_6 : Operation 73 [1/1] (0.00ns)   --->   "%specinterface_ln0 = specinterface void @_ssdm_op_SpecInterface, i8 %inByte6, void @empty_3, i32 0, i32 0, void @empty_23, i32 0, i32 0, void @empty_23, void @empty_23, void @empty_23, i32 0, i32 0, i32 0, i32 0, void @empty_23, void @empty_23, i32 4294967295, i32 0"   --->   Operation 73 'specinterface' 'specinterface_ln0' <Predicate = true> <Delay = 0.00>
ST_6 : Operation 74 [1/1] (0.00ns)   --->   "%empty_51 = specchannel i32 @_ssdm_op_SpecChannel, void @inByte7_str, i32 1, void @p_str, void @p_str, i32 64, i32 64, i8 %inByte7, i8 %inByte7"   --->   Operation 74 'specchannel' 'empty_51' <Predicate = true> <Delay = 0.00>
ST_6 : Operation 75 [1/1] (0.00ns)   --->   "%specinterface_ln0 = specinterface void @_ssdm_op_SpecInterface, i8 %inByte7, void @empty_3, i32 0, i32 0, void @empty_23, i32 0, i32 0, void @empty_23, void @empty_23, void @empty_23, i32 0, i32 0, i32 0, i32 0, void @empty_23, void @empty_23, i32 4294967295, i32 0"   --->   Operation 75 'specinterface' 'specinterface_ln0' <Predicate = true> <Delay = 0.00>
ST_6 : Operation 76 [1/1] (0.00ns)   --->   "%empty_52 = specchannel i32 @_ssdm_op_SpecChannel, void @inByte8_str, i32 1, void @p_str, void @p_str, i32 64, i32 64, i8 %inByte8, i8 %inByte8"   --->   Operation 76 'specchannel' 'empty_52' <Predicate = true> <Delay = 0.00>
ST_6 : Operation 77 [1/1] (0.00ns)   --->   "%specinterface_ln0 = specinterface void @_ssdm_op_SpecInterface, i8 %inByte8, void @empty_3, i32 0, i32 0, void @empty_23, i32 0, i32 0, void @empty_23, void @empty_23, void @empty_23, i32 0, i32 0, i32 0, i32 0, void @empty_23, void @empty_23, i32 4294967295, i32 0"   --->   Operation 77 'specinterface' 'specinterface_ln0' <Predicate = true> <Delay = 0.00>
ST_6 : Operation 78 [1/1] (0.00ns)   --->   "%empty_53 = specchannel i32 @_ssdm_op_SpecChannel, void @inByte9_str, i32 1, void @p_str, void @p_str, i32 64, i32 64, i8 %inByte9, i8 %inByte9"   --->   Operation 78 'specchannel' 'empty_53' <Predicate = true> <Delay = 0.00>
ST_6 : Operation 79 [1/1] (0.00ns)   --->   "%specinterface_ln0 = specinterface void @_ssdm_op_SpecInterface, i8 %inByte9, void @empty_3, i32 0, i32 0, void @empty_23, i32 0, i32 0, void @empty_23, void @empty_23, void @empty_23, i32 0, i32 0, i32 0, i32 0, void @empty_23, void @empty_23, i32 4294967295, i32 0"   --->   Operation 79 'specinterface' 'specinterface_ln0' <Predicate = true> <Delay = 0.00>
ST_6 : Operation 80 [1/1] (0.00ns)   --->   "%empty_54 = specchannel i32 @_ssdm_op_SpecChannel, void @inByte10_str, i32 1, void @p_str, void @p_str, i32 64, i32 64, i8 %inByte10, i8 %inByte10"   --->   Operation 80 'specchannel' 'empty_54' <Predicate = true> <Delay = 0.00>
ST_6 : Operation 81 [1/1] (0.00ns)   --->   "%specinterface_ln0 = specinterface void @_ssdm_op_SpecInterface, i8 %inByte10, void @empty_3, i32 0, i32 0, void @empty_23, i32 0, i32 0, void @empty_23, void @empty_23, void @empty_23, i32 0, i32 0, i32 0, i32 0, void @empty_23, void @empty_23, i32 4294967295, i32 0"   --->   Operation 81 'specinterface' 'specinterface_ln0' <Predicate = true> <Delay = 0.00>
ST_6 : Operation 82 [1/1] (0.00ns)   --->   "%empty_55 = specchannel i32 @_ssdm_op_SpecChannel, void @inByte11_str, i32 1, void @p_str, void @p_str, i32 64, i32 64, i8 %inByte11, i8 %inByte11"   --->   Operation 82 'specchannel' 'empty_55' <Predicate = true> <Delay = 0.00>
ST_6 : Operation 83 [1/1] (0.00ns)   --->   "%specinterface_ln0 = specinterface void @_ssdm_op_SpecInterface, i8 %inByte11, void @empty_3, i32 0, i32 0, void @empty_23, i32 0, i32 0, void @empty_23, void @empty_23, void @empty_23, i32 0, i32 0, i32 0, i32 0, void @empty_23, void @empty_23, i32 4294967295, i32 0"   --->   Operation 83 'specinterface' 'specinterface_ln0' <Predicate = true> <Delay = 0.00>
ST_6 : Operation 84 [1/1] (0.00ns)   --->   "%empty_56 = specchannel i32 @_ssdm_op_SpecChannel, void @inByte12_str, i32 1, void @p_str, void @p_str, i32 64, i32 64, i8 %inByte12, i8 %inByte12"   --->   Operation 84 'specchannel' 'empty_56' <Predicate = true> <Delay = 0.00>
ST_6 : Operation 85 [1/1] (0.00ns)   --->   "%specinterface_ln0 = specinterface void @_ssdm_op_SpecInterface, i8 %inByte12, void @empty_3, i32 0, i32 0, void @empty_23, i32 0, i32 0, void @empty_23, void @empty_23, void @empty_23, i32 0, i32 0, i32 0, i32 0, void @empty_23, void @empty_23, i32 4294967295, i32 0"   --->   Operation 85 'specinterface' 'specinterface_ln0' <Predicate = true> <Delay = 0.00>
ST_6 : Operation 86 [1/1] (0.00ns)   --->   "%empty_57 = specchannel i32 @_ssdm_op_SpecChannel, void @inByte13_str, i32 1, void @p_str, void @p_str, i32 64, i32 64, i8 %inByte13, i8 %inByte13"   --->   Operation 86 'specchannel' 'empty_57' <Predicate = true> <Delay = 0.00>
ST_6 : Operation 87 [1/1] (0.00ns)   --->   "%specinterface_ln0 = specinterface void @_ssdm_op_SpecInterface, i8 %inByte13, void @empty_3, i32 0, i32 0, void @empty_23, i32 0, i32 0, void @empty_23, void @empty_23, void @empty_23, i32 0, i32 0, i32 0, i32 0, void @empty_23, void @empty_23, i32 4294967295, i32 0"   --->   Operation 87 'specinterface' 'specinterface_ln0' <Predicate = true> <Delay = 0.00>
ST_6 : Operation 88 [1/1] (0.00ns)   --->   "%empty_58 = specchannel i32 @_ssdm_op_SpecChannel, void @inByte14_str, i32 1, void @p_str, void @p_str, i32 64, i32 64, i8 %inByte14, i8 %inByte14"   --->   Operation 88 'specchannel' 'empty_58' <Predicate = true> <Delay = 0.00>
ST_6 : Operation 89 [1/1] (0.00ns)   --->   "%specinterface_ln0 = specinterface void @_ssdm_op_SpecInterface, i8 %inByte14, void @empty_3, i32 0, i32 0, void @empty_23, i32 0, i32 0, void @empty_23, void @empty_23, void @empty_23, i32 0, i32 0, i32 0, i32 0, void @empty_23, void @empty_23, i32 4294967295, i32 0"   --->   Operation 89 'specinterface' 'specinterface_ln0' <Predicate = true> <Delay = 0.00>
ST_6 : Operation 90 [1/1] (0.00ns)   --->   "%empty_59 = specchannel i32 @_ssdm_op_SpecChannel, void @inByte15_str, i32 1, void @p_str, void @p_str, i32 64, i32 64, i8 %inByte15, i8 %inByte15"   --->   Operation 90 'specchannel' 'empty_59' <Predicate = true> <Delay = 0.00>
ST_6 : Operation 91 [1/1] (0.00ns)   --->   "%specinterface_ln0 = specinterface void @_ssdm_op_SpecInterface, i8 %inByte15, void @empty_3, i32 0, i32 0, void @empty_23, i32 0, i32 0, void @empty_23, void @empty_23, void @empty_23, i32 0, i32 0, i32 0, i32 0, void @empty_23, void @empty_23, i32 4294967295, i32 0"   --->   Operation 91 'specinterface' 'specinterface_ln0' <Predicate = true> <Delay = 0.00>
ST_6 : Operation 92 [1/1] (0.00ns)   --->   "%empty_60 = specchannel i32 @_ssdm_op_SpecChannel, void @outStream_str, i32 1, void @p_str, void @p_str, i32 64, i32 64, i32 %outStream, i32 %outStream"   --->   Operation 92 'specchannel' 'empty_60' <Predicate = true> <Delay = 0.00>
ST_6 : Operation 93 [1/1] (0.00ns)   --->   "%specinterface_ln0 = specinterface void @_ssdm_op_SpecInterface, i32 %outStream, void @empty_3, i32 0, i32 0, void @empty_23, i32 0, i32 0, void @empty_23, void @empty_23, void @empty_23, i32 0, i32 0, i32 0, i32 0, void @empty_23, void @empty_23, i32 4294967295, i32 0"   --->   Operation 93 'specinterface' 'specinterface_ln0' <Predicate = true> <Delay = 0.00>
ST_6 : Operation 94 [1/2] (0.00ns)   --->   "%call_ln622 = call void @write_output, i32 %outStream, i32 %numChunks_c, i128 %gmem0, i64 %crc_out_c" [/home/efrink/mled/split_cu/U280_CRC_Accelerator/src/kernel.cpp:622]   --->   Operation 94 'call' 'call_ln622' <Predicate = true> <Delay = 0.00> <CoreType = "Generic">   --->   Core 0 '' <Latency = 0> <II = 1> <Delay = 1.00> <Generic> <Opcode : >
ST_6 : Operation 95 [1/1] (0.00ns)   --->   "%ret_ln623 = ret" [/home/efrink/mled/split_cu/U280_CRC_Accelerator/src/kernel.cpp:623]   --->   Operation 95 'ret' 'ret_ln623' <Predicate = true> <Delay = 0.00>


============================================================
+ Verbose Summary: Binding
============================================================
STG Binding: 
---------------- STG Properties BEGIN ----------------
- Is combinational: 0
- Is one-state seq: 0
- Is datapath-only: 0
- Is pipelined: 0
- Is top level: 0
Port [ Return ] is wired: 1; IO mode=ap_ctrl_hs:ce=0
Port [ gmem0]:  wired=1; compound=1; hidden=0; nouse=0; global=0; static=0; extern=0; dir=2; type=4; pingpong=0; private_global=0; IO mode=m_axi:ce=0
Port [ data_in]:  wired=1; compound=0; hidden=0; nouse=0; global=0; static=0; extern=0; dir=0; type=0; pingpong=0; private_global=0; IO mode=ap_none:ce=0
Port [ crc_out]:  wired=1; compound=0; hidden=0; nouse=0; global=0; static=0; extern=0; dir=0; type=0; pingpong=0; private_global=0; IO mode=ap_none:ce=0
Port [ crcTables_0]:  wired=1; compound=1; hidden=0; nouse=0; global=0; static=0; extern=0; dir=0; type=1; pingpong=0; private_global=0; MemPort=[1]; IO mode=ap_memory:ce=0
Port [ crcTables_1]:  wired=1; compound=1; hidden=0; nouse=0; global=0; static=0; extern=0; dir=0; type=1; pingpong=0; private_global=0; MemPort=[1]; IO mode=ap_memory:ce=0
Port [ crcTables_2]:  wired=1; compound=1; hidden=0; nouse=0; global=0; static=0; extern=0; dir=0; type=1; pingpong=0; private_global=0; MemPort=[1]; IO mode=ap_memory:ce=0
Port [ crcTables_3]:  wired=1; compound=1; hidden=0; nouse=0; global=0; static=0; extern=0; dir=0; type=1; pingpong=0; private_global=0; MemPort=[1]; IO mode=ap_memory:ce=0
Port [ crcTables_4]:  wired=1; compound=1; hidden=0; nouse=0; global=0; static=0; extern=0; dir=0; type=1; pingpong=0; private_global=0; MemPort=[1]; IO mode=ap_memory:ce=0
Port [ crcTables_5]:  wired=1; compound=1; hidden=0; nouse=0; global=0; static=0; extern=0; dir=0; type=1; pingpong=0; private_global=0; MemPort=[1]; IO mode=ap_memory:ce=0
Port [ crcTables_6]:  wired=1; compound=1; hidden=0; nouse=0; global=0; static=0; extern=0; dir=0; type=1; pingpong=0; private_global=0; MemPort=[1]; IO mode=ap_memory:ce=0
Port [ crcTables_7]:  wired=1; compound=1; hidden=0; nouse=0; global=0; static=0; extern=0; dir=0; type=1; pingpong=0; private_global=0; MemPort=[1]; IO mode=ap_memory:ce=0
Port [ crcTables_8]:  wired=1; compound=1; hidden=0; nouse=0; global=0; static=0; extern=0; dir=0; type=1; pingpong=0; private_global=0; MemPort=[1]; IO mode=ap_memory:ce=0
Port [ crcTables_9]:  wired=1; compound=1; hidden=0; nouse=0; global=0; static=0; extern=0; dir=0; type=1; pingpong=0; private_global=0; MemPort=[1]; IO mode=ap_memory:ce=0
Port [ crcTables_10]:  wired=1; compound=1; hidden=0; nouse=0; global=0; static=0; extern=0; dir=0; type=1; pingpong=0; private_global=0; MemPort=[1]; IO mode=ap_memory:ce=0
Port [ crcTables_11]:  wired=1; compound=1; hidden=0; nouse=0; global=0; static=0; extern=0; dir=0; type=1; pingpong=0; private_global=0; MemPort=[1]; IO mode=ap_memory:ce=0
Port [ crcTables_12]:  wired=1; compound=1; hidden=0; nouse=0; global=0; static=0; extern=0; dir=0; type=1; pingpong=0; private_global=0; MemPort=[1]; IO mode=ap_memory:ce=0
Port [ crcTables_13]:  wired=1; compound=1; hidden=0; nouse=0; global=0; static=0; extern=0; dir=0; type=1; pingpong=0; private_global=0; MemPort=[1]; IO mode=ap_memory:ce=0
Port [ crcTables_14]:  wired=1; compound=1; hidden=0; nouse=0; global=0; static=0; extern=0; dir=0; type=1; pingpong=0; private_global=0; MemPort=[1]; IO mode=ap_memory:ce=0
Port [ crcTables_15]:  wired=1; compound=1; hidden=0; nouse=0; global=0; static=0; extern=0; dir=0; type=1; pingpong=0; private_global=0; MemPort=[1]; IO mode=ap_memory:ce=0
Port [ numChunks]:  wired=1; compound=0; hidden=0; nouse=0; global=0; static=0; extern=0; dir=0; type=0; pingpong=0; private_global=0; IO mode=ap_none:ce=0
Port [ chunkSize]:  wired=1; compound=0; hidden=0; nouse=0; global=0; static=0; extern=0; dir=0; type=0; pingpong=0; private_global=0; IO mode=ap_none:ce=0
Port [ crc_size]:  wired=1; compound=0; hidden=0; nouse=0; global=0; static=0; extern=0; dir=0; type=0; pingpong=0; private_global=0; IO mode=ap_none:ce=0
Port [ init_value]:  wired=1; compound=0; hidden=0; nouse=0; global=0; static=0; extern=0; dir=0; type=0; pingpong=0; private_global=0; IO mode=ap_none:ce=0
---------------- STG Properties END ------------------

---------------- Datapath Model BEGIN ----------------

<LifeTime>
<method=bitvector/>
chunkSize_read             (read                ) [ 0011100]
numChunks_read             (read                ) [ 0011100]
data_in_read               (read                ) [ 0010000]
numChunks_c                (alloca              ) [ 0011111]
crc_out_c                  (alloca              ) [ 0011111]
inByte0                    (alloca              ) [ 0111111]
inByte1                    (alloca              ) [ 0111111]
inByte2                    (alloca              ) [ 0111111]
inByte3                    (alloca              ) [ 0111111]
inByte4                    (alloca              ) [ 0111111]
inByte5                    (alloca              ) [ 0111111]
inByte6                    (alloca              ) [ 0111111]
inByte7                    (alloca              ) [ 0111111]
inByte8                    (alloca              ) [ 0111111]
inByte9                    (alloca              ) [ 0111111]
inByte10                   (alloca              ) [ 0111111]
inByte11                   (alloca              ) [ 0111111]
inByte12                   (alloca              ) [ 0111111]
inByte13                   (alloca              ) [ 0111111]
inByte14                   (alloca              ) [ 0111111]
inByte15                   (alloca              ) [ 0111111]
outStream                  (alloca              ) [ 0011111]
call_ln606                 (call                ) [ 0000000]
init_value_read            (read                ) [ 0000100]
crc_size_read              (read                ) [ 0000100]
crc_out_read               (read                ) [ 0000000]
call_ln605                 (call                ) [ 0000000]
call_ln613                 (call                ) [ 0000000]
empty                      (specchannel         ) [ 0000000]
specinterface_ln605        (specinterface       ) [ 0000000]
empty_43                   (specchannel         ) [ 0000000]
specinterface_ln605        (specinterface       ) [ 0000000]
specdataflowpipeline_ln605 (specdataflowpipeline) [ 0000000]
specmemcore_ln0            (specmemcore         ) [ 0000000]
specmemcore_ln0            (specmemcore         ) [ 0000000]
specmemcore_ln0            (specmemcore         ) [ 0000000]
specmemcore_ln0            (specmemcore         ) [ 0000000]
specmemcore_ln0            (specmemcore         ) [ 0000000]
specmemcore_ln0            (specmemcore         ) [ 0000000]
specmemcore_ln0            (specmemcore         ) [ 0000000]
specmemcore_ln0            (specmemcore         ) [ 0000000]
specmemcore_ln0            (specmemcore         ) [ 0000000]
specmemcore_ln0            (specmemcore         ) [ 0000000]
specmemcore_ln0            (specmemcore         ) [ 0000000]
specmemcore_ln0            (specmemcore         ) [ 0000000]
specmemcore_ln0            (specmemcore         ) [ 0000000]
specmemcore_ln0            (specmemcore         ) [ 0000000]
specmemcore_ln0            (specmemcore         ) [ 0000000]
specmemcore_ln0            (specmemcore         ) [ 0000000]
specinterface_ln0          (specinterface       ) [ 0000000]
empty_44                   (specchannel         ) [ 0000000]
specinterface_ln0          (specinterface       ) [ 0000000]
empty_45                   (specchannel         ) [ 0000000]
specinterface_ln0          (specinterface       ) [ 0000000]
empty_46                   (specchannel         ) [ 0000000]
specinterface_ln0          (specinterface       ) [ 0000000]
empty_47                   (specchannel         ) [ 0000000]
specinterface_ln0          (specinterface       ) [ 0000000]
empty_48                   (specchannel         ) [ 0000000]
specinterface_ln0          (specinterface       ) [ 0000000]
empty_49                   (specchannel         ) [ 0000000]
specinterface_ln0          (specinterface       ) [ 0000000]
empty_50                   (specchannel         ) [ 0000000]
specinterface_ln0          (specinterface       ) [ 0000000]
empty_51                   (specchannel         ) [ 0000000]
specinterface_ln0          (specinterface       ) [ 0000000]
empty_52                   (specchannel         ) [ 0000000]
specinterface_ln0          (specinterface       ) [ 0000000]
empty_53                   (specchannel         ) [ 0000000]
specinterface_ln0          (specinterface       ) [ 0000000]
empty_54                   (specchannel         ) [ 0000000]
specinterface_ln0          (specinterface       ) [ 0000000]
empty_55                   (specchannel         ) [ 0000000]
specinterface_ln0          (specinterface       ) [ 0000000]
empty_56                   (specchannel         ) [ 0000000]
specinterface_ln0          (specinterface       ) [ 0000000]
empty_57                   (specchannel         ) [ 0000000]
specinterface_ln0          (specinterface       ) [ 0000000]
empty_58                   (specchannel         ) [ 0000000]
specinterface_ln0          (specinterface       ) [ 0000000]
empty_59                   (specchannel         ) [ 0000000]
specinterface_ln0          (specinterface       ) [ 0000000]
empty_60                   (specchannel         ) [ 0000000]
specinterface_ln0          (specinterface       ) [ 0000000]
call_ln622                 (call                ) [ 0000000]
ret_ln623                  (ret                 ) [ 0000000]
</LifeTime>

<model>

<comp_list>
<comp id="0" class="1000" name="gmem0">
<pin_list>
<pin id="1" dir="1" index="0" bw="1" slack="0"/>
</pin_list>
<bind>
<StgValue><ssdm name="gmem0"/></StgValue>
</bind>
</comp>

<comp id="2" class="1000" name="data_in">
<pin_list>
<pin id="3" dir="1" index="0" bw="1" slack="0"/>
</pin_list>
<bind>
<StgValue><ssdm name="data_in"/></StgValue>
</bind>
</comp>

<comp id="4" class="1000" name="crc_out">
<pin_list>
<pin id="5" dir="1" index="0" bw="1" slack="0"/>
</pin_list>
<bind>
<StgValue><ssdm name="crc_out"/></StgValue>
</bind>
</comp>

<comp id="6" class="1000" name="crcTables_0">
<pin_list>
<pin id="7" dir="1" index="0" bw="1" slack="0"/>
</pin_list>
<bind>
<StgValue><ssdm name="crcTables_0"/><MemPortTyVec>1 </MemPortTyVec>
</StgValue>
</bind>
</comp>

<comp id="8" class="1000" name="crcTables_1">
<pin_list>
<pin id="9" dir="1" index="0" bw="1" slack="0"/>
</pin_list>
<bind>
<StgValue><ssdm name="crcTables_1"/><MemPortTyVec>1 </MemPortTyVec>
</StgValue>
</bind>
</comp>

<comp id="10" class="1000" name="crcTables_2">
<pin_list>
<pin id="11" dir="1" index="0" bw="1" slack="0"/>
</pin_list>
<bind>
<StgValue><ssdm name="crcTables_2"/><MemPortTyVec>1 </MemPortTyVec>
</StgValue>
</bind>
</comp>

<comp id="12" class="1000" name="crcTables_3">
<pin_list>
<pin id="13" dir="1" index="0" bw="1" slack="0"/>
</pin_list>
<bind>
<StgValue><ssdm name="crcTables_3"/><MemPortTyVec>1 </MemPortTyVec>
</StgValue>
</bind>
</comp>

<comp id="14" class="1000" name="crcTables_4">
<pin_list>
<pin id="15" dir="1" index="0" bw="1" slack="0"/>
</pin_list>
<bind>
<StgValue><ssdm name="crcTables_4"/><MemPortTyVec>1 </MemPortTyVec>
</StgValue>
</bind>
</comp>

<comp id="16" class="1000" name="crcTables_5">
<pin_list>
<pin id="17" dir="1" index="0" bw="1" slack="0"/>
</pin_list>
<bind>
<StgValue><ssdm name="crcTables_5"/><MemPortTyVec>1 </MemPortTyVec>
</StgValue>
</bind>
</comp>

<comp id="18" class="1000" name="crcTables_6">
<pin_list>
<pin id="19" dir="1" index="0" bw="1" slack="0"/>
</pin_list>
<bind>
<StgValue><ssdm name="crcTables_6"/><MemPortTyVec>1 </MemPortTyVec>
</StgValue>
</bind>
</comp>

<comp id="20" class="1000" name="crcTables_7">
<pin_list>
<pin id="21" dir="1" index="0" bw="1" slack="0"/>
</pin_list>
<bind>
<StgValue><ssdm name="crcTables_7"/><MemPortTyVec>1 </MemPortTyVec>
</StgValue>
</bind>
</comp>

<comp id="22" class="1000" name="crcTables_8">
<pin_list>
<pin id="23" dir="1" index="0" bw="1" slack="0"/>
</pin_list>
<bind>
<StgValue><ssdm name="crcTables_8"/><MemPortTyVec>1 </MemPortTyVec>
</StgValue>
</bind>
</comp>

<comp id="24" class="1000" name="crcTables_9">
<pin_list>
<pin id="25" dir="1" index="0" bw="1" slack="0"/>
</pin_list>
<bind>
<StgValue><ssdm name="crcTables_9"/><MemPortTyVec>1 </MemPortTyVec>
</StgValue>
</bind>
</comp>

<comp id="26" class="1000" name="crcTables_10">
<pin_list>
<pin id="27" dir="1" index="0" bw="1" slack="0"/>
</pin_list>
<bind>
<StgValue><ssdm name="crcTables_10"/><MemPortTyVec>1 </MemPortTyVec>
</StgValue>
</bind>
</comp>

<comp id="28" class="1000" name="crcTables_11">
<pin_list>
<pin id="29" dir="1" index="0" bw="1" slack="0"/>
</pin_list>
<bind>
<StgValue><ssdm name="crcTables_11"/><MemPortTyVec>1 </MemPortTyVec>
</StgValue>
</bind>
</comp>

<comp id="30" class="1000" name="crcTables_12">
<pin_list>
<pin id="31" dir="1" index="0" bw="1" slack="0"/>
</pin_list>
<bind>
<StgValue><ssdm name="crcTables_12"/><MemPortTyVec>1 </MemPortTyVec>
</StgValue>
</bind>
</comp>

<comp id="32" class="1000" name="crcTables_13">
<pin_list>
<pin id="33" dir="1" index="0" bw="1" slack="0"/>
</pin_list>
<bind>
<StgValue><ssdm name="crcTables_13"/><MemPortTyVec>1 </MemPortTyVec>
</StgValue>
</bind>
</comp>

<comp id="34" class="1000" name="crcTables_14">
<pin_list>
<pin id="35" dir="1" index="0" bw="1" slack="0"/>
</pin_list>
<bind>
<StgValue><ssdm name="crcTables_14"/><MemPortTyVec>1 </MemPortTyVec>
</StgValue>
</bind>
</comp>

<comp id="36" class="1000" name="crcTables_15">
<pin_list>
<pin id="37" dir="1" index="0" bw="1" slack="0"/>
</pin_list>
<bind>
<StgValue><ssdm name="crcTables_15"/><MemPortTyVec>1 </MemPortTyVec>
</StgValue>
</bind>
</comp>

<comp id="38" class="1000" name="numChunks">
<pin_list>
<pin id="39" dir="1" index="0" bw="1" slack="0"/>
</pin_list>
<bind>
<StgValue><ssdm name="numChunks"/></StgValue>
</bind>
</comp>

<comp id="40" class="1000" name="chunkSize">
<pin_list>
<pin id="41" dir="1" index="0" bw="1" slack="0"/>
</pin_list>
<bind>
<StgValue><ssdm name="chunkSize"/></StgValue>
</bind>
</comp>

<comp id="42" class="1000" name="crc_size">
<pin_list>
<pin id="43" dir="1" index="0" bw="1" slack="0"/>
</pin_list>
<bind>
<StgValue><ssdm name="crc_size"/></StgValue>
</bind>
</comp>

<comp id="44" class="1000" name="init_value">
<pin_list>
<pin id="45" dir="1" index="0" bw="1" slack="0"/>
</pin_list>
<bind>
<StgValue><ssdm name="init_value"/></StgValue>
</bind>
</comp>

<comp id="46" class="1001" name="const_46">
<pin_list>
<pin id="47" dir="1" index="0" bw="1" slack="0"/>
</pin_list>
<bind>
<StgValue><ssdm name="_ssdm_op_Read.ap_auto.i32"/></StgValue>
</bind>
</comp>

<comp id="48" class="1001" name="const_48">
<pin_list>
<pin id="49" dir="1" index="0" bw="1" slack="0"/>
</pin_list>
<bind>
<StgValue><ssdm name="_ssdm_op_Read.ap_auto.i64"/></StgValue>
</bind>
</comp>

<comp id="50" class="1001" name="const_50">
<pin_list>
<pin id="51" dir="1" index="0" bw="1" slack="0"/>
</pin_list>
<bind>
<StgValue><ssdm name=""/></StgValue>
</bind>
</comp>

<comp id="52" class="1001" name="const_52">
<pin_list>
<pin id="53" dir="1" index="0" bw="1" slack="0"/>
</pin_list>
<bind>
<StgValue><ssdm name="read_input"/></StgValue>
</bind>
</comp>

<comp id="54" class="1001" name="const_54">
<pin_list>
<pin id="55" dir="1" index="0" bw="1" slack="0"/>
</pin_list>
<bind>
<StgValue><ssdm name="process_crc_chunks"/></StgValue>
</bind>
</comp>

<comp id="56" class="1001" name="const_56">
<pin_list>
<pin id="57" dir="1" index="0" bw="1" slack="0"/>
</pin_list>
<bind>
<StgValue><ssdm name="entry_proc"/></StgValue>
</bind>
</comp>

<comp id="58" class="1001" name="const_58">
<pin_list>
<pin id="59" dir="1" index="0" bw="1" slack="0"/>
</pin_list>
<bind>
<StgValue><ssdm name="write_output"/></StgValue>
</bind>
</comp>

<comp id="60" class="1001" name="const_60">
<pin_list>
<pin id="61" dir="1" index="0" bw="1" slack="2147483647"/>
</pin_list>
<bind>
<StgValue><ssdm name="_ssdm_op_SpecChannel"/></StgValue>
</bind>
</comp>

<comp id="62" class="1001" name="const_62">
<pin_list>
<pin id="63" dir="1" index="0" bw="1" slack="2147483647"/>
</pin_list>
<bind>
<StgValue><ssdm name="numChunks_c_str"/></StgValue>
</bind>
</comp>

<comp id="64" class="1001" name="const_64">
<pin_list>
<pin id="65" dir="1" index="0" bw="1" slack="2147483647"/>
</pin_list>
<bind>
<StgValue><ssdm name=""/></StgValue>
</bind>
</comp>

<comp id="66" class="1001" name="const_66">
<pin_list>
<pin id="67" dir="1" index="0" bw="1" slack="2147483647"/>
</pin_list>
<bind>
<StgValue><ssdm name="p_str"/></StgValue>
</bind>
</comp>

<comp id="68" class="1001" name="const_68">
<pin_list>
<pin id="69" dir="1" index="0" bw="1" slack="2147483647"/>
</pin_list>
<bind>
<StgValue><ssdm name=""/></StgValue>
</bind>
</comp>

<comp id="70" class="1001" name="const_70">
<pin_list>
<pin id="71" dir="1" index="0" bw="1" slack="2147483647"/>
</pin_list>
<bind>
<StgValue><ssdm name=""/></StgValue>
</bind>
</comp>

<comp id="72" class="1001" name="const_72">
<pin_list>
<pin id="73" dir="1" index="0" bw="1" slack="2147483647"/>
</pin_list>
<bind>
<StgValue><ssdm name="_ssdm_op_SpecInterface"/></StgValue>
</bind>
</comp>

<comp id="74" class="1001" name="const_74">
<pin_list>
<pin id="75" dir="1" index="0" bw="1" slack="2147483647"/>
</pin_list>
<bind>
<StgValue><ssdm name="ap_fifo_str"/></StgValue>
</bind>
</comp>

<comp id="76" class="1001" name="const_76">
<pin_list>
<pin id="77" dir="1" index="0" bw="1" slack="2147483647"/>
</pin_list>
<bind>
<StgValue><ssdm name=""/></StgValue>
</bind>
</comp>

<comp id="78" class="1001" name="const_78">
<pin_list>
<pin id="79" dir="1" index="0" bw="1" slack="2147483647"/>
</pin_list>
<bind>
<StgValue><ssdm name=""/></StgValue>
</bind>
</comp>

<comp id="80" class="1001" name="const_80">
<pin_list>
<pin id="81" dir="1" index="0" bw="1" slack="2147483647"/>
</pin_list>
<bind>
<StgValue><ssdm name="crc_out_c_str"/></StgValue>
</bind>
</comp>

<comp id="82" class="1001" name="const_82">
<pin_list>
<pin id="83" dir="1" index="0" bw="1" slack="2147483647"/>
</pin_list>
<bind>
<StgValue><ssdm name=""/></StgValue>
</bind>
</comp>

<comp id="84" class="1001" name="const_84">
<pin_list>
<pin id="85" dir="1" index="0" bw="1" slack="2147483647"/>
</pin_list>
<bind>
<StgValue><ssdm name="_ssdm_op_SpecDataflowPipeline"/></StgValue>
</bind>
</comp>

<comp id="86" class="1001" name="const_86">
<pin_list>
<pin id="87" dir="1" index="0" bw="1" slack="2147483647"/>
</pin_list>
<bind>
<StgValue><ssdm name="empty_23"/></StgValue>
</bind>
</comp>

<comp id="88" class="1001" name="const_88">
<pin_list>
<pin id="89" dir="1" index="0" bw="1" slack="2147483647"/>
</pin_list>
<bind>
<StgValue><ssdm name="_ssdm_op_SpecMemCore"/></StgValue>
</bind>
</comp>

<comp id="90" class="1001" name="const_90">
<pin_list>
<pin id="91" dir="1" index="0" bw="1" slack="2147483647"/>
</pin_list>
<bind>
<StgValue><ssdm name=""/></StgValue>
</bind>
</comp>

<comp id="92" class="1001" name="const_92">
<pin_list>
<pin id="93" dir="1" index="0" bw="1" slack="2147483647"/>
</pin_list>
<bind>
<StgValue><ssdm name=""/></StgValue>
</bind>
</comp>

<comp id="94" class="1001" name="const_94">
<pin_list>
<pin id="95" dir="1" index="0" bw="1" slack="2147483647"/>
</pin_list>
<bind>
<StgValue><ssdm name=""/></StgValue>
</bind>
</comp>

<comp id="96" class="1001" name="const_96">
<pin_list>
<pin id="97" dir="1" index="0" bw="1" slack="2147483647"/>
</pin_list>
<bind>
<StgValue><ssdm name="empty_22"/></StgValue>
</bind>
</comp>

<comp id="98" class="1001" name="const_98">
<pin_list>
<pin id="99" dir="1" index="0" bw="1" slack="2147483647"/>
</pin_list>
<bind>
<StgValue><ssdm name=""/></StgValue>
</bind>
</comp>

<comp id="100" class="1001" name="const_100">
<pin_list>
<pin id="101" dir="1" index="0" bw="1" slack="2147483647"/>
</pin_list>
<bind>
<StgValue><ssdm name=""/></StgValue>
</bind>
</comp>

<comp id="102" class="1001" name="const_102">
<pin_list>
<pin id="103" dir="1" index="0" bw="1" slack="2147483647"/>
</pin_list>
<bind>
<StgValue><ssdm name="empty"/></StgValue>
</bind>
</comp>

<comp id="104" class="1001" name="const_104">
<pin_list>
<pin id="105" dir="1" index="0" bw="1" slack="2147483647"/>
</pin_list>
<bind>
<StgValue><ssdm name="empty_2"/></StgValue>
</bind>
</comp>

<comp id="106" class="1001" name="const_106">
<pin_list>
<pin id="107" dir="1" index="0" bw="1" slack="2147483647"/>
</pin_list>
<bind>
<StgValue><ssdm name="inByte0_str"/></StgValue>
</bind>
</comp>

<comp id="108" class="1001" name="const_108">
<pin_list>
<pin id="109" dir="1" index="0" bw="1" slack="2147483647"/>
</pin_list>
<bind>
<StgValue><ssdm name="empty_3"/></StgValue>
</bind>
</comp>

<comp id="110" class="1001" name="const_110">
<pin_list>
<pin id="111" dir="1" index="0" bw="1" slack="2147483647"/>
</pin_list>
<bind>
<StgValue><ssdm name="inByte1_str"/></StgValue>
</bind>
</comp>

<comp id="112" class="1001" name="const_112">
<pin_list>
<pin id="113" dir="1" index="0" bw="1" slack="2147483647"/>
</pin_list>
<bind>
<StgValue><ssdm name="inByte2_str"/></StgValue>
</bind>
</comp>

<comp id="114" class="1001" name="const_114">
<pin_list>
<pin id="115" dir="1" index="0" bw="1" slack="2147483647"/>
</pin_list>
<bind>
<StgValue><ssdm name="inByte3_str"/></StgValue>
</bind>
</comp>

<comp id="116" class="1001" name="const_116">
<pin_list>
<pin id="117" dir="1" index="0" bw="1" slack="2147483647"/>
</pin_list>
<bind>
<StgValue><ssdm name="inByte4_str"/></StgValue>
</bind>
</comp>

<comp id="118" class="1001" name="const_118">
<pin_list>
<pin id="119" dir="1" index="0" bw="1" slack="2147483647"/>
</pin_list>
<bind>
<StgValue><ssdm name="inByte5_str"/></StgValue>
</bind>
</comp>

<comp id="120" class="1001" name="const_120">
<pin_list>
<pin id="121" dir="1" index="0" bw="1" slack="2147483647"/>
</pin_list>
<bind>
<StgValue><ssdm name="inByte6_str"/></StgValue>
</bind>
</comp>

<comp id="122" class="1001" name="const_122">
<pin_list>
<pin id="123" dir="1" index="0" bw="1" slack="2147483647"/>
</pin_list>
<bind>
<StgValue><ssdm name="inByte7_str"/></StgValue>
</bind>
</comp>

<comp id="124" class="1001" name="const_124">
<pin_list>
<pin id="125" dir="1" index="0" bw="1" slack="2147483647"/>
</pin_list>
<bind>
<StgValue><ssdm name="inByte8_str"/></StgValue>
</bind>
</comp>

<comp id="126" class="1001" name="const_126">
<pin_list>
<pin id="127" dir="1" index="0" bw="1" slack="2147483647"/>
</pin_list>
<bind>
<StgValue><ssdm name="inByte9_str"/></StgValue>
</bind>
</comp>

<comp id="128" class="1001" name="const_128">
<pin_list>
<pin id="129" dir="1" index="0" bw="1" slack="2147483647"/>
</pin_list>
<bind>
<StgValue><ssdm name="inByte10_str"/></StgValue>
</bind>
</comp>

<comp id="130" class="1001" name="const_130">
<pin_list>
<pin id="131" dir="1" index="0" bw="1" slack="2147483647"/>
</pin_list>
<bind>
<StgValue><ssdm name="inByte11_str"/></StgValue>
</bind>
</comp>

<comp id="132" class="1001" name="const_132">
<pin_list>
<pin id="133" dir="1" index="0" bw="1" slack="2147483647"/>
</pin_list>
<bind>
<StgValue><ssdm name="inByte12_str"/></StgValue>
</bind>
</comp>

<comp id="134" class="1001" name="const_134">
<pin_list>
<pin id="135" dir="1" index="0" bw="1" slack="2147483647"/>
</pin_list>
<bind>
<StgValue><ssdm name="inByte13_str"/></StgValue>
</bind>
</comp>

<comp id="136" class="1001" name="const_136">
<pin_list>
<pin id="137" dir="1" index="0" bw="1" slack="2147483647"/>
</pin_list>
<bind>
<StgValue><ssdm name="inByte14_str"/></StgValue>
</bind>
</comp>

<comp id="138" class="1001" name="const_138">
<pin_list>
<pin id="139" dir="1" index="0" bw="1" slack="2147483647"/>
</pin_list>
<bind>
<StgValue><ssdm name="inByte15_str"/></StgValue>
</bind>
</comp>

<comp id="140" class="1001" name="const_140">
<pin_list>
<pin id="141" dir="1" index="0" bw="1" slack="2147483647"/>
</pin_list>
<bind>
<StgValue><ssdm name="outStream_str"/></StgValue>
</bind>
</comp>

<comp id="142" class="1004" name="numChunks_c_fu_142">
<pin_list>
<pin id="143" dir="0" index="0" bw="1" slack="0"/>
<pin id="144" dir="1" index="1" bw="32" slack="2"/>
</pin_list>
<bind>
<opcode="alloca(26) " fcode="alloca"/>
<opset="numChunks_c/1 "/>
</bind>
</comp>

<comp id="146" class="1004" name="crc_out_c_fu_146">
<pin_list>
<pin id="147" dir="0" index="0" bw="1" slack="0"/>
<pin id="148" dir="1" index="1" bw="64" slack="3"/>
</pin_list>
<bind>
<opcode="alloca(26) " fcode="alloca"/>
<opset="crc_out_c/1 "/>
</bind>
</comp>

<comp id="150" class="1004" name="inByte0_fu_150">
<pin_list>
<pin id="151" dir="0" index="0" bw="1" slack="0"/>
<pin id="152" dir="1" index="1" bw="8" slack="0"/>
</pin_list>
<bind>
<opcode="alloca(26) " fcode="alloca"/>
<opset="inByte0/1 "/>
</bind>
</comp>

<comp id="154" class="1004" name="inByte1_fu_154">
<pin_list>
<pin id="155" dir="0" index="0" bw="1" slack="0"/>
<pin id="156" dir="1" index="1" bw="8" slack="0"/>
</pin_list>
<bind>
<opcode="alloca(26) " fcode="alloca"/>
<opset="inByte1/1 "/>
</bind>
</comp>

<comp id="158" class="1004" name="inByte2_fu_158">
<pin_list>
<pin id="159" dir="0" index="0" bw="1" slack="0"/>
<pin id="160" dir="1" index="1" bw="8" slack="0"/>
</pin_list>
<bind>
<opcode="alloca(26) " fcode="alloca"/>
<opset="inByte2/1 "/>
</bind>
</comp>

<comp id="162" class="1004" name="inByte3_fu_162">
<pin_list>
<pin id="163" dir="0" index="0" bw="1" slack="0"/>
<pin id="164" dir="1" index="1" bw="8" slack="0"/>
</pin_list>
<bind>
<opcode="alloca(26) " fcode="alloca"/>
<opset="inByte3/1 "/>
</bind>
</comp>

<comp id="166" class="1004" name="inByte4_fu_166">
<pin_list>
<pin id="167" dir="0" index="0" bw="1" slack="0"/>
<pin id="168" dir="1" index="1" bw="8" slack="0"/>
</pin_list>
<bind>
<opcode="alloca(26) " fcode="alloca"/>
<opset="inByte4/1 "/>
</bind>
</comp>

<comp id="170" class="1004" name="inByte5_fu_170">
<pin_list>
<pin id="171" dir="0" index="0" bw="1" slack="0"/>
<pin id="172" dir="1" index="1" bw="8" slack="0"/>
</pin_list>
<bind>
<opcode="alloca(26) " fcode="alloca"/>
<opset="inByte5/1 "/>
</bind>
</comp>

<comp id="174" class="1004" name="inByte6_fu_174">
<pin_list>
<pin id="175" dir="0" index="0" bw="1" slack="0"/>
<pin id="176" dir="1" index="1" bw="8" slack="0"/>
</pin_list>
<bind>
<opcode="alloca(26) " fcode="alloca"/>
<opset="inByte6/1 "/>
</bind>
</comp>

<comp id="178" class="1004" name="inByte7_fu_178">
<pin_list>
<pin id="179" dir="0" index="0" bw="1" slack="0"/>
<pin id="180" dir="1" index="1" bw="8" slack="0"/>
</pin_list>
<bind>
<opcode="alloca(26) " fcode="alloca"/>
<opset="inByte7/1 "/>
</bind>
</comp>

<comp id="182" class="1004" name="inByte8_fu_182">
<pin_list>
<pin id="183" dir="0" index="0" bw="1" slack="0"/>
<pin id="184" dir="1" index="1" bw="8" slack="0"/>
</pin_list>
<bind>
<opcode="alloca(26) " fcode="alloca"/>
<opset="inByte8/1 "/>
</bind>
</comp>

<comp id="186" class="1004" name="inByte9_fu_186">
<pin_list>
<pin id="187" dir="0" index="0" bw="1" slack="0"/>
<pin id="188" dir="1" index="1" bw="8" slack="0"/>
</pin_list>
<bind>
<opcode="alloca(26) " fcode="alloca"/>
<opset="inByte9/1 "/>
</bind>
</comp>

<comp id="190" class="1004" name="inByte10_fu_190">
<pin_list>
<pin id="191" dir="0" index="0" bw="1" slack="0"/>
<pin id="192" dir="1" index="1" bw="8" slack="0"/>
</pin_list>
<bind>
<opcode="alloca(26) " fcode="alloca"/>
<opset="inByte10/1 "/>
</bind>
</comp>

<comp id="194" class="1004" name="inByte11_fu_194">
<pin_list>
<pin id="195" dir="0" index="0" bw="1" slack="0"/>
<pin id="196" dir="1" index="1" bw="8" slack="0"/>
</pin_list>
<bind>
<opcode="alloca(26) " fcode="alloca"/>
<opset="inByte11/1 "/>
</bind>
</comp>

<comp id="198" class="1004" name="inByte12_fu_198">
<pin_list>
<pin id="199" dir="0" index="0" bw="1" slack="0"/>
<pin id="200" dir="1" index="1" bw="8" slack="0"/>
</pin_list>
<bind>
<opcode="alloca(26) " fcode="alloca"/>
<opset="inByte12/1 "/>
</bind>
</comp>

<comp id="202" class="1004" name="inByte13_fu_202">
<pin_list>
<pin id="203" dir="0" index="0" bw="1" slack="0"/>
<pin id="204" dir="1" index="1" bw="8" slack="0"/>
</pin_list>
<bind>
<opcode="alloca(26) " fcode="alloca"/>
<opset="inByte13/1 "/>
</bind>
</comp>

<comp id="206" class="1004" name="inByte14_fu_206">
<pin_list>
<pin id="207" dir="0" index="0" bw="1" slack="0"/>
<pin id="208" dir="1" index="1" bw="8" slack="0"/>
</pin_list>
<bind>
<opcode="alloca(26) " fcode="alloca"/>
<opset="inByte14/1 "/>
</bind>
</comp>

<comp id="210" class="1004" name="inByte15_fu_210">
<pin_list>
<pin id="211" dir="0" index="0" bw="1" slack="0"/>
<pin id="212" dir="1" index="1" bw="8" slack="0"/>
</pin_list>
<bind>
<opcode="alloca(26) " fcode="alloca"/>
<opset="inByte15/1 "/>
</bind>
</comp>

<comp id="214" class="1004" name="outStream_fu_214">
<pin_list>
<pin id="215" dir="0" index="0" bw="1" slack="0"/>
<pin id="216" dir="1" index="1" bw="32" slack="2"/>
</pin_list>
<bind>
<opcode="alloca(26) " fcode="alloca"/>
<opset="outStream/1 "/>
</bind>
</comp>

<comp id="218" class="1004" name="chunkSize_read_read_fu_218">
<pin_list>
<pin id="219" dir="0" index="0" bw="32" slack="0"/>
<pin id="220" dir="0" index="1" bw="32" slack="0"/>
<pin id="221" dir="1" index="2" bw="32" slack="0"/>
</pin_list>
<bind>
<opcode="read(1150) " fcode="read"/>
<opset="chunkSize_read/1 "/>
</bind>
</comp>

<comp id="224" class="1004" name="numChunks_read_read_fu_224">
<pin_list>
<pin id="225" dir="0" index="0" bw="32" slack="0"/>
<pin id="226" dir="0" index="1" bw="32" slack="0"/>
<pin id="227" dir="1" index="2" bw="32" slack="0"/>
</pin_list>
<bind>
<opcode="read(1150) " fcode="read"/>
<opset="numChunks_read/1 "/>
</bind>
</comp>

<comp id="230" class="1004" name="data_in_read_read_fu_230">
<pin_list>
<pin id="231" dir="0" index="0" bw="64" slack="0"/>
<pin id="232" dir="0" index="1" bw="64" slack="0"/>
<pin id="233" dir="1" index="2" bw="64" slack="0"/>
</pin_list>
<bind>
<opcode="read(1150) " fcode="read"/>
<opset="data_in_read/1 "/>
</bind>
</comp>

<comp id="236" class="1004" name="init_value_read_read_fu_236">
<pin_list>
<pin id="237" dir="0" index="0" bw="32" slack="0"/>
<pin id="238" dir="0" index="1" bw="32" slack="0"/>
<pin id="239" dir="1" index="2" bw="32" slack="0"/>
</pin_list>
<bind>
<opcode="read(1150) " fcode="read"/>
<opset="init_value_read/3 "/>
</bind>
</comp>

<comp id="242" class="1004" name="crc_size_read_read_fu_242">
<pin_list>
<pin id="243" dir="0" index="0" bw="32" slack="0"/>
<pin id="244" dir="0" index="1" bw="32" slack="0"/>
<pin id="245" dir="1" index="2" bw="32" slack="0"/>
</pin_list>
<bind>
<opcode="read(1150) " fcode="read"/>
<opset="crc_size_read/3 "/>
</bind>
</comp>

<comp id="248" class="1004" name="crc_out_read_read_fu_248">
<pin_list>
<pin id="249" dir="0" index="0" bw="64" slack="0"/>
<pin id="250" dir="0" index="1" bw="64" slack="0"/>
<pin id="251" dir="1" index="2" bw="64" slack="0"/>
</pin_list>
<bind>
<opcode="read(1150) " fcode="read"/>
<opset="crc_out_read/4 "/>
</bind>
</comp>

<comp id="254" class="1004" name="grp_read_input_fu_254">
<pin_list>
<pin id="255" dir="0" index="0" bw="0" slack="0"/>
<pin id="256" dir="0" index="1" bw="128" slack="0"/>
<pin id="257" dir="0" index="2" bw="64" slack="0"/>
<pin id="258" dir="0" index="3" bw="8" slack="0"/>
<pin id="259" dir="0" index="4" bw="8" slack="0"/>
<pin id="260" dir="0" index="5" bw="8" slack="0"/>
<pin id="261" dir="0" index="6" bw="8" slack="0"/>
<pin id="262" dir="0" index="7" bw="8" slack="0"/>
<pin id="263" dir="0" index="8" bw="8" slack="0"/>
<pin id="264" dir="0" index="9" bw="8" slack="0"/>
<pin id="265" dir="0" index="10" bw="8" slack="0"/>
<pin id="266" dir="0" index="11" bw="8" slack="0"/>
<pin id="267" dir="0" index="12" bw="8" slack="0"/>
<pin id="268" dir="0" index="13" bw="8" slack="0"/>
<pin id="269" dir="0" index="14" bw="8" slack="0"/>
<pin id="270" dir="0" index="15" bw="8" slack="0"/>
<pin id="271" dir="0" index="16" bw="8" slack="0"/>
<pin id="272" dir="0" index="17" bw="8" slack="0"/>
<pin id="273" dir="0" index="18" bw="8" slack="0"/>
<pin id="274" dir="0" index="19" bw="32" slack="0"/>
<pin id="275" dir="0" index="20" bw="32" slack="0"/>
<pin id="276" dir="1" index="21" bw="0" slack="2147483647"/>
</pin_list>
<bind>
<opcode="call(48) " fcode="call"/>
<opset="call_ln606/1 "/>
</bind>
</comp>

<comp id="282" class="1004" name="grp_process_crc_chunks_fu_282">
<pin_list>
<pin id="283" dir="0" index="0" bw="0" slack="0"/>
<pin id="284" dir="0" index="1" bw="32" slack="0"/>
<pin id="285" dir="0" index="2" bw="32" slack="0"/>
<pin id="286" dir="0" index="3" bw="32" slack="0"/>
<pin id="287" dir="0" index="4" bw="32" slack="0"/>
<pin id="288" dir="0" index="5" bw="32" slack="0"/>
<pin id="289" dir="0" index="6" bw="32" slack="0"/>
<pin id="290" dir="0" index="7" bw="32" slack="0"/>
<pin id="291" dir="0" index="8" bw="32" slack="0"/>
<pin id="292" dir="0" index="9" bw="32" slack="0"/>
<pin id="293" dir="0" index="10" bw="32" slack="0"/>
<pin id="294" dir="0" index="11" bw="32" slack="0"/>
<pin id="295" dir="0" index="12" bw="32" slack="0"/>
<pin id="296" dir="0" index="13" bw="32" slack="0"/>
<pin id="297" dir="0" index="14" bw="32" slack="0"/>
<pin id="298" dir="0" index="15" bw="32" slack="0"/>
<pin id="299" dir="0" index="16" bw="32" slack="0"/>
<pin id="300" dir="0" index="17" bw="8" slack="2"/>
<pin id="301" dir="0" index="18" bw="8" slack="2"/>
<pin id="302" dir="0" index="19" bw="8" slack="2"/>
<pin id="303" dir="0" index="20" bw="8" slack="2"/>
<pin id="304" dir="0" index="21" bw="8" slack="2"/>
<pin id="305" dir="0" index="22" bw="8" slack="2"/>
<pin id="306" dir="0" index="23" bw="8" slack="2"/>
<pin id="307" dir="0" index="24" bw="8" slack="2"/>
<pin id="308" dir="0" index="25" bw="8" slack="2"/>
<pin id="309" dir="0" index="26" bw="8" slack="2"/>
<pin id="310" dir="0" index="27" bw="8" slack="2"/>
<pin id="311" dir="0" index="28" bw="8" slack="2"/>
<pin id="312" dir="0" index="29" bw="8" slack="2"/>
<pin id="313" dir="0" index="30" bw="8" slack="2"/>
<pin id="314" dir="0" index="31" bw="8" slack="2"/>
<pin id="315" dir="0" index="32" bw="8" slack="2"/>
<pin id="316" dir="0" index="33" bw="32" slack="0"/>
<pin id="317" dir="0" index="34" bw="32" slack="0"/>
<pin id="318" dir="0" index="35" bw="32" slack="2"/>
<pin id="319" dir="0" index="36" bw="32" slack="2"/>
<pin id="320" dir="0" index="37" bw="32" slack="2"/>
<pin id="321" dir="0" index="38" bw="32" slack="2"/>
<pin id="322" dir="1" index="39" bw="0" slack="2147483647"/>
</pin_list>
<bind>
<opcode="call(48) " fcode="call"/>
<opset="call_ln613/3 "/>
</bind>
</comp>

<comp id="342" class="1004" name="call_ln605_entry_proc_fu_342">
<pin_list>
<pin id="343" dir="0" index="0" bw="0" slack="0"/>
<pin id="344" dir="0" index="1" bw="64" slack="0"/>
<pin id="345" dir="0" index="2" bw="64" slack="3"/>
<pin id="346" dir="1" index="3" bw="0" slack="2147483647"/>
</pin_list>
<bind>
<opcode="call(48) " fcode="call"/>
<opset="call_ln605/4 "/>
</bind>
</comp>

<comp id="349" class="1004" name="grp_write_output_fu_349">
<pin_list>
<pin id="350" dir="0" index="0" bw="0" slack="0"/>
<pin id="351" dir="0" index="1" bw="32" slack="4"/>
<pin id="352" dir="0" index="2" bw="32" slack="4"/>
<pin id="353" dir="0" index="3" bw="128" slack="0"/>
<pin id="354" dir="0" index="4" bw="64" slack="4"/>
<pin id="355" dir="1" index="5" bw="0" slack="2147483647"/>
</pin_list>
<bind>
<opcode="call(48) " fcode="call"/>
<opset="call_ln622/5 "/>
</bind>
</comp>

<comp id="358" class="1005" name="chunkSize_read_reg_358">
<pin_list>
<pin id="359" dir="0" index="0" bw="32" slack="1"/>
<pin id="360" dir="1" index="1" bw="32" slack="1"/>
</pin_list>
<bind>
<opset="chunkSize_read "/>
</bind>
</comp>

<comp id="364" class="1005" name="numChunks_read_reg_364">
<pin_list>
<pin id="365" dir="0" index="0" bw="32" slack="1"/>
<pin id="366" dir="1" index="1" bw="32" slack="1"/>
</pin_list>
<bind>
<opset="numChunks_read "/>
</bind>
</comp>

<comp id="370" class="1005" name="data_in_read_reg_370">
<pin_list>
<pin id="371" dir="0" index="0" bw="64" slack="1"/>
<pin id="372" dir="1" index="1" bw="64" slack="1"/>
</pin_list>
<bind>
<opset="data_in_read "/>
</bind>
</comp>

<comp id="375" class="1005" name="numChunks_c_reg_375">
<pin_list>
<pin id="376" dir="0" index="0" bw="32" slack="2"/>
<pin id="377" dir="1" index="1" bw="32" slack="2"/>
</pin_list>
<bind>
<opset="numChunks_c "/>
</bind>
</comp>

<comp id="381" class="1005" name="crc_out_c_reg_381">
<pin_list>
<pin id="382" dir="0" index="0" bw="64" slack="3"/>
<pin id="383" dir="1" index="1" bw="64" slack="3"/>
</pin_list>
<bind>
<opset="crc_out_c "/>
</bind>
</comp>

<comp id="387" class="1005" name="inByte0_reg_387">
<pin_list>
<pin id="388" dir="0" index="0" bw="8" slack="0"/>
<pin id="389" dir="1" index="1" bw="8" slack="0"/>
</pin_list>
<bind>
<opset="inByte0 "/>
</bind>
</comp>

<comp id="393" class="1005" name="inByte1_reg_393">
<pin_list>
<pin id="394" dir="0" index="0" bw="8" slack="0"/>
<pin id="395" dir="1" index="1" bw="8" slack="0"/>
</pin_list>
<bind>
<opset="inByte1 "/>
</bind>
</comp>

<comp id="399" class="1005" name="inByte2_reg_399">
<pin_list>
<pin id="400" dir="0" index="0" bw="8" slack="0"/>
<pin id="401" dir="1" index="1" bw="8" slack="0"/>
</pin_list>
<bind>
<opset="inByte2 "/>
</bind>
</comp>

<comp id="405" class="1005" name="inByte3_reg_405">
<pin_list>
<pin id="406" dir="0" index="0" bw="8" slack="0"/>
<pin id="407" dir="1" index="1" bw="8" slack="0"/>
</pin_list>
<bind>
<opset="inByte3 "/>
</bind>
</comp>

<comp id="411" class="1005" name="inByte4_reg_411">
<pin_list>
<pin id="412" dir="0" index="0" bw="8" slack="0"/>
<pin id="413" dir="1" index="1" bw="8" slack="0"/>
</pin_list>
<bind>
<opset="inByte4 "/>
</bind>
</comp>

<comp id="417" class="1005" name="inByte5_reg_417">
<pin_list>
<pin id="418" dir="0" index="0" bw="8" slack="0"/>
<pin id="419" dir="1" index="1" bw="8" slack="0"/>
</pin_list>
<bind>
<opset="inByte5 "/>
</bind>
</comp>

<comp id="423" class="1005" name="inByte6_reg_423">
<pin_list>
<pin id="424" dir="0" index="0" bw="8" slack="0"/>
<pin id="425" dir="1" index="1" bw="8" slack="0"/>
</pin_list>
<bind>
<opset="inByte6 "/>
</bind>
</comp>

<comp id="429" class="1005" name="inByte7_reg_429">
<pin_list>
<pin id="430" dir="0" index="0" bw="8" slack="0"/>
<pin id="431" dir="1" index="1" bw="8" slack="0"/>
</pin_list>
<bind>
<opset="inByte7 "/>
</bind>
</comp>

<comp id="435" class="1005" name="inByte8_reg_435">
<pin_list>
<pin id="436" dir="0" index="0" bw="8" slack="0"/>
<pin id="437" dir="1" index="1" bw="8" slack="0"/>
</pin_list>
<bind>
<opset="inByte8 "/>
</bind>
</comp>

<comp id="441" class="1005" name="inByte9_reg_441">
<pin_list>
<pin id="442" dir="0" index="0" bw="8" slack="0"/>
<pin id="443" dir="1" index="1" bw="8" slack="0"/>
</pin_list>
<bind>
<opset="inByte9 "/>
</bind>
</comp>

<comp id="447" class="1005" name="inByte10_reg_447">
<pin_list>
<pin id="448" dir="0" index="0" bw="8" slack="0"/>
<pin id="449" dir="1" index="1" bw="8" slack="0"/>
</pin_list>
<bind>
<opset="inByte10 "/>
</bind>
</comp>

<comp id="453" class="1005" name="inByte11_reg_453">
<pin_list>
<pin id="454" dir="0" index="0" bw="8" slack="0"/>
<pin id="455" dir="1" index="1" bw="8" slack="0"/>
</pin_list>
<bind>
<opset="inByte11 "/>
</bind>
</comp>

<comp id="459" class="1005" name="inByte12_reg_459">
<pin_list>
<pin id="460" dir="0" index="0" bw="8" slack="0"/>
<pin id="461" dir="1" index="1" bw="8" slack="0"/>
</pin_list>
<bind>
<opset="inByte12 "/>
</bind>
</comp>

<comp id="465" class="1005" name="inByte13_reg_465">
<pin_list>
<pin id="466" dir="0" index="0" bw="8" slack="0"/>
<pin id="467" dir="1" index="1" bw="8" slack="0"/>
</pin_list>
<bind>
<opset="inByte13 "/>
</bind>
</comp>

<comp id="471" class="1005" name="inByte14_reg_471">
<pin_list>
<pin id="472" dir="0" index="0" bw="8" slack="0"/>
<pin id="473" dir="1" index="1" bw="8" slack="0"/>
</pin_list>
<bind>
<opset="inByte14 "/>
</bind>
</comp>

<comp id="477" class="1005" name="inByte15_reg_477">
<pin_list>
<pin id="478" dir="0" index="0" bw="8" slack="0"/>
<pin id="479" dir="1" index="1" bw="8" slack="0"/>
</pin_list>
<bind>
<opset="inByte15 "/>
</bind>
</comp>

<comp id="483" class="1005" name="outStream_reg_483">
<pin_list>
<pin id="484" dir="0" index="0" bw="32" slack="2"/>
<pin id="485" dir="1" index="1" bw="32" slack="2"/>
</pin_list>
<bind>
<opset="outStream "/>
</bind>
</comp>

<comp id="489" class="1005" name="init_value_read_reg_489">
<pin_list>
<pin id="490" dir="0" index="0" bw="32" slack="1"/>
<pin id="491" dir="1" index="1" bw="32" slack="1"/>
</pin_list>
<bind>
<opset="init_value_read "/>
</bind>
</comp>

<comp id="494" class="1005" name="crc_size_read_reg_494">
<pin_list>
<pin id="495" dir="0" index="0" bw="32" slack="1"/>
<pin id="496" dir="1" index="1" bw="32" slack="1"/>
</pin_list>
<bind>
<opset="crc_size_read "/>
</bind>
</comp>

</comp_list>

<net_list>
<net id="145"><net_src comp="50" pin="0"/><net_sink comp="142" pin=0"/></net>

<net id="149"><net_src comp="50" pin="0"/><net_sink comp="146" pin=0"/></net>

<net id="153"><net_src comp="50" pin="0"/><net_sink comp="150" pin=0"/></net>

<net id="157"><net_src comp="50" pin="0"/><net_sink comp="154" pin=0"/></net>

<net id="161"><net_src comp="50" pin="0"/><net_sink comp="158" pin=0"/></net>

<net id="165"><net_src comp="50" pin="0"/><net_sink comp="162" pin=0"/></net>

<net id="169"><net_src comp="50" pin="0"/><net_sink comp="166" pin=0"/></net>

<net id="173"><net_src comp="50" pin="0"/><net_sink comp="170" pin=0"/></net>

<net id="177"><net_src comp="50" pin="0"/><net_sink comp="174" pin=0"/></net>

<net id="181"><net_src comp="50" pin="0"/><net_sink comp="178" pin=0"/></net>

<net id="185"><net_src comp="50" pin="0"/><net_sink comp="182" pin=0"/></net>

<net id="189"><net_src comp="50" pin="0"/><net_sink comp="186" pin=0"/></net>

<net id="193"><net_src comp="50" pin="0"/><net_sink comp="190" pin=0"/></net>

<net id="197"><net_src comp="50" pin="0"/><net_sink comp="194" pin=0"/></net>

<net id="201"><net_src comp="50" pin="0"/><net_sink comp="198" pin=0"/></net>

<net id="205"><net_src comp="50" pin="0"/><net_sink comp="202" pin=0"/></net>

<net id="209"><net_src comp="50" pin="0"/><net_sink comp="206" pin=0"/></net>

<net id="213"><net_src comp="50" pin="0"/><net_sink comp="210" pin=0"/></net>

<net id="217"><net_src comp="50" pin="0"/><net_sink comp="214" pin=0"/></net>

<net id="222"><net_src comp="46" pin="0"/><net_sink comp="218" pin=0"/></net>

<net id="223"><net_src comp="40" pin="0"/><net_sink comp="218" pin=1"/></net>

<net id="228"><net_src comp="46" pin="0"/><net_sink comp="224" pin=0"/></net>

<net id="229"><net_src comp="38" pin="0"/><net_sink comp="224" pin=1"/></net>

<net id="234"><net_src comp="48" pin="0"/><net_sink comp="230" pin=0"/></net>

<net id="235"><net_src comp="2" pin="0"/><net_sink comp="230" pin=1"/></net>

<net id="240"><net_src comp="46" pin="0"/><net_sink comp="236" pin=0"/></net>

<net id="241"><net_src comp="44" pin="0"/><net_sink comp="236" pin=1"/></net>

<net id="246"><net_src comp="46" pin="0"/><net_sink comp="242" pin=0"/></net>

<net id="247"><net_src comp="42" pin="0"/><net_sink comp="242" pin=1"/></net>

<net id="252"><net_src comp="48" pin="0"/><net_sink comp="248" pin=0"/></net>

<net id="253"><net_src comp="4" pin="0"/><net_sink comp="248" pin=1"/></net>

<net id="277"><net_src comp="52" pin="0"/><net_sink comp="254" pin=0"/></net>

<net id="278"><net_src comp="0" pin="0"/><net_sink comp="254" pin=1"/></net>

<net id="279"><net_src comp="230" pin="2"/><net_sink comp="254" pin=2"/></net>

<net id="280"><net_src comp="224" pin="2"/><net_sink comp="254" pin=19"/></net>

<net id="281"><net_src comp="218" pin="2"/><net_sink comp="254" pin=20"/></net>

<net id="323"><net_src comp="54" pin="0"/><net_sink comp="282" pin=0"/></net>

<net id="324"><net_src comp="6" pin="0"/><net_sink comp="282" pin=1"/></net>

<net id="325"><net_src comp="8" pin="0"/><net_sink comp="282" pin=2"/></net>

<net id="326"><net_src comp="10" pin="0"/><net_sink comp="282" pin=3"/></net>

<net id="327"><net_src comp="12" pin="0"/><net_sink comp="282" pin=4"/></net>

<net id="328"><net_src comp="14" pin="0"/><net_sink comp="282" pin=5"/></net>

<net id="329"><net_src comp="16" pin="0"/><net_sink comp="282" pin=6"/></net>

<net id="330"><net_src comp="18" pin="0"/><net_sink comp="282" pin=7"/></net>

<net id="331"><net_src comp="20" pin="0"/><net_sink comp="282" pin=8"/></net>

<net id="332"><net_src comp="22" pin="0"/><net_sink comp="282" pin=9"/></net>

<net id="333"><net_src comp="24" pin="0"/><net_sink comp="282" pin=10"/></net>

<net id="334"><net_src comp="26" pin="0"/><net_sink comp="282" pin=11"/></net>

<net id="335"><net_src comp="28" pin="0"/><net_sink comp="282" pin=12"/></net>

<net id="336"><net_src comp="30" pin="0"/><net_sink comp="282" pin=13"/></net>

<net id="337"><net_src comp="32" pin="0"/><net_sink comp="282" pin=14"/></net>

<net id="338"><net_src comp="34" pin="0"/><net_sink comp="282" pin=15"/></net>

<net id="339"><net_src comp="36" pin="0"/><net_sink comp="282" pin=16"/></net>

<net id="340"><net_src comp="242" pin="2"/><net_sink comp="282" pin=33"/></net>

<net id="341"><net_src comp="236" pin="2"/><net_sink comp="282" pin=34"/></net>

<net id="347"><net_src comp="56" pin="0"/><net_sink comp="342" pin=0"/></net>

<net id="348"><net_src comp="248" pin="2"/><net_sink comp="342" pin=1"/></net>

<net id="356"><net_src comp="58" pin="0"/><net_sink comp="349" pin=0"/></net>

<net id="357"><net_src comp="0" pin="0"/><net_sink comp="349" pin=3"/></net>

<net id="361"><net_src comp="218" pin="2"/><net_sink comp="358" pin=0"/></net>

<net id="362"><net_src comp="358" pin="1"/><net_sink comp="254" pin=20"/></net>

<net id="363"><net_src comp="358" pin="1"/><net_sink comp="282" pin=37"/></net>

<net id="367"><net_src comp="224" pin="2"/><net_sink comp="364" pin=0"/></net>

<net id="368"><net_src comp="364" pin="1"/><net_sink comp="254" pin=19"/></net>

<net id="369"><net_src comp="364" pin="1"/><net_sink comp="282" pin=36"/></net>

<net id="373"><net_src comp="230" pin="2"/><net_sink comp="370" pin=0"/></net>

<net id="374"><net_src comp="370" pin="1"/><net_sink comp="254" pin=2"/></net>

<net id="378"><net_src comp="142" pin="1"/><net_sink comp="375" pin=0"/></net>

<net id="379"><net_src comp="375" pin="1"/><net_sink comp="282" pin=38"/></net>

<net id="380"><net_src comp="375" pin="1"/><net_sink comp="349" pin=2"/></net>

<net id="384"><net_src comp="146" pin="1"/><net_sink comp="381" pin=0"/></net>

<net id="385"><net_src comp="381" pin="1"/><net_sink comp="342" pin=2"/></net>

<net id="386"><net_src comp="381" pin="1"/><net_sink comp="349" pin=4"/></net>

<net id="390"><net_src comp="150" pin="1"/><net_sink comp="387" pin=0"/></net>

<net id="391"><net_src comp="387" pin="1"/><net_sink comp="254" pin=3"/></net>

<net id="392"><net_src comp="387" pin="1"/><net_sink comp="282" pin=17"/></net>

<net id="396"><net_src comp="154" pin="1"/><net_sink comp="393" pin=0"/></net>

<net id="397"><net_src comp="393" pin="1"/><net_sink comp="254" pin=4"/></net>

<net id="398"><net_src comp="393" pin="1"/><net_sink comp="282" pin=18"/></net>

<net id="402"><net_src comp="158" pin="1"/><net_sink comp="399" pin=0"/></net>

<net id="403"><net_src comp="399" pin="1"/><net_sink comp="254" pin=5"/></net>

<net id="404"><net_src comp="399" pin="1"/><net_sink comp="282" pin=19"/></net>

<net id="408"><net_src comp="162" pin="1"/><net_sink comp="405" pin=0"/></net>

<net id="409"><net_src comp="405" pin="1"/><net_sink comp="254" pin=6"/></net>

<net id="410"><net_src comp="405" pin="1"/><net_sink comp="282" pin=20"/></net>

<net id="414"><net_src comp="166" pin="1"/><net_sink comp="411" pin=0"/></net>

<net id="415"><net_src comp="411" pin="1"/><net_sink comp="254" pin=7"/></net>

<net id="416"><net_src comp="411" pin="1"/><net_sink comp="282" pin=21"/></net>

<net id="420"><net_src comp="170" pin="1"/><net_sink comp="417" pin=0"/></net>

<net id="421"><net_src comp="417" pin="1"/><net_sink comp="254" pin=8"/></net>

<net id="422"><net_src comp="417" pin="1"/><net_sink comp="282" pin=22"/></net>

<net id="426"><net_src comp="174" pin="1"/><net_sink comp="423" pin=0"/></net>

<net id="427"><net_src comp="423" pin="1"/><net_sink comp="254" pin=9"/></net>

<net id="428"><net_src comp="423" pin="1"/><net_sink comp="282" pin=23"/></net>

<net id="432"><net_src comp="178" pin="1"/><net_sink comp="429" pin=0"/></net>

<net id="433"><net_src comp="429" pin="1"/><net_sink comp="254" pin=10"/></net>

<net id="434"><net_src comp="429" pin="1"/><net_sink comp="282" pin=24"/></net>

<net id="438"><net_src comp="182" pin="1"/><net_sink comp="435" pin=0"/></net>

<net id="439"><net_src comp="435" pin="1"/><net_sink comp="254" pin=11"/></net>

<net id="440"><net_src comp="435" pin="1"/><net_sink comp="282" pin=25"/></net>

<net id="444"><net_src comp="186" pin="1"/><net_sink comp="441" pin=0"/></net>

<net id="445"><net_src comp="441" pin="1"/><net_sink comp="254" pin=12"/></net>

<net id="446"><net_src comp="441" pin="1"/><net_sink comp="282" pin=26"/></net>

<net id="450"><net_src comp="190" pin="1"/><net_sink comp="447" pin=0"/></net>

<net id="451"><net_src comp="447" pin="1"/><net_sink comp="254" pin=13"/></net>

<net id="452"><net_src comp="447" pin="1"/><net_sink comp="282" pin=27"/></net>

<net id="456"><net_src comp="194" pin="1"/><net_sink comp="453" pin=0"/></net>

<net id="457"><net_src comp="453" pin="1"/><net_sink comp="254" pin=14"/></net>

<net id="458"><net_src comp="453" pin="1"/><net_sink comp="282" pin=28"/></net>

<net id="462"><net_src comp="198" pin="1"/><net_sink comp="459" pin=0"/></net>

<net id="463"><net_src comp="459" pin="1"/><net_sink comp="254" pin=15"/></net>

<net id="464"><net_src comp="459" pin="1"/><net_sink comp="282" pin=29"/></net>

<net id="468"><net_src comp="202" pin="1"/><net_sink comp="465" pin=0"/></net>

<net id="469"><net_src comp="465" pin="1"/><net_sink comp="254" pin=16"/></net>

<net id="470"><net_src comp="465" pin="1"/><net_sink comp="282" pin=30"/></net>

<net id="474"><net_src comp="206" pin="1"/><net_sink comp="471" pin=0"/></net>

<net id="475"><net_src comp="471" pin="1"/><net_sink comp="254" pin=17"/></net>

<net id="476"><net_src comp="471" pin="1"/><net_sink comp="282" pin=31"/></net>

<net id="480"><net_src comp="210" pin="1"/><net_sink comp="477" pin=0"/></net>

<net id="481"><net_src comp="477" pin="1"/><net_sink comp="254" pin=18"/></net>

<net id="482"><net_src comp="477" pin="1"/><net_sink comp="282" pin=32"/></net>

<net id="486"><net_src comp="214" pin="1"/><net_sink comp="483" pin=0"/></net>

<net id="487"><net_src comp="483" pin="1"/><net_sink comp="282" pin=35"/></net>

<net id="488"><net_src comp="483" pin="1"/><net_sink comp="349" pin=1"/></net>

<net id="492"><net_src comp="236" pin="2"/><net_sink comp="489" pin=0"/></net>

<net id="493"><net_src comp="489" pin="1"/><net_sink comp="282" pin=34"/></net>

<net id="497"><net_src comp="242" pin="2"/><net_sink comp="494" pin=0"/></net>

<net id="498"><net_src comp="494" pin="1"/><net_sink comp="282" pin=33"/></net>

</net_list>

</model> 
---------------- Datapath Model END ------------------

* FSMD analyzer results:
  - Output states:
	Port: gmem0 | {5 6 }
 - Input state : 
	Port: crc_dataflow_region : gmem0 | {1 2 }
	Port: crc_dataflow_region : data_in | {1 }
	Port: crc_dataflow_region : crc_out | {4 }
	Port: crc_dataflow_region : crcTables_0 | {3 4 }
	Port: crc_dataflow_region : crcTables_1 | {3 4 }
	Port: crc_dataflow_region : crcTables_2 | {3 4 }
	Port: crc_dataflow_region : crcTables_3 | {3 4 }
	Port: crc_dataflow_region : crcTables_4 | {3 4 }
	Port: crc_dataflow_region : crcTables_5 | {3 4 }
	Port: crc_dataflow_region : crcTables_6 | {3 4 }
	Port: crc_dataflow_region : crcTables_7 | {3 4 }
	Port: crc_dataflow_region : crcTables_8 | {3 4 }
	Port: crc_dataflow_region : crcTables_9 | {3 4 }
	Port: crc_dataflow_region : crcTables_10 | {3 4 }
	Port: crc_dataflow_region : crcTables_11 | {3 4 }
	Port: crc_dataflow_region : crcTables_12 | {3 4 }
	Port: crc_dataflow_region : crcTables_13 | {3 4 }
	Port: crc_dataflow_region : crcTables_14 | {3 4 }
	Port: crc_dataflow_region : crcTables_15 | {3 4 }
	Port: crc_dataflow_region : numChunks | {1 }
	Port: crc_dataflow_region : chunkSize | {1 }
	Port: crc_dataflow_region : crc_size | {3 }
	Port: crc_dataflow_region : init_value | {3 }
  - Chain level:
	State 1
		call_ln606 : 1
	State 2
	State 3
	State 4
	State 5
	State 6


============================================================
+ Verbose Summary: Datapath Resource usage 
============================================================

* Functional unit list:
|----------|-------------------------------|---------|---------|---------|---------|
| Operation|        Functional Unit        |   DSP   |  Delay  |    FF   |   LUT   |
|----------|-------------------------------|---------|---------|---------|---------|
|          |     grp_read_input_fu_254     |    3    |  1.548  |   815   |   257   |
|   call   | grp_process_crc_chunks_fu_282 |    0    |   7.74  |   1189  |   1324  |
|          |  call_ln605_entry_proc_fu_342 |    0    |    0    |    0    |    0    |
|          |    grp_write_output_fu_349    |    0    |  0.774  |   471   |   254   |
|----------|-------------------------------|---------|---------|---------|---------|
|          |   chunkSize_read_read_fu_218  |    0    |    0    |    0    |    0    |
|          |   numChunks_read_read_fu_224  |    0    |    0    |    0    |    0    |
|   read   |    data_in_read_read_fu_230   |    0    |    0    |    0    |    0    |
|          |  init_value_read_read_fu_236  |    0    |    0    |    0    |    0    |
|          |   crc_size_read_read_fu_242   |    0    |    0    |    0    |    0    |
|          |    crc_out_read_read_fu_248   |    0    |    0    |    0    |    0    |
|----------|-------------------------------|---------|---------|---------|---------|
|   Total  |                               |    3    |  10.062 |   2475  |   1835  |
|----------|-------------------------------|---------|---------|---------|---------|

Memories:
N/A

* Register list:
+-----------------------+--------+
|                       |   FF   |
+-----------------------+--------+
| chunkSize_read_reg_358|   32   |
|   crc_out_c_reg_381   |   64   |
| crc_size_read_reg_494 |   32   |
|  data_in_read_reg_370 |   64   |
|    inByte0_reg_387    |    8   |
|    inByte10_reg_447   |    8   |
|    inByte11_reg_453   |    8   |
|    inByte12_reg_459   |    8   |
|    inByte13_reg_465   |    8   |
|    inByte14_reg_471   |    8   |
|    inByte15_reg_477   |    8   |
|    inByte1_reg_393    |    8   |
|    inByte2_reg_399    |    8   |
|    inByte3_reg_405    |    8   |
|    inByte4_reg_411    |    8   |
|    inByte5_reg_417    |    8   |
|    inByte6_reg_423    |    8   |
|    inByte7_reg_429    |    8   |
|    inByte8_reg_435    |    8   |
|    inByte9_reg_441    |    8   |
|init_value_read_reg_489|   32   |
|  numChunks_c_reg_375  |   32   |
| numChunks_read_reg_364|   32   |
|   outStream_reg_483   |   32   |
+-----------------------+--------+
|         Total         |   448  |
+-----------------------+--------+

* Multiplexer (MUX) list: 
|-------------------------------|------|------|------|--------||---------||---------|
|              Comp             |  Pin | Size |  BW  | S x BW ||  Delay  ||   LUT   |
|-------------------------------|------|------|------|--------||---------||---------|
|     grp_read_input_fu_254     |  p2  |   2  |  64  |   128  ||    9    |
|     grp_read_input_fu_254     |  p19 |   2  |  32  |   64   ||    9    |
|     grp_read_input_fu_254     |  p20 |   2  |  32  |   64   ||    9    |
| grp_process_crc_chunks_fu_282 |  p33 |   2  |  32  |   64   ||    9    |
| grp_process_crc_chunks_fu_282 |  p34 |   2  |  32  |   64   ||    9    |
|-------------------------------|------|------|------|--------||---------||---------|
|             Total             |      |      |      |   384  ||  1.935  ||    45   |
|-------------------------------|------|------|------|--------||---------||---------|



* Summary:
+-----------+--------+--------+--------+--------+
|           |   DSP  |  Delay |   FF   |   LUT  |
+-----------+--------+--------+--------+--------+
|  Function |    3   |   10   |  2475  |  1835  |
|   Memory  |    -   |    -   |    -   |    -   |
|Multiplexer|    -   |    1   |    -   |   45   |
|  Register |    -   |    -   |   448  |    -   |
+-----------+--------+--------+--------+--------+
|   Total   |    3   |   11   |  2923  |  1880  |
+-----------+--------+--------+--------+--------+
