

================================================================
== Vitis HLS Report for 'load_crc_tables_Pipeline_load_lut_rows_load_lut_cols'
================================================================
* Date:           Thu Apr  2 18:17:05 2026

* Version:        2022.1 (Build 3526262 on Mon Apr 18 15:47:01 MDT 2022)
* Project:        calculate_crc
* Solution:       solution (Vitis Kernel Flow Target)
* Product family: virtexuplus
* Target device:  xcu280-fsvh2892-2L-e


================================================================
== Performance Estimates
================================================================
+ Timing: 
    * Summary: 
    +--------+---------+----------+------------+
    |  Clock |  Target | Estimated| Uncertainty|
    +--------+---------+----------+------------+
    |ap_clk  |  3.33 ns|  2.433 ns|     0.90 ns|
    +--------+---------+----------+------------+

+ Latency: 
    * Summary: 
    +---------+---------+-----------+-----------+------+------+---------+
    |  Latency (cycles) |   Latency (absolute)  |   Interval  | Pipeline|
    |   min   |   max   |    min    |    max    |  min |  max |   Type  |
    +---------+---------+-----------+-----------+------+------+---------+
    |     4099|     4099|  13.662 us|  13.662 us|  4099|  4099|       no|
    +---------+---------+-----------+-----------+------+------+---------+

    + Detail: 
        * Instance: 
        N/A

        * Loop: 
        +-------------------------------+---------+---------+----------+-----------+-----------+------+----------+
        |                               |  Latency (cycles) | Iteration|  Initiation Interval  | Trip |          |
        |           Loop Name           |   min   |   max   |  Latency |  achieved |   target  | Count| Pipelined|
        +-------------------------------+---------+---------+----------+-----------+-----------+------+----------+
        |- load_lut_rows_load_lut_cols  |     4097|     4097|         3|          1|          1|  4096|       yes|
        +-------------------------------+---------+---------+----------+-----------+-----------+------+----------+



================================================================
== Utilization Estimates
================================================================
* Summary: 
+---------------------+---------+------+---------+---------+-----+
|         Name        | BRAM_18K|  DSP |    FF   |   LUT   | URAM|
+---------------------+---------+------+---------+---------+-----+
|DSP                  |        -|     -|        -|        -|    -|
|Expression           |        -|     -|        0|      510|    -|
|FIFO                 |        -|     -|        -|        -|    -|
|Instance             |        -|     -|        -|        -|    -|
|Memory               |        -|     -|        -|        -|    -|
|Multiplexer          |        -|     -|        -|       95|    -|
|Register             |        -|     -|     1048|        -|    -|
+---------------------+---------+------+---------+---------+-----+
|Total                |        0|     0|     1048|      605|    0|
+---------------------+---------+------+---------+---------+-----+
|Available SLR        |     1344|  3008|   869120|   434560|  320|
+---------------------+---------+------+---------+---------+-----+
|Utilization SLR (%)  |        0|     0|       ~0|       ~0|    0|
+---------------------+---------+------+---------+---------+-----+
|Available            |     4032|  9024|  2607360|  1303680|  960|
+---------------------+---------+------+---------+---------+-----+
|Utilization (%)      |        0|     0|       ~0|       ~0|    0|
+---------------------+---------+------+---------+---------+-----+

+ Detail: 
    * Instance: 
    N/A

    * DSP: 
    N/A

    * Memory: 
    N/A

    * FIFO: 
    N/A

    * Expression: 
    +----------------------------------+----------+----+---+-----+------------+------------+
    |           Variable Name          | Operation| DSP| FF| LUT | Bitwidth P0| Bitwidth P1|
    +----------------------------------+----------+----+---+-----+------------+------------+
    |add_ln365_1_fu_483_p2             |         +|   0|  0|   12|           5|           1|
    |add_ln365_fu_415_p2               |         +|   0|  0|   20|          13|           1|
    |add_ln368_fu_448_p2               |         +|   0|  0|   16|           9|           1|
    |ap_block_pp0_stage0_11001         |       and|   0|  0|    2|           1|           1|
    |ap_block_state2_pp0_stage0_iter1  |       and|   0|  0|    2|           1|           1|
    |ap_predicate_op47_read_state2     |       and|   0|  0|    2|           1|           1|
    |icmp_ln365_fu_409_p2              |      icmp|   0|  0|   12|          13|          14|
    |icmp_ln368_fu_424_p2              |      icmp|   0|  0|   11|           9|          10|
    |icmp_ln371_fu_442_p2              |      icmp|   0|  0|    9|           4|           1|
    |select_ln365_1_fu_476_p3          |    select|   0|  0|  408|           1|           1|
    |select_ln365_2_fu_489_p3          |    select|   0|  0|    5|           1|           5|
    |select_ln365_fu_430_p3            |    select|   0|  0|    9|           1|           1|
    |ap_enable_pp0                     |       xor|   0|  0|    2|           1|           2|
    +----------------------------------+----------+----+---+-----+------------+------------+
    |Total                             |          |   0|  0|  510|          60|          40|
    +----------------------------------+----------+----+---+-----+------------+------------+

    * Multiplexer: 
    +--------------------------------------+----+-----------+-----+-----------+
    |                 Name                 | LUT| Input Size| Bits| Total Bits|
    +--------------------------------------+----+-----------+-----+-----------+
    |ap_done_int                           |   9|          2|    1|          2|
    |ap_enable_reg_pp0_iter2               |   9|          2|    1|          2|
    |ap_phi_mux_empty_phi_fu_376_p4        |  14|          3|  512|       1536|
    |ap_sig_allocacmp_indvar_flatten_load  |   9|          2|   13|         26|
    |ap_sig_allocacmp_j_load               |   9|          2|    9|         18|
    |gmem1_blk_n_R                         |   9|          2|    1|          2|
    |i_fu_146                              |   9|          2|    5|         10|
    |indvar_flatten_fu_150                 |   9|          2|   13|         26|
    |j_fu_142                              |   9|          2|    9|         18|
    |shiftreg_fu_138                       |   9|          2|  480|        960|
    +--------------------------------------+----+-----------+-----+-----------+
    |Total                                 |  95|         21| 1044|       2600|
    +--------------------------------------+----+-----------+-----+-----------+

    * Register: 
    +------------------------------------+-----+----+-----+-----------+
    |                Name                |  FF | LUT| Bits| Const Bits|
    +------------------------------------+-----+----+-----+-----------+
    |ap_CS_fsm                           |    1|   0|    1|          0|
    |ap_done_reg                         |    1|   0|    1|          0|
    |ap_enable_reg_pp0_iter1             |    1|   0|    1|          0|
    |ap_enable_reg_pp0_iter2             |    1|   0|    1|          0|
    |ap_loop_exit_ready_pp0_iter1_reg    |    1|   0|    1|          0|
    |gmem1_addr_read_reg_616             |  512|   0|  512|          0|
    |i_fu_146                            |    5|   0|    5|          0|
    |icmp_ln365_reg_597                  |    1|   0|    1|          0|
    |icmp_ln365_reg_597_pp0_iter1_reg    |    1|   0|    1|          0|
    |icmp_ln368_reg_601                  |    1|   0|    1|          0|
    |icmp_ln368_reg_601_pp0_iter1_reg    |    1|   0|    1|          0|
    |icmp_ln371_reg_612                  |    1|   0|    1|          0|
    |icmp_ln371_reg_612_pp0_iter1_reg    |    1|   0|    1|          0|
    |indvar_flatten_fu_150               |   13|   0|   13|          0|
    |j_fu_142                            |    9|   0|    9|          0|
    |select_ln365_reg_607                |    9|   0|    9|          0|
    |select_ln365_reg_607_pp0_iter1_reg  |    9|   0|    9|          0|
    |shiftreg_fu_138                     |  480|   0|  480|          0|
    +------------------------------------+-----+----+-----+-----------+
    |Total                               | 1048|   0| 1048|          0|
    +------------------------------------+-----+----+-----+-----------+



================================================================
== Interface
================================================================
* Summary: 
+-----------------------+-----+-----+------------+------------------------------------------------------+--------------+
|       RTL Ports       | Dir | Bits|  Protocol  |                     Source Object                    |    C Type    |
+-----------------------+-----+-----+------------+------------------------------------------------------+--------------+
|ap_clk                 |   in|    1|  ap_ctrl_hs|  load_crc_tables_Pipeline_load_lut_rows_load_lut_cols|  return value|
|ap_rst                 |   in|    1|  ap_ctrl_hs|  load_crc_tables_Pipeline_load_lut_rows_load_lut_cols|  return value|
|ap_start               |   in|    1|  ap_ctrl_hs|  load_crc_tables_Pipeline_load_lut_rows_load_lut_cols|  return value|
|ap_done                |  out|    1|  ap_ctrl_hs|  load_crc_tables_Pipeline_load_lut_rows_load_lut_cols|  return value|
|ap_idle                |  out|    1|  ap_ctrl_hs|  load_crc_tables_Pipeline_load_lut_rows_load_lut_cols|  return value|
|ap_ready               |  out|    1|  ap_ctrl_hs|  load_crc_tables_Pipeline_load_lut_rows_load_lut_cols|  return value|
|m_axi_gmem1_AWVALID    |  out|    1|       m_axi|                                                 gmem1|       pointer|
|m_axi_gmem1_AWREADY    |   in|    1|       m_axi|                                                 gmem1|       pointer|
|m_axi_gmem1_AWADDR     |  out|   64|       m_axi|                                                 gmem1|       pointer|
|m_axi_gmem1_AWID       |  out|    1|       m_axi|                                                 gmem1|       pointer|
|m_axi_gmem1_AWLEN      |  out|   32|       m_axi|                                                 gmem1|       pointer|
|m_axi_gmem1_AWSIZE     |  out|    3|       m_axi|                                                 gmem1|       pointer|
|m_axi_gmem1_AWBURST    |  out|    2|       m_axi|                                                 gmem1|       pointer|
|m_axi_gmem1_AWLOCK     |  out|    2|       m_axi|                                                 gmem1|       pointer|
|m_axi_gmem1_AWCACHE    |  out|    4|       m_axi|                                                 gmem1|       pointer|
|m_axi_gmem1_AWPROT     |  out|    3|       m_axi|                                                 gmem1|       pointer|
|m_axi_gmem1_AWQOS      |  out|    4|       m_axi|                                                 gmem1|       pointer|
|m_axi_gmem1_AWREGION   |  out|    4|       m_axi|                                                 gmem1|       pointer|
|m_axi_gmem1_AWUSER     |  out|    1|       m_axi|                                                 gmem1|       pointer|
|m_axi_gmem1_WVALID     |  out|    1|       m_axi|                                                 gmem1|       pointer|
|m_axi_gmem1_WREADY     |   in|    1|       m_axi|                                                 gmem1|       pointer|
|m_axi_gmem1_WDATA      |  out|  512|       m_axi|                                                 gmem1|       pointer|
|m_axi_gmem1_WSTRB      |  out|   64|       m_axi|                                                 gmem1|       pointer|
|m_axi_gmem1_WLAST      |  out|    1|       m_axi|                                                 gmem1|       pointer|
|m_axi_gmem1_WID        |  out|    1|       m_axi|                                                 gmem1|       pointer|
|m_axi_gmem1_WUSER      |  out|    1|       m_axi|                                                 gmem1|       pointer|
|m_axi_gmem1_ARVALID    |  out|    1|       m_axi|                                                 gmem1|       pointer|
|m_axi_gmem1_ARREADY    |   in|    1|       m_axi|                                                 gmem1|       pointer|
|m_axi_gmem1_ARADDR     |  out|   64|       m_axi|                                                 gmem1|       pointer|
|m_axi_gmem1_ARID       |  out|    1|       m_axi|                                                 gmem1|       pointer|
|m_axi_gmem1_ARLEN      |  out|   32|       m_axi|                                                 gmem1|       pointer|
|m_axi_gmem1_ARSIZE     |  out|    3|       m_axi|                                                 gmem1|       pointer|
|m_axi_gmem1_ARBURST    |  out|    2|       m_axi|                                                 gmem1|       pointer|
|m_axi_gmem1_ARLOCK     |  out|    2|       m_axi|                                                 gmem1|       pointer|
|m_axi_gmem1_ARCACHE    |  out|    4|       m_axi|                                                 gmem1|       pointer|
|m_axi_gmem1_ARPROT     |  out|    3|       m_axi|                                                 gmem1|       pointer|
|m_axi_gmem1_ARQOS      |  out|    4|       m_axi|                                                 gmem1|       pointer|
|m_axi_gmem1_ARREGION   |  out|    4|       m_axi|                                                 gmem1|       pointer|
|m_axi_gmem1_ARUSER     |  out|    1|       m_axi|                                                 gmem1|       pointer|
|m_axi_gmem1_RVALID     |   in|    1|       m_axi|                                                 gmem1|       pointer|
|m_axi_gmem1_RREADY     |  out|    1|       m_axi|                                                 gmem1|       pointer|
|m_axi_gmem1_RDATA      |   in|  512|       m_axi|                                                 gmem1|       pointer|
|m_axi_gmem1_RLAST      |   in|    1|       m_axi|                                                 gmem1|       pointer|
|m_axi_gmem1_RID        |   in|    1|       m_axi|                                                 gmem1|       pointer|
|m_axi_gmem1_RFIFONUM   |   in|    9|       m_axi|                                                 gmem1|       pointer|
|m_axi_gmem1_RUSER      |   in|    1|       m_axi|                                                 gmem1|       pointer|
|m_axi_gmem1_RRESP      |   in|    2|       m_axi|                                                 gmem1|       pointer|
|m_axi_gmem1_BVALID     |   in|    1|       m_axi|                                                 gmem1|       pointer|
|m_axi_gmem1_BREADY     |  out|    1|       m_axi|                                                 gmem1|       pointer|
|m_axi_gmem1_BRESP      |   in|    2|       m_axi|                                                 gmem1|       pointer|
|m_axi_gmem1_BID        |   in|    1|       m_axi|                                                 gmem1|       pointer|
|m_axi_gmem1_BUSER      |   in|    1|       m_axi|                                                 gmem1|       pointer|
|sext_ln365             |   in|   58|     ap_none|                                            sext_ln365|        scalar|
|crcTables_0_address0   |  out|    8|   ap_memory|                                           crcTables_0|         array|
|crcTables_0_ce0        |  out|    1|   ap_memory|                                           crcTables_0|         array|
|crcTables_0_we0        |  out|    1|   ap_memory|                                           crcTables_0|         array|
|crcTables_0_d0         |  out|   32|   ap_memory|                                           crcTables_0|         array|
|crcTables_1_address0   |  out|    8|   ap_memory|                                           crcTables_1|         array|
|crcTables_1_ce0        |  out|    1|   ap_memory|                                           crcTables_1|         array|
|crcTables_1_we0        |  out|    1|   ap_memory|                                           crcTables_1|         array|
|crcTables_1_d0         |  out|   32|   ap_memory|                                           crcTables_1|         array|
|crcTables_2_address0   |  out|    8|   ap_memory|                                           crcTables_2|         array|
|crcTables_2_ce0        |  out|    1|   ap_memory|                                           crcTables_2|         array|
|crcTables_2_we0        |  out|    1|   ap_memory|                                           crcTables_2|         array|
|crcTables_2_d0         |  out|   32|   ap_memory|                                           crcTables_2|         array|
|crcTables_3_address0   |  out|    8|   ap_memory|                                           crcTables_3|         array|
|crcTables_3_ce0        |  out|    1|   ap_memory|                                           crcTables_3|         array|
|crcTables_3_we0        |  out|    1|   ap_memory|                                           crcTables_3|         array|
|crcTables_3_d0         |  out|   32|   ap_memory|                                           crcTables_3|         array|
|crcTables_4_address0   |  out|    8|   ap_memory|                                           crcTables_4|         array|
|crcTables_4_ce0        |  out|    1|   ap_memory|                                           crcTables_4|         array|
|crcTables_4_we0        |  out|    1|   ap_memory|                                           crcTables_4|         array|
|crcTables_4_d0         |  out|   32|   ap_memory|                                           crcTables_4|         array|
|crcTables_5_address0   |  out|    8|   ap_memory|                                           crcTables_5|         array|
|crcTables_5_ce0        |  out|    1|   ap_memory|                                           crcTables_5|         array|
|crcTables_5_we0        |  out|    1|   ap_memory|                                           crcTables_5|         array|
|crcTables_5_d0         |  out|   32|   ap_memory|                                           crcTables_5|         array|
|crcTables_6_address0   |  out|    8|   ap_memory|                                           crcTables_6|         array|
|crcTables_6_ce0        |  out|    1|   ap_memory|                                           crcTables_6|         array|
|crcTables_6_we0        |  out|    1|   ap_memory|                                           crcTables_6|         array|
|crcTables_6_d0         |  out|   32|   ap_memory|                                           crcTables_6|         array|
|crcTables_7_address0   |  out|    8|   ap_memory|                                           crcTables_7|         array|
|crcTables_7_ce0        |  out|    1|   ap_memory|                                           crcTables_7|         array|
|crcTables_7_we0        |  out|    1|   ap_memory|                                           crcTables_7|         array|
|crcTables_7_d0         |  out|   32|   ap_memory|                                           crcTables_7|         array|
|crcTables_8_address0   |  out|    8|   ap_memory|                                           crcTables_8|         array|
|crcTables_8_ce0        |  out|    1|   ap_memory|                                           crcTables_8|         array|
|crcTables_8_we0        |  out|    1|   ap_memory|                                           crcTables_8|         array|
|crcTables_8_d0         |  out|   32|   ap_memory|                                           crcTables_8|         array|
|crcTables_9_address0   |  out|    8|   ap_memory|                                           crcTables_9|         array|
|crcTables_9_ce0        |  out|    1|   ap_memory|                                           crcTables_9|         array|
|crcTables_9_we0        |  out|    1|   ap_memory|                                           crcTables_9|         array|
|crcTables_9_d0         |  out|   32|   ap_memory|                                           crcTables_9|         array|
|crcTables_10_address0  |  out|    8|   ap_memory|                                          crcTables_10|         array|
|crcTables_10_ce0       |  out|    1|   ap_memory|                                          crcTables_10|         array|
|crcTables_10_we0       |  out|    1|   ap_memory|                                          crcTables_10|         array|
|crcTables_10_d0        |  out|   32|   ap_memory|                                          crcTables_10|         array|
|crcTables_11_address0  |  out|    8|   ap_memory|                                          crcTables_11|         array|
|crcTables_11_ce0       |  out|    1|   ap_memory|                                          crcTables_11|         array|
|crcTables_11_we0       |  out|    1|   ap_memory|                                          crcTables_11|         array|
|crcTables_11_d0        |  out|   32|   ap_memory|                                          crcTables_11|         array|
|crcTables_12_address0  |  out|    8|   ap_memory|                                          crcTables_12|         array|
|crcTables_12_ce0       |  out|    1|   ap_memory|                                          crcTables_12|         array|
|crcTables_12_we0       |  out|    1|   ap_memory|                                          crcTables_12|         array|
|crcTables_12_d0        |  out|   32|   ap_memory|                                          crcTables_12|         array|
|crcTables_13_address0  |  out|    8|   ap_memory|                                          crcTables_13|         array|
|crcTables_13_ce0       |  out|    1|   ap_memory|                                          crcTables_13|         array|
|crcTables_13_we0       |  out|    1|   ap_memory|                                          crcTables_13|         array|
|crcTables_13_d0        |  out|   32|   ap_memory|                                          crcTables_13|         array|
|crcTables_14_address0  |  out|    8|   ap_memory|                                          crcTables_14|         array|
|crcTables_14_ce0       |  out|    1|   ap_memory|                                          crcTables_14|         array|
|crcTables_14_we0       |  out|    1|   ap_memory|                                          crcTables_14|         array|
|crcTables_14_d0        |  out|   32|   ap_memory|                                          crcTables_14|         array|
|crcTables_15_address0  |  out|    8|   ap_memory|                                          crcTables_15|         array|
|crcTables_15_ce0       |  out|    1|   ap_memory|                                          crcTables_15|         array|
|crcTables_15_we0       |  out|    1|   ap_memory|                                          crcTables_15|         array|
|crcTables_15_d0        |  out|   32|   ap_memory|                                          crcTables_15|         array|
+-----------------------+-----+-----+------------+------------------------------------------------------+--------------+

============================================================
+ Verbose Summary: Synthesis Manager
============================================================
InlineROM: 1
ExposeGlobal: 0
============================================================
+ Verbose Summary: CDFG Model
============================================================
IsTopModel: 0
ResetActiveHigh: 1
IsCombinational: 2
IsDatapathOnly: 2
HasWiredReturn: 1
HasMFsm: 2
HasVarLatency: 1
IsPipeline: 0
IsRtlPipelined: 0
IsInstanceOverlapped: 0
IsDontTouch: 0
HasImplIP: 0
IsGatedGlobalClock: 0

+ Individual pipeline summary: 
  * Pipeline-0: initiation interval (II) = 1, depth = 3


============================================================
+ Verbose Summary: Schedule
============================================================
* Number of FSM states : 3
* Pipeline : 1
  Pipeline-0 : II = 1, D = 3, States = { 1 2 3 }
* Dataflow Pipeline: 0

* FSM state transitions: 
1 --> 2 
2 --> 3 
3 --> 

* FSM state operations: 

State 1 <SV = 0> <Delay = 1.99>
ST_1 : Operation 6 [1/1] (0.00ns)   --->   "%shiftreg = alloca i32 1"   --->   Operation 6 'alloca' 'shiftreg' <Predicate = true> <Delay = 0.00>
ST_1 : Operation 7 [1/1] (0.00ns)   --->   "%j = alloca i32 1"   --->   Operation 7 'alloca' 'j' <Predicate = true> <Delay = 0.00>
ST_1 : Operation 8 [1/1] (0.00ns)   --->   "%i = alloca i32 1"   --->   Operation 8 'alloca' 'i' <Predicate = true> <Delay = 0.00>
ST_1 : Operation 9 [1/1] (0.00ns)   --->   "%indvar_flatten = alloca i32 1"   --->   Operation 9 'alloca' 'indvar_flatten' <Predicate = true> <Delay = 0.00>
ST_1 : Operation 10 [1/1] (0.00ns)   --->   "%sext_ln365_read = read i58 @_ssdm_op_Read.ap_auto.i58, i58 %sext_ln365"   --->   Operation 10 'read' 'sext_ln365_read' <Predicate = true> <Delay = 0.00>
ST_1 : Operation 11 [1/1] (0.00ns)   --->   "%sext_ln365_cast = sext i58 %sext_ln365_read"   --->   Operation 11 'sext' 'sext_ln365_cast' <Predicate = true> <Delay = 0.00>
ST_1 : Operation 12 [1/1] (0.00ns)   --->   "%specmemcore_ln0 = specmemcore void @_ssdm_op_SpecMemCore, i32 %crcTables_15, i64 666, i64 18, i64 18446744073709551615"   --->   Operation 12 'specmemcore' 'specmemcore_ln0' <Predicate = true> <Delay = 0.00>
ST_1 : Operation 13 [1/1] (0.00ns)   --->   "%specmemcore_ln0 = specmemcore void @_ssdm_op_SpecMemCore, i32 %crcTables_14, i64 666, i64 18, i64 18446744073709551615"   --->   Operation 13 'specmemcore' 'specmemcore_ln0' <Predicate = true> <Delay = 0.00>
ST_1 : Operation 14 [1/1] (0.00ns)   --->   "%specmemcore_ln0 = specmemcore void @_ssdm_op_SpecMemCore, i32 %crcTables_13, i64 666, i64 18, i64 18446744073709551615"   --->   Operation 14 'specmemcore' 'specmemcore_ln0' <Predicate = true> <Delay = 0.00>
ST_1 : Operation 15 [1/1] (0.00ns)   --->   "%specmemcore_ln0 = specmemcore void @_ssdm_op_SpecMemCore, i32 %crcTables_12, i64 666, i64 18, i64 18446744073709551615"   --->   Operation 15 'specmemcore' 'specmemcore_ln0' <Predicate = true> <Delay = 0.00>
ST_1 : Operation 16 [1/1] (0.00ns)   --->   "%specmemcore_ln0 = specmemcore void @_ssdm_op_SpecMemCore, i32 %crcTables_11, i64 666, i64 18, i64 18446744073709551615"   --->   Operation 16 'specmemcore' 'specmemcore_ln0' <Predicate = true> <Delay = 0.00>
ST_1 : Operation 17 [1/1] (0.00ns)   --->   "%specmemcore_ln0 = specmemcore void @_ssdm_op_SpecMemCore, i32 %crcTables_10, i64 666, i64 18, i64 18446744073709551615"   --->   Operation 17 'specmemcore' 'specmemcore_ln0' <Predicate = true> <Delay = 0.00>
ST_1 : Operation 18 [1/1] (0.00ns)   --->   "%specmemcore_ln0 = specmemcore void @_ssdm_op_SpecMemCore, i32 %crcTables_9, i64 666, i64 18, i64 18446744073709551615"   --->   Operation 18 'specmemcore' 'specmemcore_ln0' <Predicate = true> <Delay = 0.00>
ST_1 : Operation 19 [1/1] (0.00ns)   --->   "%specmemcore_ln0 = specmemcore void @_ssdm_op_SpecMemCore, i32 %crcTables_8, i64 666, i64 18, i64 18446744073709551615"   --->   Operation 19 'specmemcore' 'specmemcore_ln0' <Predicate = true> <Delay = 0.00>
ST_1 : Operation 20 [1/1] (0.00ns)   --->   "%specmemcore_ln0 = specmemcore void @_ssdm_op_SpecMemCore, i32 %crcTables_7, i64 666, i64 18, i64 18446744073709551615"   --->   Operation 20 'specmemcore' 'specmemcore_ln0' <Predicate = true> <Delay = 0.00>
ST_1 : Operation 21 [1/1] (0.00ns)   --->   "%specmemcore_ln0 = specmemcore void @_ssdm_op_SpecMemCore, i32 %crcTables_6, i64 666, i64 18, i64 18446744073709551615"   --->   Operation 21 'specmemcore' 'specmemcore_ln0' <Predicate = true> <Delay = 0.00>
ST_1 : Operation 22 [1/1] (0.00ns)   --->   "%specmemcore_ln0 = specmemcore void @_ssdm_op_SpecMemCore, i32 %crcTables_5, i64 666, i64 18, i64 18446744073709551615"   --->   Operation 22 'specmemcore' 'specmemcore_ln0' <Predicate = true> <Delay = 0.00>
ST_1 : Operation 23 [1/1] (0.00ns)   --->   "%specmemcore_ln0 = specmemcore void @_ssdm_op_SpecMemCore, i32 %crcTables_4, i64 666, i64 18, i64 18446744073709551615"   --->   Operation 23 'specmemcore' 'specmemcore_ln0' <Predicate = true> <Delay = 0.00>
ST_1 : Operation 24 [1/1] (0.00ns)   --->   "%specmemcore_ln0 = specmemcore void @_ssdm_op_SpecMemCore, i32 %crcTables_3, i64 666, i64 18, i64 18446744073709551615"   --->   Operation 24 'specmemcore' 'specmemcore_ln0' <Predicate = true> <Delay = 0.00>
ST_1 : Operation 25 [1/1] (0.00ns)   --->   "%specmemcore_ln0 = specmemcore void @_ssdm_op_SpecMemCore, i32 %crcTables_2, i64 666, i64 18, i64 18446744073709551615"   --->   Operation 25 'specmemcore' 'specmemcore_ln0' <Predicate = true> <Delay = 0.00>
ST_1 : Operation 26 [1/1] (0.00ns)   --->   "%specmemcore_ln0 = specmemcore void @_ssdm_op_SpecMemCore, i32 %crcTables_1, i64 666, i64 18, i64 18446744073709551615"   --->   Operation 26 'specmemcore' 'specmemcore_ln0' <Predicate = true> <Delay = 0.00>
ST_1 : Operation 27 [1/1] (0.00ns)   --->   "%specmemcore_ln0 = specmemcore void @_ssdm_op_SpecMemCore, i32 %crcTables_0, i64 666, i64 18, i64 18446744073709551615"   --->   Operation 27 'specmemcore' 'specmemcore_ln0' <Predicate = true> <Delay = 0.00>
ST_1 : Operation 28 [1/1] (0.00ns)   --->   "%specinterface_ln0 = specinterface void @_ssdm_op_SpecInterface, i512 %gmem1, void @empty_22, i32 0, i32 0, void @empty_23, i32 64, i32 4096, void @empty_24, void @empty_2, void @empty_23, i32 16, i32 16, i32 16, i32 16, void @empty_23, void @empty_23, i32 4294967295, i32 0"   --->   Operation 28 'specinterface' 'specinterface_ln0' <Predicate = true> <Delay = 0.00>
ST_1 : Operation 29 [1/1] (0.38ns)   --->   "%store_ln0 = store i13 0, i13 %indvar_flatten"   --->   Operation 29 'store' 'store_ln0' <Predicate = true> <Delay = 0.38>
ST_1 : Operation 30 [1/1] (0.38ns)   --->   "%store_ln0 = store i5 0, i5 %i"   --->   Operation 30 'store' 'store_ln0' <Predicate = true> <Delay = 0.38>
ST_1 : Operation 31 [1/1] (0.38ns)   --->   "%store_ln0 = store i9 0, i9 %j"   --->   Operation 31 'store' 'store_ln0' <Predicate = true> <Delay = 0.38>
ST_1 : Operation 32 [1/1] (0.38ns)   --->   "%store_ln0 = store i480 0, i480 %shiftreg"   --->   Operation 32 'store' 'store_ln0' <Predicate = true> <Delay = 0.38>
ST_1 : Operation 33 [1/1] (0.00ns)   --->   "%br_ln0 = br void %for.inc"   --->   Operation 33 'br' 'br_ln0' <Predicate = true> <Delay = 0.00>
ST_1 : Operation 34 [1/1] (0.00ns)   --->   "%indvar_flatten_load = load i13 %indvar_flatten" [/home/efrink/mled/split_cu/U280_CRC_Accelerator/src/kernel.cpp:365]   --->   Operation 34 'load' 'indvar_flatten_load' <Predicate = true> <Delay = 0.00>
ST_1 : Operation 35 [1/1] (0.64ns)   --->   "%icmp_ln365 = icmp_eq  i13 %indvar_flatten_load, i13 4096" [/home/efrink/mled/split_cu/U280_CRC_Accelerator/src/kernel.cpp:365]   --->   Operation 35 'icmp' 'icmp_ln365' <Predicate = true> <Delay = 0.64> <CoreInst = "Cmp">   --->   Core 9 'Cmp' <Latency = 0> <II = 1> <Delay = 0.65> <FuncUnit> <Opcode : 'icmp'> <InPorts = 2> <OutPorts = 1>
ST_1 : Operation 36 [1/1] (0.75ns)   --->   "%add_ln365 = add i13 %indvar_flatten_load, i13 1" [/home/efrink/mled/split_cu/U280_CRC_Accelerator/src/kernel.cpp:365]   --->   Operation 36 'add' 'add_ln365' <Predicate = true> <Delay = 0.75> <CoreInst = "Adder">   --->   Core 1 'Adder' <Latency = 0> <II = 1> <Delay = 0.75> <FuncUnit> <Opcode : 'add' 'sub'> <InPorts = 2> <OutPorts = 1>
ST_1 : Operation 37 [1/1] (0.00ns)   --->   "%br_ln365 = br i1 %icmp_ln365, void %for.inc9, void %for.end11.exitStub" [/home/efrink/mled/split_cu/U280_CRC_Accelerator/src/kernel.cpp:365]   --->   Operation 37 'br' 'br_ln365' <Predicate = true> <Delay = 0.00>
ST_1 : Operation 38 [1/1] (0.00ns)   --->   "%j_load = load i9 %j" [/home/efrink/mled/split_cu/U280_CRC_Accelerator/src/kernel.cpp:368]   --->   Operation 38 'load' 'j_load' <Predicate = (!icmp_ln365)> <Delay = 0.00>
ST_1 : Operation 39 [1/1] (0.59ns)   --->   "%icmp_ln368 = icmp_eq  i9 %j_load, i9 256" [/home/efrink/mled/split_cu/U280_CRC_Accelerator/src/kernel.cpp:368]   --->   Operation 39 'icmp' 'icmp_ln368' <Predicate = (!icmp_ln365)> <Delay = 0.59> <CoreInst = "Cmp">   --->   Core 9 'Cmp' <Latency = 0> <II = 1> <Delay = 0.60> <FuncUnit> <Opcode : 'icmp'> <InPorts = 2> <OutPorts = 1>
ST_1 : Operation 40 [1/1] (0.30ns)   --->   "%select_ln365 = select i1 %icmp_ln368, i9 0, i9 %j_load" [/home/efrink/mled/split_cu/U280_CRC_Accelerator/src/kernel.cpp:365]   --->   Operation 40 'select' 'select_ln365' <Predicate = (!icmp_ln365)> <Delay = 0.30> <CoreInst = "Sel">   --->   Core 73 'Sel' <Latency = 0> <II = 1> <Delay = 0.30> <FuncUnit> <Opcode : 'select'> <InPorts = 3> <OutPorts = 1>
ST_1 : Operation 41 [1/1] (0.00ns)   --->   "%trunc_ln368 = trunc i9 %select_ln365" [/home/efrink/mled/split_cu/U280_CRC_Accelerator/src/kernel.cpp:368]   --->   Operation 41 'trunc' 'trunc_ln368' <Predicate = (!icmp_ln365)> <Delay = 0.00>
ST_1 : Operation 42 [1/1] (0.65ns)   --->   "%icmp_ln371 = icmp_eq  i4 %trunc_ln368, i4 0" [/home/efrink/mled/split_cu/U280_CRC_Accelerator/src/kernel.cpp:371]   --->   Operation 42 'icmp' 'icmp_ln371' <Predicate = (!icmp_ln365)> <Delay = 0.65> <CoreInst = "Cmp">   --->   Core 9 'Cmp' <Latency = 0> <II = 1> <Delay = 0.65> <FuncUnit> <Opcode : 'icmp'> <InPorts = 2> <OutPorts = 1>
ST_1 : Operation 43 [1/1] (0.71ns)   --->   "%add_ln368 = add i9 %select_ln365, i9 1" [/home/efrink/mled/split_cu/U280_CRC_Accelerator/src/kernel.cpp:368]   --->   Operation 43 'add' 'add_ln368' <Predicate = (!icmp_ln365)> <Delay = 0.71> <CoreInst = "Adder">   --->   Core 1 'Adder' <Latency = 0> <II = 1> <Delay = 0.71> <FuncUnit> <Opcode : 'add' 'sub'> <InPorts = 2> <OutPorts = 1>
ST_1 : Operation 44 [1/1] (0.38ns)   --->   "%store_ln368 = store i13 %add_ln365, i13 %indvar_flatten" [/home/efrink/mled/split_cu/U280_CRC_Accelerator/src/kernel.cpp:368]   --->   Operation 44 'store' 'store_ln368' <Predicate = (!icmp_ln365)> <Delay = 0.38>
ST_1 : Operation 45 [1/1] (0.38ns)   --->   "%store_ln368 = store i9 %add_ln368, i9 %j" [/home/efrink/mled/split_cu/U280_CRC_Accelerator/src/kernel.cpp:368]   --->   Operation 45 'store' 'store_ln368' <Predicate = (!icmp_ln365)> <Delay = 0.38>

State 2 <SV = 1> <Delay = 2.43>
ST_2 : Operation 46 [1/1] (0.00ns)   --->   "%gmem1_addr = getelementptr i512 %gmem1, i64 %sext_ln365_cast" [/home/efrink/mled/split_cu/U280_CRC_Accelerator/src/kernel.cpp:365]   --->   Operation 46 'getelementptr' 'gmem1_addr' <Predicate = true> <Delay = 0.00>
ST_2 : Operation 47 [1/1] (2.43ns)   --->   "%gmem1_addr_read = read i512 @_ssdm_op_Read.m_axi.p1i512, i64 %gmem1_addr" [/home/efrink/mled/split_cu/U280_CRC_Accelerator/src/kernel.cpp:371]   --->   Operation 47 'read' 'gmem1_addr_read' <Predicate = (!icmp_ln365 & icmp_ln371)> <Delay = 2.43> <CoreInst = "m_axi">   --->   Core 121 'm_axi' <Latency = 0> <II = 1> <Delay = 1.00> <Adapter> <Opcode : 'read' 'write' 'readreq' 'writereq' 'writeresp'>
ST_2 : Operation 117 [1/1] (0.00ns)   --->   "%ret_ln0 = ret"   --->   Operation 117 'ret' 'ret_ln0' <Predicate = (icmp_ln365)> <Delay = 0.00>

State 3 <SV = 2> <Delay = 2.18>
ST_3 : Operation 48 [1/1] (0.00ns)   --->   "%shiftreg_load = load i480 %shiftreg" [/home/efrink/mled/split_cu/U280_CRC_Accelerator/src/kernel.cpp:365]   --->   Operation 48 'load' 'shiftreg_load' <Predicate = (!icmp_ln365 & !icmp_ln368)> <Delay = 0.00>
ST_3 : Operation 49 [1/1] (0.00ns)   --->   "%i_load = load i5 %i" [/home/efrink/mled/split_cu/U280_CRC_Accelerator/src/kernel.cpp:365]   --->   Operation 49 'load' 'i_load' <Predicate = (!icmp_ln365)> <Delay = 0.00>
ST_3 : Operation 50 [1/1] (0.00ns)   --->   "%specloopname_ln0 = specloopname void @_ssdm_op_SpecLoopName, void @load_lut_rows_load_lut_cols_str"   --->   Operation 50 'specloopname' 'specloopname_ln0' <Predicate = (!icmp_ln365)> <Delay = 0.00>
ST_3 : Operation 51 [1/1] (0.00ns)   --->   "%empty_41 = speclooptripcount i32 @_ssdm_op_SpecLoopTripCount, i64 4096, i64 4096, i64 4096"   --->   Operation 51 'speclooptripcount' 'empty_41' <Predicate = (!icmp_ln365)> <Delay = 0.00>
ST_3 : Operation 52 [1/1] (0.53ns)   --->   "%select_ln365_1 = select i1 %icmp_ln368, i480 0, i480 %shiftreg_load" [/home/efrink/mled/split_cu/U280_CRC_Accelerator/src/kernel.cpp:365]   --->   Operation 52 'select' 'select_ln365_1' <Predicate = (!icmp_ln365)> <Delay = 0.53> <CoreInst = "Sel">   --->   Core 73 'Sel' <Latency = 0> <II = 1> <Delay = 0.53> <FuncUnit> <Opcode : 'select'> <InPorts = 3> <OutPorts = 1>
ST_3 : Operation 53 [1/1] (0.70ns)   --->   "%add_ln365_1 = add i5 %i_load, i5 1" [/home/efrink/mled/split_cu/U280_CRC_Accelerator/src/kernel.cpp:365]   --->   Operation 53 'add' 'add_ln365_1' <Predicate = (!icmp_ln365 & icmp_ln368)> <Delay = 0.70> <CoreInst = "Adder">   --->   Core 1 'Adder' <Latency = 0> <II = 1> <Delay = 0.70> <FuncUnit> <Opcode : 'add' 'sub'> <InPorts = 2> <OutPorts = 1>
ST_3 : Operation 54 [1/1] (0.27ns)   --->   "%select_ln365_2 = select i1 %icmp_ln368, i5 %add_ln365_1, i5 %i_load" [/home/efrink/mled/split_cu/U280_CRC_Accelerator/src/kernel.cpp:365]   --->   Operation 54 'select' 'select_ln365_2' <Predicate = (!icmp_ln365)> <Delay = 0.27> <CoreInst = "Sel">   --->   Core 73 'Sel' <Latency = 0> <II = 1> <Delay = 0.27> <FuncUnit> <Opcode : 'select'> <InPorts = 3> <OutPorts = 1>
ST_3 : Operation 55 [1/1] (0.00ns)   --->   "%trunc_ln365 = trunc i5 %select_ln365_2" [/home/efrink/mled/split_cu/U280_CRC_Accelerator/src/kernel.cpp:365]   --->   Operation 55 'trunc' 'trunc_ln365' <Predicate = (!icmp_ln365)> <Delay = 0.00>
ST_3 : Operation 56 [1/1] (0.00ns)   --->   "%zext_ln368 = zext i480 %select_ln365_1" [/home/efrink/mled/split_cu/U280_CRC_Accelerator/src/kernel.cpp:368]   --->   Operation 56 'zext' 'zext_ln368' <Predicate = (!icmp_ln365)> <Delay = 0.00>
ST_3 : Operation 57 [1/1] (0.00ns)   --->   "%zext_ln368_1 = zext i9 %select_ln365" [/home/efrink/mled/split_cu/U280_CRC_Accelerator/src/kernel.cpp:368]   --->   Operation 57 'zext' 'zext_ln368_1' <Predicate = (!icmp_ln365)> <Delay = 0.00>
ST_3 : Operation 58 [1/1] (0.00ns)   --->   "%specpipeline_ln370 = specpipeline void @_ssdm_op_SpecPipeline, i32 1, i32 0, i32 0, i32 0, void @empty_23" [/home/efrink/mled/split_cu/U280_CRC_Accelerator/src/kernel.cpp:370]   --->   Operation 58 'specpipeline' 'specpipeline_ln370' <Predicate = (!icmp_ln365)> <Delay = 0.00>
ST_3 : Operation 59 [1/1] (0.00ns)   --->   "%specloopname_ln368 = specloopname void @_ssdm_op_SpecLoopName, void @empty_13" [/home/efrink/mled/split_cu/U280_CRC_Accelerator/src/kernel.cpp:368]   --->   Operation 59 'specloopname' 'specloopname_ln368' <Predicate = (!icmp_ln365)> <Delay = 0.00>
ST_3 : Operation 60 [1/1] (0.38ns)   --->   "%br_ln371 = br i1 %icmp_ln371, void %for.inc.split._crit_edge, void" [/home/efrink/mled/split_cu/U280_CRC_Accelerator/src/kernel.cpp:371]   --->   Operation 60 'br' 'br_ln371' <Predicate = (!icmp_ln365)> <Delay = 0.38>
ST_3 : Operation 61 [1/1] (0.38ns)   --->   "%br_ln371 = br void %for.inc.split._crit_edge" [/home/efrink/mled/split_cu/U280_CRC_Accelerator/src/kernel.cpp:371]   --->   Operation 61 'br' 'br_ln371' <Predicate = (!icmp_ln365 & icmp_ln371)> <Delay = 0.38>
ST_3 : Operation 62 [1/1] (0.00ns)   --->   "%empty = phi i512 %gmem1_addr_read, void, i512 %zext_ln368, void %for.inc9" [/home/efrink/mled/split_cu/U280_CRC_Accelerator/src/kernel.cpp:371]   --->   Operation 62 'phi' 'empty' <Predicate = true> <Delay = 0.00>
ST_3 : Operation 63 [1/1] (0.00ns)   --->   "%trunc_ln371 = trunc i512 %empty" [/home/efrink/mled/split_cu/U280_CRC_Accelerator/src/kernel.cpp:371]   --->   Operation 63 'trunc' 'trunc_ln371' <Predicate = true> <Delay = 0.00>
ST_3 : Operation 64 [1/1] (0.00ns)   --->   "%trunc_ln371_1 = partselect i480 @_ssdm_op_PartSelect.i480.i512.i32.i32, i512 %empty, i32 32, i32 511" [/home/efrink/mled/split_cu/U280_CRC_Accelerator/src/kernel.cpp:371]   --->   Operation 64 'partselect' 'trunc_ln371_1' <Predicate = true> <Delay = 0.00>
ST_3 : Operation 65 [1/1] (0.00ns)   --->   "%crcTables_0_addr = getelementptr i32 %crcTables_0, i64 0, i64 %zext_ln368_1" [/home/efrink/mled/split_cu/U280_CRC_Accelerator/src/kernel.cpp:371]   --->   Operation 65 'getelementptr' 'crcTables_0_addr' <Predicate = true> <Delay = 0.00>
ST_3 : Operation 66 [1/1] (0.00ns)   --->   "%crcTables_1_addr = getelementptr i32 %crcTables_1, i64 0, i64 %zext_ln368_1" [/home/efrink/mled/split_cu/U280_CRC_Accelerator/src/kernel.cpp:371]   --->   Operation 66 'getelementptr' 'crcTables_1_addr' <Predicate = true> <Delay = 0.00>
ST_3 : Operation 67 [1/1] (0.00ns)   --->   "%crcTables_2_addr = getelementptr i32 %crcTables_2, i64 0, i64 %zext_ln368_1" [/home/efrink/mled/split_cu/U280_CRC_Accelerator/src/kernel.cpp:371]   --->   Operation 67 'getelementptr' 'crcTables_2_addr' <Predicate = true> <Delay = 0.00>
ST_3 : Operation 68 [1/1] (0.00ns)   --->   "%crcTables_3_addr = getelementptr i32 %crcTables_3, i64 0, i64 %zext_ln368_1" [/home/efrink/mled/split_cu/U280_CRC_Accelerator/src/kernel.cpp:371]   --->   Operation 68 'getelementptr' 'crcTables_3_addr' <Predicate = true> <Delay = 0.00>
ST_3 : Operation 69 [1/1] (0.00ns)   --->   "%crcTables_4_addr = getelementptr i32 %crcTables_4, i64 0, i64 %zext_ln368_1" [/home/efrink/mled/split_cu/U280_CRC_Accelerator/src/kernel.cpp:371]   --->   Operation 69 'getelementptr' 'crcTables_4_addr' <Predicate = true> <Delay = 0.00>
ST_3 : Operation 70 [1/1] (0.00ns)   --->   "%crcTables_5_addr = getelementptr i32 %crcTables_5, i64 0, i64 %zext_ln368_1" [/home/efrink/mled/split_cu/U280_CRC_Accelerator/src/kernel.cpp:371]   --->   Operation 70 'getelementptr' 'crcTables_5_addr' <Predicate = true> <Delay = 0.00>
ST_3 : Operation 71 [1/1] (0.00ns)   --->   "%crcTables_6_addr = getelementptr i32 %crcTables_6, i64 0, i64 %zext_ln368_1" [/home/efrink/mled/split_cu/U280_CRC_Accelerator/src/kernel.cpp:371]   --->   Operation 71 'getelementptr' 'crcTables_6_addr' <Predicate = true> <Delay = 0.00>
ST_3 : Operation 72 [1/1] (0.00ns)   --->   "%crcTables_7_addr = getelementptr i32 %crcTables_7, i64 0, i64 %zext_ln368_1" [/home/efrink/mled/split_cu/U280_CRC_Accelerator/src/kernel.cpp:371]   --->   Operation 72 'getelementptr' 'crcTables_7_addr' <Predicate = true> <Delay = 0.00>
ST_3 : Operation 73 [1/1] (0.00ns)   --->   "%crcTables_8_addr = getelementptr i32 %crcTables_8, i64 0, i64 %zext_ln368_1" [/home/efrink/mled/split_cu/U280_CRC_Accelerator/src/kernel.cpp:371]   --->   Operation 73 'getelementptr' 'crcTables_8_addr' <Predicate = true> <Delay = 0.00>
ST_3 : Operation 74 [1/1] (0.00ns)   --->   "%crcTables_9_addr = getelementptr i32 %crcTables_9, i64 0, i64 %zext_ln368_1" [/home/efrink/mled/split_cu/U280_CRC_Accelerator/src/kernel.cpp:371]   --->   Operation 74 'getelementptr' 'crcTables_9_addr' <Predicate = true> <Delay = 0.00>
ST_3 : Operation 75 [1/1] (0.00ns)   --->   "%crcTables_10_addr = getelementptr i32 %crcTables_10, i64 0, i64 %zext_ln368_1" [/home/efrink/mled/split_cu/U280_CRC_Accelerator/src/kernel.cpp:371]   --->   Operation 75 'getelementptr' 'crcTables_10_addr' <Predicate = true> <Delay = 0.00>
ST_3 : Operation 76 [1/1] (0.00ns)   --->   "%crcTables_11_addr = getelementptr i32 %crcTables_11, i64 0, i64 %zext_ln368_1" [/home/efrink/mled/split_cu/U280_CRC_Accelerator/src/kernel.cpp:371]   --->   Operation 76 'getelementptr' 'crcTables_11_addr' <Predicate = true> <Delay = 0.00>
ST_3 : Operation 77 [1/1] (0.00ns)   --->   "%crcTables_12_addr = getelementptr i32 %crcTables_12, i64 0, i64 %zext_ln368_1" [/home/efrink/mled/split_cu/U280_CRC_Accelerator/src/kernel.cpp:371]   --->   Operation 77 'getelementptr' 'crcTables_12_addr' <Predicate = true> <Delay = 0.00>
ST_3 : Operation 78 [1/1] (0.00ns)   --->   "%crcTables_13_addr = getelementptr i32 %crcTables_13, i64 0, i64 %zext_ln368_1" [/home/efrink/mled/split_cu/U280_CRC_Accelerator/src/kernel.cpp:371]   --->   Operation 78 'getelementptr' 'crcTables_13_addr' <Predicate = true> <Delay = 0.00>
ST_3 : Operation 79 [1/1] (0.00ns)   --->   "%crcTables_14_addr = getelementptr i32 %crcTables_14, i64 0, i64 %zext_ln368_1" [/home/efrink/mled/split_cu/U280_CRC_Accelerator/src/kernel.cpp:371]   --->   Operation 79 'getelementptr' 'crcTables_14_addr' <Predicate = true> <Delay = 0.00>
ST_3 : Operation 80 [1/1] (0.00ns)   --->   "%crcTables_15_addr = getelementptr i32 %crcTables_15, i64 0, i64 %zext_ln368_1" [/home/efrink/mled/split_cu/U280_CRC_Accelerator/src/kernel.cpp:371]   --->   Operation 80 'getelementptr' 'crcTables_15_addr' <Predicate = true> <Delay = 0.00>
ST_3 : Operation 81 [1/1] (0.34ns)   --->   "%switch_ln371 = switch i4 %trunc_ln365, void %arrayidx811.case.15, i4 0, void %arrayidx811.case.0, i4 1, void %arrayidx811.case.1, i4 2, void %arrayidx811.case.2, i4 3, void %arrayidx811.case.3, i4 4, void %arrayidx811.case.4, i4 5, void %arrayidx811.case.5, i4 6, void %arrayidx811.case.6, i4 7, void %arrayidx811.case.7, i4 8, void %arrayidx811.case.8, i4 9, void %arrayidx811.case.9, i4 10, void %arrayidx811.case.10, i4 11, void %arrayidx811.case.11, i4 12, void %arrayidx811.case.12, i4 13, void %arrayidx811.case.13, i4 14, void %arrayidx811.case.14" [/home/efrink/mled/split_cu/U280_CRC_Accelerator/src/kernel.cpp:371]   --->   Operation 81 'switch' 'switch_ln371' <Predicate = true> <Delay = 0.34>
ST_3 : Operation 82 [1/1] (1.19ns)   --->   "%store_ln371 = store i32 %trunc_ln371, i8 %crcTables_14_addr" [/home/efrink/mled/split_cu/U280_CRC_Accelerator/src/kernel.cpp:371]   --->   Operation 82 'store' 'store_ln371' <Predicate = (trunc_ln365 == 14)> <Delay = 1.19> <CoreInst = "RAM_1P_BRAM">   --->   Core 90 'RAM_1P_BRAM' <Latency = 1> <II = 1> <Delay = 1.19> <Storage> <Opcode : 'load' 'store'> <Ports = 1> <Width = 32> <Depth = 256> <RAM>
ST_3 : Operation 83 [1/1] (0.00ns)   --->   "%br_ln371 = br void %arrayidx811.exit" [/home/efrink/mled/split_cu/U280_CRC_Accelerator/src/kernel.cpp:371]   --->   Operation 83 'br' 'br_ln371' <Predicate = (trunc_ln365 == 14)> <Delay = 0.00>
ST_3 : Operation 84 [1/1] (1.19ns)   --->   "%store_ln371 = store i32 %trunc_ln371, i8 %crcTables_13_addr" [/home/efrink/mled/split_cu/U280_CRC_Accelerator/src/kernel.cpp:371]   --->   Operation 84 'store' 'store_ln371' <Predicate = (trunc_ln365 == 13)> <Delay = 1.19> <CoreInst = "RAM_1P_BRAM">   --->   Core 90 'RAM_1P_BRAM' <Latency = 1> <II = 1> <Delay = 1.19> <Storage> <Opcode : 'load' 'store'> <Ports = 1> <Width = 32> <Depth = 256> <RAM>
ST_3 : Operation 85 [1/1] (0.00ns)   --->   "%br_ln371 = br void %arrayidx811.exit" [/home/efrink/mled/split_cu/U280_CRC_Accelerator/src/kernel.cpp:371]   --->   Operation 85 'br' 'br_ln371' <Predicate = (trunc_ln365 == 13)> <Delay = 0.00>
ST_3 : Operation 86 [1/1] (1.19ns)   --->   "%store_ln371 = store i32 %trunc_ln371, i8 %crcTables_12_addr" [/home/efrink/mled/split_cu/U280_CRC_Accelerator/src/kernel.cpp:371]   --->   Operation 86 'store' 'store_ln371' <Predicate = (trunc_ln365 == 12)> <Delay = 1.19> <CoreInst = "RAM_1P_BRAM">   --->   Core 90 'RAM_1P_BRAM' <Latency = 1> <II = 1> <Delay = 1.19> <Storage> <Opcode : 'load' 'store'> <Ports = 1> <Width = 32> <Depth = 256> <RAM>
ST_3 : Operation 87 [1/1] (0.00ns)   --->   "%br_ln371 = br void %arrayidx811.exit" [/home/efrink/mled/split_cu/U280_CRC_Accelerator/src/kernel.cpp:371]   --->   Operation 87 'br' 'br_ln371' <Predicate = (trunc_ln365 == 12)> <Delay = 0.00>
ST_3 : Operation 88 [1/1] (1.19ns)   --->   "%store_ln371 = store i32 %trunc_ln371, i8 %crcTables_11_addr" [/home/efrink/mled/split_cu/U280_CRC_Accelerator/src/kernel.cpp:371]   --->   Operation 88 'store' 'store_ln371' <Predicate = (trunc_ln365 == 11)> <Delay = 1.19> <CoreInst = "RAM_1P_BRAM">   --->   Core 90 'RAM_1P_BRAM' <Latency = 1> <II = 1> <Delay = 1.19> <Storage> <Opcode : 'load' 'store'> <Ports = 1> <Width = 32> <Depth = 256> <RAM>
ST_3 : Operation 89 [1/1] (0.00ns)   --->   "%br_ln371 = br void %arrayidx811.exit" [/home/efrink/mled/split_cu/U280_CRC_Accelerator/src/kernel.cpp:371]   --->   Operation 89 'br' 'br_ln371' <Predicate = (trunc_ln365 == 11)> <Delay = 0.00>
ST_3 : Operation 90 [1/1] (1.19ns)   --->   "%store_ln371 = store i32 %trunc_ln371, i8 %crcTables_10_addr" [/home/efrink/mled/split_cu/U280_CRC_Accelerator/src/kernel.cpp:371]   --->   Operation 90 'store' 'store_ln371' <Predicate = (trunc_ln365 == 10)> <Delay = 1.19> <CoreInst = "RAM_1P_BRAM">   --->   Core 90 'RAM_1P_BRAM' <Latency = 1> <II = 1> <Delay = 1.19> <Storage> <Opcode : 'load' 'store'> <Ports = 1> <Width = 32> <Depth = 256> <RAM>
ST_3 : Operation 91 [1/1] (0.00ns)   --->   "%br_ln371 = br void %arrayidx811.exit" [/home/efrink/mled/split_cu/U280_CRC_Accelerator/src/kernel.cpp:371]   --->   Operation 91 'br' 'br_ln371' <Predicate = (trunc_ln365 == 10)> <Delay = 0.00>
ST_3 : Operation 92 [1/1] (1.19ns)   --->   "%store_ln371 = store i32 %trunc_ln371, i8 %crcTables_9_addr" [/home/efrink/mled/split_cu/U280_CRC_Accelerator/src/kernel.cpp:371]   --->   Operation 92 'store' 'store_ln371' <Predicate = (trunc_ln365 == 9)> <Delay = 1.19> <CoreInst = "RAM_1P_BRAM">   --->   Core 90 'RAM_1P_BRAM' <Latency = 1> <II = 1> <Delay = 1.19> <Storage> <Opcode : 'load' 'store'> <Ports = 1> <Width = 32> <Depth = 256> <RAM>
ST_3 : Operation 93 [1/1] (0.00ns)   --->   "%br_ln371 = br void %arrayidx811.exit" [/home/efrink/mled/split_cu/U280_CRC_Accelerator/src/kernel.cpp:371]   --->   Operation 93 'br' 'br_ln371' <Predicate = (trunc_ln365 == 9)> <Delay = 0.00>
ST_3 : Operation 94 [1/1] (1.19ns)   --->   "%store_ln371 = store i32 %trunc_ln371, i8 %crcTables_8_addr" [/home/efrink/mled/split_cu/U280_CRC_Accelerator/src/kernel.cpp:371]   --->   Operation 94 'store' 'store_ln371' <Predicate = (trunc_ln365 == 8)> <Delay = 1.19> <CoreInst = "RAM_1P_BRAM">   --->   Core 90 'RAM_1P_BRAM' <Latency = 1> <II = 1> <Delay = 1.19> <Storage> <Opcode : 'load' 'store'> <Ports = 1> <Width = 32> <Depth = 256> <RAM>
ST_3 : Operation 95 [1/1] (0.00ns)   --->   "%br_ln371 = br void %arrayidx811.exit" [/home/efrink/mled/split_cu/U280_CRC_Accelerator/src/kernel.cpp:371]   --->   Operation 95 'br' 'br_ln371' <Predicate = (trunc_ln365 == 8)> <Delay = 0.00>
ST_3 : Operation 96 [1/1] (1.19ns)   --->   "%store_ln371 = store i32 %trunc_ln371, i8 %crcTables_7_addr" [/home/efrink/mled/split_cu/U280_CRC_Accelerator/src/kernel.cpp:371]   --->   Operation 96 'store' 'store_ln371' <Predicate = (trunc_ln365 == 7)> <Delay = 1.19> <CoreInst = "RAM_1P_BRAM">   --->   Core 90 'RAM_1P_BRAM' <Latency = 1> <II = 1> <Delay = 1.19> <Storage> <Opcode : 'load' 'store'> <Ports = 1> <Width = 32> <Depth = 256> <RAM>
ST_3 : Operation 97 [1/1] (0.00ns)   --->   "%br_ln371 = br void %arrayidx811.exit" [/home/efrink/mled/split_cu/U280_CRC_Accelerator/src/kernel.cpp:371]   --->   Operation 97 'br' 'br_ln371' <Predicate = (trunc_ln365 == 7)> <Delay = 0.00>
ST_3 : Operation 98 [1/1] (1.19ns)   --->   "%store_ln371 = store i32 %trunc_ln371, i8 %crcTables_6_addr" [/home/efrink/mled/split_cu/U280_CRC_Accelerator/src/kernel.cpp:371]   --->   Operation 98 'store' 'store_ln371' <Predicate = (trunc_ln365 == 6)> <Delay = 1.19> <CoreInst = "RAM_1P_BRAM">   --->   Core 90 'RAM_1P_BRAM' <Latency = 1> <II = 1> <Delay = 1.19> <Storage> <Opcode : 'load' 'store'> <Ports = 1> <Width = 32> <Depth = 256> <RAM>
ST_3 : Operation 99 [1/1] (0.00ns)   --->   "%br_ln371 = br void %arrayidx811.exit" [/home/efrink/mled/split_cu/U280_CRC_Accelerator/src/kernel.cpp:371]   --->   Operation 99 'br' 'br_ln371' <Predicate = (trunc_ln365 == 6)> <Delay = 0.00>
ST_3 : Operation 100 [1/1] (1.19ns)   --->   "%store_ln371 = store i32 %trunc_ln371, i8 %crcTables_5_addr" [/home/efrink/mled/split_cu/U280_CRC_Accelerator/src/kernel.cpp:371]   --->   Operation 100 'store' 'store_ln371' <Predicate = (trunc_ln365 == 5)> <Delay = 1.19> <CoreInst = "RAM_1P_BRAM">   --->   Core 90 'RAM_1P_BRAM' <Latency = 1> <II = 1> <Delay = 1.19> <Storage> <Opcode : 'load' 'store'> <Ports = 1> <Width = 32> <Depth = 256> <RAM>
ST_3 : Operation 101 [1/1] (0.00ns)   --->   "%br_ln371 = br void %arrayidx811.exit" [/home/efrink/mled/split_cu/U280_CRC_Accelerator/src/kernel.cpp:371]   --->   Operation 101 'br' 'br_ln371' <Predicate = (trunc_ln365 == 5)> <Delay = 0.00>
ST_3 : Operation 102 [1/1] (1.19ns)   --->   "%store_ln371 = store i32 %trunc_ln371, i8 %crcTables_4_addr" [/home/efrink/mled/split_cu/U280_CRC_Accelerator/src/kernel.cpp:371]   --->   Operation 102 'store' 'store_ln371' <Predicate = (trunc_ln365 == 4)> <Delay = 1.19> <CoreInst = "RAM_1P_BRAM">   --->   Core 90 'RAM_1P_BRAM' <Latency = 1> <II = 1> <Delay = 1.19> <Storage> <Opcode : 'load' 'store'> <Ports = 1> <Width = 32> <Depth = 256> <RAM>
ST_3 : Operation 103 [1/1] (0.00ns)   --->   "%br_ln371 = br void %arrayidx811.exit" [/home/efrink/mled/split_cu/U280_CRC_Accelerator/src/kernel.cpp:371]   --->   Operation 103 'br' 'br_ln371' <Predicate = (trunc_ln365 == 4)> <Delay = 0.00>
ST_3 : Operation 104 [1/1] (1.19ns)   --->   "%store_ln371 = store i32 %trunc_ln371, i8 %crcTables_3_addr" [/home/efrink/mled/split_cu/U280_CRC_Accelerator/src/kernel.cpp:371]   --->   Operation 104 'store' 'store_ln371' <Predicate = (trunc_ln365 == 3)> <Delay = 1.19> <CoreInst = "RAM_1P_BRAM">   --->   Core 90 'RAM_1P_BRAM' <Latency = 1> <II = 1> <Delay = 1.19> <Storage> <Opcode : 'load' 'store'> <Ports = 1> <Width = 32> <Depth = 256> <RAM>
ST_3 : Operation 105 [1/1] (0.00ns)   --->   "%br_ln371 = br void %arrayidx811.exit" [/home/efrink/mled/split_cu/U280_CRC_Accelerator/src/kernel.cpp:371]   --->   Operation 105 'br' 'br_ln371' <Predicate = (trunc_ln365 == 3)> <Delay = 0.00>
ST_3 : Operation 106 [1/1] (1.19ns)   --->   "%store_ln371 = store i32 %trunc_ln371, i8 %crcTables_2_addr" [/home/efrink/mled/split_cu/U280_CRC_Accelerator/src/kernel.cpp:371]   --->   Operation 106 'store' 'store_ln371' <Predicate = (trunc_ln365 == 2)> <Delay = 1.19> <CoreInst = "RAM_1P_BRAM">   --->   Core 90 'RAM_1P_BRAM' <Latency = 1> <II = 1> <Delay = 1.19> <Storage> <Opcode : 'load' 'store'> <Ports = 1> <Width = 32> <Depth = 256> <RAM>
ST_3 : Operation 107 [1/1] (0.00ns)   --->   "%br_ln371 = br void %arrayidx811.exit" [/home/efrink/mled/split_cu/U280_CRC_Accelerator/src/kernel.cpp:371]   --->   Operation 107 'br' 'br_ln371' <Predicate = (trunc_ln365 == 2)> <Delay = 0.00>
ST_3 : Operation 108 [1/1] (1.19ns)   --->   "%store_ln371 = store i32 %trunc_ln371, i8 %crcTables_1_addr" [/home/efrink/mled/split_cu/U280_CRC_Accelerator/src/kernel.cpp:371]   --->   Operation 108 'store' 'store_ln371' <Predicate = (trunc_ln365 == 1)> <Delay = 1.19> <CoreInst = "RAM_1P_BRAM">   --->   Core 90 'RAM_1P_BRAM' <Latency = 1> <II = 1> <Delay = 1.19> <Storage> <Opcode : 'load' 'store'> <Ports = 1> <Width = 32> <Depth = 256> <RAM>
ST_3 : Operation 109 [1/1] (0.00ns)   --->   "%br_ln371 = br void %arrayidx811.exit" [/home/efrink/mled/split_cu/U280_CRC_Accelerator/src/kernel.cpp:371]   --->   Operation 109 'br' 'br_ln371' <Predicate = (trunc_ln365 == 1)> <Delay = 0.00>
ST_3 : Operation 110 [1/1] (1.19ns)   --->   "%store_ln371 = store i32 %trunc_ln371, i8 %crcTables_0_addr" [/home/efrink/mled/split_cu/U280_CRC_Accelerator/src/kernel.cpp:371]   --->   Operation 110 'store' 'store_ln371' <Predicate = (trunc_ln365 == 0)> <Delay = 1.19> <CoreInst = "RAM_1P_BRAM">   --->   Core 90 'RAM_1P_BRAM' <Latency = 1> <II = 1> <Delay = 1.19> <Storage> <Opcode : 'load' 'store'> <Ports = 1> <Width = 32> <Depth = 256> <RAM>
ST_3 : Operation 111 [1/1] (0.00ns)   --->   "%br_ln371 = br void %arrayidx811.exit" [/home/efrink/mled/split_cu/U280_CRC_Accelerator/src/kernel.cpp:371]   --->   Operation 111 'br' 'br_ln371' <Predicate = (trunc_ln365 == 0)> <Delay = 0.00>
ST_3 : Operation 112 [1/1] (1.19ns)   --->   "%store_ln371 = store i32 %trunc_ln371, i8 %crcTables_15_addr" [/home/efrink/mled/split_cu/U280_CRC_Accelerator/src/kernel.cpp:371]   --->   Operation 112 'store' 'store_ln371' <Predicate = (trunc_ln365 == 15)> <Delay = 1.19> <CoreInst = "RAM_1P_BRAM">   --->   Core 90 'RAM_1P_BRAM' <Latency = 1> <II = 1> <Delay = 1.19> <Storage> <Opcode : 'load' 'store'> <Ports = 1> <Width = 32> <Depth = 256> <RAM>
ST_3 : Operation 113 [1/1] (0.00ns)   --->   "%br_ln371 = br void %arrayidx811.exit" [/home/efrink/mled/split_cu/U280_CRC_Accelerator/src/kernel.cpp:371]   --->   Operation 113 'br' 'br_ln371' <Predicate = (trunc_ln365 == 15)> <Delay = 0.00>
ST_3 : Operation 114 [1/1] (0.38ns)   --->   "%store_ln368 = store i5 %select_ln365_2, i5 %i" [/home/efrink/mled/split_cu/U280_CRC_Accelerator/src/kernel.cpp:368]   --->   Operation 114 'store' 'store_ln368' <Predicate = true> <Delay = 0.38>
ST_3 : Operation 115 [1/1] (0.38ns)   --->   "%store_ln368 = store i480 %trunc_ln371_1, i480 %shiftreg" [/home/efrink/mled/split_cu/U280_CRC_Accelerator/src/kernel.cpp:368]   --->   Operation 115 'store' 'store_ln368' <Predicate = true> <Delay = 0.38>
ST_3 : Operation 116 [1/1] (0.00ns)   --->   "%br_ln368 = br void %for.inc" [/home/efrink/mled/split_cu/U280_CRC_Accelerator/src/kernel.cpp:368]   --->   Operation 116 'br' 'br_ln368' <Predicate = true> <Delay = 0.00>


============================================================
+ Verbose Summary: Binding
============================================================
STG Binding: 
---------------- STG Properties BEGIN ----------------
- Is combinational: 0
- Is one-state seq: 0
- Is datapath-only: 0
- Is pipelined: 0
- Is top level: 0
Port [ Return ] is wired: 1; IO mode=ap_ctrl_hs:ce=0
Port [ gmem1]:  wired=1; compound=1; hidden=0; nouse=0; global=0; static=0; extern=0; dir=0; type=4; pingpong=0; private_global=0; IO mode=m_axi:ce=0
Port [ sext_ln365]:  wired=1; compound=0; hidden=0; nouse=0; global=0; static=0; extern=0; dir=0; type=0; pingpong=0; private_global=0; IO mode=ap_none:ce=0
Port [ crcTables_0]:  wired=1; compound=1; hidden=0; nouse=0; global=0; static=0; extern=0; dir=1; type=1; pingpong=0; private_global=0; MemPort=[0]; IO mode=ap_memory:ce=0
Port [ crcTables_1]:  wired=1; compound=1; hidden=0; nouse=0; global=0; static=0; extern=0; dir=1; type=1; pingpong=0; private_global=0; MemPort=[0]; IO mode=ap_memory:ce=0
Port [ crcTables_2]:  wired=1; compound=1; hidden=0; nouse=0; global=0; static=0; extern=0; dir=1; type=1; pingpong=0; private_global=0; MemPort=[0]; IO mode=ap_memory:ce=0
Port [ crcTables_3]:  wired=1; compound=1; hidden=0; nouse=0; global=0; static=0; extern=0; dir=1; type=1; pingpong=0; private_global=0; MemPort=[0]; IO mode=ap_memory:ce=0
Port [ crcTables_4]:  wired=1; compound=1; hidden=0; nouse=0; global=0; static=0; extern=0; dir=1; type=1; pingpong=0; private_global=0; MemPort=[0]; IO mode=ap_memory:ce=0
Port [ crcTables_5]:  wired=1; compound=1; hidden=0; nouse=0; global=0; static=0; extern=0; dir=1; type=1; pingpong=0; private_global=0; MemPort=[0]; IO mode=ap_memory:ce=0
Port [ crcTables_6]:  wired=1; compound=1; hidden=0; nouse=0; global=0; static=0; extern=0; dir=1; type=1; pingpong=0; private_global=0; MemPort=[0]; IO mode=ap_memory:ce=0
Port [ crcTables_7]:  wired=1; compound=1; hidden=0; nouse=0; global=0; static=0; extern=0; dir=1; type=1; pingpong=0; private_global=0; MemPort=[0]; IO mode=ap_memory:ce=0
Port [ crcTables_8]:  wired=1; compound=1; hidden=0; nouse=0; global=0; static=0; extern=0; dir=1; type=1; pingpong=0; private_global=0; MemPort=[0]; IO mode=ap_memory:ce=0
Port [ crcTables_9]:  wired=1; compound=1; hidden=0; nouse=0; global=0; static=0; extern=0; dir=1; type=1; pingpong=0; private_global=0; MemPort=[0]; IO mode=ap_memory:ce=0
Port [ crcTables_10]:  wired=1; compound=1; hidden=0; nouse=0; global=0; static=0; extern=0; dir=1; type=1; pingpong=0; private_global=0; MemPort=[0]; IO mode=ap_memory:ce=0
Port [ crcTables_11]:  wired=1; compound=1; hidden=0; nouse=0; global=0; static=0; extern=0; dir=1; type=1; pingpong=0; private_global=0; MemPort=[0]; IO mode=ap_memory:ce=0
Port [ crcTables_12]:  wired=1; compound=1; hidden=0; nouse=0; global=0; static=0; extern=0; dir=1; type=1; pingpong=0; private_global=0; MemPort=[0]; IO mode=ap_memory:ce=0
Port [ crcTables_13]:  wired=1; compound=1; hidden=0; nouse=0; global=0; static=0; extern=0; dir=1; type=1; pingpong=0; private_global=0; MemPort=[0]; IO mode=ap_memory:ce=0
Port [ crcTables_14]:  wired=1; compound=1; hidden=0; nouse=0; global=0; static=0; extern=0; dir=1; type=1; pingpong=0; private_global=0; MemPort=[0]; IO mode=ap_memory:ce=0
Port [ crcTables_15]:  wired=1; compound=1; hidden=0; nouse=0; global=0; static=0; extern=0; dir=1; type=1; pingpong=0; private_global=0; MemPort=[0]; IO mode=ap_memory:ce=0
---------------- STG Properties END ------------------

---------------- Datapath Model BEGIN ----------------

<LifeTime>
<method=bitvector/>
shiftreg            (alloca           ) [ 0111]
j                   (alloca           ) [ 0100]
i                   (alloca           ) [ 0111]
indvar_flatten      (alloca           ) [ 0100]
sext_ln365_read     (read             ) [ 0000]
sext_ln365_cast     (sext             ) [ 0110]
specmemcore_ln0     (specmemcore      ) [ 0000]
specmemcore_ln0     (specmemcore      ) [ 0000]
specmemcore_ln0     (specmemcore      ) [ 0000]
specmemcore_ln0     (specmemcore      ) [ 0000]
specmemcore_ln0     (specmemcore      ) [ 0000]
specmemcore_ln0     (specmemcore      ) [ 0000]
specmemcore_ln0     (specmemcore      ) [ 0000]
specmemcore_ln0     (specmemcore      ) [ 0000]
specmemcore_ln0     (specmemcore      ) [ 0000]
specmemcore_ln0     (specmemcore      ) [ 0000]
specmemcore_ln0     (specmemcore      ) [ 0000]
specmemcore_ln0     (specmemcore      ) [ 0000]
specmemcore_ln0     (specmemcore      ) [ 0000]
specmemcore_ln0     (specmemcore      ) [ 0000]
specmemcore_ln0     (specmemcore      ) [ 0000]
specmemcore_ln0     (specmemcore      ) [ 0000]
specinterface_ln0   (specinterface    ) [ 0000]
store_ln0           (store            ) [ 0000]
store_ln0           (store            ) [ 0000]
store_ln0           (store            ) [ 0000]
store_ln0           (store            ) [ 0000]
br_ln0              (br               ) [ 0000]
indvar_flatten_load (load             ) [ 0000]
icmp_ln365          (icmp             ) [ 0111]
add_ln365           (add              ) [ 0000]
br_ln365            (br               ) [ 0000]
j_load              (load             ) [ 0000]
icmp_ln368          (icmp             ) [ 0111]
select_ln365        (select           ) [ 0111]
trunc_ln368         (trunc            ) [ 0000]
icmp_ln371          (icmp             ) [ 0111]
add_ln368           (add              ) [ 0000]
store_ln368         (store            ) [ 0000]
store_ln368         (store            ) [ 0000]
gmem1_addr          (getelementptr    ) [ 0000]
gmem1_addr_read     (read             ) [ 0101]
shiftreg_load       (load             ) [ 0000]
i_load              (load             ) [ 0000]
specloopname_ln0    (specloopname     ) [ 0000]
empty_41            (speclooptripcount) [ 0000]
select_ln365_1      (select           ) [ 0000]
add_ln365_1         (add              ) [ 0000]
select_ln365_2      (select           ) [ 0000]
trunc_ln365         (trunc            ) [ 0101]
zext_ln368          (zext             ) [ 0000]
zext_ln368_1        (zext             ) [ 0000]
specpipeline_ln370  (specpipeline     ) [ 0000]
specloopname_ln368  (specloopname     ) [ 0000]
br_ln371            (br               ) [ 0000]
br_ln371            (br               ) [ 0000]
empty               (phi              ) [ 0101]
trunc_ln371         (trunc            ) [ 0000]
trunc_ln371_1       (partselect       ) [ 0000]
crcTables_0_addr    (getelementptr    ) [ 0000]
crcTables_1_addr    (getelementptr    ) [ 0000]
crcTables_2_addr    (getelementptr    ) [ 0000]
crcTables_3_addr    (getelementptr    ) [ 0000]
crcTables_4_addr    (getelementptr    ) [ 0000]
crcTables_5_addr    (getelementptr    ) [ 0000]
crcTables_6_addr    (getelementptr    ) [ 0000]
crcTables_7_addr    (getelementptr    ) [ 0000]
crcTables_8_addr    (getelementptr    ) [ 0000]
crcTables_9_addr    (getelementptr    ) [ 0000]
crcTables_10_addr   (getelementptr    ) [ 0000]
crcTables_11_addr   (getelementptr    ) [ 0000]
crcTables_12_addr   (getelementptr    ) [ 0000]
crcTables_13_addr   (getelementptr    ) [ 0000]
crcTables_14_addr   (getelementptr    ) [ 0000]
crcTables_15_addr   (getelementptr    ) [ 0000]
switch_ln371        (switch           ) [ 0000]
store_ln371         (store            ) [ 0000]
br_ln371            (br               ) [ 0000]
store_ln371         (store            ) [ 0000]
br_ln371            (br               ) [ 0000]
store_ln371         (store            ) [ 0000]
br_ln371            (br               ) [ 0000]
store_ln371         (store            ) [ 0000]
br_ln371            (br               ) [ 0000]
store_ln371         (store            ) [ 0000]
br_ln371            (br               ) [ 0000]
store_ln371         (store            ) [ 0000]
br_ln371            (br               ) [ 0000]
store_ln371         (store            ) [ 0000]
br_ln371            (br               ) [ 0000]
store_ln371         (store            ) [ 0000]
br_ln371            (br               ) [ 0000]
store_ln371         (store            ) [ 0000]
br_ln371            (br               ) [ 0000]
store_ln371         (store            ) [ 0000]
br_ln371            (br               ) [ 0000]
store_ln371         (store            ) [ 0000]
br_ln371            (br               ) [ 0000]
store_ln371         (store            ) [ 0000]
br_ln371            (br               ) [ 0000]
store_ln371         (store            ) [ 0000]
br_ln371            (br               ) [ 0000]
store_ln371         (store            ) [ 0000]
br_ln371            (br               ) [ 0000]
store_ln371         (store            ) [ 0000]
br_ln371            (br               ) [ 0000]
store_ln371         (store            ) [ 0000]
br_ln371            (br               ) [ 0000]
store_ln368         (store            ) [ 0000]
store_ln368         (store            ) [ 0000]
br_ln368            (br               ) [ 0000]
ret_ln0             (ret              ) [ 0000]
</LifeTime>

<model>

<comp_list>
<comp id="0" class="1000" name="gmem1">
<pin_list>
<pin id="1" dir="1" index="0" bw="1" slack="0"/>
</pin_list>
<bind>
<StgValue><ssdm name="gmem1"/></StgValue>
</bind>
</comp>

<comp id="2" class="1000" name="sext_ln365">
<pin_list>
<pin id="3" dir="1" index="0" bw="1" slack="0"/>
</pin_list>
<bind>
<StgValue><ssdm name="sext_ln365"/></StgValue>
</bind>
</comp>

<comp id="4" class="1000" name="crcTables_0">
<pin_list>
<pin id="5" dir="1" index="0" bw="1" slack="0"/>
</pin_list>
<bind>
<StgValue><ssdm name="crcTables_0"/><MemPortTyVec>0 </MemPortTyVec>
</StgValue>
</bind>
</comp>

<comp id="6" class="1000" name="crcTables_1">
<pin_list>
<pin id="7" dir="1" index="0" bw="1" slack="0"/>
</pin_list>
<bind>
<StgValue><ssdm name="crcTables_1"/><MemPortTyVec>0 </MemPortTyVec>
</StgValue>
</bind>
</comp>

<comp id="8" class="1000" name="crcTables_2">
<pin_list>
<pin id="9" dir="1" index="0" bw="1" slack="0"/>
</pin_list>
<bind>
<StgValue><ssdm name="crcTables_2"/><MemPortTyVec>0 </MemPortTyVec>
</StgValue>
</bind>
</comp>

<comp id="10" class="1000" name="crcTables_3">
<pin_list>
<pin id="11" dir="1" index="0" bw="1" slack="0"/>
</pin_list>
<bind>
<StgValue><ssdm name="crcTables_3"/><MemPortTyVec>0 </MemPortTyVec>
</StgValue>
</bind>
</comp>

<comp id="12" class="1000" name="crcTables_4">
<pin_list>
<pin id="13" dir="1" index="0" bw="1" slack="0"/>
</pin_list>
<bind>
<StgValue><ssdm name="crcTables_4"/><MemPortTyVec>0 </MemPortTyVec>
</StgValue>
</bind>
</comp>

<comp id="14" class="1000" name="crcTables_5">
<pin_list>
<pin id="15" dir="1" index="0" bw="1" slack="0"/>
</pin_list>
<bind>
<StgValue><ssdm name="crcTables_5"/><MemPortTyVec>0 </MemPortTyVec>
</StgValue>
</bind>
</comp>

<comp id="16" class="1000" name="crcTables_6">
<pin_list>
<pin id="17" dir="1" index="0" bw="1" slack="0"/>
</pin_list>
<bind>
<StgValue><ssdm name="crcTables_6"/><MemPortTyVec>0 </MemPortTyVec>
</StgValue>
</bind>
</comp>

<comp id="18" class="1000" name="crcTables_7">
<pin_list>
<pin id="19" dir="1" index="0" bw="1" slack="0"/>
</pin_list>
<bind>
<StgValue><ssdm name="crcTables_7"/><MemPortTyVec>0 </MemPortTyVec>
</StgValue>
</bind>
</comp>

<comp id="20" class="1000" name="crcTables_8">
<pin_list>
<pin id="21" dir="1" index="0" bw="1" slack="0"/>
</pin_list>
<bind>
<StgValue><ssdm name="crcTables_8"/><MemPortTyVec>0 </MemPortTyVec>
</StgValue>
</bind>
</comp>

<comp id="22" class="1000" name="crcTables_9">
<pin_list>
<pin id="23" dir="1" index="0" bw="1" slack="0"/>
</pin_list>
<bind>
<StgValue><ssdm name="crcTables_9"/><MemPortTyVec>0 </MemPortTyVec>
</StgValue>
</bind>
</comp>

<comp id="24" class="1000" name="crcTables_10">
<pin_list>
<pin id="25" dir="1" index="0" bw="1" slack="0"/>
</pin_list>
<bind>
<StgValue><ssdm name="crcTables_10"/><MemPortTyVec>0 </MemPortTyVec>
</StgValue>
</bind>
</comp>

<comp id="26" class="1000" name="crcTables_11">
<pin_list>
<pin id="27" dir="1" index="0" bw="1" slack="0"/>
</pin_list>
<bind>
<StgValue><ssdm name="crcTables_11"/><MemPortTyVec>0 </MemPortTyVec>
</StgValue>
</bind>
</comp>

<comp id="28" class="1000" name="crcTables_12">
<pin_list>
<pin id="29" dir="1" index="0" bw="1" slack="0"/>
</pin_list>
<bind>
<StgValue><ssdm name="crcTables_12"/><MemPortTyVec>0 </MemPortTyVec>
</StgValue>
</bind>
</comp>

<comp id="30" class="1000" name="crcTables_13">
<pin_list>
<pin id="31" dir="1" index="0" bw="1" slack="0"/>
</pin_list>
<bind>
<StgValue><ssdm name="crcTables_13"/><MemPortTyVec>0 </MemPortTyVec>
</StgValue>
</bind>
</comp>

<comp id="32" class="1000" name="crcTables_14">
<pin_list>
<pin id="33" dir="1" index="0" bw="1" slack="0"/>
</pin_list>
<bind>
<StgValue><ssdm name="crcTables_14"/><MemPortTyVec>0 </MemPortTyVec>
</StgValue>
</bind>
</comp>

<comp id="34" class="1000" name="crcTables_15">
<pin_list>
<pin id="35" dir="1" index="0" bw="1" slack="0"/>
</pin_list>
<bind>
<StgValue><ssdm name="crcTables_15"/><MemPortTyVec>0 </MemPortTyVec>
</StgValue>
</bind>
</comp>

<comp id="36" class="1001" name="const_36">
<pin_list>
<pin id="37" dir="1" index="0" bw="1" slack="0"/>
</pin_list>
<bind>
<StgValue><ssdm name=""/></StgValue>
</bind>
</comp>

<comp id="38" class="1001" name="const_38">
<pin_list>
<pin id="39" dir="1" index="0" bw="1" slack="0"/>
</pin_list>
<bind>
<StgValue><ssdm name="_ssdm_op_Read.ap_auto.i58"/></StgValue>
</bind>
</comp>

<comp id="40" class="1001" name="const_40">
<pin_list>
<pin id="41" dir="1" index="0" bw="1" slack="2147483647"/>
</pin_list>
<bind>
<StgValue><ssdm name="_ssdm_op_SpecMemCore"/></StgValue>
</bind>
</comp>

<comp id="42" class="1001" name="const_42">
<pin_list>
<pin id="43" dir="1" index="0" bw="1" slack="2147483647"/>
</pin_list>
<bind>
<StgValue><ssdm name=""/></StgValue>
</bind>
</comp>

<comp id="44" class="1001" name="const_44">
<pin_list>
<pin id="45" dir="1" index="0" bw="1" slack="2147483647"/>
</pin_list>
<bind>
<StgValue><ssdm name=""/></StgValue>
</bind>
</comp>

<comp id="46" class="1001" name="const_46">
<pin_list>
<pin id="47" dir="1" index="0" bw="1" slack="2147483647"/>
</pin_list>
<bind>
<StgValue><ssdm name=""/></StgValue>
</bind>
</comp>

<comp id="48" class="1001" name="const_48">
<pin_list>
<pin id="49" dir="1" index="0" bw="1" slack="2147483647"/>
</pin_list>
<bind>
<StgValue><ssdm name="_ssdm_op_SpecInterface"/></StgValue>
</bind>
</comp>

<comp id="50" class="1001" name="const_50">
<pin_list>
<pin id="51" dir="1" index="0" bw="1" slack="2147483647"/>
</pin_list>
<bind>
<StgValue><ssdm name="empty_22"/></StgValue>
</bind>
</comp>

<comp id="52" class="1001" name="const_52">
<pin_list>
<pin id="53" dir="1" index="0" bw="1" slack="2147483647"/>
</pin_list>
<bind>
<StgValue><ssdm name=""/></StgValue>
</bind>
</comp>

<comp id="54" class="1001" name="const_54">
<pin_list>
<pin id="55" dir="1" index="0" bw="1" slack="2147483647"/>
</pin_list>
<bind>
<StgValue><ssdm name="empty_23"/></StgValue>
</bind>
</comp>

<comp id="56" class="1001" name="const_56">
<pin_list>
<pin id="57" dir="1" index="0" bw="1" slack="2147483647"/>
</pin_list>
<bind>
<StgValue><ssdm name=""/></StgValue>
</bind>
</comp>

<comp id="58" class="1001" name="const_58">
<pin_list>
<pin id="59" dir="1" index="0" bw="1" slack="2147483647"/>
</pin_list>
<bind>
<StgValue><ssdm name=""/></StgValue>
</bind>
</comp>

<comp id="60" class="1001" name="const_60">
<pin_list>
<pin id="61" dir="1" index="0" bw="1" slack="2147483647"/>
</pin_list>
<bind>
<StgValue><ssdm name="empty_24"/></StgValue>
</bind>
</comp>

<comp id="62" class="1001" name="const_62">
<pin_list>
<pin id="63" dir="1" index="0" bw="1" slack="2147483647"/>
</pin_list>
<bind>
<StgValue><ssdm name="empty_2"/></StgValue>
</bind>
</comp>

<comp id="64" class="1001" name="const_64">
<pin_list>
<pin id="65" dir="1" index="0" bw="1" slack="2147483647"/>
</pin_list>
<bind>
<StgValue><ssdm name=""/></StgValue>
</bind>
</comp>

<comp id="66" class="1001" name="const_66">
<pin_list>
<pin id="67" dir="1" index="0" bw="1" slack="2147483647"/>
</pin_list>
<bind>
<StgValue><ssdm name=""/></StgValue>
</bind>
</comp>

<comp id="68" class="1001" name="const_68">
<pin_list>
<pin id="69" dir="1" index="0" bw="1" slack="0"/>
</pin_list>
<bind>
<StgValue><ssdm name=""/></StgValue>
</bind>
</comp>

<comp id="70" class="1001" name="const_70">
<pin_list>
<pin id="71" dir="1" index="0" bw="1" slack="0"/>
</pin_list>
<bind>
<StgValue><ssdm name=""/></StgValue>
</bind>
</comp>

<comp id="72" class="1001" name="const_72">
<pin_list>
<pin id="73" dir="1" index="0" bw="1" slack="0"/>
</pin_list>
<bind>
<StgValue><ssdm name=""/></StgValue>
</bind>
</comp>

<comp id="74" class="1001" name="const_74">
<pin_list>
<pin id="75" dir="1" index="0" bw="1" slack="0"/>
</pin_list>
<bind>
<StgValue><ssdm name=""/></StgValue>
</bind>
</comp>

<comp id="76" class="1001" name="const_76">
<pin_list>
<pin id="77" dir="1" index="0" bw="1" slack="0"/>
</pin_list>
<bind>
<StgValue><ssdm name=""/></StgValue>
</bind>
</comp>

<comp id="78" class="1001" name="const_78">
<pin_list>
<pin id="79" dir="1" index="0" bw="1" slack="0"/>
</pin_list>
<bind>
<StgValue><ssdm name=""/></StgValue>
</bind>
</comp>

<comp id="80" class="1001" name="const_80">
<pin_list>
<pin id="81" dir="1" index="0" bw="1" slack="0"/>
</pin_list>
<bind>
<StgValue><ssdm name=""/></StgValue>
</bind>
</comp>

<comp id="82" class="1001" name="const_82">
<pin_list>
<pin id="83" dir="1" index="0" bw="1" slack="0"/>
</pin_list>
<bind>
<StgValue><ssdm name=""/></StgValue>
</bind>
</comp>

<comp id="84" class="1001" name="const_84">
<pin_list>
<pin id="85" dir="1" index="0" bw="1" slack="0"/>
</pin_list>
<bind>
<StgValue><ssdm name=""/></StgValue>
</bind>
</comp>

<comp id="86" class="1001" name="const_86">
<pin_list>
<pin id="87" dir="1" index="0" bw="1" slack="0"/>
</pin_list>
<bind>
<StgValue><ssdm name="_ssdm_op_Read.m_axi.p1i512"/></StgValue>
</bind>
</comp>

<comp id="88" class="1001" name="const_88">
<pin_list>
<pin id="89" dir="1" index="0" bw="1" slack="2147483647"/>
</pin_list>
<bind>
<StgValue><ssdm name="_ssdm_op_SpecLoopName"/></StgValue>
</bind>
</comp>

<comp id="90" class="1001" name="const_90">
<pin_list>
<pin id="91" dir="1" index="0" bw="1" slack="2147483647"/>
</pin_list>
<bind>
<StgValue><ssdm name="load_lut_rows_load_lut_cols_str"/></StgValue>
</bind>
</comp>

<comp id="92" class="1001" name="const_92">
<pin_list>
<pin id="93" dir="1" index="0" bw="1" slack="2147483647"/>
</pin_list>
<bind>
<StgValue><ssdm name="_ssdm_op_SpecLoopTripCount"/></StgValue>
</bind>
</comp>

<comp id="94" class="1001" name="const_94">
<pin_list>
<pin id="95" dir="1" index="0" bw="1" slack="2147483647"/>
</pin_list>
<bind>
<StgValue><ssdm name=""/></StgValue>
</bind>
</comp>

<comp id="96" class="1001" name="const_96">
<pin_list>
<pin id="97" dir="1" index="0" bw="1" slack="0"/>
</pin_list>
<bind>
<StgValue><ssdm name=""/></StgValue>
</bind>
</comp>

<comp id="98" class="1001" name="const_98">
<pin_list>
<pin id="99" dir="1" index="0" bw="1" slack="2147483647"/>
</pin_list>
<bind>
<StgValue><ssdm name="_ssdm_op_SpecPipeline"/></StgValue>
</bind>
</comp>

<comp id="100" class="1001" name="const_100">
<pin_list>
<pin id="101" dir="1" index="0" bw="1" slack="2147483647"/>
</pin_list>
<bind>
<StgValue><ssdm name="empty_13"/></StgValue>
</bind>
</comp>

<comp id="102" class="1001" name="const_102">
<pin_list>
<pin id="103" dir="1" index="0" bw="1" slack="0"/>
</pin_list>
<bind>
<StgValue><ssdm name="_ssdm_op_PartSelect.i480.i512.i32.i32"/></StgValue>
</bind>
</comp>

<comp id="104" class="1001" name="const_104">
<pin_list>
<pin id="105" dir="1" index="0" bw="1" slack="0"/>
</pin_list>
<bind>
<StgValue><ssdm name=""/></StgValue>
</bind>
</comp>

<comp id="106" class="1001" name="const_106">
<pin_list>
<pin id="107" dir="1" index="0" bw="1" slack="0"/>
</pin_list>
<bind>
<StgValue><ssdm name=""/></StgValue>
</bind>
</comp>

<comp id="108" class="1001" name="const_108">
<pin_list>
<pin id="109" dir="1" index="0" bw="1" slack="0"/>
</pin_list>
<bind>
<StgValue><ssdm name=""/></StgValue>
</bind>
</comp>

<comp id="110" class="1001" name="const_110">
<pin_list>
<pin id="111" dir="1" index="0" bw="1" slack="2147483647"/>
</pin_list>
<bind>
<StgValue><ssdm name=""/></StgValue>
</bind>
</comp>

<comp id="112" class="1001" name="const_112">
<pin_list>
<pin id="113" dir="1" index="0" bw="1" slack="2147483647"/>
</pin_list>
<bind>
<StgValue><ssdm name=""/></StgValue>
</bind>
</comp>

<comp id="114" class="1001" name="const_114">
<pin_list>
<pin id="115" dir="1" index="0" bw="1" slack="2147483647"/>
</pin_list>
<bind>
<StgValue><ssdm name=""/></StgValue>
</bind>
</comp>

<comp id="116" class="1001" name="const_116">
<pin_list>
<pin id="117" dir="1" index="0" bw="1" slack="2147483647"/>
</pin_list>
<bind>
<StgValue><ssdm name=""/></StgValue>
</bind>
</comp>

<comp id="118" class="1001" name="const_118">
<pin_list>
<pin id="119" dir="1" index="0" bw="1" slack="2147483647"/>
</pin_list>
<bind>
<StgValue><ssdm name=""/></StgValue>
</bind>
</comp>

<comp id="120" class="1001" name="const_120">
<pin_list>
<pin id="121" dir="1" index="0" bw="1" slack="2147483647"/>
</pin_list>
<bind>
<StgValue><ssdm name=""/></StgValue>
</bind>
</comp>

<comp id="122" class="1001" name="const_122">
<pin_list>
<pin id="123" dir="1" index="0" bw="1" slack="2147483647"/>
</pin_list>
<bind>
<StgValue><ssdm name=""/></StgValue>
</bind>
</comp>

<comp id="124" class="1001" name="const_124">
<pin_list>
<pin id="125" dir="1" index="0" bw="1" slack="2147483647"/>
</pin_list>
<bind>
<StgValue><ssdm name=""/></StgValue>
</bind>
</comp>

<comp id="126" class="1001" name="const_126">
<pin_list>
<pin id="127" dir="1" index="0" bw="1" slack="2147483647"/>
</pin_list>
<bind>
<StgValue><ssdm name=""/></StgValue>
</bind>
</comp>

<comp id="128" class="1001" name="const_128">
<pin_list>
<pin id="129" dir="1" index="0" bw="1" slack="2147483647"/>
</pin_list>
<bind>
<StgValue><ssdm name=""/></StgValue>
</bind>
</comp>

<comp id="130" class="1001" name="const_130">
<pin_list>
<pin id="131" dir="1" index="0" bw="1" slack="2147483647"/>
</pin_list>
<bind>
<StgValue><ssdm name=""/></StgValue>
</bind>
</comp>

<comp id="132" class="1001" name="const_132">
<pin_list>
<pin id="133" dir="1" index="0" bw="1" slack="2147483647"/>
</pin_list>
<bind>
<StgValue><ssdm name=""/></StgValue>
</bind>
</comp>

<comp id="134" class="1001" name="const_134">
<pin_list>
<pin id="135" dir="1" index="0" bw="1" slack="2147483647"/>
</pin_list>
<bind>
<StgValue><ssdm name=""/></StgValue>
</bind>
</comp>

<comp id="136" class="1001" name="const_136">
<pin_list>
<pin id="137" dir="1" index="0" bw="1" slack="2147483647"/>
</pin_list>
<bind>
<StgValue><ssdm name=""/></StgValue>
</bind>
</comp>

<comp id="138" class="1004" name="shiftreg_fu_138">
<pin_list>
<pin id="139" dir="0" index="0" bw="1" slack="0"/>
<pin id="140" dir="1" index="1" bw="480" slack="0"/>
</pin_list>
<bind>
<opcode="alloca(26) " fcode="alloca"/>
<opset="shiftreg/1 "/>
</bind>
</comp>

<comp id="142" class="1004" name="j_fu_142">
<pin_list>
<pin id="143" dir="0" index="0" bw="1" slack="0"/>
<pin id="144" dir="1" index="1" bw="9" slack="0"/>
</pin_list>
<bind>
<opcode="alloca(26) " fcode="alloca"/>
<opset="j/1 "/>
</bind>
</comp>

<comp id="146" class="1004" name="i_fu_146">
<pin_list>
<pin id="147" dir="0" index="0" bw="1" slack="0"/>
<pin id="148" dir="1" index="1" bw="5" slack="0"/>
</pin_list>
<bind>
<opcode="alloca(26) " fcode="alloca"/>
<opset="i/1 "/>
</bind>
</comp>

<comp id="150" class="1004" name="indvar_flatten_fu_150">
<pin_list>
<pin id="151" dir="0" index="0" bw="1" slack="0"/>
<pin id="152" dir="1" index="1" bw="13" slack="0"/>
</pin_list>
<bind>
<opcode="alloca(26) " fcode="alloca"/>
<opset="indvar_flatten/1 "/>
</bind>
</comp>

<comp id="154" class="1004" name="sext_ln365_read_read_fu_154">
<pin_list>
<pin id="155" dir="0" index="0" bw="58" slack="0"/>
<pin id="156" dir="0" index="1" bw="58" slack="0"/>
<pin id="157" dir="1" index="2" bw="58" slack="0"/>
</pin_list>
<bind>
<opcode="read(1150) " fcode="read"/>
<opset="sext_ln365_read/1 "/>
</bind>
</comp>

<comp id="160" class="1004" name="gmem1_addr_read_read_fu_160">
<pin_list>
<pin id="161" dir="0" index="0" bw="512" slack="0"/>
<pin id="162" dir="0" index="1" bw="512" slack="0"/>
<pin id="163" dir="1" index="2" bw="512" slack="1"/>
</pin_list>
<bind>
<opcode="read(1150) " fcode="read"/>
<opset="gmem1_addr_read/2 "/>
</bind>
</comp>

<comp id="165" class="1004" name="crcTables_0_addr_gep_fu_165">
<pin_list>
<pin id="166" dir="0" index="0" bw="32" slack="0"/>
<pin id="167" dir="0" index="1" bw="1" slack="0"/>
<pin id="168" dir="0" index="2" bw="9" slack="0"/>
<pin id="169" dir="1" index="3" bw="8" slack="0"/>
</pin_list>
<bind>
<opcode="getelementptr(29) " fcode="getelementptr"/>
<opset="crcTables_0_addr/3 "/>
</bind>
</comp>

<comp id="172" class="1004" name="crcTables_1_addr_gep_fu_172">
<pin_list>
<pin id="173" dir="0" index="0" bw="32" slack="0"/>
<pin id="174" dir="0" index="1" bw="1" slack="0"/>
<pin id="175" dir="0" index="2" bw="9" slack="0"/>
<pin id="176" dir="1" index="3" bw="8" slack="0"/>
</pin_list>
<bind>
<opcode="getelementptr(29) " fcode="getelementptr"/>
<opset="crcTables_1_addr/3 "/>
</bind>
</comp>

<comp id="179" class="1004" name="crcTables_2_addr_gep_fu_179">
<pin_list>
<pin id="180" dir="0" index="0" bw="32" slack="0"/>
<pin id="181" dir="0" index="1" bw="1" slack="0"/>
<pin id="182" dir="0" index="2" bw="9" slack="0"/>
<pin id="183" dir="1" index="3" bw="8" slack="0"/>
</pin_list>
<bind>
<opcode="getelementptr(29) " fcode="getelementptr"/>
<opset="crcTables_2_addr/3 "/>
</bind>
</comp>

<comp id="186" class="1004" name="crcTables_3_addr_gep_fu_186">
<pin_list>
<pin id="187" dir="0" index="0" bw="32" slack="0"/>
<pin id="188" dir="0" index="1" bw="1" slack="0"/>
<pin id="189" dir="0" index="2" bw="9" slack="0"/>
<pin id="190" dir="1" index="3" bw="8" slack="0"/>
</pin_list>
<bind>
<opcode="getelementptr(29) " fcode="getelementptr"/>
<opset="crcTables_3_addr/3 "/>
</bind>
</comp>

<comp id="193" class="1004" name="crcTables_4_addr_gep_fu_193">
<pin_list>
<pin id="194" dir="0" index="0" bw="32" slack="0"/>
<pin id="195" dir="0" index="1" bw="1" slack="0"/>
<pin id="196" dir="0" index="2" bw="9" slack="0"/>
<pin id="197" dir="1" index="3" bw="8" slack="0"/>
</pin_list>
<bind>
<opcode="getelementptr(29) " fcode="getelementptr"/>
<opset="crcTables_4_addr/3 "/>
</bind>
</comp>

<comp id="200" class="1004" name="crcTables_5_addr_gep_fu_200">
<pin_list>
<pin id="201" dir="0" index="0" bw="32" slack="0"/>
<pin id="202" dir="0" index="1" bw="1" slack="0"/>
<pin id="203" dir="0" index="2" bw="9" slack="0"/>
<pin id="204" dir="1" index="3" bw="8" slack="0"/>
</pin_list>
<bind>
<opcode="getelementptr(29) " fcode="getelementptr"/>
<opset="crcTables_5_addr/3 "/>
</bind>
</comp>

<comp id="207" class="1004" name="crcTables_6_addr_gep_fu_207">
<pin_list>
<pin id="208" dir="0" index="0" bw="32" slack="0"/>
<pin id="209" dir="0" index="1" bw="1" slack="0"/>
<pin id="210" dir="0" index="2" bw="9" slack="0"/>
<pin id="211" dir="1" index="3" bw="8" slack="0"/>
</pin_list>
<bind>
<opcode="getelementptr(29) " fcode="getelementptr"/>
<opset="crcTables_6_addr/3 "/>
</bind>
</comp>

<comp id="214" class="1004" name="crcTables_7_addr_gep_fu_214">
<pin_list>
<pin id="215" dir="0" index="0" bw="32" slack="0"/>
<pin id="216" dir="0" index="1" bw="1" slack="0"/>
<pin id="217" dir="0" index="2" bw="9" slack="0"/>
<pin id="218" dir="1" index="3" bw="8" slack="0"/>
</pin_list>
<bind>
<opcode="getelementptr(29) " fcode="getelementptr"/>
<opset="crcTables_7_addr/3 "/>
</bind>
</comp>

<comp id="221" class="1004" name="crcTables_8_addr_gep_fu_221">
<pin_list>
<pin id="222" dir="0" index="0" bw="32" slack="0"/>
<pin id="223" dir="0" index="1" bw="1" slack="0"/>
<pin id="224" dir="0" index="2" bw="9" slack="0"/>
<pin id="225" dir="1" index="3" bw="8" slack="0"/>
</pin_list>
<bind>
<opcode="getelementptr(29) " fcode="getelementptr"/>
<opset="crcTables_8_addr/3 "/>
</bind>
</comp>

<comp id="228" class="1004" name="crcTables_9_addr_gep_fu_228">
<pin_list>
<pin id="229" dir="0" index="0" bw="32" slack="0"/>
<pin id="230" dir="0" index="1" bw="1" slack="0"/>
<pin id="231" dir="0" index="2" bw="9" slack="0"/>
<pin id="232" dir="1" index="3" bw="8" slack="0"/>
</pin_list>
<bind>
<opcode="getelementptr(29) " fcode="getelementptr"/>
<opset="crcTables_9_addr/3 "/>
</bind>
</comp>

<comp id="235" class="1004" name="crcTables_10_addr_gep_fu_235">
<pin_list>
<pin id="236" dir="0" index="0" bw="32" slack="0"/>
<pin id="237" dir="0" index="1" bw="1" slack="0"/>
<pin id="238" dir="0" index="2" bw="9" slack="0"/>
<pin id="239" dir="1" index="3" bw="8" slack="0"/>
</pin_list>
<bind>
<opcode="getelementptr(29) " fcode="getelementptr"/>
<opset="crcTables_10_addr/3 "/>
</bind>
</comp>

<comp id="242" class="1004" name="crcTables_11_addr_gep_fu_242">
<pin_list>
<pin id="243" dir="0" index="0" bw="32" slack="0"/>
<pin id="244" dir="0" index="1" bw="1" slack="0"/>
<pin id="245" dir="0" index="2" bw="9" slack="0"/>
<pin id="246" dir="1" index="3" bw="8" slack="0"/>
</pin_list>
<bind>
<opcode="getelementptr(29) " fcode="getelementptr"/>
<opset="crcTables_11_addr/3 "/>
</bind>
</comp>

<comp id="249" class="1004" name="crcTables_12_addr_gep_fu_249">
<pin_list>
<pin id="250" dir="0" index="0" bw="32" slack="0"/>
<pin id="251" dir="0" index="1" bw="1" slack="0"/>
<pin id="252" dir="0" index="2" bw="9" slack="0"/>
<pin id="253" dir="1" index="3" bw="8" slack="0"/>
</pin_list>
<bind>
<opcode="getelementptr(29) " fcode="getelementptr"/>
<opset="crcTables_12_addr/3 "/>
</bind>
</comp>

<comp id="256" class="1004" name="crcTables_13_addr_gep_fu_256">
<pin_list>
<pin id="257" dir="0" index="0" bw="32" slack="0"/>
<pin id="258" dir="0" index="1" bw="1" slack="0"/>
<pin id="259" dir="0" index="2" bw="9" slack="0"/>
<pin id="260" dir="1" index="3" bw="8" slack="0"/>
</pin_list>
<bind>
<opcode="getelementptr(29) " fcode="getelementptr"/>
<opset="crcTables_13_addr/3 "/>
</bind>
</comp>

<comp id="263" class="1004" name="crcTables_14_addr_gep_fu_263">
<pin_list>
<pin id="264" dir="0" index="0" bw="32" slack="0"/>
<pin id="265" dir="0" index="1" bw="1" slack="0"/>
<pin id="266" dir="0" index="2" bw="9" slack="0"/>
<pin id="267" dir="1" index="3" bw="8" slack="0"/>
</pin_list>
<bind>
<opcode="getelementptr(29) " fcode="getelementptr"/>
<opset="crcTables_14_addr/3 "/>
</bind>
</comp>

<comp id="270" class="1004" name="crcTables_15_addr_gep_fu_270">
<pin_list>
<pin id="271" dir="0" index="0" bw="32" slack="0"/>
<pin id="272" dir="0" index="1" bw="1" slack="0"/>
<pin id="273" dir="0" index="2" bw="9" slack="0"/>
<pin id="274" dir="1" index="3" bw="8" slack="0"/>
</pin_list>
<bind>
<opcode="getelementptr(29) " fcode="getelementptr"/>
<opset="crcTables_15_addr/3 "/>
</bind>
</comp>

<comp id="277" class="1004" name="store_ln371_access_fu_277">
<pin_list>
<pin id="278" dir="0" index="0" bw="8" slack="0"/>
<pin id="279" dir="0" index="1" bw="32" slack="0"/>
<pin id="280" dir="0" index="2" bw="0" slack="2147483647"/>
<pin id="281" dir="1" index="3" bw="32" slack="2147483647"/>
</pin_list>
<bind>
<opcode="store(28) " fcode="store"/>
<opset="store_ln371/3 "/>
</bind>
</comp>

<comp id="283" class="1004" name="store_ln371_access_fu_283">
<pin_list>
<pin id="284" dir="0" index="0" bw="8" slack="0"/>
<pin id="285" dir="0" index="1" bw="32" slack="0"/>
<pin id="286" dir="0" index="2" bw="0" slack="2147483647"/>
<pin id="287" dir="1" index="3" bw="32" slack="2147483647"/>
</pin_list>
<bind>
<opcode="store(28) " fcode="store"/>
<opset="store_ln371/3 "/>
</bind>
</comp>

<comp id="289" class="1004" name="store_ln371_access_fu_289">
<pin_list>
<pin id="290" dir="0" index="0" bw="8" slack="0"/>
<pin id="291" dir="0" index="1" bw="32" slack="0"/>
<pin id="292" dir="0" index="2" bw="0" slack="2147483647"/>
<pin id="293" dir="1" index="3" bw="32" slack="2147483647"/>
</pin_list>
<bind>
<opcode="store(28) " fcode="store"/>
<opset="store_ln371/3 "/>
</bind>
</comp>

<comp id="295" class="1004" name="store_ln371_access_fu_295">
<pin_list>
<pin id="296" dir="0" index="0" bw="8" slack="0"/>
<pin id="297" dir="0" index="1" bw="32" slack="0"/>
<pin id="298" dir="0" index="2" bw="0" slack="2147483647"/>
<pin id="299" dir="1" index="3" bw="32" slack="2147483647"/>
</pin_list>
<bind>
<opcode="store(28) " fcode="store"/>
<opset="store_ln371/3 "/>
</bind>
</comp>

<comp id="301" class="1004" name="store_ln371_access_fu_301">
<pin_list>
<pin id="302" dir="0" index="0" bw="8" slack="0"/>
<pin id="303" dir="0" index="1" bw="32" slack="0"/>
<pin id="304" dir="0" index="2" bw="0" slack="2147483647"/>
<pin id="305" dir="1" index="3" bw="32" slack="2147483647"/>
</pin_list>
<bind>
<opcode="store(28) " fcode="store"/>
<opset="store_ln371/3 "/>
</bind>
</comp>

<comp id="307" class="1004" name="store_ln371_access_fu_307">
<pin_list>
<pin id="308" dir="0" index="0" bw="8" slack="0"/>
<pin id="309" dir="0" index="1" bw="32" slack="0"/>
<pin id="310" dir="0" index="2" bw="0" slack="2147483647"/>
<pin id="311" dir="1" index="3" bw="32" slack="2147483647"/>
</pin_list>
<bind>
<opcode="store(28) " fcode="store"/>
<opset="store_ln371/3 "/>
</bind>
</comp>

<comp id="313" class="1004" name="store_ln371_access_fu_313">
<pin_list>
<pin id="314" dir="0" index="0" bw="8" slack="0"/>
<pin id="315" dir="0" index="1" bw="32" slack="0"/>
<pin id="316" dir="0" index="2" bw="0" slack="2147483647"/>
<pin id="317" dir="1" index="3" bw="32" slack="2147483647"/>
</pin_list>
<bind>
<opcode="store(28) " fcode="store"/>
<opset="store_ln371/3 "/>
</bind>
</comp>

<comp id="319" class="1004" name="store_ln371_access_fu_319">
<pin_list>
<pin id="320" dir="0" index="0" bw="8" slack="0"/>
<pin id="321" dir="0" index="1" bw="32" slack="0"/>
<pin id="322" dir="0" index="2" bw="0" slack="2147483647"/>
<pin id="323" dir="1" index="3" bw="32" slack="2147483647"/>
</pin_list>
<bind>
<opcode="store(28) " fcode="store"/>
<opset="store_ln371/3 "/>
</bind>
</comp>

<comp id="325" class="1004" name="store_ln371_access_fu_325">
<pin_list>
<pin id="326" dir="0" index="0" bw="8" slack="0"/>
<pin id="327" dir="0" index="1" bw="32" slack="0"/>
<pin id="328" dir="0" index="2" bw="0" slack="2147483647"/>
<pin id="329" dir="1" index="3" bw="32" slack="2147483647"/>
</pin_list>
<bind>
<opcode="store(28) " fcode="store"/>
<opset="store_ln371/3 "/>
</bind>
</comp>

<comp id="331" class="1004" name="store_ln371_access_fu_331">
<pin_list>
<pin id="332" dir="0" index="0" bw="8" slack="0"/>
<pin id="333" dir="0" index="1" bw="32" slack="0"/>
<pin id="334" dir="0" index="2" bw="0" slack="2147483647"/>
<pin id="335" dir="1" index="3" bw="32" slack="2147483647"/>
</pin_list>
<bind>
<opcode="store(28) " fcode="store"/>
<opset="store_ln371/3 "/>
</bind>
</comp>

<comp id="337" class="1004" name="store_ln371_access_fu_337">
<pin_list>
<pin id="338" dir="0" index="0" bw="8" slack="0"/>
<pin id="339" dir="0" index="1" bw="32" slack="0"/>
<pin id="340" dir="0" index="2" bw="0" slack="2147483647"/>
<pin id="341" dir="1" index="3" bw="32" slack="2147483647"/>
</pin_list>
<bind>
<opcode="store(28) " fcode="store"/>
<opset="store_ln371/3 "/>
</bind>
</comp>

<comp id="343" class="1004" name="store_ln371_access_fu_343">
<pin_list>
<pin id="344" dir="0" index="0" bw="8" slack="0"/>
<pin id="345" dir="0" index="1" bw="32" slack="0"/>
<pin id="346" dir="0" index="2" bw="0" slack="2147483647"/>
<pin id="347" dir="1" index="3" bw="32" slack="2147483647"/>
</pin_list>
<bind>
<opcode="store(28) " fcode="store"/>
<opset="store_ln371/3 "/>
</bind>
</comp>

<comp id="349" class="1004" name="store_ln371_access_fu_349">
<pin_list>
<pin id="350" dir="0" index="0" bw="8" slack="0"/>
<pin id="351" dir="0" index="1" bw="32" slack="0"/>
<pin id="352" dir="0" index="2" bw="0" slack="2147483647"/>
<pin id="353" dir="1" index="3" bw="32" slack="2147483647"/>
</pin_list>
<bind>
<opcode="store(28) " fcode="store"/>
<opset="store_ln371/3 "/>
</bind>
</comp>

<comp id="355" class="1004" name="store_ln371_access_fu_355">
<pin_list>
<pin id="356" dir="0" index="0" bw="8" slack="0"/>
<pin id="357" dir="0" index="1" bw="32" slack="0"/>
<pin id="358" dir="0" index="2" bw="0" slack="2147483647"/>
<pin id="359" dir="1" index="3" bw="32" slack="2147483647"/>
</pin_list>
<bind>
<opcode="store(28) " fcode="store"/>
<opset="store_ln371/3 "/>
</bind>
</comp>

<comp id="361" class="1004" name="store_ln371_access_fu_361">
<pin_list>
<pin id="362" dir="0" index="0" bw="8" slack="0"/>
<pin id="363" dir="0" index="1" bw="32" slack="0"/>
<pin id="364" dir="0" index="2" bw="0" slack="2147483647"/>
<pin id="365" dir="1" index="3" bw="32" slack="2147483647"/>
</pin_list>
<bind>
<opcode="store(28) " fcode="store"/>
<opset="store_ln371/3 "/>
</bind>
</comp>

<comp id="367" class="1004" name="store_ln371_access_fu_367">
<pin_list>
<pin id="368" dir="0" index="0" bw="8" slack="0"/>
<pin id="369" dir="0" index="1" bw="32" slack="0"/>
<pin id="370" dir="0" index="2" bw="0" slack="2147483647"/>
<pin id="371" dir="1" index="3" bw="32" slack="2147483647"/>
</pin_list>
<bind>
<opcode="store(28) " fcode="store"/>
<opset="store_ln371/3 "/>
</bind>
</comp>

<comp id="373" class="1005" name="empty_reg_373">
<pin_list>
<pin id="374" dir="0" index="0" bw="512" slack="2147483647"/>
<pin id="375" dir="1" index="1" bw="512" slack="2147483647"/>
</pin_list>
<bind>
<opset="empty (phireg) "/>
</bind>
</comp>

<comp id="376" class="1004" name="empty_phi_fu_376">
<pin_list>
<pin id="377" dir="0" index="0" bw="512" slack="1"/>
<pin id="378" dir="0" index="1" bw="0" slack="2147483647"/>
<pin id="379" dir="0" index="2" bw="480" slack="0"/>
<pin id="380" dir="0" index="3" bw="0" slack="2147483647"/>
<pin id="381" dir="1" index="4" bw="512" slack="0"/>
</pin_list>
<bind>
<opcode="phi(47) " fcode="phi"/>
<opset="empty/3 "/>
</bind>
</comp>

<comp id="382" class="1004" name="sext_ln365_cast_fu_382">
<pin_list>
<pin id="383" dir="0" index="0" bw="58" slack="0"/>
<pin id="384" dir="1" index="1" bw="64" slack="1"/>
</pin_list>
<bind>
<opcode="sext(35) " fcode="sext"/>
<opset="sext_ln365_cast/1 "/>
</bind>
</comp>

<comp id="386" class="1004" name="store_ln0_store_fu_386">
<pin_list>
<pin id="387" dir="0" index="0" bw="1" slack="0"/>
<pin id="388" dir="0" index="1" bw="13" slack="0"/>
<pin id="389" dir="1" index="2" bw="0" slack="2147483647"/>
</pin_list>
<bind>
<opcode="store(28) " fcode="store"/>
<opset="store_ln0/1 "/>
</bind>
</comp>

<comp id="391" class="1004" name="store_ln0_store_fu_391">
<pin_list>
<pin id="392" dir="0" index="0" bw="1" slack="0"/>
<pin id="393" dir="0" index="1" bw="5" slack="0"/>
<pin id="394" dir="1" index="2" bw="0" slack="2147483647"/>
</pin_list>
<bind>
<opcode="store(28) " fcode="store"/>
<opset="store_ln0/1 "/>
</bind>
</comp>

<comp id="396" class="1004" name="store_ln0_store_fu_396">
<pin_list>
<pin id="397" dir="0" index="0" bw="1" slack="0"/>
<pin id="398" dir="0" index="1" bw="9" slack="0"/>
<pin id="399" dir="1" index="2" bw="0" slack="2147483647"/>
</pin_list>
<bind>
<opcode="store(28) " fcode="store"/>
<opset="store_ln0/1 "/>
</bind>
</comp>

<comp id="401" class="1004" name="store_ln0_store_fu_401">
<pin_list>
<pin id="402" dir="0" index="0" bw="1" slack="0"/>
<pin id="403" dir="0" index="1" bw="480" slack="0"/>
<pin id="404" dir="1" index="2" bw="0" slack="2147483647"/>
</pin_list>
<bind>
<opcode="store(28) " fcode="store"/>
<opset="store_ln0/1 "/>
</bind>
</comp>

<comp id="406" class="1004" name="indvar_flatten_load_load_fu_406">
<pin_list>
<pin id="407" dir="0" index="0" bw="13" slack="0"/>
<pin id="408" dir="1" index="1" bw="13" slack="0"/>
</pin_list>
<bind>
<opcode="load(27) " fcode="load"/>
<opset="indvar_flatten_load/1 "/>
</bind>
</comp>

<comp id="409" class="1004" name="icmp_ln365_fu_409">
<pin_list>
<pin id="410" dir="0" index="0" bw="13" slack="0"/>
<pin id="411" dir="0" index="1" bw="13" slack="0"/>
<pin id="412" dir="1" index="2" bw="1" slack="1"/>
</pin_list>
<bind>
<opcode="icmp(45) " fcode="icmp"/>
<opset="icmp_ln365/1 "/>
</bind>
</comp>

<comp id="415" class="1004" name="add_ln365_fu_415">
<pin_list>
<pin id="416" dir="0" index="0" bw="13" slack="0"/>
<pin id="417" dir="0" index="1" bw="1" slack="0"/>
<pin id="418" dir="1" index="2" bw="13" slack="0"/>
</pin_list>
<bind>
<opcode="add(8) " fcode="add"/>
<opset="add_ln365/1 "/>
</bind>
</comp>

<comp id="421" class="1004" name="j_load_load_fu_421">
<pin_list>
<pin id="422" dir="0" index="0" bw="9" slack="0"/>
<pin id="423" dir="1" index="1" bw="9" slack="0"/>
</pin_list>
<bind>
<opcode="load(27) " fcode="load"/>
<opset="j_load/1 "/>
</bind>
</comp>

<comp id="424" class="1004" name="icmp_ln368_fu_424">
<pin_list>
<pin id="425" dir="0" index="0" bw="9" slack="0"/>
<pin id="426" dir="0" index="1" bw="9" slack="0"/>
<pin id="427" dir="1" index="2" bw="1" slack="0"/>
</pin_list>
<bind>
<opcode="icmp(45) " fcode="icmp"/>
<opset="icmp_ln368/1 "/>
</bind>
</comp>

<comp id="430" class="1004" name="select_ln365_fu_430">
<pin_list>
<pin id="431" dir="0" index="0" bw="1" slack="0"/>
<pin id="432" dir="0" index="1" bw="9" slack="0"/>
<pin id="433" dir="0" index="2" bw="9" slack="0"/>
<pin id="434" dir="1" index="3" bw="9" slack="0"/>
</pin_list>
<bind>
<opcode="select(49) " fcode="select"/>
<opset="select_ln365/1 "/>
</bind>
</comp>

<comp id="438" class="1004" name="trunc_ln368_fu_438">
<pin_list>
<pin id="439" dir="0" index="0" bw="9" slack="0"/>
<pin id="440" dir="1" index="1" bw="4" slack="0"/>
</pin_list>
<bind>
<opcode="trunc(33) " fcode="trunc"/>
<opset="trunc_ln368/1 "/>
</bind>
</comp>

<comp id="442" class="1004" name="icmp_ln371_fu_442">
<pin_list>
<pin id="443" dir="0" index="0" bw="4" slack="0"/>
<pin id="444" dir="0" index="1" bw="4" slack="0"/>
<pin id="445" dir="1" index="2" bw="1" slack="1"/>
</pin_list>
<bind>
<opcode="icmp(45) " fcode="icmp"/>
<opset="icmp_ln371/1 "/>
</bind>
</comp>

<comp id="448" class="1004" name="add_ln368_fu_448">
<pin_list>
<pin id="449" dir="0" index="0" bw="9" slack="0"/>
<pin id="450" dir="0" index="1" bw="1" slack="0"/>
<pin id="451" dir="1" index="2" bw="9" slack="0"/>
</pin_list>
<bind>
<opcode="add(8) " fcode="add"/>
<opset="add_ln368/1 "/>
</bind>
</comp>

<comp id="454" class="1004" name="store_ln368_store_fu_454">
<pin_list>
<pin id="455" dir="0" index="0" bw="13" slack="0"/>
<pin id="456" dir="0" index="1" bw="13" slack="0"/>
<pin id="457" dir="1" index="2" bw="0" slack="2147483647"/>
</pin_list>
<bind>
<opcode="store(28) " fcode="store"/>
<opset="store_ln368/1 "/>
</bind>
</comp>

<comp id="459" class="1004" name="store_ln368_store_fu_459">
<pin_list>
<pin id="460" dir="0" index="0" bw="9" slack="0"/>
<pin id="461" dir="0" index="1" bw="9" slack="0"/>
<pin id="462" dir="1" index="2" bw="0" slack="2147483647"/>
</pin_list>
<bind>
<opcode="store(28) " fcode="store"/>
<opset="store_ln368/1 "/>
</bind>
</comp>

<comp id="464" class="1004" name="gmem1_addr_fu_464">
<pin_list>
<pin id="465" dir="0" index="0" bw="64" slack="0"/>
<pin id="466" dir="0" index="1" bw="64" slack="1"/>
<pin id="467" dir="1" index="2" bw="64" slack="0"/>
</pin_list>
<bind>
<opcode="getelementptr(29) " fcode="getelementptr"/>
<opset="gmem1_addr/2 "/>
</bind>
</comp>

<comp id="470" class="1004" name="shiftreg_load_load_fu_470">
<pin_list>
<pin id="471" dir="0" index="0" bw="480" slack="2"/>
<pin id="472" dir="1" index="1" bw="480" slack="0"/>
</pin_list>
<bind>
<opcode="load(27) " fcode="load"/>
<opset="shiftreg_load/3 "/>
</bind>
</comp>

<comp id="473" class="1004" name="i_load_load_fu_473">
<pin_list>
<pin id="474" dir="0" index="0" bw="5" slack="2"/>
<pin id="475" dir="1" index="1" bw="5" slack="0"/>
</pin_list>
<bind>
<opcode="load(27) " fcode="load"/>
<opset="i_load/3 "/>
</bind>
</comp>

<comp id="476" class="1004" name="select_ln365_1_fu_476">
<pin_list>
<pin id="477" dir="0" index="0" bw="1" slack="2"/>
<pin id="478" dir="0" index="1" bw="480" slack="0"/>
<pin id="479" dir="0" index="2" bw="480" slack="0"/>
<pin id="480" dir="1" index="3" bw="480" slack="0"/>
</pin_list>
<bind>
<opcode="select(49) " fcode="select"/>
<opset="select_ln365_1/3 "/>
</bind>
</comp>

<comp id="483" class="1004" name="add_ln365_1_fu_483">
<pin_list>
<pin id="484" dir="0" index="0" bw="5" slack="0"/>
<pin id="485" dir="0" index="1" bw="1" slack="0"/>
<pin id="486" dir="1" index="2" bw="5" slack="0"/>
</pin_list>
<bind>
<opcode="add(8) " fcode="add"/>
<opset="add_ln365_1/3 "/>
</bind>
</comp>

<comp id="489" class="1004" name="select_ln365_2_fu_489">
<pin_list>
<pin id="490" dir="0" index="0" bw="1" slack="2"/>
<pin id="491" dir="0" index="1" bw="5" slack="0"/>
<pin id="492" dir="0" index="2" bw="5" slack="0"/>
<pin id="493" dir="1" index="3" bw="5" slack="0"/>
</pin_list>
<bind>
<opcode="select(49) " fcode="select"/>
<opset="select_ln365_2/3 "/>
</bind>
</comp>

<comp id="496" class="1004" name="trunc_ln365_fu_496">
<pin_list>
<pin id="497" dir="0" index="0" bw="5" slack="0"/>
<pin id="498" dir="1" index="1" bw="4" slack="2147483647"/>
</pin_list>
<bind>
<opcode="trunc(33) " fcode="trunc"/>
<opset="trunc_ln365/3 "/>
</bind>
</comp>

<comp id="500" class="1004" name="zext_ln368_fu_500">
<pin_list>
<pin id="501" dir="0" index="0" bw="480" slack="0"/>
<pin id="502" dir="1" index="1" bw="512" slack="0"/>
</pin_list>
<bind>
<opcode="zext(34) " fcode="zext"/>
<opset="zext_ln368/3 "/>
</bind>
</comp>

<comp id="505" class="1004" name="zext_ln368_1_fu_505">
<pin_list>
<pin id="506" dir="0" index="0" bw="9" slack="2"/>
<pin id="507" dir="1" index="1" bw="64" slack="0"/>
</pin_list>
<bind>
<opcode="zext(34) " fcode="zext"/>
<opset="zext_ln368_1/3 "/>
</bind>
</comp>

<comp id="524" class="1004" name="trunc_ln371_fu_524">
<pin_list>
<pin id="525" dir="0" index="0" bw="512" slack="0"/>
<pin id="526" dir="1" index="1" bw="32" slack="0"/>
</pin_list>
<bind>
<opcode="trunc(33) " fcode="trunc"/>
<opset="trunc_ln371/3 "/>
</bind>
</comp>

<comp id="544" class="1004" name="trunc_ln371_1_fu_544">
<pin_list>
<pin id="545" dir="0" index="0" bw="480" slack="0"/>
<pin id="546" dir="0" index="1" bw="512" slack="0"/>
<pin id="547" dir="0" index="2" bw="7" slack="0"/>
<pin id="548" dir="0" index="3" bw="10" slack="0"/>
<pin id="549" dir="1" index="4" bw="480" slack="0"/>
</pin_list>
<bind>
<opcode="partselect(1002) " fcode="partselect"/>
<opset="trunc_ln371_1/3 "/>
</bind>
</comp>

<comp id="554" class="1004" name="store_ln368_store_fu_554">
<pin_list>
<pin id="555" dir="0" index="0" bw="5" slack="0"/>
<pin id="556" dir="0" index="1" bw="5" slack="2"/>
<pin id="557" dir="1" index="2" bw="0" slack="2147483647"/>
</pin_list>
<bind>
<opcode="store(28) " fcode="store"/>
<opset="store_ln368/3 "/>
</bind>
</comp>

<comp id="559" class="1004" name="store_ln368_store_fu_559">
<pin_list>
<pin id="560" dir="0" index="0" bw="480" slack="0"/>
<pin id="561" dir="0" index="1" bw="480" slack="2"/>
<pin id="562" dir="1" index="2" bw="0" slack="2147483647"/>
</pin_list>
<bind>
<opcode="store(28) " fcode="store"/>
<opset="store_ln368/3 "/>
</bind>
</comp>

<comp id="564" class="1005" name="shiftreg_reg_564">
<pin_list>
<pin id="565" dir="0" index="0" bw="480" slack="0"/>
<pin id="566" dir="1" index="1" bw="480" slack="0"/>
</pin_list>
<bind>
<opset="shiftreg "/>
</bind>
</comp>

<comp id="571" class="1005" name="j_reg_571">
<pin_list>
<pin id="572" dir="0" index="0" bw="9" slack="0"/>
<pin id="573" dir="1" index="1" bw="9" slack="0"/>
</pin_list>
<bind>
<opset="j "/>
</bind>
</comp>

<comp id="578" class="1005" name="i_reg_578">
<pin_list>
<pin id="579" dir="0" index="0" bw="5" slack="0"/>
<pin id="580" dir="1" index="1" bw="5" slack="0"/>
</pin_list>
<bind>
<opset="i "/>
</bind>
</comp>

<comp id="585" class="1005" name="indvar_flatten_reg_585">
<pin_list>
<pin id="586" dir="0" index="0" bw="13" slack="0"/>
<pin id="587" dir="1" index="1" bw="13" slack="0"/>
</pin_list>
<bind>
<opset="indvar_flatten "/>
</bind>
</comp>

<comp id="592" class="1005" name="sext_ln365_cast_reg_592">
<pin_list>
<pin id="593" dir="0" index="0" bw="64" slack="1"/>
<pin id="594" dir="1" index="1" bw="64" slack="1"/>
</pin_list>
<bind>
<opset="sext_ln365_cast "/>
</bind>
</comp>

<comp id="597" class="1005" name="icmp_ln365_reg_597">
<pin_list>
<pin id="598" dir="0" index="0" bw="1" slack="1"/>
<pin id="599" dir="1" index="1" bw="1" slack="2147483647"/>
</pin_list>
<bind>
<opset="icmp_ln365 "/>
</bind>
</comp>

<comp id="601" class="1005" name="icmp_ln368_reg_601">
<pin_list>
<pin id="602" dir="0" index="0" bw="1" slack="2"/>
<pin id="603" dir="1" index="1" bw="1" slack="2"/>
</pin_list>
<bind>
<opset="icmp_ln368 "/>
</bind>
</comp>

<comp id="607" class="1005" name="select_ln365_reg_607">
<pin_list>
<pin id="608" dir="0" index="0" bw="9" slack="2"/>
<pin id="609" dir="1" index="1" bw="9" slack="2"/>
</pin_list>
<bind>
<opset="select_ln365 "/>
</bind>
</comp>

<comp id="612" class="1005" name="icmp_ln371_reg_612">
<pin_list>
<pin id="613" dir="0" index="0" bw="1" slack="1"/>
<pin id="614" dir="1" index="1" bw="1" slack="2147483647"/>
</pin_list>
<bind>
<opset="icmp_ln371 "/>
</bind>
</comp>

<comp id="616" class="1005" name="gmem1_addr_read_reg_616">
<pin_list>
<pin id="617" dir="0" index="0" bw="512" slack="1"/>
<pin id="618" dir="1" index="1" bw="512" slack="1"/>
</pin_list>
<bind>
<opset="gmem1_addr_read "/>
</bind>
</comp>

</comp_list>

<net_list>
<net id="141"><net_src comp="36" pin="0"/><net_sink comp="138" pin=0"/></net>

<net id="145"><net_src comp="36" pin="0"/><net_sink comp="142" pin=0"/></net>

<net id="149"><net_src comp="36" pin="0"/><net_sink comp="146" pin=0"/></net>

<net id="153"><net_src comp="36" pin="0"/><net_sink comp="150" pin=0"/></net>

<net id="158"><net_src comp="38" pin="0"/><net_sink comp="154" pin=0"/></net>

<net id="159"><net_src comp="2" pin="0"/><net_sink comp="154" pin=1"/></net>

<net id="164"><net_src comp="86" pin="0"/><net_sink comp="160" pin=0"/></net>

<net id="170"><net_src comp="4" pin="0"/><net_sink comp="165" pin=0"/></net>

<net id="171"><net_src comp="108" pin="0"/><net_sink comp="165" pin=1"/></net>

<net id="177"><net_src comp="6" pin="0"/><net_sink comp="172" pin=0"/></net>

<net id="178"><net_src comp="108" pin="0"/><net_sink comp="172" pin=1"/></net>

<net id="184"><net_src comp="8" pin="0"/><net_sink comp="179" pin=0"/></net>

<net id="185"><net_src comp="108" pin="0"/><net_sink comp="179" pin=1"/></net>

<net id="191"><net_src comp="10" pin="0"/><net_sink comp="186" pin=0"/></net>

<net id="192"><net_src comp="108" pin="0"/><net_sink comp="186" pin=1"/></net>

<net id="198"><net_src comp="12" pin="0"/><net_sink comp="193" pin=0"/></net>

<net id="199"><net_src comp="108" pin="0"/><net_sink comp="193" pin=1"/></net>

<net id="205"><net_src comp="14" pin="0"/><net_sink comp="200" pin=0"/></net>

<net id="206"><net_src comp="108" pin="0"/><net_sink comp="200" pin=1"/></net>

<net id="212"><net_src comp="16" pin="0"/><net_sink comp="207" pin=0"/></net>

<net id="213"><net_src comp="108" pin="0"/><net_sink comp="207" pin=1"/></net>

<net id="219"><net_src comp="18" pin="0"/><net_sink comp="214" pin=0"/></net>

<net id="220"><net_src comp="108" pin="0"/><net_sink comp="214" pin=1"/></net>

<net id="226"><net_src comp="20" pin="0"/><net_sink comp="221" pin=0"/></net>

<net id="227"><net_src comp="108" pin="0"/><net_sink comp="221" pin=1"/></net>

<net id="233"><net_src comp="22" pin="0"/><net_sink comp="228" pin=0"/></net>

<net id="234"><net_src comp="108" pin="0"/><net_sink comp="228" pin=1"/></net>

<net id="240"><net_src comp="24" pin="0"/><net_sink comp="235" pin=0"/></net>

<net id="241"><net_src comp="108" pin="0"/><net_sink comp="235" pin=1"/></net>

<net id="247"><net_src comp="26" pin="0"/><net_sink comp="242" pin=0"/></net>

<net id="248"><net_src comp="108" pin="0"/><net_sink comp="242" pin=1"/></net>

<net id="254"><net_src comp="28" pin="0"/><net_sink comp="249" pin=0"/></net>

<net id="255"><net_src comp="108" pin="0"/><net_sink comp="249" pin=1"/></net>

<net id="261"><net_src comp="30" pin="0"/><net_sink comp="256" pin=0"/></net>

<net id="262"><net_src comp="108" pin="0"/><net_sink comp="256" pin=1"/></net>

<net id="268"><net_src comp="32" pin="0"/><net_sink comp="263" pin=0"/></net>

<net id="269"><net_src comp="108" pin="0"/><net_sink comp="263" pin=1"/></net>

<net id="275"><net_src comp="34" pin="0"/><net_sink comp="270" pin=0"/></net>

<net id="276"><net_src comp="108" pin="0"/><net_sink comp="270" pin=1"/></net>

<net id="282"><net_src comp="263" pin="3"/><net_sink comp="277" pin=0"/></net>

<net id="288"><net_src comp="256" pin="3"/><net_sink comp="283" pin=0"/></net>

<net id="294"><net_src comp="249" pin="3"/><net_sink comp="289" pin=0"/></net>

<net id="300"><net_src comp="242" pin="3"/><net_sink comp="295" pin=0"/></net>

<net id="306"><net_src comp="235" pin="3"/><net_sink comp="301" pin=0"/></net>

<net id="312"><net_src comp="228" pin="3"/><net_sink comp="307" pin=0"/></net>

<net id="318"><net_src comp="221" pin="3"/><net_sink comp="313" pin=0"/></net>

<net id="324"><net_src comp="214" pin="3"/><net_sink comp="319" pin=0"/></net>

<net id="330"><net_src comp="207" pin="3"/><net_sink comp="325" pin=0"/></net>

<net id="336"><net_src comp="200" pin="3"/><net_sink comp="331" pin=0"/></net>

<net id="342"><net_src comp="193" pin="3"/><net_sink comp="337" pin=0"/></net>

<net id="348"><net_src comp="186" pin="3"/><net_sink comp="343" pin=0"/></net>

<net id="354"><net_src comp="179" pin="3"/><net_sink comp="349" pin=0"/></net>

<net id="360"><net_src comp="172" pin="3"/><net_sink comp="355" pin=0"/></net>

<net id="366"><net_src comp="165" pin="3"/><net_sink comp="361" pin=0"/></net>

<net id="372"><net_src comp="270" pin="3"/><net_sink comp="367" pin=0"/></net>

<net id="385"><net_src comp="154" pin="2"/><net_sink comp="382" pin=0"/></net>

<net id="390"><net_src comp="68" pin="0"/><net_sink comp="386" pin=0"/></net>

<net id="395"><net_src comp="70" pin="0"/><net_sink comp="391" pin=0"/></net>

<net id="400"><net_src comp="72" pin="0"/><net_sink comp="396" pin=0"/></net>

<net id="405"><net_src comp="74" pin="0"/><net_sink comp="401" pin=0"/></net>

<net id="413"><net_src comp="406" pin="1"/><net_sink comp="409" pin=0"/></net>

<net id="414"><net_src comp="76" pin="0"/><net_sink comp="409" pin=1"/></net>

<net id="419"><net_src comp="406" pin="1"/><net_sink comp="415" pin=0"/></net>

<net id="420"><net_src comp="78" pin="0"/><net_sink comp="415" pin=1"/></net>

<net id="428"><net_src comp="421" pin="1"/><net_sink comp="424" pin=0"/></net>

<net id="429"><net_src comp="80" pin="0"/><net_sink comp="424" pin=1"/></net>

<net id="435"><net_src comp="424" pin="2"/><net_sink comp="430" pin=0"/></net>

<net id="436"><net_src comp="72" pin="0"/><net_sink comp="430" pin=1"/></net>

<net id="437"><net_src comp="421" pin="1"/><net_sink comp="430" pin=2"/></net>

<net id="441"><net_src comp="430" pin="3"/><net_sink comp="438" pin=0"/></net>

<net id="446"><net_src comp="438" pin="1"/><net_sink comp="442" pin=0"/></net>

<net id="447"><net_src comp="82" pin="0"/><net_sink comp="442" pin=1"/></net>

<net id="452"><net_src comp="430" pin="3"/><net_sink comp="448" pin=0"/></net>

<net id="453"><net_src comp="84" pin="0"/><net_sink comp="448" pin=1"/></net>

<net id="458"><net_src comp="415" pin="2"/><net_sink comp="454" pin=0"/></net>

<net id="463"><net_src comp="448" pin="2"/><net_sink comp="459" pin=0"/></net>

<net id="468"><net_src comp="0" pin="0"/><net_sink comp="464" pin=0"/></net>

<net id="469"><net_src comp="464" pin="2"/><net_sink comp="160" pin=1"/></net>

<net id="481"><net_src comp="74" pin="0"/><net_sink comp="476" pin=1"/></net>

<net id="482"><net_src comp="470" pin="1"/><net_sink comp="476" pin=2"/></net>

<net id="487"><net_src comp="473" pin="1"/><net_sink comp="483" pin=0"/></net>

<net id="488"><net_src comp="96" pin="0"/><net_sink comp="483" pin=1"/></net>

<net id="494"><net_src comp="483" pin="2"/><net_sink comp="489" pin=1"/></net>

<net id="495"><net_src comp="473" pin="1"/><net_sink comp="489" pin=2"/></net>

<net id="499"><net_src comp="489" pin="3"/><net_sink comp="496" pin=0"/></net>

<net id="503"><net_src comp="476" pin="3"/><net_sink comp="500" pin=0"/></net>

<net id="504"><net_src comp="500" pin="1"/><net_sink comp="376" pin=2"/></net>

<net id="508"><net_src comp="505" pin="1"/><net_sink comp="165" pin=2"/></net>

<net id="509"><net_src comp="505" pin="1"/><net_sink comp="172" pin=2"/></net>

<net id="510"><net_src comp="505" pin="1"/><net_sink comp="179" pin=2"/></net>

<net id="511"><net_src comp="505" pin="1"/><net_sink comp="186" pin=2"/></net>

<net id="512"><net_src comp="505" pin="1"/><net_sink comp="193" pin=2"/></net>

<net id="513"><net_src comp="505" pin="1"/><net_sink comp="200" pin=2"/></net>

<net id="514"><net_src comp="505" pin="1"/><net_sink comp="207" pin=2"/></net>

<net id="515"><net_src comp="505" pin="1"/><net_sink comp="214" pin=2"/></net>

<net id="516"><net_src comp="505" pin="1"/><net_sink comp="221" pin=2"/></net>

<net id="517"><net_src comp="505" pin="1"/><net_sink comp="228" pin=2"/></net>

<net id="518"><net_src comp="505" pin="1"/><net_sink comp="235" pin=2"/></net>

<net id="519"><net_src comp="505" pin="1"/><net_sink comp="242" pin=2"/></net>

<net id="520"><net_src comp="505" pin="1"/><net_sink comp="249" pin=2"/></net>

<net id="521"><net_src comp="505" pin="1"/><net_sink comp="256" pin=2"/></net>

<net id="522"><net_src comp="505" pin="1"/><net_sink comp="263" pin=2"/></net>

<net id="523"><net_src comp="505" pin="1"/><net_sink comp="270" pin=2"/></net>

<net id="527"><net_src comp="376" pin="4"/><net_sink comp="524" pin=0"/></net>

<net id="528"><net_src comp="524" pin="1"/><net_sink comp="277" pin=1"/></net>

<net id="529"><net_src comp="524" pin="1"/><net_sink comp="283" pin=1"/></net>

<net id="530"><net_src comp="524" pin="1"/><net_sink comp="289" pin=1"/></net>

<net id="531"><net_src comp="524" pin="1"/><net_sink comp="295" pin=1"/></net>

<net id="532"><net_src comp="524" pin="1"/><net_sink comp="301" pin=1"/></net>

<net id="533"><net_src comp="524" pin="1"/><net_sink comp="307" pin=1"/></net>

<net id="534"><net_src comp="524" pin="1"/><net_sink comp="313" pin=1"/></net>

<net id="535"><net_src comp="524" pin="1"/><net_sink comp="319" pin=1"/></net>

<net id="536"><net_src comp="524" pin="1"/><net_sink comp="325" pin=1"/></net>

<net id="537"><net_src comp="524" pin="1"/><net_sink comp="331" pin=1"/></net>

<net id="538"><net_src comp="524" pin="1"/><net_sink comp="337" pin=1"/></net>

<net id="539"><net_src comp="524" pin="1"/><net_sink comp="343" pin=1"/></net>

<net id="540"><net_src comp="524" pin="1"/><net_sink comp="349" pin=1"/></net>

<net id="541"><net_src comp="524" pin="1"/><net_sink comp="355" pin=1"/></net>

<net id="542"><net_src comp="524" pin="1"/><net_sink comp="361" pin=1"/></net>

<net id="543"><net_src comp="524" pin="1"/><net_sink comp="367" pin=1"/></net>

<net id="550"><net_src comp="102" pin="0"/><net_sink comp="544" pin=0"/></net>

<net id="551"><net_src comp="376" pin="4"/><net_sink comp="544" pin=1"/></net>

<net id="552"><net_src comp="104" pin="0"/><net_sink comp="544" pin=2"/></net>

<net id="553"><net_src comp="106" pin="0"/><net_sink comp="544" pin=3"/></net>

<net id="558"><net_src comp="489" pin="3"/><net_sink comp="554" pin=0"/></net>

<net id="563"><net_src comp="544" pin="4"/><net_sink comp="559" pin=0"/></net>

<net id="567"><net_src comp="138" pin="1"/><net_sink comp="564" pin=0"/></net>

<net id="568"><net_src comp="564" pin="1"/><net_sink comp="401" pin=1"/></net>

<net id="569"><net_src comp="564" pin="1"/><net_sink comp="470" pin=0"/></net>

<net id="570"><net_src comp="564" pin="1"/><net_sink comp="559" pin=1"/></net>

<net id="574"><net_src comp="142" pin="1"/><net_sink comp="571" pin=0"/></net>

<net id="575"><net_src comp="571" pin="1"/><net_sink comp="396" pin=1"/></net>

<net id="576"><net_src comp="571" pin="1"/><net_sink comp="421" pin=0"/></net>

<net id="577"><net_src comp="571" pin="1"/><net_sink comp="459" pin=1"/></net>

<net id="581"><net_src comp="146" pin="1"/><net_sink comp="578" pin=0"/></net>

<net id="582"><net_src comp="578" pin="1"/><net_sink comp="391" pin=1"/></net>

<net id="583"><net_src comp="578" pin="1"/><net_sink comp="473" pin=0"/></net>

<net id="584"><net_src comp="578" pin="1"/><net_sink comp="554" pin=1"/></net>

<net id="588"><net_src comp="150" pin="1"/><net_sink comp="585" pin=0"/></net>

<net id="589"><net_src comp="585" pin="1"/><net_sink comp="386" pin=1"/></net>

<net id="590"><net_src comp="585" pin="1"/><net_sink comp="406" pin=0"/></net>

<net id="591"><net_src comp="585" pin="1"/><net_sink comp="454" pin=1"/></net>

<net id="595"><net_src comp="382" pin="1"/><net_sink comp="592" pin=0"/></net>

<net id="596"><net_src comp="592" pin="1"/><net_sink comp="464" pin=1"/></net>

<net id="600"><net_src comp="409" pin="2"/><net_sink comp="597" pin=0"/></net>

<net id="604"><net_src comp="424" pin="2"/><net_sink comp="601" pin=0"/></net>

<net id="605"><net_src comp="601" pin="1"/><net_sink comp="476" pin=0"/></net>

<net id="606"><net_src comp="601" pin="1"/><net_sink comp="489" pin=0"/></net>

<net id="610"><net_src comp="430" pin="3"/><net_sink comp="607" pin=0"/></net>

<net id="611"><net_src comp="607" pin="1"/><net_sink comp="505" pin=0"/></net>

<net id="615"><net_src comp="442" pin="2"/><net_sink comp="612" pin=0"/></net>

<net id="619"><net_src comp="160" pin="2"/><net_sink comp="616" pin=0"/></net>

<net id="620"><net_src comp="616" pin="1"/><net_sink comp="376" pin=0"/></net>

</net_list>

</model> 
---------------- Datapath Model END ------------------

* FSMD analyzer results:
  - Output states:
	Port: gmem1 | {}
	Port: crcTables_0 | {3 }
	Port: crcTables_1 | {3 }
	Port: crcTables_2 | {3 }
	Port: crcTables_3 | {3 }
	Port: crcTables_4 | {3 }
	Port: crcTables_5 | {3 }
	Port: crcTables_6 | {3 }
	Port: crcTables_7 | {3 }
	Port: crcTables_8 | {3 }
	Port: crcTables_9 | {3 }
	Port: crcTables_10 | {3 }
	Port: crcTables_11 | {3 }
	Port: crcTables_12 | {3 }
	Port: crcTables_13 | {3 }
	Port: crcTables_14 | {3 }
	Port: crcTables_15 | {3 }
 - Input state : 
	Port: load_crc_tables_Pipeline_load_lut_rows_load_lut_cols : gmem1 | {2 }
	Port: load_crc_tables_Pipeline_load_lut_rows_load_lut_cols : sext_ln365 | {1 }
	Port: load_crc_tables_Pipeline_load_lut_rows_load_lut_cols : crcTables_0 | {}
	Port: load_crc_tables_Pipeline_load_lut_rows_load_lut_cols : crcTables_1 | {}
	Port: load_crc_tables_Pipeline_load_lut_rows_load_lut_cols : crcTables_2 | {}
	Port: load_crc_tables_Pipeline_load_lut_rows_load_lut_cols : crcTables_3 | {}
	Port: load_crc_tables_Pipeline_load_lut_rows_load_lut_cols : crcTables_4 | {}
	Port: load_crc_tables_Pipeline_load_lut_rows_load_lut_cols : crcTables_5 | {}
	Port: load_crc_tables_Pipeline_load_lut_rows_load_lut_cols : crcTables_6 | {}
	Port: load_crc_tables_Pipeline_load_lut_rows_load_lut_cols : crcTables_7 | {}
	Port: load_crc_tables_Pipeline_load_lut_rows_load_lut_cols : crcTables_8 | {}
	Port: load_crc_tables_Pipeline_load_lut_rows_load_lut_cols : crcTables_9 | {}
	Port: load_crc_tables_Pipeline_load_lut_rows_load_lut_cols : crcTables_10 | {}
	Port: load_crc_tables_Pipeline_load_lut_rows_load_lut_cols : crcTables_11 | {}
	Port: load_crc_tables_Pipeline_load_lut_rows_load_lut_cols : crcTables_12 | {}
	Port: load_crc_tables_Pipeline_load_lut_rows_load_lut_cols : crcTables_13 | {}
	Port: load_crc_tables_Pipeline_load_lut_rows_load_lut_cols : crcTables_14 | {}
	Port: load_crc_tables_Pipeline_load_lut_rows_load_lut_cols : crcTables_15 | {}
  - Chain level:
	State 1
		store_ln0 : 1
		store_ln0 : 1
		store_ln0 : 1
		store_ln0 : 1
		indvar_flatten_load : 1
		icmp_ln365 : 2
		add_ln365 : 2
		br_ln365 : 3
		j_load : 1
		icmp_ln368 : 2
		select_ln365 : 3
		trunc_ln368 : 4
		icmp_ln371 : 5
		add_ln368 : 4
		store_ln368 : 3
		store_ln368 : 5
	State 2
		gmem1_addr_read : 1
	State 3
		select_ln365_1 : 1
		add_ln365_1 : 1
		select_ln365_2 : 2
		trunc_ln365 : 3
		zext_ln368 : 2
		empty : 3
		trunc_ln371 : 4
		trunc_ln371_1 : 4
		crcTables_0_addr : 1
		crcTables_1_addr : 1
		crcTables_2_addr : 1
		crcTables_3_addr : 1
		crcTables_4_addr : 1
		crcTables_5_addr : 1
		crcTables_6_addr : 1
		crcTables_7_addr : 1
		crcTables_8_addr : 1
		crcTables_9_addr : 1
		crcTables_10_addr : 1
		crcTables_11_addr : 1
		crcTables_12_addr : 1
		crcTables_13_addr : 1
		crcTables_14_addr : 1
		crcTables_15_addr : 1
		switch_ln371 : 4
		store_ln371 : 5
		store_ln371 : 5
		store_ln371 : 5
		store_ln371 : 5
		store_ln371 : 5
		store_ln371 : 5
		store_ln371 : 5
		store_ln371 : 5
		store_ln371 : 5
		store_ln371 : 5
		store_ln371 : 5
		store_ln371 : 5
		store_ln371 : 5
		store_ln371 : 5
		store_ln371 : 5
		store_ln371 : 5
		store_ln368 : 3
		store_ln368 : 5


============================================================
+ Verbose Summary: Datapath Resource usage 
============================================================

* Functional unit list:
|----------|-----------------------------|---------|---------|
| Operation|       Functional Unit       |    FF   |   LUT   |
|----------|-----------------------------|---------|---------|
|          |     select_ln365_fu_430     |    0    |    9    |
|  select  |    select_ln365_1_fu_476    |    0    |   408   |
|          |    select_ln365_2_fu_489    |    0    |    5    |
|----------|-----------------------------|---------|---------|
|          |       add_ln365_fu_415      |    0    |    20   |
|    add   |       add_ln368_fu_448      |    0    |    16   |
|          |      add_ln365_1_fu_483     |    0    |    12   |
|----------|-----------------------------|---------|---------|
|          |      icmp_ln365_fu_409      |    0    |    12   |
|   icmp   |      icmp_ln368_fu_424      |    0    |    11   |
|          |      icmp_ln371_fu_442      |    0    |    9    |
|----------|-----------------------------|---------|---------|
|   read   | sext_ln365_read_read_fu_154 |    0    |    0    |
|          | gmem1_addr_read_read_fu_160 |    0    |    0    |
|----------|-----------------------------|---------|---------|
|   sext   |    sext_ln365_cast_fu_382   |    0    |    0    |
|----------|-----------------------------|---------|---------|
|          |      trunc_ln368_fu_438     |    0    |    0    |
|   trunc  |      trunc_ln365_fu_496     |    0    |    0    |
|          |      trunc_ln371_fu_524     |    0    |    0    |
|----------|-----------------------------|---------|---------|
|   zext   |      zext_ln368_fu_500      |    0    |    0    |
|          |     zext_ln368_1_fu_505     |    0    |    0    |
|----------|-----------------------------|---------|---------|
|partselect|     trunc_ln371_1_fu_544    |    0    |    0    |
|----------|-----------------------------|---------|---------|
|   Total  |                             |    0    |   502   |
|----------|-----------------------------|---------|---------|

Memories:
N/A

* Register list:
+-----------------------+--------+
|                       |   FF   |
+-----------------------+--------+
|     empty_reg_373     |   512  |
|gmem1_addr_read_reg_616|   512  |
|       i_reg_578       |    5   |
|   icmp_ln365_reg_597  |    1   |
|   icmp_ln368_reg_601  |    1   |
|   icmp_ln371_reg_612  |    1   |
| indvar_flatten_reg_585|   13   |
|       j_reg_571       |    9   |
|  select_ln365_reg_607 |    9   |
|sext_ln365_cast_reg_592|   64   |
|    shiftreg_reg_564   |   480  |
+-----------------------+--------+
|         Total         |  1607  |
+-----------------------+--------+

* Multiplexer (MUX) list: 
|--------|------|------|------|--------|
|  Comp  |  Pin | Size |  BW  | S x BW |
|--------|------|------|------|--------|
|  Total |      |      |      |    0   |
|--------|------|------|------|--------|



* Summary:
+-----------+--------+--------+
|           |   FF   |   LUT  |
+-----------+--------+--------+
|  Function |    0   |   502  |
|   Memory  |    -   |    -   |
|Multiplexer|    -   |    -   |
|  Register |  1607  |    -   |
+-----------+--------+--------+
|   Total   |  1607  |   502  |
+-----------+--------+--------+
