

================================================================
== Vitis HLS Report for 'process_crc'
================================================================
* Date:           Fri Feb 20 12:32:11 2026

* Version:        2023.1 (Build 3854077 on May  4 2023)
* Project:        calculate_crc
* Solution:       solution (Vitis Kernel Flow Target)
* Product family: virtexuplusHBM
* Target device:  xcu280-fsvh2892-2L-e


================================================================
== Performance Estimates
================================================================
+ Timing: 
    * Summary: 
    +--------+---------+----------+------------+
    |  Clock |  Target | Estimated| Uncertainty|
    +--------+---------+----------+------------+
    |ap_clk  |  3.33 ns|  3.629 ns|     0.90 ns|
    +--------+---------+----------+------------+

+ Latency: 
    * Summary: 
    +---------+---------+----------+----------+-----+-----+----------+
    |  Latency (cycles) |  Latency (absolute) |  Interval | Pipeline |
    |   min   |   max   |    min   |    max   | min | max |   Type   |
    +---------+---------+----------+----------+-----+-----+----------+
    |        ?|        ?|         ?|         ?|    ?|    ?|  dataflow|
    +---------+---------+----------+----------+-----+-----+----------+

    + Detail: 
        * Instance: 
        +-----------------------------------+--------------------------------+---------+-----------+-----------+-----------+------+-----------+---------+
        |                                   |                                |   Latency (cycles)  |   Latency (absolute)  |     Interval     | Pipeline|
        |              Instance             |             Module             |   min   |    max    |    min    |    max    |  min |    max    |   Type  |
        +-----------------------------------+--------------------------------+---------+-----------+-----------+-----------+------+-----------+---------+
        |process_crc_Loop_init_lut_proc_U0  |process_crc_Loop_init_lut_proc  |     4171|       4171|  13.902 us|  13.902 us|  4171|       4171|       no|
        |read_input_U0                      |read_input                      |       79|  134217806|   0.263 us|  0.447 sec|    79|  134217806|       no|
        |entry_proc_U0                      |entry_proc                      |        0|          0|       0 ns|       0 ns|     0|          0|       no|
        |process_blocks_U0                  |process_blocks                  |        ?|          ?|          ?|          ?|     ?|          ?|       no|
        |write_output_U0                    |write_output                    |        ?|          ?|          ?|          ?|     ?|          ?|       no|
        +-----------------------------------+--------------------------------+---------+-----------+-----------+-----------+------+-----------+---------+

        * Loop: 
        N/A



================================================================
== Utilization Estimates
================================================================
* Summary: 
+---------------------+---------+------+---------+---------+-----+
|         Name        | BRAM_18K|  DSP |    FF   |   LUT   | URAM|
+---------------------+---------+------+---------+---------+-----+
|DSP                  |        -|     -|        -|        -|    -|
|Expression           |        -|     -|        0|       84|    -|
|FIFO                 |        0|     -|      481|      874|    -|
|Instance             |        -|     3|     2825|     5215|    -|
|Memory               |       16|     -|        0|        0|    -|
|Multiplexer          |        -|     -|        -|      171|    -|
|Register             |        -|     -|       19|        -|    -|
+---------------------+---------+------+---------+---------+-----+
|Total                |       16|     3|     3325|     6344|    0|
+---------------------+---------+------+---------+---------+-----+
|Available SLR        |     1344|  3008|   869120|   434560|  320|
+---------------------+---------+------+---------+---------+-----+
|Utilization SLR (%)  |        1|    ~0|       ~0|        1|    0|
+---------------------+---------+------+---------+---------+-----+
|Available            |     4032|  9024|  2607360|  1303680|  960|
+---------------------+---------+------+---------+---------+-----+
|Utilization (%)      |       ~0|    ~0|       ~0|       ~0|    0|
+---------------------+---------+------+---------+---------+-----+

+ Detail: 
    * Instance: 
    +-----------------------------------+--------------------------------+---------+----+------+------+-----+
    |              Instance             |             Module             | BRAM_18K| DSP|  FF  |  LUT | URAM|
    +-----------------------------------+--------------------------------+---------+----+------+------+-----+
    |entry_proc_U0                      |entry_proc                      |        0|   0|     3|    47|    0|
    |process_blocks_U0                  |process_blocks                  |        0|   0|   542|  2111|    0|
    |process_crc_Loop_init_lut_proc_U0  |process_crc_Loop_init_lut_proc  |        0|   0|  1185|  1113|    0|
    |read_input_U0                      |read_input                      |        0|   3|   612|  1163|    0|
    |write_output_U0                    |write_output                    |        0|   0|   483|   781|    0|
    +-----------------------------------+--------------------------------+---------+----+------+------+-----+
    |Total                              |                                |        0|   3|  2825|  5215|    0|
    +-----------------------------------+--------------------------------+---------+----+------+------+-----+

    * DSP: 
    N/A

    * Memory: 
    +----------------+----------------------------------------+---------+---+----+-----+------+-----+------+-------------+
    |     Memory     |                 Module                 | BRAM_18K| FF| LUT| URAM| Words| Bits| Banks| W*Bits*Banks|
    +----------------+----------------------------------------+---------+---+----+-----+------+-----+------+-------------+
    |crcTables_U     |process_crc_crcTables_RAM_1P_BRAM_1R1W  |        1|  0|   0|    0|   256|   32|     1|         8192|
    |crcTables_1_U   |process_crc_crcTables_RAM_1P_BRAM_1R1W  |        1|  0|   0|    0|   256|   32|     1|         8192|
    |crcTables_2_U   |process_crc_crcTables_RAM_1P_BRAM_1R1W  |        1|  0|   0|    0|   256|   32|     1|         8192|
    |crcTables_3_U   |process_crc_crcTables_RAM_1P_BRAM_1R1W  |        1|  0|   0|    0|   256|   32|     1|         8192|
    |crcTables_4_U   |process_crc_crcTables_RAM_1P_BRAM_1R1W  |        1|  0|   0|    0|   256|   32|     1|         8192|
    |crcTables_5_U   |process_crc_crcTables_RAM_1P_BRAM_1R1W  |        1|  0|   0|    0|   256|   32|     1|         8192|
    |crcTables_6_U   |process_crc_crcTables_RAM_1P_BRAM_1R1W  |        1|  0|   0|    0|   256|   32|     1|         8192|
    |crcTables_7_U   |process_crc_crcTables_RAM_1P_BRAM_1R1W  |        1|  0|   0|    0|   256|   32|     1|         8192|
    |crcTables_8_U   |process_crc_crcTables_RAM_1P_BRAM_1R1W  |        1|  0|   0|    0|   256|   32|     1|         8192|
    |crcTables_9_U   |process_crc_crcTables_RAM_1P_BRAM_1R1W  |        1|  0|   0|    0|   256|   32|     1|         8192|
    |crcTables_10_U  |process_crc_crcTables_RAM_1P_BRAM_1R1W  |        1|  0|   0|    0|   256|   32|     1|         8192|
    |crcTables_11_U  |process_crc_crcTables_RAM_1P_BRAM_1R1W  |        1|  0|   0|    0|   256|   32|     1|         8192|
    |crcTables_12_U  |process_crc_crcTables_RAM_1P_BRAM_1R1W  |        1|  0|   0|    0|   256|   32|     1|         8192|
    |crcTables_13_U  |process_crc_crcTables_RAM_1P_BRAM_1R1W  |        1|  0|   0|    0|   256|   32|     1|         8192|
    |crcTables_14_U  |process_crc_crcTables_RAM_1P_BRAM_1R1W  |        1|  0|   0|    0|   256|   32|     1|         8192|
    |crcTables_15_U  |process_crc_crcTables_RAM_1P_BRAM_1R1W  |        1|  0|   0|    0|   256|   32|     1|         8192|
    +----------------+----------------------------------------+---------+---+----+-----+------+-----+------+-------------+
    |Total           |                                        |       16|  0|   0|    0|  4096|  512|    16|       131072|
    +----------------+----------------------------------------+---------+---+----+-----+------+-----+------+-------------+

    * FIFO: 
    +-----------------+---------+-----+----+-----+------+-----+---------+
    |       Name      | BRAM_18K|  FF | LUT| URAM| Depth| Bits| Size:D*B|
    +-----------------+---------+-----+----+-----+------+-----+---------+
    |chunkSize_c_U    |        0|   68|   0|    -|     2|   32|       64|
    |crc_out_c_U      |        0|    5|   0|    -|     4|   64|      256|
    |crc_size_c_U     |        0|    5|   0|    -|     3|   32|       96|
    |inByte0_U        |        0|    9|   0|    -|    64|    8|      512|
    |inByte10_U       |        0|    9|   0|    -|    64|    8|      512|
    |inByte11_U       |        0|    9|   0|    -|    64|    8|      512|
    |inByte12_U       |        0|    9|   0|    -|    64|    8|      512|
    |inByte13_U       |        0|    9|   0|    -|    64|    8|      512|
    |inByte14_U       |        0|    9|   0|    -|    64|    8|      512|
    |inByte15_U       |        0|    9|   0|    -|    64|    8|      512|
    |inByte1_U        |        0|    9|   0|    -|    64|    8|      512|
    |inByte2_U        |        0|    9|   0|    -|    64|    8|      512|
    |inByte3_U        |        0|    9|   0|    -|    64|    8|      512|
    |inByte4_U        |        0|    9|   0|    -|    64|    8|      512|
    |inByte5_U        |        0|    9|   0|    -|    64|    8|      512|
    |inByte6_U        |        0|    9|   0|    -|    64|    8|      512|
    |inByte7_U        |        0|    9|   0|    -|    64|    8|      512|
    |inByte8_U        |        0|    9|   0|    -|    64|    8|      512|
    |inByte9_U        |        0|    9|   0|    -|    64|    8|      512|
    |init_value_c_U   |        0|    5|   0|    -|     3|   32|       96|
    |numChunks_c12_U  |        0|   68|   0|    -|     2|   32|       64|
    |numChunks_c_U    |        0|   68|   0|    -|     2|   32|       64|
    |outStream_U      |        0|  118|   0|    -|    64|   32|     2048|
    +-----------------+---------+-----+----+-----+------+-----+---------+
    |Total            |        0|  481|   0|    0|  1104|  384|    10880|
    +-----------------+---------+-----+----+-----+------+-----+---------+

    * Expression: 
    +----------------------------------------------------+----------+----+---+----+------------+------------+
    |                    Variable Name                   | Operation| DSP| FF| LUT| Bitwidth P0| Bitwidth P1|
    +----------------------------------------------------+----------+----+---+----+------------+------------+
    |ap_channel_done_crcTables                           |       and|   0|  0|   2|           1|           1|
    |ap_channel_done_crcTables_1                         |       and|   0|  0|   2|           1|           1|
    |ap_channel_done_crcTables_10                        |       and|   0|  0|   2|           1|           1|
    |ap_channel_done_crcTables_11                        |       and|   0|  0|   2|           1|           1|
    |ap_channel_done_crcTables_12                        |       and|   0|  0|   2|           1|           1|
    |ap_channel_done_crcTables_13                        |       and|   0|  0|   2|           1|           1|
    |ap_channel_done_crcTables_14                        |       and|   0|  0|   2|           1|           1|
    |ap_channel_done_crcTables_15                        |       and|   0|  0|   2|           1|           1|
    |ap_channel_done_crcTables_2                         |       and|   0|  0|   2|           1|           1|
    |ap_channel_done_crcTables_3                         |       and|   0|  0|   2|           1|           1|
    |ap_channel_done_crcTables_4                         |       and|   0|  0|   2|           1|           1|
    |ap_channel_done_crcTables_5                         |       and|   0|  0|   2|           1|           1|
    |ap_channel_done_crcTables_6                         |       and|   0|  0|   2|           1|           1|
    |ap_channel_done_crcTables_7                         |       and|   0|  0|   2|           1|           1|
    |ap_channel_done_crcTables_8                         |       and|   0|  0|   2|           1|           1|
    |ap_channel_done_crcTables_9                         |       and|   0|  0|   2|           1|           1|
    |ap_idle                                             |       and|   0|  0|   2|           1|           1|
    |ap_sync_ready                                       |       and|   0|  0|   2|           1|           1|
    |entry_proc_U0_ap_start                              |       and|   0|  0|   2|           1|           1|
    |process_blocks_U0_ap_start                          |       and|   0|  0|   2|           1|           1|
    |process_crc_Loop_init_lut_proc_U0_ap_continue       |       and|   0|  0|   2|           1|           1|
    |process_crc_Loop_init_lut_proc_U0_ap_start          |       and|   0|  0|   2|           1|           1|
    |read_input_U0_ap_start                              |       and|   0|  0|   2|           1|           1|
    |ap_sync_channel_write_crcTables                     |        or|   0|  0|   2|           1|           1|
    |ap_sync_channel_write_crcTables_1                   |        or|   0|  0|   2|           1|           1|
    |ap_sync_channel_write_crcTables_10                  |        or|   0|  0|   2|           1|           1|
    |ap_sync_channel_write_crcTables_11                  |        or|   0|  0|   2|           1|           1|
    |ap_sync_channel_write_crcTables_12                  |        or|   0|  0|   2|           1|           1|
    |ap_sync_channel_write_crcTables_13                  |        or|   0|  0|   2|           1|           1|
    |ap_sync_channel_write_crcTables_14                  |        or|   0|  0|   2|           1|           1|
    |ap_sync_channel_write_crcTables_15                  |        or|   0|  0|   2|           1|           1|
    |ap_sync_channel_write_crcTables_2                   |        or|   0|  0|   2|           1|           1|
    |ap_sync_channel_write_crcTables_3                   |        or|   0|  0|   2|           1|           1|
    |ap_sync_channel_write_crcTables_4                   |        or|   0|  0|   2|           1|           1|
    |ap_sync_channel_write_crcTables_5                   |        or|   0|  0|   2|           1|           1|
    |ap_sync_channel_write_crcTables_6                   |        or|   0|  0|   2|           1|           1|
    |ap_sync_channel_write_crcTables_7                   |        or|   0|  0|   2|           1|           1|
    |ap_sync_channel_write_crcTables_8                   |        or|   0|  0|   2|           1|           1|
    |ap_sync_channel_write_crcTables_9                   |        or|   0|  0|   2|           1|           1|
    |ap_sync_entry_proc_U0_ap_ready                      |        or|   0|  0|   2|           1|           1|
    |ap_sync_process_crc_Loop_init_lut_proc_U0_ap_ready  |        or|   0|  0|   2|           1|           1|
    |ap_sync_read_input_U0_ap_ready                      |        or|   0|  0|   2|           1|           1|
    +----------------------------------------------------+----------+----+---+----+------------+------------+
    |Total                                               |          |   0|  0|  84|          42|          42|
    +----------------------------------------------------+----------+----+---+----+------------+------------+

    * Multiplexer: 
    +--------------------------------------------------------+----+-----------+-----+-----------+
    |                          Name                          | LUT| Input Size| Bits| Total Bits|
    +--------------------------------------------------------+----+-----------+-----+-----------+
    |ap_sync_reg_channel_write_crcTables                     |   9|          2|    1|          2|
    |ap_sync_reg_channel_write_crcTables_1                   |   9|          2|    1|          2|
    |ap_sync_reg_channel_write_crcTables_10                  |   9|          2|    1|          2|
    |ap_sync_reg_channel_write_crcTables_11                  |   9|          2|    1|          2|
    |ap_sync_reg_channel_write_crcTables_12                  |   9|          2|    1|          2|
    |ap_sync_reg_channel_write_crcTables_13                  |   9|          2|    1|          2|
    |ap_sync_reg_channel_write_crcTables_14                  |   9|          2|    1|          2|
    |ap_sync_reg_channel_write_crcTables_15                  |   9|          2|    1|          2|
    |ap_sync_reg_channel_write_crcTables_2                   |   9|          2|    1|          2|
    |ap_sync_reg_channel_write_crcTables_3                   |   9|          2|    1|          2|
    |ap_sync_reg_channel_write_crcTables_4                   |   9|          2|    1|          2|
    |ap_sync_reg_channel_write_crcTables_5                   |   9|          2|    1|          2|
    |ap_sync_reg_channel_write_crcTables_6                   |   9|          2|    1|          2|
    |ap_sync_reg_channel_write_crcTables_7                   |   9|          2|    1|          2|
    |ap_sync_reg_channel_write_crcTables_8                   |   9|          2|    1|          2|
    |ap_sync_reg_channel_write_crcTables_9                   |   9|          2|    1|          2|
    |ap_sync_reg_entry_proc_U0_ap_ready                      |   9|          2|    1|          2|
    |ap_sync_reg_process_crc_Loop_init_lut_proc_U0_ap_ready  |   9|          2|    1|          2|
    |ap_sync_reg_read_input_U0_ap_ready                      |   9|          2|    1|          2|
    +--------------------------------------------------------+----+-----------+-----+-----------+
    |Total                                                   | 171|         38|   19|         38|
    +--------------------------------------------------------+----+-----------+-----+-----------+

    * Register: 
    +--------------------------------------------------------+---+----+-----+-----------+
    |                          Name                          | FF| LUT| Bits| Const Bits|
    +--------------------------------------------------------+---+----+-----+-----------+
    |ap_sync_reg_channel_write_crcTables                     |  1|   0|    1|          0|
    |ap_sync_reg_channel_write_crcTables_1                   |  1|   0|    1|          0|
    |ap_sync_reg_channel_write_crcTables_10                  |  1|   0|    1|          0|
    |ap_sync_reg_channel_write_crcTables_11                  |  1|   0|    1|          0|
    |ap_sync_reg_channel_write_crcTables_12                  |  1|   0|    1|          0|
    |ap_sync_reg_channel_write_crcTables_13                  |  1|   0|    1|          0|
    |ap_sync_reg_channel_write_crcTables_14                  |  1|   0|    1|          0|
    |ap_sync_reg_channel_write_crcTables_15                  |  1|   0|    1|          0|
    |ap_sync_reg_channel_write_crcTables_2                   |  1|   0|    1|          0|
    |ap_sync_reg_channel_write_crcTables_3                   |  1|   0|    1|          0|
    |ap_sync_reg_channel_write_crcTables_4                   |  1|   0|    1|          0|
    |ap_sync_reg_channel_write_crcTables_5                   |  1|   0|    1|          0|
    |ap_sync_reg_channel_write_crcTables_6                   |  1|   0|    1|          0|
    |ap_sync_reg_channel_write_crcTables_7                   |  1|   0|    1|          0|
    |ap_sync_reg_channel_write_crcTables_8                   |  1|   0|    1|          0|
    |ap_sync_reg_channel_write_crcTables_9                   |  1|   0|    1|          0|
    |ap_sync_reg_entry_proc_U0_ap_ready                      |  1|   0|    1|          0|
    |ap_sync_reg_process_crc_Loop_init_lut_proc_U0_ap_ready  |  1|   0|    1|          0|
    |ap_sync_reg_read_input_U0_ap_ready                      |  1|   0|    1|          0|
    +--------------------------------------------------------+---+----+-----+-----------+
    |Total                                                   | 19|   0|   19|          0|
    +--------------------------------------------------------+---+----+-----+-----------+



================================================================
== Interface
================================================================
* Summary: 
+----------------------+-----+-----+------------+--------------+--------------+
|       RTL Ports      | Dir | Bits|  Protocol  | Source Object|    C Type    |
+----------------------+-----+-----+------------+--------------+--------------+
|ap_clk                |   in|    1|  ap_ctrl_hs|   process_crc|  return value|
|ap_rst                |   in|    1|  ap_ctrl_hs|   process_crc|  return value|
|ap_start              |   in|    1|  ap_ctrl_hs|   process_crc|  return value|
|ap_done               |  out|    1|  ap_ctrl_hs|   process_crc|  return value|
|ap_ready              |  out|    1|  ap_ctrl_hs|   process_crc|  return value|
|ap_idle               |  out|    1|  ap_ctrl_hs|   process_crc|  return value|
|ap_continue           |   in|    1|  ap_ctrl_hs|   process_crc|  return value|
|m_axi_gmem0_AWVALID   |  out|    1|       m_axi|         gmem0|       pointer|
|m_axi_gmem0_AWREADY   |   in|    1|       m_axi|         gmem0|       pointer|
|m_axi_gmem0_AWADDR    |  out|   64|       m_axi|         gmem0|       pointer|
|m_axi_gmem0_AWID      |  out|    1|       m_axi|         gmem0|       pointer|
|m_axi_gmem0_AWLEN     |  out|   32|       m_axi|         gmem0|       pointer|
|m_axi_gmem0_AWSIZE    |  out|    3|       m_axi|         gmem0|       pointer|
|m_axi_gmem0_AWBURST   |  out|    2|       m_axi|         gmem0|       pointer|
|m_axi_gmem0_AWLOCK    |  out|    2|       m_axi|         gmem0|       pointer|
|m_axi_gmem0_AWCACHE   |  out|    4|       m_axi|         gmem0|       pointer|
|m_axi_gmem0_AWPROT    |  out|    3|       m_axi|         gmem0|       pointer|
|m_axi_gmem0_AWQOS     |  out|    4|       m_axi|         gmem0|       pointer|
|m_axi_gmem0_AWREGION  |  out|    4|       m_axi|         gmem0|       pointer|
|m_axi_gmem0_AWUSER    |  out|    1|       m_axi|         gmem0|       pointer|
|m_axi_gmem0_WVALID    |  out|    1|       m_axi|         gmem0|       pointer|
|m_axi_gmem0_WREADY    |   in|    1|       m_axi|         gmem0|       pointer|
|m_axi_gmem0_WDATA     |  out|  128|       m_axi|         gmem0|       pointer|
|m_axi_gmem0_WSTRB     |  out|   16|       m_axi|         gmem0|       pointer|
|m_axi_gmem0_WLAST     |  out|    1|       m_axi|         gmem0|       pointer|
|m_axi_gmem0_WID       |  out|    1|       m_axi|         gmem0|       pointer|
|m_axi_gmem0_WUSER     |  out|    1|       m_axi|         gmem0|       pointer|
|m_axi_gmem0_ARVALID   |  out|    1|       m_axi|         gmem0|       pointer|
|m_axi_gmem0_ARREADY   |   in|    1|       m_axi|         gmem0|       pointer|
|m_axi_gmem0_ARADDR    |  out|   64|       m_axi|         gmem0|       pointer|
|m_axi_gmem0_ARID      |  out|    1|       m_axi|         gmem0|       pointer|
|m_axi_gmem0_ARLEN     |  out|   32|       m_axi|         gmem0|       pointer|
|m_axi_gmem0_ARSIZE    |  out|    3|       m_axi|         gmem0|       pointer|
|m_axi_gmem0_ARBURST   |  out|    2|       m_axi|         gmem0|       pointer|
|m_axi_gmem0_ARLOCK    |  out|    2|       m_axi|         gmem0|       pointer|
|m_axi_gmem0_ARCACHE   |  out|    4|       m_axi|         gmem0|       pointer|
|m_axi_gmem0_ARPROT    |  out|    3|       m_axi|         gmem0|       pointer|
|m_axi_gmem0_ARQOS     |  out|    4|       m_axi|         gmem0|       pointer|
|m_axi_gmem0_ARREGION  |  out|    4|       m_axi|         gmem0|       pointer|
|m_axi_gmem0_ARUSER    |  out|    1|       m_axi|         gmem0|       pointer|
|m_axi_gmem0_RVALID    |   in|    1|       m_axi|         gmem0|       pointer|
|m_axi_gmem0_RREADY    |  out|    1|       m_axi|         gmem0|       pointer|
|m_axi_gmem0_RDATA     |   in|  128|       m_axi|         gmem0|       pointer|
|m_axi_gmem0_RLAST     |   in|    1|       m_axi|         gmem0|       pointer|
|m_axi_gmem0_RID       |   in|    1|       m_axi|         gmem0|       pointer|
|m_axi_gmem0_RFIFONUM  |   in|    9|       m_axi|         gmem0|       pointer|
|m_axi_gmem0_RUSER     |   in|    1|       m_axi|         gmem0|       pointer|
|m_axi_gmem0_RRESP     |   in|    2|       m_axi|         gmem0|       pointer|
|m_axi_gmem0_BVALID    |   in|    1|       m_axi|         gmem0|       pointer|
|m_axi_gmem0_BREADY    |  out|    1|       m_axi|         gmem0|       pointer|
|m_axi_gmem0_BRESP     |   in|    2|       m_axi|         gmem0|       pointer|
|m_axi_gmem0_BID       |   in|    1|       m_axi|         gmem0|       pointer|
|m_axi_gmem0_BUSER     |   in|    1|       m_axi|         gmem0|       pointer|
|data_in               |   in|   64|     ap_none|       data_in|        scalar|
|data_in_ap_vld        |   in|    1|     ap_none|       data_in|        scalar|
|crc_out               |   in|   64|     ap_none|       crc_out|        scalar|
|crc_out_ap_vld        |   in|    1|     ap_none|       crc_out|        scalar|
|m_axi_gmem1_AWVALID   |  out|    1|       m_axi|         gmem1|       pointer|
|m_axi_gmem1_AWREADY   |   in|    1|       m_axi|         gmem1|       pointer|
|m_axi_gmem1_AWADDR    |  out|   64|       m_axi|         gmem1|       pointer|
|m_axi_gmem1_AWID      |  out|    1|       m_axi|         gmem1|       pointer|
|m_axi_gmem1_AWLEN     |  out|   32|       m_axi|         gmem1|       pointer|
|m_axi_gmem1_AWSIZE    |  out|    3|       m_axi|         gmem1|       pointer|
|m_axi_gmem1_AWBURST   |  out|    2|       m_axi|         gmem1|       pointer|
|m_axi_gmem1_AWLOCK    |  out|    2|       m_axi|         gmem1|       pointer|
|m_axi_gmem1_AWCACHE   |  out|    4|       m_axi|         gmem1|       pointer|
|m_axi_gmem1_AWPROT    |  out|    3|       m_axi|         gmem1|       pointer|
|m_axi_gmem1_AWQOS     |  out|    4|       m_axi|         gmem1|       pointer|
|m_axi_gmem1_AWREGION  |  out|    4|       m_axi|         gmem1|       pointer|
|m_axi_gmem1_AWUSER    |  out|    1|       m_axi|         gmem1|       pointer|
|m_axi_gmem1_WVALID    |  out|    1|       m_axi|         gmem1|       pointer|
|m_axi_gmem1_WREADY    |   in|    1|       m_axi|         gmem1|       pointer|
|m_axi_gmem1_WDATA     |  out|  512|       m_axi|         gmem1|       pointer|
|m_axi_gmem1_WSTRB     |  out|   64|       m_axi|         gmem1|       pointer|
|m_axi_gmem1_WLAST     |  out|    1|       m_axi|         gmem1|       pointer|
|m_axi_gmem1_WID       |  out|    1|       m_axi|         gmem1|       pointer|
|m_axi_gmem1_WUSER     |  out|    1|       m_axi|         gmem1|       pointer|
|m_axi_gmem1_ARVALID   |  out|    1|       m_axi|         gmem1|       pointer|
|m_axi_gmem1_ARREADY   |   in|    1|       m_axi|         gmem1|       pointer|
|m_axi_gmem1_ARADDR    |  out|   64|       m_axi|         gmem1|       pointer|
|m_axi_gmem1_ARID      |  out|    1|       m_axi|         gmem1|       pointer|
|m_axi_gmem1_ARLEN     |  out|   32|       m_axi|         gmem1|       pointer|
|m_axi_gmem1_ARSIZE    |  out|    3|       m_axi|         gmem1|       pointer|
|m_axi_gmem1_ARBURST   |  out|    2|       m_axi|         gmem1|       pointer|
|m_axi_gmem1_ARLOCK    |  out|    2|       m_axi|         gmem1|       pointer|
|m_axi_gmem1_ARCACHE   |  out|    4|       m_axi|         gmem1|       pointer|
|m_axi_gmem1_ARPROT    |  out|    3|       m_axi|         gmem1|       pointer|
|m_axi_gmem1_ARQOS     |  out|    4|       m_axi|         gmem1|       pointer|
|m_axi_gmem1_ARREGION  |  out|    4|       m_axi|         gmem1|       pointer|
|m_axi_gmem1_ARUSER    |  out|    1|       m_axi|         gmem1|       pointer|
|m_axi_gmem1_RVALID    |   in|    1|       m_axi|         gmem1|       pointer|
|m_axi_gmem1_RREADY    |  out|    1|       m_axi|         gmem1|       pointer|
|m_axi_gmem1_RDATA     |   in|  512|       m_axi|         gmem1|       pointer|
|m_axi_gmem1_RLAST     |   in|    1|       m_axi|         gmem1|       pointer|
|m_axi_gmem1_RID       |   in|    1|       m_axi|         gmem1|       pointer|
|m_axi_gmem1_RFIFONUM  |   in|    9|       m_axi|         gmem1|       pointer|
|m_axi_gmem1_RUSER     |   in|    1|       m_axi|         gmem1|       pointer|
|m_axi_gmem1_RRESP     |   in|    2|       m_axi|         gmem1|       pointer|
|m_axi_gmem1_BVALID    |   in|    1|       m_axi|         gmem1|       pointer|
|m_axi_gmem1_BREADY    |  out|    1|       m_axi|         gmem1|       pointer|
|m_axi_gmem1_BRESP     |   in|    2|       m_axi|         gmem1|       pointer|
|m_axi_gmem1_BID       |   in|    1|       m_axi|         gmem1|       pointer|
|m_axi_gmem1_BUSER     |   in|    1|       m_axi|         gmem1|       pointer|
|tables                |   in|   64|     ap_none|        tables|        scalar|
|tables_ap_vld         |   in|    1|     ap_none|        tables|        scalar|
|numChunks             |   in|   32|     ap_none|     numChunks|        scalar|
|numChunks_ap_vld      |   in|    1|     ap_none|     numChunks|        scalar|
|chunkSize             |   in|   32|     ap_none|     chunkSize|        scalar|
|chunkSize_ap_vld      |   in|    1|     ap_none|     chunkSize|        scalar|
|crc_size              |   in|   32|     ap_none|      crc_size|        scalar|
|crc_size_ap_vld       |   in|    1|     ap_none|      crc_size|        scalar|
|init_value            |   in|   32|     ap_none|    init_value|        scalar|
|init_value_ap_vld     |   in|    1|     ap_none|    init_value|        scalar|
+----------------------+-----+-----+------------+--------------+--------------+

============================================================
+ Verbose Summary: Synthesis Manager
============================================================
InlineROM: 1
ExposeGlobal: 0
============================================================
+ Verbose Summary: CDFG Model
============================================================
IsTopModel: 0
ResetActiveHigh: 1
IsCombinational: 2
IsDatapathOnly: 2
HasWiredReturn: 1
HasMFsm: 0
HasVarLatency: 1
IsPipeline: 0
IsRtlPipelined: 0
IsInstanceOverlapped: 0
IsDontTouch: 0
HasImplIP: 0
IsGatedGlobalClock: 0


============================================================
+ Verbose Summary: Schedule
============================================================
* Number of FSM states : 6
* Pipeline : 0
* Dataflow Pipeline: 1
  DF-Pipeline-0: Size = 6, States = { 1 2 3 4 5 6 }

* FSM state transitions: 
1 --> 2 
2 --> 3 
3 --> 4 
4 --> 5 
5 --> 6 
6 --> 

* FSM state operations: 

State 1 <SV = 0> <Delay = 3.62>
ST_1 : Operation 7 [1/1] (0.00ns)   --->   "%chunkSize_read = read i32 @_ssdm_op_Read.ap_auto.i32, i32 %chunkSize" [/users/arashs/U280_CRC_Accelerator/src/kernel.cpp:685]   --->   Operation 7 'read' 'chunkSize_read' <Predicate = true> <Delay = 0.00>
ST_1 : Operation 8 [1/1] (0.00ns)   --->   "%numChunks_read = read i32 @_ssdm_op_Read.ap_auto.i32, i32 %numChunks" [/users/arashs/U280_CRC_Accelerator/src/kernel.cpp:685]   --->   Operation 8 'read' 'numChunks_read' <Predicate = true> <Delay = 0.00>
ST_1 : Operation 9 [1/1] (0.00ns)   --->   "%tables_read = read i64 @_ssdm_op_Read.ap_auto.i64, i64 %tables" [/users/arashs/U280_CRC_Accelerator/src/kernel.cpp:685]   --->   Operation 9 'read' 'tables_read' <Predicate = true> <Delay = 0.00>
ST_1 : Operation 10 [1/1] (0.00ns)   --->   "%data_in_read = read i64 @_ssdm_op_Read.ap_auto.i64, i64 %data_in" [/users/arashs/U280_CRC_Accelerator/src/kernel.cpp:685]   --->   Operation 10 'read' 'data_in_read' <Predicate = true> <Delay = 0.00>
ST_1 : Operation 11 [1/1] (0.00ns)   --->   "%init_value_c = alloca i64 1" [/users/arashs/U280_CRC_Accelerator/src/kernel.cpp:685]   --->   Operation 11 'alloca' 'init_value_c' <Predicate = true> <Delay = 0.00> <CoreInst = "FIFO_SRL">   --->   Core 81 'FIFO_SRL' <Latency = 0> <II = 1> <Delay = 1.46> <Storage> <Opcode : 'read' 'write' 'nbread' 'nbwrite'> <Ports = 0> <Width = 32> <Depth = 3> <FIFO>
ST_1 : Operation 12 [1/1] (0.00ns)   --->   "%crc_size_c = alloca i64 1" [/users/arashs/U280_CRC_Accelerator/src/kernel.cpp:685]   --->   Operation 12 'alloca' 'crc_size_c' <Predicate = true> <Delay = 0.00> <CoreInst = "FIFO_SRL">   --->   Core 81 'FIFO_SRL' <Latency = 0> <II = 1> <Delay = 1.46> <Storage> <Opcode : 'read' 'write' 'nbread' 'nbwrite'> <Ports = 0> <Width = 32> <Depth = 3> <FIFO>
ST_1 : Operation 13 [1/1] (0.00ns)   --->   "%chunkSize_c = alloca i64 1" [/users/arashs/U280_CRC_Accelerator/src/kernel.cpp:685]   --->   Operation 13 'alloca' 'chunkSize_c' <Predicate = true> <Delay = 0.00> <CoreInst = "FIFO_SRL">   --->   Core 81 'FIFO_SRL' <Latency = 0> <II = 1> <Delay = 1.39> <Storage> <Opcode : 'read' 'write' 'nbread' 'nbwrite'> <Ports = 0> <Width = 32> <Depth = 2> <FIFO>
ST_1 : Operation 14 [1/1] (0.00ns)   --->   "%numChunks_c12 = alloca i64 1" [/users/arashs/U280_CRC_Accelerator/src/kernel.cpp:685]   --->   Operation 14 'alloca' 'numChunks_c12' <Predicate = true> <Delay = 0.00> <CoreInst = "FIFO_SRL">   --->   Core 81 'FIFO_SRL' <Latency = 0> <II = 1> <Delay = 1.39> <Storage> <Opcode : 'read' 'write' 'nbread' 'nbwrite'> <Ports = 0> <Width = 32> <Depth = 2> <FIFO>
ST_1 : Operation 15 [1/1] (0.00ns)   --->   "%numChunks_c = alloca i64 1" [/users/arashs/U280_CRC_Accelerator/src/kernel.cpp:685]   --->   Operation 15 'alloca' 'numChunks_c' <Predicate = true> <Delay = 0.00> <CoreInst = "FIFO_SRL">   --->   Core 81 'FIFO_SRL' <Latency = 0> <II = 1> <Delay = 1.39> <Storage> <Opcode : 'read' 'write' 'nbread' 'nbwrite'> <Ports = 0> <Width = 32> <Depth = 2> <FIFO>
ST_1 : Operation 16 [1/1] (0.00ns)   --->   "%crc_out_c = alloca i64 1" [/users/arashs/U280_CRC_Accelerator/src/kernel.cpp:685]   --->   Operation 16 'alloca' 'crc_out_c' <Predicate = true> <Delay = 0.00> <CoreInst = "FIFO_SRL">   --->   Core 81 'FIFO_SRL' <Latency = 0> <II = 1> <Delay = 1.41> <Storage> <Opcode : 'read' 'write' 'nbread' 'nbwrite'> <Ports = 0> <Width = 64> <Depth = 4> <FIFO>
ST_1 : Operation 17 [1/1] (0.00ns)   --->   "%inByte0 = alloca i64 1" [/users/arashs/U280_CRC_Accelerator/src/kernel.cpp:632]   --->   Operation 17 'alloca' 'inByte0' <Predicate = true> <Delay = 0.00> <CoreInst = "FIFO_SRL">   --->   Core 81 'FIFO_SRL' <Latency = 0> <II = 1> <Delay = 1.35> <Storage> <Opcode : 'read' 'write' 'nbread' 'nbwrite'> <Ports = 0> <Width = 8> <Depth = 64> <FIFO>
ST_1 : Operation 18 [1/1] (0.00ns)   --->   "%inByte1 = alloca i64 1" [/users/arashs/U280_CRC_Accelerator/src/kernel.cpp:633]   --->   Operation 18 'alloca' 'inByte1' <Predicate = true> <Delay = 0.00> <CoreInst = "FIFO_SRL">   --->   Core 81 'FIFO_SRL' <Latency = 0> <II = 1> <Delay = 1.35> <Storage> <Opcode : 'read' 'write' 'nbread' 'nbwrite'> <Ports = 0> <Width = 8> <Depth = 64> <FIFO>
ST_1 : Operation 19 [1/1] (0.00ns)   --->   "%inByte2 = alloca i64 1" [/users/arashs/U280_CRC_Accelerator/src/kernel.cpp:634]   --->   Operation 19 'alloca' 'inByte2' <Predicate = true> <Delay = 0.00> <CoreInst = "FIFO_SRL">   --->   Core 81 'FIFO_SRL' <Latency = 0> <II = 1> <Delay = 1.35> <Storage> <Opcode : 'read' 'write' 'nbread' 'nbwrite'> <Ports = 0> <Width = 8> <Depth = 64> <FIFO>
ST_1 : Operation 20 [1/1] (0.00ns)   --->   "%inByte3 = alloca i64 1" [/users/arashs/U280_CRC_Accelerator/src/kernel.cpp:635]   --->   Operation 20 'alloca' 'inByte3' <Predicate = true> <Delay = 0.00> <CoreInst = "FIFO_SRL">   --->   Core 81 'FIFO_SRL' <Latency = 0> <II = 1> <Delay = 1.35> <Storage> <Opcode : 'read' 'write' 'nbread' 'nbwrite'> <Ports = 0> <Width = 8> <Depth = 64> <FIFO>
ST_1 : Operation 21 [1/1] (0.00ns)   --->   "%inByte4 = alloca i64 1" [/users/arashs/U280_CRC_Accelerator/src/kernel.cpp:637]   --->   Operation 21 'alloca' 'inByte4' <Predicate = true> <Delay = 0.00> <CoreInst = "FIFO_SRL">   --->   Core 81 'FIFO_SRL' <Latency = 0> <II = 1> <Delay = 1.35> <Storage> <Opcode : 'read' 'write' 'nbread' 'nbwrite'> <Ports = 0> <Width = 8> <Depth = 64> <FIFO>
ST_1 : Operation 22 [1/1] (0.00ns)   --->   "%inByte5 = alloca i64 1" [/users/arashs/U280_CRC_Accelerator/src/kernel.cpp:638]   --->   Operation 22 'alloca' 'inByte5' <Predicate = true> <Delay = 0.00> <CoreInst = "FIFO_SRL">   --->   Core 81 'FIFO_SRL' <Latency = 0> <II = 1> <Delay = 1.35> <Storage> <Opcode : 'read' 'write' 'nbread' 'nbwrite'> <Ports = 0> <Width = 8> <Depth = 64> <FIFO>
ST_1 : Operation 23 [1/1] (0.00ns)   --->   "%inByte6 = alloca i64 1" [/users/arashs/U280_CRC_Accelerator/src/kernel.cpp:639]   --->   Operation 23 'alloca' 'inByte6' <Predicate = true> <Delay = 0.00> <CoreInst = "FIFO_SRL">   --->   Core 81 'FIFO_SRL' <Latency = 0> <II = 1> <Delay = 1.35> <Storage> <Opcode : 'read' 'write' 'nbread' 'nbwrite'> <Ports = 0> <Width = 8> <Depth = 64> <FIFO>
ST_1 : Operation 24 [1/1] (0.00ns)   --->   "%inByte7 = alloca i64 1" [/users/arashs/U280_CRC_Accelerator/src/kernel.cpp:640]   --->   Operation 24 'alloca' 'inByte7' <Predicate = true> <Delay = 0.00> <CoreInst = "FIFO_SRL">   --->   Core 81 'FIFO_SRL' <Latency = 0> <II = 1> <Delay = 1.35> <Storage> <Opcode : 'read' 'write' 'nbread' 'nbwrite'> <Ports = 0> <Width = 8> <Depth = 64> <FIFO>
ST_1 : Operation 25 [1/1] (0.00ns)   --->   "%inByte8 = alloca i64 1" [/users/arashs/U280_CRC_Accelerator/src/kernel.cpp:642]   --->   Operation 25 'alloca' 'inByte8' <Predicate = true> <Delay = 0.00> <CoreInst = "FIFO_SRL">   --->   Core 81 'FIFO_SRL' <Latency = 0> <II = 1> <Delay = 1.35> <Storage> <Opcode : 'read' 'write' 'nbread' 'nbwrite'> <Ports = 0> <Width = 8> <Depth = 64> <FIFO>
ST_1 : Operation 26 [1/1] (0.00ns)   --->   "%inByte9 = alloca i64 1" [/users/arashs/U280_CRC_Accelerator/src/kernel.cpp:643]   --->   Operation 26 'alloca' 'inByte9' <Predicate = true> <Delay = 0.00> <CoreInst = "FIFO_SRL">   --->   Core 81 'FIFO_SRL' <Latency = 0> <II = 1> <Delay = 1.35> <Storage> <Opcode : 'read' 'write' 'nbread' 'nbwrite'> <Ports = 0> <Width = 8> <Depth = 64> <FIFO>
ST_1 : Operation 27 [1/1] (0.00ns)   --->   "%inByte10 = alloca i64 1" [/users/arashs/U280_CRC_Accelerator/src/kernel.cpp:644]   --->   Operation 27 'alloca' 'inByte10' <Predicate = true> <Delay = 0.00> <CoreInst = "FIFO_SRL">   --->   Core 81 'FIFO_SRL' <Latency = 0> <II = 1> <Delay = 1.35> <Storage> <Opcode : 'read' 'write' 'nbread' 'nbwrite'> <Ports = 0> <Width = 8> <Depth = 64> <FIFO>
ST_1 : Operation 28 [1/1] (0.00ns)   --->   "%inByte11 = alloca i64 1" [/users/arashs/U280_CRC_Accelerator/src/kernel.cpp:645]   --->   Operation 28 'alloca' 'inByte11' <Predicate = true> <Delay = 0.00> <CoreInst = "FIFO_SRL">   --->   Core 81 'FIFO_SRL' <Latency = 0> <II = 1> <Delay = 1.35> <Storage> <Opcode : 'read' 'write' 'nbread' 'nbwrite'> <Ports = 0> <Width = 8> <Depth = 64> <FIFO>
ST_1 : Operation 29 [1/1] (0.00ns)   --->   "%inByte12 = alloca i64 1" [/users/arashs/U280_CRC_Accelerator/src/kernel.cpp:647]   --->   Operation 29 'alloca' 'inByte12' <Predicate = true> <Delay = 0.00> <CoreInst = "FIFO_SRL">   --->   Core 81 'FIFO_SRL' <Latency = 0> <II = 1> <Delay = 1.35> <Storage> <Opcode : 'read' 'write' 'nbread' 'nbwrite'> <Ports = 0> <Width = 8> <Depth = 64> <FIFO>
ST_1 : Operation 30 [1/1] (0.00ns)   --->   "%inByte13 = alloca i64 1" [/users/arashs/U280_CRC_Accelerator/src/kernel.cpp:648]   --->   Operation 30 'alloca' 'inByte13' <Predicate = true> <Delay = 0.00> <CoreInst = "FIFO_SRL">   --->   Core 81 'FIFO_SRL' <Latency = 0> <II = 1> <Delay = 1.35> <Storage> <Opcode : 'read' 'write' 'nbread' 'nbwrite'> <Ports = 0> <Width = 8> <Depth = 64> <FIFO>
ST_1 : Operation 31 [1/1] (0.00ns)   --->   "%inByte14 = alloca i64 1" [/users/arashs/U280_CRC_Accelerator/src/kernel.cpp:649]   --->   Operation 31 'alloca' 'inByte14' <Predicate = true> <Delay = 0.00> <CoreInst = "FIFO_SRL">   --->   Core 81 'FIFO_SRL' <Latency = 0> <II = 1> <Delay = 1.35> <Storage> <Opcode : 'read' 'write' 'nbread' 'nbwrite'> <Ports = 0> <Width = 8> <Depth = 64> <FIFO>
ST_1 : Operation 32 [1/1] (0.00ns)   --->   "%inByte15 = alloca i64 1" [/users/arashs/U280_CRC_Accelerator/src/kernel.cpp:650]   --->   Operation 32 'alloca' 'inByte15' <Predicate = true> <Delay = 0.00> <CoreInst = "FIFO_SRL">   --->   Core 81 'FIFO_SRL' <Latency = 0> <II = 1> <Delay = 1.35> <Storage> <Opcode : 'read' 'write' 'nbread' 'nbwrite'> <Ports = 0> <Width = 8> <Depth = 64> <FIFO>
ST_1 : Operation 33 [1/1] (0.00ns)   --->   "%outStream = alloca i64 1" [/users/arashs/U280_CRC_Accelerator/src/kernel.cpp:668]   --->   Operation 33 'alloca' 'outStream' <Predicate = true> <Delay = 0.00> <CoreInst = "FIFO">   --->   Core 78 'FIFO' <Latency = 0> <II = 1> <Delay = 1.31> <Storage> <Opcode : 'read' 'write' 'nbread' 'nbwrite'> <Ports = 0> <Width = 32> <Depth = 64> <FIFO>
ST_1 : Operation 34 [1/1] (1.19ns)   --->   "%crcTables = alloca i64 1"   --->   Operation 34 'alloca' 'crcTables' <Predicate = true> <Delay = 1.19> <CoreInst = "RAM_1P_BRAM">   --->   Core 90 'RAM_1P_BRAM' <Latency = 1> <II = 1> <Delay = 1.19> <Storage> <Opcode : 'load' 'store'> <Ports = 1> <Width = 32> <Depth = 256> <RAM>
ST_1 : Operation 35 [1/1] (1.19ns)   --->   "%crcTables_1 = alloca i64 1"   --->   Operation 35 'alloca' 'crcTables_1' <Predicate = true> <Delay = 1.19> <CoreInst = "RAM_1P_BRAM">   --->   Core 90 'RAM_1P_BRAM' <Latency = 1> <II = 1> <Delay = 1.19> <Storage> <Opcode : 'load' 'store'> <Ports = 1> <Width = 32> <Depth = 256> <RAM>
ST_1 : Operation 36 [1/1] (1.19ns)   --->   "%crcTables_2 = alloca i64 1"   --->   Operation 36 'alloca' 'crcTables_2' <Predicate = true> <Delay = 1.19> <CoreInst = "RAM_1P_BRAM">   --->   Core 90 'RAM_1P_BRAM' <Latency = 1> <II = 1> <Delay = 1.19> <Storage> <Opcode : 'load' 'store'> <Ports = 1> <Width = 32> <Depth = 256> <RAM>
ST_1 : Operation 37 [1/1] (1.19ns)   --->   "%crcTables_3 = alloca i64 1"   --->   Operation 37 'alloca' 'crcTables_3' <Predicate = true> <Delay = 1.19> <CoreInst = "RAM_1P_BRAM">   --->   Core 90 'RAM_1P_BRAM' <Latency = 1> <II = 1> <Delay = 1.19> <Storage> <Opcode : 'load' 'store'> <Ports = 1> <Width = 32> <Depth = 256> <RAM>
ST_1 : Operation 38 [1/1] (1.19ns)   --->   "%crcTables_4 = alloca i64 1"   --->   Operation 38 'alloca' 'crcTables_4' <Predicate = true> <Delay = 1.19> <CoreInst = "RAM_1P_BRAM">   --->   Core 90 'RAM_1P_BRAM' <Latency = 1> <II = 1> <Delay = 1.19> <Storage> <Opcode : 'load' 'store'> <Ports = 1> <Width = 32> <Depth = 256> <RAM>
ST_1 : Operation 39 [1/1] (1.19ns)   --->   "%crcTables_5 = alloca i64 1"   --->   Operation 39 'alloca' 'crcTables_5' <Predicate = true> <Delay = 1.19> <CoreInst = "RAM_1P_BRAM">   --->   Core 90 'RAM_1P_BRAM' <Latency = 1> <II = 1> <Delay = 1.19> <Storage> <Opcode : 'load' 'store'> <Ports = 1> <Width = 32> <Depth = 256> <RAM>
ST_1 : Operation 40 [1/1] (1.19ns)   --->   "%crcTables_6 = alloca i64 1"   --->   Operation 40 'alloca' 'crcTables_6' <Predicate = true> <Delay = 1.19> <CoreInst = "RAM_1P_BRAM">   --->   Core 90 'RAM_1P_BRAM' <Latency = 1> <II = 1> <Delay = 1.19> <Storage> <Opcode : 'load' 'store'> <Ports = 1> <Width = 32> <Depth = 256> <RAM>
ST_1 : Operation 41 [1/1] (1.19ns)   --->   "%crcTables_7 = alloca i64 1"   --->   Operation 41 'alloca' 'crcTables_7' <Predicate = true> <Delay = 1.19> <CoreInst = "RAM_1P_BRAM">   --->   Core 90 'RAM_1P_BRAM' <Latency = 1> <II = 1> <Delay = 1.19> <Storage> <Opcode : 'load' 'store'> <Ports = 1> <Width = 32> <Depth = 256> <RAM>
ST_1 : Operation 42 [1/1] (1.19ns)   --->   "%crcTables_8 = alloca i64 1"   --->   Operation 42 'alloca' 'crcTables_8' <Predicate = true> <Delay = 1.19> <CoreInst = "RAM_1P_BRAM">   --->   Core 90 'RAM_1P_BRAM' <Latency = 1> <II = 1> <Delay = 1.19> <Storage> <Opcode : 'load' 'store'> <Ports = 1> <Width = 32> <Depth = 256> <RAM>
ST_1 : Operation 43 [1/1] (1.19ns)   --->   "%crcTables_9 = alloca i64 1"   --->   Operation 43 'alloca' 'crcTables_9' <Predicate = true> <Delay = 1.19> <CoreInst = "RAM_1P_BRAM">   --->   Core 90 'RAM_1P_BRAM' <Latency = 1> <II = 1> <Delay = 1.19> <Storage> <Opcode : 'load' 'store'> <Ports = 1> <Width = 32> <Depth = 256> <RAM>
ST_1 : Operation 44 [1/1] (1.19ns)   --->   "%crcTables_10 = alloca i64 1"   --->   Operation 44 'alloca' 'crcTables_10' <Predicate = true> <Delay = 1.19> <CoreInst = "RAM_1P_BRAM">   --->   Core 90 'RAM_1P_BRAM' <Latency = 1> <II = 1> <Delay = 1.19> <Storage> <Opcode : 'load' 'store'> <Ports = 1> <Width = 32> <Depth = 256> <RAM>
ST_1 : Operation 45 [1/1] (1.19ns)   --->   "%crcTables_11 = alloca i64 1"   --->   Operation 45 'alloca' 'crcTables_11' <Predicate = true> <Delay = 1.19> <CoreInst = "RAM_1P_BRAM">   --->   Core 90 'RAM_1P_BRAM' <Latency = 1> <II = 1> <Delay = 1.19> <Storage> <Opcode : 'load' 'store'> <Ports = 1> <Width = 32> <Depth = 256> <RAM>
ST_1 : Operation 46 [1/1] (1.19ns)   --->   "%crcTables_12 = alloca i64 1"   --->   Operation 46 'alloca' 'crcTables_12' <Predicate = true> <Delay = 1.19> <CoreInst = "RAM_1P_BRAM">   --->   Core 90 'RAM_1P_BRAM' <Latency = 1> <II = 1> <Delay = 1.19> <Storage> <Opcode : 'load' 'store'> <Ports = 1> <Width = 32> <Depth = 256> <RAM>
ST_1 : Operation 47 [1/1] (1.19ns)   --->   "%crcTables_13 = alloca i64 1"   --->   Operation 47 'alloca' 'crcTables_13' <Predicate = true> <Delay = 1.19> <CoreInst = "RAM_1P_BRAM">   --->   Core 90 'RAM_1P_BRAM' <Latency = 1> <II = 1> <Delay = 1.19> <Storage> <Opcode : 'load' 'store'> <Ports = 1> <Width = 32> <Depth = 256> <RAM>
ST_1 : Operation 48 [1/1] (1.19ns)   --->   "%crcTables_14 = alloca i64 1"   --->   Operation 48 'alloca' 'crcTables_14' <Predicate = true> <Delay = 1.19> <CoreInst = "RAM_1P_BRAM">   --->   Core 90 'RAM_1P_BRAM' <Latency = 1> <II = 1> <Delay = 1.19> <Storage> <Opcode : 'load' 'store'> <Ports = 1> <Width = 32> <Depth = 256> <RAM>
ST_1 : Operation 49 [1/1] (1.19ns)   --->   "%crcTables_15 = alloca i64 1"   --->   Operation 49 'alloca' 'crcTables_15' <Predicate = true> <Delay = 1.19> <CoreInst = "RAM_1P_BRAM">   --->   Core 90 'RAM_1P_BRAM' <Latency = 1> <II = 1> <Delay = 1.19> <Storage> <Opcode : 'load' 'store'> <Ports = 1> <Width = 32> <Depth = 256> <RAM>
ST_1 : Operation 50 [2/2] (2.43ns)   --->   "%call_ln685 = call void @process_crc_Loop_init_lut_proc, i64 %tables_read, i512 %gmem1, i32 %crcTables_15, i32 %crcTables_14, i32 %crcTables_13, i32 %crcTables_12, i32 %crcTables_11, i32 %crcTables_10, i32 %crcTables_9, i32 %crcTables_8, i32 %crcTables_7, i32 %crcTables_6, i32 %crcTables_5, i32 %crcTables_4, i32 %crcTables_3, i32 %crcTables_2, i32 %crcTables_1, i32 %crcTables" [/users/arashs/U280_CRC_Accelerator/src/kernel.cpp:685]   --->   Operation 50 'call' 'call_ln685' <Predicate = true> <Delay = 2.43> <CoreType = "Generic">   --->   Core 0 '' <Latency = 0> <II = 1> <Delay = 1.00> <Generic> <Opcode : >
ST_1 : Operation 51 [2/2] (2.43ns)   --->   "%call_ln686 = call void @read_input, i128 %gmem0, i64 %data_in_read, i8 %inByte0, i8 %inByte1, i8 %inByte2, i8 %inByte3, i8 %inByte4, i8 %inByte5, i8 %inByte6, i8 %inByte7, i8 %inByte8, i8 %inByte9, i8 %inByte10, i8 %inByte11, i8 %inByte12, i8 %inByte13, i8 %inByte14, i8 %inByte15, i32 %numChunks_read, i32 %chunkSize_read, i32 %numChunks_c12, i32 %chunkSize_c" [/users/arashs/U280_CRC_Accelerator/src/kernel.cpp:686]   --->   Operation 51 'call' 'call_ln686' <Predicate = true> <Delay = 2.43> <CoreType = "Generic">   --->   Core 0 '' <Latency = 0> <II = 1> <Delay = 1.00> <Generic> <Opcode : >

State 2 <SV = 1> <Delay = 1.21>
ST_2 : Operation 52 [1/1] (0.00ns)   --->   "%init_value_read = read i32 @_ssdm_op_Read.ap_auto.i32, i32 %init_value" [/users/arashs/U280_CRC_Accelerator/src/kernel.cpp:685]   --->   Operation 52 'read' 'init_value_read' <Predicate = true> <Delay = 0.00>
ST_2 : Operation 53 [1/1] (0.00ns)   --->   "%crc_size_read = read i32 @_ssdm_op_Read.ap_auto.i32, i32 %crc_size" [/users/arashs/U280_CRC_Accelerator/src/kernel.cpp:685]   --->   Operation 53 'read' 'crc_size_read' <Predicate = true> <Delay = 0.00>
ST_2 : Operation 54 [1/1] (0.00ns)   --->   "%crc_out_read = read i64 @_ssdm_op_Read.ap_auto.i64, i64 %crc_out" [/users/arashs/U280_CRC_Accelerator/src/kernel.cpp:685]   --->   Operation 54 'read' 'crc_out_read' <Predicate = true> <Delay = 0.00>
ST_2 : Operation 55 [1/1] (1.21ns)   --->   "%call_ln685 = call void @entry_proc, i64 %crc_out_read, i64 %crc_out_c, i32 %crc_size_read, i32 %crc_size_c, i32 %init_value_read, i32 %init_value_c" [/users/arashs/U280_CRC_Accelerator/src/kernel.cpp:685]   --->   Operation 55 'call' 'call_ln685' <Predicate = true> <Delay = 1.21> <CoreType = "Generic">   --->   Core 0 '' <Latency = 0> <II = 1> <Delay = 1.00> <Generic> <Opcode : >
ST_2 : Operation 56 [1/2] (0.00ns)   --->   "%call_ln685 = call void @process_crc_Loop_init_lut_proc, i64 %tables_read, i512 %gmem1, i32 %crcTables_15, i32 %crcTables_14, i32 %crcTables_13, i32 %crcTables_12, i32 %crcTables_11, i32 %crcTables_10, i32 %crcTables_9, i32 %crcTables_8, i32 %crcTables_7, i32 %crcTables_6, i32 %crcTables_5, i32 %crcTables_4, i32 %crcTables_3, i32 %crcTables_2, i32 %crcTables_1, i32 %crcTables" [/users/arashs/U280_CRC_Accelerator/src/kernel.cpp:685]   --->   Operation 56 'call' 'call_ln685' <Predicate = true> <Delay = 0.00> <CoreType = "Generic">   --->   Core 0 '' <Latency = 0> <II = 1> <Delay = 1.00> <Generic> <Opcode : >
ST_2 : Operation 57 [1/2] (0.00ns)   --->   "%call_ln686 = call void @read_input, i128 %gmem0, i64 %data_in_read, i8 %inByte0, i8 %inByte1, i8 %inByte2, i8 %inByte3, i8 %inByte4, i8 %inByte5, i8 %inByte6, i8 %inByte7, i8 %inByte8, i8 %inByte9, i8 %inByte10, i8 %inByte11, i8 %inByte12, i8 %inByte13, i8 %inByte14, i8 %inByte15, i32 %numChunks_read, i32 %chunkSize_read, i32 %numChunks_c12, i32 %chunkSize_c" [/users/arashs/U280_CRC_Accelerator/src/kernel.cpp:686]   --->   Operation 57 'call' 'call_ln686' <Predicate = true> <Delay = 0.00> <CoreType = "Generic">   --->   Core 0 '' <Latency = 0> <II = 1> <Delay = 1.00> <Generic> <Opcode : >

State 3 <SV = 2> <Delay = 0.00>
ST_3 : Operation 58 [2/2] (0.00ns)   --->   "%call_ln689 = call void @process_blocks, i32 %crcTables, i32 %crcTables_1, i32 %crcTables_2, i32 %crcTables_3, i32 %crcTables_4, i32 %crcTables_5, i32 %crcTables_6, i32 %crcTables_7, i32 %crcTables_8, i32 %crcTables_9, i32 %crcTables_10, i32 %crcTables_11, i32 %crcTables_12, i32 %crcTables_13, i32 %crcTables_14, i32 %crcTables_15, i8 %inByte0, i8 %inByte1, i8 %inByte2, i8 %inByte3, i8 %inByte4, i8 %inByte5, i8 %inByte6, i8 %inByte7, i8 %inByte8, i8 %inByte9, i8 %inByte10, i8 %inByte11, i8 %inByte12, i8 %inByte13, i8 %inByte14, i8 %inByte15, i32 %crc_size_c, i32 %init_value_c, i32 %outStream, i32 %numChunks_c12, i32 %chunkSize_c, i32 %numChunks_c" [/users/arashs/U280_CRC_Accelerator/src/kernel.cpp:689]   --->   Operation 58 'call' 'call_ln689' <Predicate = true> <Delay = 0.00> <CoreType = "Generic">   --->   Core 0 '' <Latency = 0> <II = 1> <Delay = 1.00> <Generic> <Opcode : >

State 4 <SV = 3> <Delay = 0.00>
ST_4 : Operation 59 [1/2] (0.00ns)   --->   "%call_ln689 = call void @process_blocks, i32 %crcTables, i32 %crcTables_1, i32 %crcTables_2, i32 %crcTables_3, i32 %crcTables_4, i32 %crcTables_5, i32 %crcTables_6, i32 %crcTables_7, i32 %crcTables_8, i32 %crcTables_9, i32 %crcTables_10, i32 %crcTables_11, i32 %crcTables_12, i32 %crcTables_13, i32 %crcTables_14, i32 %crcTables_15, i8 %inByte0, i8 %inByte1, i8 %inByte2, i8 %inByte3, i8 %inByte4, i8 %inByte5, i8 %inByte6, i8 %inByte7, i8 %inByte8, i8 %inByte9, i8 %inByte10, i8 %inByte11, i8 %inByte12, i8 %inByte13, i8 %inByte14, i8 %inByte15, i32 %crc_size_c, i32 %init_value_c, i32 %outStream, i32 %numChunks_c12, i32 %chunkSize_c, i32 %numChunks_c" [/users/arashs/U280_CRC_Accelerator/src/kernel.cpp:689]   --->   Operation 59 'call' 'call_ln689' <Predicate = true> <Delay = 0.00> <CoreType = "Generic">   --->   Core 0 '' <Latency = 0> <II = 1> <Delay = 1.00> <Generic> <Opcode : >

State 5 <SV = 4> <Delay = 0.00>
ST_5 : Operation 60 [2/2] (0.00ns)   --->   "%call_ln692 = call void @write_output, i32 %outStream, i32 %numChunks_c, i128 %gmem0, i64 %crc_out_c" [/users/arashs/U280_CRC_Accelerator/src/kernel.cpp:692]   --->   Operation 60 'call' 'call_ln692' <Predicate = true> <Delay = 0.00> <CoreType = "Generic">   --->   Core 0 '' <Latency = 0> <II = 1> <Delay = 1.00> <Generic> <Opcode : >

State 6 <SV = 5> <Delay = 0.00>
ST_6 : Operation 61 [1/1] (0.00ns)   --->   "%empty = specchannel i32 @_ssdm_op_SpecChannel, void @init_value_c_str, i32 1, void @p_str, void @p_str, i32 3, i32 0, i32 %init_value_c, i32 %init_value_c" [/users/arashs/U280_CRC_Accelerator/src/kernel.cpp:685]   --->   Operation 61 'specchannel' 'empty' <Predicate = true> <Delay = 0.00>
ST_6 : Operation 62 [1/1] (0.00ns)   --->   "%specinterface_ln685 = specinterface void @_ssdm_op_SpecInterface, i32 %init_value_c, void @ap_fifo_str, i32 0, i32 0, void @p_str, i32 0, i32 0, void @p_str, void @p_str, void @p_str, i32 2, i32 2, i32 16, i32 16, void @p_str, void @p_str, i32 4294967295, i32 0" [/users/arashs/U280_CRC_Accelerator/src/kernel.cpp:685]   --->   Operation 62 'specinterface' 'specinterface_ln685' <Predicate = true> <Delay = 0.00>
ST_6 : Operation 63 [1/1] (0.00ns)   --->   "%empty_42 = specchannel i32 @_ssdm_op_SpecChannel, void @crc_size_c_str, i32 1, void @p_str, void @p_str, i32 3, i32 0, i32 %crc_size_c, i32 %crc_size_c" [/users/arashs/U280_CRC_Accelerator/src/kernel.cpp:685]   --->   Operation 63 'specchannel' 'empty_42' <Predicate = true> <Delay = 0.00>
ST_6 : Operation 64 [1/1] (0.00ns)   --->   "%specinterface_ln685 = specinterface void @_ssdm_op_SpecInterface, i32 %crc_size_c, void @ap_fifo_str, i32 0, i32 0, void @p_str, i32 0, i32 0, void @p_str, void @p_str, void @p_str, i32 2, i32 2, i32 16, i32 16, void @p_str, void @p_str, i32 4294967295, i32 0" [/users/arashs/U280_CRC_Accelerator/src/kernel.cpp:685]   --->   Operation 64 'specinterface' 'specinterface_ln685' <Predicate = true> <Delay = 0.00>
ST_6 : Operation 65 [1/1] (0.00ns)   --->   "%empty_43 = specchannel i32 @_ssdm_op_SpecChannel, void @chunkSize_c_str, i32 1, void @p_str, void @p_str, i32 2, i32 0, i32 %chunkSize_c, i32 %chunkSize_c" [/users/arashs/U280_CRC_Accelerator/src/kernel.cpp:685]   --->   Operation 65 'specchannel' 'empty_43' <Predicate = true> <Delay = 0.00>
ST_6 : Operation 66 [1/1] (0.00ns)   --->   "%specinterface_ln685 = specinterface void @_ssdm_op_SpecInterface, i32 %chunkSize_c, void @ap_fifo_str, i32 0, i32 0, void @p_str, i32 0, i32 0, void @p_str, void @p_str, void @p_str, i32 2, i32 2, i32 16, i32 16, void @p_str, void @p_str, i32 4294967295, i32 0" [/users/arashs/U280_CRC_Accelerator/src/kernel.cpp:685]   --->   Operation 66 'specinterface' 'specinterface_ln685' <Predicate = true> <Delay = 0.00>
ST_6 : Operation 67 [1/1] (0.00ns)   --->   "%empty_44 = specchannel i32 @_ssdm_op_SpecChannel, void @numChunks_c12_str, i32 1, void @p_str, void @p_str, i32 2, i32 0, i32 %numChunks_c12, i32 %numChunks_c12" [/users/arashs/U280_CRC_Accelerator/src/kernel.cpp:685]   --->   Operation 67 'specchannel' 'empty_44' <Predicate = true> <Delay = 0.00>
ST_6 : Operation 68 [1/1] (0.00ns)   --->   "%specinterface_ln685 = specinterface void @_ssdm_op_SpecInterface, i32 %numChunks_c12, void @ap_fifo_str, i32 0, i32 0, void @p_str, i32 0, i32 0, void @p_str, void @p_str, void @p_str, i32 2, i32 2, i32 16, i32 16, void @p_str, void @p_str, i32 4294967295, i32 0" [/users/arashs/U280_CRC_Accelerator/src/kernel.cpp:685]   --->   Operation 68 'specinterface' 'specinterface_ln685' <Predicate = true> <Delay = 0.00>
ST_6 : Operation 69 [1/1] (0.00ns)   --->   "%empty_45 = specchannel i32 @_ssdm_op_SpecChannel, void @numChunks_c_str, i32 1, void @p_str, void @p_str, i32 2, i32 0, i32 %numChunks_c, i32 %numChunks_c" [/users/arashs/U280_CRC_Accelerator/src/kernel.cpp:685]   --->   Operation 69 'specchannel' 'empty_45' <Predicate = true> <Delay = 0.00>
ST_6 : Operation 70 [1/1] (0.00ns)   --->   "%specinterface_ln685 = specinterface void @_ssdm_op_SpecInterface, i32 %numChunks_c, void @ap_fifo_str, i32 0, i32 0, void @p_str, i32 0, i32 0, void @p_str, void @p_str, void @p_str, i32 2, i32 2, i32 16, i32 16, void @p_str, void @p_str, i32 4294967295, i32 0" [/users/arashs/U280_CRC_Accelerator/src/kernel.cpp:685]   --->   Operation 70 'specinterface' 'specinterface_ln685' <Predicate = true> <Delay = 0.00>
ST_6 : Operation 71 [1/1] (0.00ns)   --->   "%empty_46 = specchannel i32 @_ssdm_op_SpecChannel, void @crc_out_c_str, i32 1, void @p_str, void @p_str, i32 4, i32 0, i64 %crc_out_c, i64 %crc_out_c" [/users/arashs/U280_CRC_Accelerator/src/kernel.cpp:685]   --->   Operation 71 'specchannel' 'empty_46' <Predicate = true> <Delay = 0.00>
ST_6 : Operation 72 [1/1] (0.00ns)   --->   "%specinterface_ln685 = specinterface void @_ssdm_op_SpecInterface, i64 %crc_out_c, void @ap_fifo_str, i32 0, i32 0, void @p_str, i32 0, i32 0, void @p_str, void @p_str, void @p_str, i32 2, i32 2, i32 16, i32 16, void @p_str, void @p_str, i32 4294967295, i32 0" [/users/arashs/U280_CRC_Accelerator/src/kernel.cpp:685]   --->   Operation 72 'specinterface' 'specinterface_ln685' <Predicate = true> <Delay = 0.00>
ST_6 : Operation 73 [1/1] (0.00ns)   --->   "%specdataflowpipeline_ln685 = specdataflowpipeline void @_ssdm_op_SpecDataflowPipeline, i32 4294967295, i32 0, void @empty_18" [/users/arashs/U280_CRC_Accelerator/src/kernel.cpp:685]   --->   Operation 73 'specdataflowpipeline' 'specdataflowpipeline_ln685' <Predicate = true> <Delay = 0.00>
ST_6 : Operation 74 [1/1] (0.00ns)   --->   "%specinterface_ln0 = specinterface void @_ssdm_op_SpecInterface, i512 %gmem1, void @empty_17, i32 0, i32 0, void @empty_18, i32 64, i32 4096, void @empty_20, void @empty_4, void @empty_18, i32 16, i32 16, i32 16, i32 16, void @empty_18, void @empty_18, i32 4294967295, i32 0"   --->   Operation 74 'specinterface' 'specinterface_ln0' <Predicate = true> <Delay = 0.00>
ST_6 : Operation 75 [1/1] (0.00ns)   --->   "%specinterface_ln0 = specinterface void @_ssdm_op_SpecInterface, i128 %gmem0, void @empty_17, i32 0, i32 0, void @empty_18, i32 64, i32 1024, void @empty_19, void @empty_4, void @empty_18, i32 16, i32 16, i32 16, i32 16, void @empty_18, void @empty_18, i32 4294967295, i32 0"   --->   Operation 75 'specinterface' 'specinterface_ln0' <Predicate = true> <Delay = 0.00>
ST_6 : Operation 76 [1/1] (0.00ns)   --->   "%empty_47 = specchannel i32 @_ssdm_op_SpecChannel, void @inByte0_str, i32 1, void @p_str, void @p_str, i32 64, i32 64, i8 %inByte0, i8 %inByte0"   --->   Operation 76 'specchannel' 'empty_47' <Predicate = true> <Delay = 0.00>
ST_6 : Operation 77 [1/1] (0.00ns)   --->   "%specinterface_ln0 = specinterface void @_ssdm_op_SpecInterface, i8 %inByte0, void @empty_5, i32 0, i32 0, void @empty_18, i32 0, i32 0, void @empty_18, void @empty_18, void @empty_18, i32 0, i32 0, i32 0, i32 0, void @empty_18, void @empty_18, i32 4294967295, i32 0"   --->   Operation 77 'specinterface' 'specinterface_ln0' <Predicate = true> <Delay = 0.00>
ST_6 : Operation 78 [1/1] (0.00ns)   --->   "%empty_48 = specchannel i32 @_ssdm_op_SpecChannel, void @inByte1_str, i32 1, void @p_str, void @p_str, i32 64, i32 64, i8 %inByte1, i8 %inByte1"   --->   Operation 78 'specchannel' 'empty_48' <Predicate = true> <Delay = 0.00>
ST_6 : Operation 79 [1/1] (0.00ns)   --->   "%specinterface_ln0 = specinterface void @_ssdm_op_SpecInterface, i8 %inByte1, void @empty_5, i32 0, i32 0, void @empty_18, i32 0, i32 0, void @empty_18, void @empty_18, void @empty_18, i32 0, i32 0, i32 0, i32 0, void @empty_18, void @empty_18, i32 4294967295, i32 0"   --->   Operation 79 'specinterface' 'specinterface_ln0' <Predicate = true> <Delay = 0.00>
ST_6 : Operation 80 [1/1] (0.00ns)   --->   "%empty_49 = specchannel i32 @_ssdm_op_SpecChannel, void @inByte2_str, i32 1, void @p_str, void @p_str, i32 64, i32 64, i8 %inByte2, i8 %inByte2"   --->   Operation 80 'specchannel' 'empty_49' <Predicate = true> <Delay = 0.00>
ST_6 : Operation 81 [1/1] (0.00ns)   --->   "%specinterface_ln0 = specinterface void @_ssdm_op_SpecInterface, i8 %inByte2, void @empty_5, i32 0, i32 0, void @empty_18, i32 0, i32 0, void @empty_18, void @empty_18, void @empty_18, i32 0, i32 0, i32 0, i32 0, void @empty_18, void @empty_18, i32 4294967295, i32 0"   --->   Operation 81 'specinterface' 'specinterface_ln0' <Predicate = true> <Delay = 0.00>
ST_6 : Operation 82 [1/1] (0.00ns)   --->   "%empty_50 = specchannel i32 @_ssdm_op_SpecChannel, void @inByte3_str, i32 1, void @p_str, void @p_str, i32 64, i32 64, i8 %inByte3, i8 %inByte3"   --->   Operation 82 'specchannel' 'empty_50' <Predicate = true> <Delay = 0.00>
ST_6 : Operation 83 [1/1] (0.00ns)   --->   "%specinterface_ln0 = specinterface void @_ssdm_op_SpecInterface, i8 %inByte3, void @empty_5, i32 0, i32 0, void @empty_18, i32 0, i32 0, void @empty_18, void @empty_18, void @empty_18, i32 0, i32 0, i32 0, i32 0, void @empty_18, void @empty_18, i32 4294967295, i32 0"   --->   Operation 83 'specinterface' 'specinterface_ln0' <Predicate = true> <Delay = 0.00>
ST_6 : Operation 84 [1/1] (0.00ns)   --->   "%empty_51 = specchannel i32 @_ssdm_op_SpecChannel, void @inByte4_str, i32 1, void @p_str, void @p_str, i32 64, i32 64, i8 %inByte4, i8 %inByte4"   --->   Operation 84 'specchannel' 'empty_51' <Predicate = true> <Delay = 0.00>
ST_6 : Operation 85 [1/1] (0.00ns)   --->   "%specinterface_ln0 = specinterface void @_ssdm_op_SpecInterface, i8 %inByte4, void @empty_5, i32 0, i32 0, void @empty_18, i32 0, i32 0, void @empty_18, void @empty_18, void @empty_18, i32 0, i32 0, i32 0, i32 0, void @empty_18, void @empty_18, i32 4294967295, i32 0"   --->   Operation 85 'specinterface' 'specinterface_ln0' <Predicate = true> <Delay = 0.00>
ST_6 : Operation 86 [1/1] (0.00ns)   --->   "%empty_52 = specchannel i32 @_ssdm_op_SpecChannel, void @inByte5_str, i32 1, void @p_str, void @p_str, i32 64, i32 64, i8 %inByte5, i8 %inByte5"   --->   Operation 86 'specchannel' 'empty_52' <Predicate = true> <Delay = 0.00>
ST_6 : Operation 87 [1/1] (0.00ns)   --->   "%specinterface_ln0 = specinterface void @_ssdm_op_SpecInterface, i8 %inByte5, void @empty_5, i32 0, i32 0, void @empty_18, i32 0, i32 0, void @empty_18, void @empty_18, void @empty_18, i32 0, i32 0, i32 0, i32 0, void @empty_18, void @empty_18, i32 4294967295, i32 0"   --->   Operation 87 'specinterface' 'specinterface_ln0' <Predicate = true> <Delay = 0.00>
ST_6 : Operation 88 [1/1] (0.00ns)   --->   "%empty_53 = specchannel i32 @_ssdm_op_SpecChannel, void @inByte6_str, i32 1, void @p_str, void @p_str, i32 64, i32 64, i8 %inByte6, i8 %inByte6"   --->   Operation 88 'specchannel' 'empty_53' <Predicate = true> <Delay = 0.00>
ST_6 : Operation 89 [1/1] (0.00ns)   --->   "%specinterface_ln0 = specinterface void @_ssdm_op_SpecInterface, i8 %inByte6, void @empty_5, i32 0, i32 0, void @empty_18, i32 0, i32 0, void @empty_18, void @empty_18, void @empty_18, i32 0, i32 0, i32 0, i32 0, void @empty_18, void @empty_18, i32 4294967295, i32 0"   --->   Operation 89 'specinterface' 'specinterface_ln0' <Predicate = true> <Delay = 0.00>
ST_6 : Operation 90 [1/1] (0.00ns)   --->   "%empty_54 = specchannel i32 @_ssdm_op_SpecChannel, void @inByte7_str, i32 1, void @p_str, void @p_str, i32 64, i32 64, i8 %inByte7, i8 %inByte7"   --->   Operation 90 'specchannel' 'empty_54' <Predicate = true> <Delay = 0.00>
ST_6 : Operation 91 [1/1] (0.00ns)   --->   "%specinterface_ln0 = specinterface void @_ssdm_op_SpecInterface, i8 %inByte7, void @empty_5, i32 0, i32 0, void @empty_18, i32 0, i32 0, void @empty_18, void @empty_18, void @empty_18, i32 0, i32 0, i32 0, i32 0, void @empty_18, void @empty_18, i32 4294967295, i32 0"   --->   Operation 91 'specinterface' 'specinterface_ln0' <Predicate = true> <Delay = 0.00>
ST_6 : Operation 92 [1/1] (0.00ns)   --->   "%empty_55 = specchannel i32 @_ssdm_op_SpecChannel, void @inByte8_str, i32 1, void @p_str, void @p_str, i32 64, i32 64, i8 %inByte8, i8 %inByte8"   --->   Operation 92 'specchannel' 'empty_55' <Predicate = true> <Delay = 0.00>
ST_6 : Operation 93 [1/1] (0.00ns)   --->   "%specinterface_ln0 = specinterface void @_ssdm_op_SpecInterface, i8 %inByte8, void @empty_5, i32 0, i32 0, void @empty_18, i32 0, i32 0, void @empty_18, void @empty_18, void @empty_18, i32 0, i32 0, i32 0, i32 0, void @empty_18, void @empty_18, i32 4294967295, i32 0"   --->   Operation 93 'specinterface' 'specinterface_ln0' <Predicate = true> <Delay = 0.00>
ST_6 : Operation 94 [1/1] (0.00ns)   --->   "%empty_56 = specchannel i32 @_ssdm_op_SpecChannel, void @inByte9_str, i32 1, void @p_str, void @p_str, i32 64, i32 64, i8 %inByte9, i8 %inByte9"   --->   Operation 94 'specchannel' 'empty_56' <Predicate = true> <Delay = 0.00>
ST_6 : Operation 95 [1/1] (0.00ns)   --->   "%specinterface_ln0 = specinterface void @_ssdm_op_SpecInterface, i8 %inByte9, void @empty_5, i32 0, i32 0, void @empty_18, i32 0, i32 0, void @empty_18, void @empty_18, void @empty_18, i32 0, i32 0, i32 0, i32 0, void @empty_18, void @empty_18, i32 4294967295, i32 0"   --->   Operation 95 'specinterface' 'specinterface_ln0' <Predicate = true> <Delay = 0.00>
ST_6 : Operation 96 [1/1] (0.00ns)   --->   "%empty_57 = specchannel i32 @_ssdm_op_SpecChannel, void @inByte10_str, i32 1, void @p_str, void @p_str, i32 64, i32 64, i8 %inByte10, i8 %inByte10"   --->   Operation 96 'specchannel' 'empty_57' <Predicate = true> <Delay = 0.00>
ST_6 : Operation 97 [1/1] (0.00ns)   --->   "%specinterface_ln0 = specinterface void @_ssdm_op_SpecInterface, i8 %inByte10, void @empty_5, i32 0, i32 0, void @empty_18, i32 0, i32 0, void @empty_18, void @empty_18, void @empty_18, i32 0, i32 0, i32 0, i32 0, void @empty_18, void @empty_18, i32 4294967295, i32 0"   --->   Operation 97 'specinterface' 'specinterface_ln0' <Predicate = true> <Delay = 0.00>
ST_6 : Operation 98 [1/1] (0.00ns)   --->   "%empty_58 = specchannel i32 @_ssdm_op_SpecChannel, void @inByte11_str, i32 1, void @p_str, void @p_str, i32 64, i32 64, i8 %inByte11, i8 %inByte11"   --->   Operation 98 'specchannel' 'empty_58' <Predicate = true> <Delay = 0.00>
ST_6 : Operation 99 [1/1] (0.00ns)   --->   "%specinterface_ln0 = specinterface void @_ssdm_op_SpecInterface, i8 %inByte11, void @empty_5, i32 0, i32 0, void @empty_18, i32 0, i32 0, void @empty_18, void @empty_18, void @empty_18, i32 0, i32 0, i32 0, i32 0, void @empty_18, void @empty_18, i32 4294967295, i32 0"   --->   Operation 99 'specinterface' 'specinterface_ln0' <Predicate = true> <Delay = 0.00>
ST_6 : Operation 100 [1/1] (0.00ns)   --->   "%empty_59 = specchannel i32 @_ssdm_op_SpecChannel, void @inByte12_str, i32 1, void @p_str, void @p_str, i32 64, i32 64, i8 %inByte12, i8 %inByte12"   --->   Operation 100 'specchannel' 'empty_59' <Predicate = true> <Delay = 0.00>
ST_6 : Operation 101 [1/1] (0.00ns)   --->   "%specinterface_ln0 = specinterface void @_ssdm_op_SpecInterface, i8 %inByte12, void @empty_5, i32 0, i32 0, void @empty_18, i32 0, i32 0, void @empty_18, void @empty_18, void @empty_18, i32 0, i32 0, i32 0, i32 0, void @empty_18, void @empty_18, i32 4294967295, i32 0"   --->   Operation 101 'specinterface' 'specinterface_ln0' <Predicate = true> <Delay = 0.00>
ST_6 : Operation 102 [1/1] (0.00ns)   --->   "%empty_60 = specchannel i32 @_ssdm_op_SpecChannel, void @inByte13_str, i32 1, void @p_str, void @p_str, i32 64, i32 64, i8 %inByte13, i8 %inByte13"   --->   Operation 102 'specchannel' 'empty_60' <Predicate = true> <Delay = 0.00>
ST_6 : Operation 103 [1/1] (0.00ns)   --->   "%specinterface_ln0 = specinterface void @_ssdm_op_SpecInterface, i8 %inByte13, void @empty_5, i32 0, i32 0, void @empty_18, i32 0, i32 0, void @empty_18, void @empty_18, void @empty_18, i32 0, i32 0, i32 0, i32 0, void @empty_18, void @empty_18, i32 4294967295, i32 0"   --->   Operation 103 'specinterface' 'specinterface_ln0' <Predicate = true> <Delay = 0.00>
ST_6 : Operation 104 [1/1] (0.00ns)   --->   "%empty_61 = specchannel i32 @_ssdm_op_SpecChannel, void @inByte14_str, i32 1, void @p_str, void @p_str, i32 64, i32 64, i8 %inByte14, i8 %inByte14"   --->   Operation 104 'specchannel' 'empty_61' <Predicate = true> <Delay = 0.00>
ST_6 : Operation 105 [1/1] (0.00ns)   --->   "%specinterface_ln0 = specinterface void @_ssdm_op_SpecInterface, i8 %inByte14, void @empty_5, i32 0, i32 0, void @empty_18, i32 0, i32 0, void @empty_18, void @empty_18, void @empty_18, i32 0, i32 0, i32 0, i32 0, void @empty_18, void @empty_18, i32 4294967295, i32 0"   --->   Operation 105 'specinterface' 'specinterface_ln0' <Predicate = true> <Delay = 0.00>
ST_6 : Operation 106 [1/1] (0.00ns)   --->   "%empty_62 = specchannel i32 @_ssdm_op_SpecChannel, void @inByte15_str, i32 1, void @p_str, void @p_str, i32 64, i32 64, i8 %inByte15, i8 %inByte15"   --->   Operation 106 'specchannel' 'empty_62' <Predicate = true> <Delay = 0.00>
ST_6 : Operation 107 [1/1] (0.00ns)   --->   "%specinterface_ln0 = specinterface void @_ssdm_op_SpecInterface, i8 %inByte15, void @empty_5, i32 0, i32 0, void @empty_18, i32 0, i32 0, void @empty_18, void @empty_18, void @empty_18, i32 0, i32 0, i32 0, i32 0, void @empty_18, void @empty_18, i32 4294967295, i32 0"   --->   Operation 107 'specinterface' 'specinterface_ln0' <Predicate = true> <Delay = 0.00>
ST_6 : Operation 108 [1/1] (0.00ns)   --->   "%empty_63 = specchannel i32 @_ssdm_op_SpecChannel, void @outStream_str, i32 1, void @p_str, void @p_str, i32 64, i32 64, i32 %outStream, i32 %outStream"   --->   Operation 108 'specchannel' 'empty_63' <Predicate = true> <Delay = 0.00>
ST_6 : Operation 109 [1/1] (0.00ns)   --->   "%specinterface_ln0 = specinterface void @_ssdm_op_SpecInterface, i32 %outStream, void @empty_5, i32 0, i32 0, void @empty_18, i32 0, i32 0, void @empty_18, void @empty_18, void @empty_18, i32 0, i32 0, i32 0, i32 0, void @empty_18, void @empty_18, i32 4294967295, i32 0"   --->   Operation 109 'specinterface' 'specinterface_ln0' <Predicate = true> <Delay = 0.00>
ST_6 : Operation 110 [1/1] (0.00ns)   --->   "%specmemcore_ln673 = specmemcore void @_ssdm_op_SpecMemCore, i32 %crcTables, i64 666, i64 18, i64 18446744073709551615" [/users/arashs/U280_CRC_Accelerator/src/kernel.cpp:673]   --->   Operation 110 'specmemcore' 'specmemcore_ln673' <Predicate = true> <Delay = 0.00>
ST_6 : Operation 111 [1/1] (0.00ns)   --->   "%specmemcore_ln689 = specmemcore void @_ssdm_op_SpecMemCore, i32 %crcTables, i64 666, i64 18, i64 18446744073709551615" [/users/arashs/U280_CRC_Accelerator/src/kernel.cpp:689]   --->   Operation 111 'specmemcore' 'specmemcore_ln689' <Predicate = true> <Delay = 0.00>
ST_6 : Operation 112 [1/1] (0.00ns)   --->   "%specmemcore_ln673 = specmemcore void @_ssdm_op_SpecMemCore, i32 %crcTables_1, i64 666, i64 18, i64 18446744073709551615" [/users/arashs/U280_CRC_Accelerator/src/kernel.cpp:673]   --->   Operation 112 'specmemcore' 'specmemcore_ln673' <Predicate = true> <Delay = 0.00>
ST_6 : Operation 113 [1/1] (0.00ns)   --->   "%specmemcore_ln689 = specmemcore void @_ssdm_op_SpecMemCore, i32 %crcTables_1, i64 666, i64 18, i64 18446744073709551615" [/users/arashs/U280_CRC_Accelerator/src/kernel.cpp:689]   --->   Operation 113 'specmemcore' 'specmemcore_ln689' <Predicate = true> <Delay = 0.00>
ST_6 : Operation 114 [1/1] (0.00ns)   --->   "%specmemcore_ln673 = specmemcore void @_ssdm_op_SpecMemCore, i32 %crcTables_2, i64 666, i64 18, i64 18446744073709551615" [/users/arashs/U280_CRC_Accelerator/src/kernel.cpp:673]   --->   Operation 114 'specmemcore' 'specmemcore_ln673' <Predicate = true> <Delay = 0.00>
ST_6 : Operation 115 [1/1] (0.00ns)   --->   "%specmemcore_ln689 = specmemcore void @_ssdm_op_SpecMemCore, i32 %crcTables_2, i64 666, i64 18, i64 18446744073709551615" [/users/arashs/U280_CRC_Accelerator/src/kernel.cpp:689]   --->   Operation 115 'specmemcore' 'specmemcore_ln689' <Predicate = true> <Delay = 0.00>
ST_6 : Operation 116 [1/1] (0.00ns)   --->   "%specmemcore_ln673 = specmemcore void @_ssdm_op_SpecMemCore, i32 %crcTables_3, i64 666, i64 18, i64 18446744073709551615" [/users/arashs/U280_CRC_Accelerator/src/kernel.cpp:673]   --->   Operation 116 'specmemcore' 'specmemcore_ln673' <Predicate = true> <Delay = 0.00>
ST_6 : Operation 117 [1/1] (0.00ns)   --->   "%specmemcore_ln689 = specmemcore void @_ssdm_op_SpecMemCore, i32 %crcTables_3, i64 666, i64 18, i64 18446744073709551615" [/users/arashs/U280_CRC_Accelerator/src/kernel.cpp:689]   --->   Operation 117 'specmemcore' 'specmemcore_ln689' <Predicate = true> <Delay = 0.00>
ST_6 : Operation 118 [1/1] (0.00ns)   --->   "%specmemcore_ln673 = specmemcore void @_ssdm_op_SpecMemCore, i32 %crcTables_4, i64 666, i64 18, i64 18446744073709551615" [/users/arashs/U280_CRC_Accelerator/src/kernel.cpp:673]   --->   Operation 118 'specmemcore' 'specmemcore_ln673' <Predicate = true> <Delay = 0.00>
ST_6 : Operation 119 [1/1] (0.00ns)   --->   "%specmemcore_ln689 = specmemcore void @_ssdm_op_SpecMemCore, i32 %crcTables_4, i64 666, i64 18, i64 18446744073709551615" [/users/arashs/U280_CRC_Accelerator/src/kernel.cpp:689]   --->   Operation 119 'specmemcore' 'specmemcore_ln689' <Predicate = true> <Delay = 0.00>
ST_6 : Operation 120 [1/1] (0.00ns)   --->   "%specmemcore_ln673 = specmemcore void @_ssdm_op_SpecMemCore, i32 %crcTables_5, i64 666, i64 18, i64 18446744073709551615" [/users/arashs/U280_CRC_Accelerator/src/kernel.cpp:673]   --->   Operation 120 'specmemcore' 'specmemcore_ln673' <Predicate = true> <Delay = 0.00>
ST_6 : Operation 121 [1/1] (0.00ns)   --->   "%specmemcore_ln689 = specmemcore void @_ssdm_op_SpecMemCore, i32 %crcTables_5, i64 666, i64 18, i64 18446744073709551615" [/users/arashs/U280_CRC_Accelerator/src/kernel.cpp:689]   --->   Operation 121 'specmemcore' 'specmemcore_ln689' <Predicate = true> <Delay = 0.00>
ST_6 : Operation 122 [1/1] (0.00ns)   --->   "%specmemcore_ln673 = specmemcore void @_ssdm_op_SpecMemCore, i32 %crcTables_6, i64 666, i64 18, i64 18446744073709551615" [/users/arashs/U280_CRC_Accelerator/src/kernel.cpp:673]   --->   Operation 122 'specmemcore' 'specmemcore_ln673' <Predicate = true> <Delay = 0.00>
ST_6 : Operation 123 [1/1] (0.00ns)   --->   "%specmemcore_ln689 = specmemcore void @_ssdm_op_SpecMemCore, i32 %crcTables_6, i64 666, i64 18, i64 18446744073709551615" [/users/arashs/U280_CRC_Accelerator/src/kernel.cpp:689]   --->   Operation 123 'specmemcore' 'specmemcore_ln689' <Predicate = true> <Delay = 0.00>
ST_6 : Operation 124 [1/1] (0.00ns)   --->   "%specmemcore_ln673 = specmemcore void @_ssdm_op_SpecMemCore, i32 %crcTables_7, i64 666, i64 18, i64 18446744073709551615" [/users/arashs/U280_CRC_Accelerator/src/kernel.cpp:673]   --->   Operation 124 'specmemcore' 'specmemcore_ln673' <Predicate = true> <Delay = 0.00>
ST_6 : Operation 125 [1/1] (0.00ns)   --->   "%specmemcore_ln689 = specmemcore void @_ssdm_op_SpecMemCore, i32 %crcTables_7, i64 666, i64 18, i64 18446744073709551615" [/users/arashs/U280_CRC_Accelerator/src/kernel.cpp:689]   --->   Operation 125 'specmemcore' 'specmemcore_ln689' <Predicate = true> <Delay = 0.00>
ST_6 : Operation 126 [1/1] (0.00ns)   --->   "%specmemcore_ln673 = specmemcore void @_ssdm_op_SpecMemCore, i32 %crcTables_8, i64 666, i64 18, i64 18446744073709551615" [/users/arashs/U280_CRC_Accelerator/src/kernel.cpp:673]   --->   Operation 126 'specmemcore' 'specmemcore_ln673' <Predicate = true> <Delay = 0.00>
ST_6 : Operation 127 [1/1] (0.00ns)   --->   "%specmemcore_ln689 = specmemcore void @_ssdm_op_SpecMemCore, i32 %crcTables_8, i64 666, i64 18, i64 18446744073709551615" [/users/arashs/U280_CRC_Accelerator/src/kernel.cpp:689]   --->   Operation 127 'specmemcore' 'specmemcore_ln689' <Predicate = true> <Delay = 0.00>
ST_6 : Operation 128 [1/1] (0.00ns)   --->   "%specmemcore_ln673 = specmemcore void @_ssdm_op_SpecMemCore, i32 %crcTables_9, i64 666, i64 18, i64 18446744073709551615" [/users/arashs/U280_CRC_Accelerator/src/kernel.cpp:673]   --->   Operation 128 'specmemcore' 'specmemcore_ln673' <Predicate = true> <Delay = 0.00>
ST_6 : Operation 129 [1/1] (0.00ns)   --->   "%specmemcore_ln689 = specmemcore void @_ssdm_op_SpecMemCore, i32 %crcTables_9, i64 666, i64 18, i64 18446744073709551615" [/users/arashs/U280_CRC_Accelerator/src/kernel.cpp:689]   --->   Operation 129 'specmemcore' 'specmemcore_ln689' <Predicate = true> <Delay = 0.00>
ST_6 : Operation 130 [1/1] (0.00ns)   --->   "%specmemcore_ln673 = specmemcore void @_ssdm_op_SpecMemCore, i32 %crcTables_10, i64 666, i64 18, i64 18446744073709551615" [/users/arashs/U280_CRC_Accelerator/src/kernel.cpp:673]   --->   Operation 130 'specmemcore' 'specmemcore_ln673' <Predicate = true> <Delay = 0.00>
ST_6 : Operation 131 [1/1] (0.00ns)   --->   "%specmemcore_ln689 = specmemcore void @_ssdm_op_SpecMemCore, i32 %crcTables_10, i64 666, i64 18, i64 18446744073709551615" [/users/arashs/U280_CRC_Accelerator/src/kernel.cpp:689]   --->   Operation 131 'specmemcore' 'specmemcore_ln689' <Predicate = true> <Delay = 0.00>
ST_6 : Operation 132 [1/1] (0.00ns)   --->   "%specmemcore_ln673 = specmemcore void @_ssdm_op_SpecMemCore, i32 %crcTables_11, i64 666, i64 18, i64 18446744073709551615" [/users/arashs/U280_CRC_Accelerator/src/kernel.cpp:673]   --->   Operation 132 'specmemcore' 'specmemcore_ln673' <Predicate = true> <Delay = 0.00>
ST_6 : Operation 133 [1/1] (0.00ns)   --->   "%specmemcore_ln689 = specmemcore void @_ssdm_op_SpecMemCore, i32 %crcTables_11, i64 666, i64 18, i64 18446744073709551615" [/users/arashs/U280_CRC_Accelerator/src/kernel.cpp:689]   --->   Operation 133 'specmemcore' 'specmemcore_ln689' <Predicate = true> <Delay = 0.00>
ST_6 : Operation 134 [1/1] (0.00ns)   --->   "%specmemcore_ln673 = specmemcore void @_ssdm_op_SpecMemCore, i32 %crcTables_12, i64 666, i64 18, i64 18446744073709551615" [/users/arashs/U280_CRC_Accelerator/src/kernel.cpp:673]   --->   Operation 134 'specmemcore' 'specmemcore_ln673' <Predicate = true> <Delay = 0.00>
ST_6 : Operation 135 [1/1] (0.00ns)   --->   "%specmemcore_ln689 = specmemcore void @_ssdm_op_SpecMemCore, i32 %crcTables_12, i64 666, i64 18, i64 18446744073709551615" [/users/arashs/U280_CRC_Accelerator/src/kernel.cpp:689]   --->   Operation 135 'specmemcore' 'specmemcore_ln689' <Predicate = true> <Delay = 0.00>
ST_6 : Operation 136 [1/1] (0.00ns)   --->   "%specmemcore_ln673 = specmemcore void @_ssdm_op_SpecMemCore, i32 %crcTables_13, i64 666, i64 18, i64 18446744073709551615" [/users/arashs/U280_CRC_Accelerator/src/kernel.cpp:673]   --->   Operation 136 'specmemcore' 'specmemcore_ln673' <Predicate = true> <Delay = 0.00>
ST_6 : Operation 137 [1/1] (0.00ns)   --->   "%specmemcore_ln689 = specmemcore void @_ssdm_op_SpecMemCore, i32 %crcTables_13, i64 666, i64 18, i64 18446744073709551615" [/users/arashs/U280_CRC_Accelerator/src/kernel.cpp:689]   --->   Operation 137 'specmemcore' 'specmemcore_ln689' <Predicate = true> <Delay = 0.00>
ST_6 : Operation 138 [1/1] (0.00ns)   --->   "%specmemcore_ln673 = specmemcore void @_ssdm_op_SpecMemCore, i32 %crcTables_14, i64 666, i64 18, i64 18446744073709551615" [/users/arashs/U280_CRC_Accelerator/src/kernel.cpp:673]   --->   Operation 138 'specmemcore' 'specmemcore_ln673' <Predicate = true> <Delay = 0.00>
ST_6 : Operation 139 [1/1] (0.00ns)   --->   "%specmemcore_ln689 = specmemcore void @_ssdm_op_SpecMemCore, i32 %crcTables_14, i64 666, i64 18, i64 18446744073709551615" [/users/arashs/U280_CRC_Accelerator/src/kernel.cpp:689]   --->   Operation 139 'specmemcore' 'specmemcore_ln689' <Predicate = true> <Delay = 0.00>
ST_6 : Operation 140 [1/1] (0.00ns)   --->   "%specmemcore_ln673 = specmemcore void @_ssdm_op_SpecMemCore, i32 %crcTables_15, i64 666, i64 18, i64 18446744073709551615" [/users/arashs/U280_CRC_Accelerator/src/kernel.cpp:673]   --->   Operation 140 'specmemcore' 'specmemcore_ln673' <Predicate = true> <Delay = 0.00>
ST_6 : Operation 141 [1/1] (0.00ns)   --->   "%specmemcore_ln689 = specmemcore void @_ssdm_op_SpecMemCore, i32 %crcTables_15, i64 666, i64 18, i64 18446744073709551615" [/users/arashs/U280_CRC_Accelerator/src/kernel.cpp:689]   --->   Operation 141 'specmemcore' 'specmemcore_ln689' <Predicate = true> <Delay = 0.00>
ST_6 : Operation 142 [1/2] (0.00ns)   --->   "%call_ln692 = call void @write_output, i32 %outStream, i32 %numChunks_c, i128 %gmem0, i64 %crc_out_c" [/users/arashs/U280_CRC_Accelerator/src/kernel.cpp:692]   --->   Operation 142 'call' 'call_ln692' <Predicate = true> <Delay = 0.00> <CoreType = "Generic">   --->   Core 0 '' <Latency = 0> <II = 1> <Delay = 1.00> <Generic> <Opcode : >
ST_6 : Operation 143 [1/1] (0.00ns)   --->   "%ret_ln693 = ret" [/users/arashs/U280_CRC_Accelerator/src/kernel.cpp:693]   --->   Operation 143 'ret' 'ret_ln693' <Predicate = true> <Delay = 0.00>


============================================================
+ Verbose Summary: Binding
============================================================
STG Binding: 
---------------- STG Properties BEGIN ----------------
- Is combinational: 0
- Is one-state seq: 0
- Is datapath-only: 0
- Is pipelined: 0
- Is top level: 0
Port [ Return ] is wired: 1; IO mode=ap_ctrl_hs:ce=0
Port [ gmem0]:  wired=1; compound=1; hidden=0; nouse=0; global=0; static=0; extern=0; dir=2; type=4; pingpong=0; private_global=0; IO mode=m_axi:ce=0
Port [ data_in]:  wired=1; compound=0; hidden=0; nouse=0; global=0; static=0; extern=0; dir=0; type=0; pingpong=0; private_global=0; IO mode=ap_none:ce=0
Port [ crc_out]:  wired=1; compound=0; hidden=0; nouse=0; global=0; static=0; extern=0; dir=0; type=0; pingpong=0; private_global=0; IO mode=ap_none:ce=0
Port [ gmem1]:  wired=1; compound=1; hidden=0; nouse=0; global=0; static=0; extern=0; dir=0; type=4; pingpong=0; private_global=0; IO mode=m_axi:ce=0
Port [ tables]:  wired=1; compound=0; hidden=0; nouse=0; global=0; static=0; extern=0; dir=0; type=0; pingpong=0; private_global=0; IO mode=ap_none:ce=0
Port [ numChunks]:  wired=1; compound=0; hidden=0; nouse=0; global=0; static=0; extern=0; dir=0; type=0; pingpong=0; private_global=0; IO mode=ap_none:ce=0
Port [ chunkSize]:  wired=1; compound=0; hidden=0; nouse=0; global=0; static=0; extern=0; dir=0; type=0; pingpong=0; private_global=0; IO mode=ap_none:ce=0
Port [ crc_size]:  wired=1; compound=0; hidden=0; nouse=0; global=0; static=0; extern=0; dir=0; type=0; pingpong=0; private_global=0; IO mode=ap_none:ce=0
Port [ init_value]:  wired=1; compound=0; hidden=0; nouse=0; global=0; static=0; extern=0; dir=0; type=0; pingpong=0; private_global=0; IO mode=ap_none:ce=0
---------------- STG Properties END ------------------

---------------- Datapath Model BEGIN ----------------

<LifeTime>
<method=bitvector/>
chunkSize_read             (read                ) [ 0010000]
numChunks_read             (read                ) [ 0010000]
tables_read                (read                ) [ 0010000]
data_in_read               (read                ) [ 0010000]
init_value_c               (alloca              ) [ 0011111]
crc_size_c                 (alloca              ) [ 0011111]
chunkSize_c                (alloca              ) [ 0111111]
numChunks_c12              (alloca              ) [ 0111111]
numChunks_c                (alloca              ) [ 0011111]
crc_out_c                  (alloca              ) [ 0011111]
inByte0                    (alloca              ) [ 0111111]
inByte1                    (alloca              ) [ 0111111]
inByte2                    (alloca              ) [ 0111111]
inByte3                    (alloca              ) [ 0111111]
inByte4                    (alloca              ) [ 0111111]
inByte5                    (alloca              ) [ 0111111]
inByte6                    (alloca              ) [ 0111111]
inByte7                    (alloca              ) [ 0111111]
inByte8                    (alloca              ) [ 0111111]
inByte9                    (alloca              ) [ 0111111]
inByte10                   (alloca              ) [ 0111111]
inByte11                   (alloca              ) [ 0111111]
inByte12                   (alloca              ) [ 0111111]
inByte13                   (alloca              ) [ 0111111]
inByte14                   (alloca              ) [ 0111111]
inByte15                   (alloca              ) [ 0111111]
outStream                  (alloca              ) [ 0011111]
crcTables                  (alloca              ) [ 0011111]
crcTables_1                (alloca              ) [ 0011111]
crcTables_2                (alloca              ) [ 0011111]
crcTables_3                (alloca              ) [ 0011111]
crcTables_4                (alloca              ) [ 0011111]
crcTables_5                (alloca              ) [ 0011111]
crcTables_6                (alloca              ) [ 0011111]
crcTables_7                (alloca              ) [ 0011111]
crcTables_8                (alloca              ) [ 0011111]
crcTables_9                (alloca              ) [ 0011111]
crcTables_10               (alloca              ) [ 0011111]
crcTables_11               (alloca              ) [ 0011111]
crcTables_12               (alloca              ) [ 0011111]
crcTables_13               (alloca              ) [ 0011111]
crcTables_14               (alloca              ) [ 0011111]
crcTables_15               (alloca              ) [ 0011111]
init_value_read            (read                ) [ 0000000]
crc_size_read              (read                ) [ 0000000]
crc_out_read               (read                ) [ 0000000]
call_ln685                 (call                ) [ 0000000]
call_ln685                 (call                ) [ 0000000]
call_ln686                 (call                ) [ 0000000]
call_ln689                 (call                ) [ 0000000]
empty                      (specchannel         ) [ 0000000]
specinterface_ln685        (specinterface       ) [ 0000000]
empty_42                   (specchannel         ) [ 0000000]
specinterface_ln685        (specinterface       ) [ 0000000]
empty_43                   (specchannel         ) [ 0000000]
specinterface_ln685        (specinterface       ) [ 0000000]
empty_44                   (specchannel         ) [ 0000000]
specinterface_ln685        (specinterface       ) [ 0000000]
empty_45                   (specchannel         ) [ 0000000]
specinterface_ln685        (specinterface       ) [ 0000000]
empty_46                   (specchannel         ) [ 0000000]
specinterface_ln685        (specinterface       ) [ 0000000]
specdataflowpipeline_ln685 (specdataflowpipeline) [ 0000000]
specinterface_ln0          (specinterface       ) [ 0000000]
specinterface_ln0          (specinterface       ) [ 0000000]
empty_47                   (specchannel         ) [ 0000000]
specinterface_ln0          (specinterface       ) [ 0000000]
empty_48                   (specchannel         ) [ 0000000]
specinterface_ln0          (specinterface       ) [ 0000000]
empty_49                   (specchannel         ) [ 0000000]
specinterface_ln0          (specinterface       ) [ 0000000]
empty_50                   (specchannel         ) [ 0000000]
specinterface_ln0          (specinterface       ) [ 0000000]
empty_51                   (specchannel         ) [ 0000000]
specinterface_ln0          (specinterface       ) [ 0000000]
empty_52                   (specchannel         ) [ 0000000]
specinterface_ln0          (specinterface       ) [ 0000000]
empty_53                   (specchannel         ) [ 0000000]
specinterface_ln0          (specinterface       ) [ 0000000]
empty_54                   (specchannel         ) [ 0000000]
specinterface_ln0          (specinterface       ) [ 0000000]
empty_55                   (specchannel         ) [ 0000000]
specinterface_ln0          (specinterface       ) [ 0000000]
empty_56                   (specchannel         ) [ 0000000]
specinterface_ln0          (specinterface       ) [ 0000000]
empty_57                   (specchannel         ) [ 0000000]
specinterface_ln0          (specinterface       ) [ 0000000]
empty_58                   (specchannel         ) [ 0000000]
specinterface_ln0          (specinterface       ) [ 0000000]
empty_59                   (specchannel         ) [ 0000000]
specinterface_ln0          (specinterface       ) [ 0000000]
empty_60                   (specchannel         ) [ 0000000]
specinterface_ln0          (specinterface       ) [ 0000000]
empty_61                   (specchannel         ) [ 0000000]
specinterface_ln0          (specinterface       ) [ 0000000]
empty_62                   (specchannel         ) [ 0000000]
specinterface_ln0          (specinterface       ) [ 0000000]
empty_63                   (specchannel         ) [ 0000000]
specinterface_ln0          (specinterface       ) [ 0000000]
specmemcore_ln673          (specmemcore         ) [ 0000000]
specmemcore_ln689          (specmemcore         ) [ 0000000]
specmemcore_ln673          (specmemcore         ) [ 0000000]
specmemcore_ln689          (specmemcore         ) [ 0000000]
specmemcore_ln673          (specmemcore         ) [ 0000000]
specmemcore_ln689          (specmemcore         ) [ 0000000]
specmemcore_ln673          (specmemcore         ) [ 0000000]
specmemcore_ln689          (specmemcore         ) [ 0000000]
specmemcore_ln673          (specmemcore         ) [ 0000000]
specmemcore_ln689          (specmemcore         ) [ 0000000]
specmemcore_ln673          (specmemcore         ) [ 0000000]
specmemcore_ln689          (specmemcore         ) [ 0000000]
specmemcore_ln673          (specmemcore         ) [ 0000000]
specmemcore_ln689          (specmemcore         ) [ 0000000]
specmemcore_ln673          (specmemcore         ) [ 0000000]
specmemcore_ln689          (specmemcore         ) [ 0000000]
specmemcore_ln673          (specmemcore         ) [ 0000000]
specmemcore_ln689          (specmemcore         ) [ 0000000]
specmemcore_ln673          (specmemcore         ) [ 0000000]
specmemcore_ln689          (specmemcore         ) [ 0000000]
specmemcore_ln673          (specmemcore         ) [ 0000000]
specmemcore_ln689          (specmemcore         ) [ 0000000]
specmemcore_ln673          (specmemcore         ) [ 0000000]
specmemcore_ln689          (specmemcore         ) [ 0000000]
specmemcore_ln673          (specmemcore         ) [ 0000000]
specmemcore_ln689          (specmemcore         ) [ 0000000]
specmemcore_ln673          (specmemcore         ) [ 0000000]
specmemcore_ln689          (specmemcore         ) [ 0000000]
specmemcore_ln673          (specmemcore         ) [ 0000000]
specmemcore_ln689          (specmemcore         ) [ 0000000]
specmemcore_ln673          (specmemcore         ) [ 0000000]
specmemcore_ln689          (specmemcore         ) [ 0000000]
call_ln692                 (call                ) [ 0000000]
ret_ln693                  (ret                 ) [ 0000000]
</LifeTime>

<model>

<comp_list>
<comp id="0" class="1000" name="gmem0">
<pin_list>
<pin id="1" dir="1" index="0" bw="1" slack="0"/>
</pin_list>
<bind>
<StgValue><ssdm name="gmem0"/></StgValue>
</bind>
</comp>

<comp id="2" class="1000" name="data_in">
<pin_list>
<pin id="3" dir="1" index="0" bw="1" slack="0"/>
</pin_list>
<bind>
<StgValue><ssdm name="data_in"/></StgValue>
</bind>
</comp>

<comp id="4" class="1000" name="crc_out">
<pin_list>
<pin id="5" dir="1" index="0" bw="1" slack="0"/>
</pin_list>
<bind>
<StgValue><ssdm name="crc_out"/></StgValue>
</bind>
</comp>

<comp id="6" class="1000" name="gmem1">
<pin_list>
<pin id="7" dir="1" index="0" bw="1" slack="0"/>
</pin_list>
<bind>
<StgValue><ssdm name="gmem1"/></StgValue>
</bind>
</comp>

<comp id="8" class="1000" name="tables">
<pin_list>
<pin id="9" dir="1" index="0" bw="1" slack="0"/>
</pin_list>
<bind>
<StgValue><ssdm name="tables"/></StgValue>
</bind>
</comp>

<comp id="10" class="1000" name="numChunks">
<pin_list>
<pin id="11" dir="1" index="0" bw="1" slack="0"/>
</pin_list>
<bind>
<StgValue><ssdm name="numChunks"/></StgValue>
</bind>
</comp>

<comp id="12" class="1000" name="chunkSize">
<pin_list>
<pin id="13" dir="1" index="0" bw="1" slack="0"/>
</pin_list>
<bind>
<StgValue><ssdm name="chunkSize"/></StgValue>
</bind>
</comp>

<comp id="14" class="1000" name="crc_size">
<pin_list>
<pin id="15" dir="1" index="0" bw="1" slack="0"/>
</pin_list>
<bind>
<StgValue><ssdm name="crc_size"/></StgValue>
</bind>
</comp>

<comp id="16" class="1000" name="init_value">
<pin_list>
<pin id="17" dir="1" index="0" bw="1" slack="0"/>
</pin_list>
<bind>
<StgValue><ssdm name="init_value"/></StgValue>
</bind>
</comp>

<comp id="18" class="1001" name="const_18">
<pin_list>
<pin id="19" dir="1" index="0" bw="1" slack="0"/>
</pin_list>
<bind>
<StgValue><ssdm name="_ssdm_op_Read.ap_auto.i32"/></StgValue>
</bind>
</comp>

<comp id="20" class="1001" name="const_20">
<pin_list>
<pin id="21" dir="1" index="0" bw="1" slack="0"/>
</pin_list>
<bind>
<StgValue><ssdm name="_ssdm_op_Read.ap_auto.i64"/></StgValue>
</bind>
</comp>

<comp id="22" class="1001" name="const_22">
<pin_list>
<pin id="23" dir="1" index="0" bw="1" slack="0"/>
</pin_list>
<bind>
<StgValue><ssdm name=""/></StgValue>
</bind>
</comp>

<comp id="24" class="1001" name="const_24">
<pin_list>
<pin id="25" dir="1" index="0" bw="1" slack="0"/>
</pin_list>
<bind>
<StgValue><ssdm name="process_crc_Loop_init_lut_proc"/></StgValue>
</bind>
</comp>

<comp id="26" class="1001" name="const_26">
<pin_list>
<pin id="27" dir="1" index="0" bw="1" slack="0"/>
</pin_list>
<bind>
<StgValue><ssdm name="read_input"/></StgValue>
</bind>
</comp>

<comp id="28" class="1001" name="const_28">
<pin_list>
<pin id="29" dir="1" index="0" bw="1" slack="0"/>
</pin_list>
<bind>
<StgValue><ssdm name="entry_proc"/></StgValue>
</bind>
</comp>

<comp id="30" class="1001" name="const_30">
<pin_list>
<pin id="31" dir="1" index="0" bw="1" slack="0"/>
</pin_list>
<bind>
<StgValue><ssdm name="process_blocks"/></StgValue>
</bind>
</comp>

<comp id="32" class="1001" name="const_32">
<pin_list>
<pin id="33" dir="1" index="0" bw="1" slack="0"/>
</pin_list>
<bind>
<StgValue><ssdm name="write_output"/></StgValue>
</bind>
</comp>

<comp id="34" class="1001" name="const_34">
<pin_list>
<pin id="35" dir="1" index="0" bw="1" slack="2147483647"/>
</pin_list>
<bind>
<StgValue><ssdm name="_ssdm_op_SpecChannel"/></StgValue>
</bind>
</comp>

<comp id="36" class="1001" name="const_36">
<pin_list>
<pin id="37" dir="1" index="0" bw="1" slack="2147483647"/>
</pin_list>
<bind>
<StgValue><ssdm name="init_value_c_str"/></StgValue>
</bind>
</comp>

<comp id="38" class="1001" name="const_38">
<pin_list>
<pin id="39" dir="1" index="0" bw="1" slack="2147483647"/>
</pin_list>
<bind>
<StgValue><ssdm name=""/></StgValue>
</bind>
</comp>

<comp id="40" class="1001" name="const_40">
<pin_list>
<pin id="41" dir="1" index="0" bw="1" slack="2147483647"/>
</pin_list>
<bind>
<StgValue><ssdm name="p_str"/></StgValue>
</bind>
</comp>

<comp id="42" class="1001" name="const_42">
<pin_list>
<pin id="43" dir="1" index="0" bw="1" slack="2147483647"/>
</pin_list>
<bind>
<StgValue><ssdm name=""/></StgValue>
</bind>
</comp>

<comp id="44" class="1001" name="const_44">
<pin_list>
<pin id="45" dir="1" index="0" bw="1" slack="2147483647"/>
</pin_list>
<bind>
<StgValue><ssdm name=""/></StgValue>
</bind>
</comp>

<comp id="46" class="1001" name="const_46">
<pin_list>
<pin id="47" dir="1" index="0" bw="1" slack="2147483647"/>
</pin_list>
<bind>
<StgValue><ssdm name="_ssdm_op_SpecInterface"/></StgValue>
</bind>
</comp>

<comp id="48" class="1001" name="const_48">
<pin_list>
<pin id="49" dir="1" index="0" bw="1" slack="2147483647"/>
</pin_list>
<bind>
<StgValue><ssdm name="ap_fifo_str"/></StgValue>
</bind>
</comp>

<comp id="50" class="1001" name="const_50">
<pin_list>
<pin id="51" dir="1" index="0" bw="1" slack="2147483647"/>
</pin_list>
<bind>
<StgValue><ssdm name=""/></StgValue>
</bind>
</comp>

<comp id="52" class="1001" name="const_52">
<pin_list>
<pin id="53" dir="1" index="0" bw="1" slack="2147483647"/>
</pin_list>
<bind>
<StgValue><ssdm name=""/></StgValue>
</bind>
</comp>

<comp id="54" class="1001" name="const_54">
<pin_list>
<pin id="55" dir="1" index="0" bw="1" slack="2147483647"/>
</pin_list>
<bind>
<StgValue><ssdm name=""/></StgValue>
</bind>
</comp>

<comp id="56" class="1001" name="const_56">
<pin_list>
<pin id="57" dir="1" index="0" bw="1" slack="2147483647"/>
</pin_list>
<bind>
<StgValue><ssdm name="crc_size_c_str"/></StgValue>
</bind>
</comp>

<comp id="58" class="1001" name="const_58">
<pin_list>
<pin id="59" dir="1" index="0" bw="1" slack="2147483647"/>
</pin_list>
<bind>
<StgValue><ssdm name="chunkSize_c_str"/></StgValue>
</bind>
</comp>

<comp id="60" class="1001" name="const_60">
<pin_list>
<pin id="61" dir="1" index="0" bw="1" slack="2147483647"/>
</pin_list>
<bind>
<StgValue><ssdm name="numChunks_c12_str"/></StgValue>
</bind>
</comp>

<comp id="62" class="1001" name="const_62">
<pin_list>
<pin id="63" dir="1" index="0" bw="1" slack="2147483647"/>
</pin_list>
<bind>
<StgValue><ssdm name="numChunks_c_str"/></StgValue>
</bind>
</comp>

<comp id="64" class="1001" name="const_64">
<pin_list>
<pin id="65" dir="1" index="0" bw="1" slack="2147483647"/>
</pin_list>
<bind>
<StgValue><ssdm name="crc_out_c_str"/></StgValue>
</bind>
</comp>

<comp id="66" class="1001" name="const_66">
<pin_list>
<pin id="67" dir="1" index="0" bw="1" slack="2147483647"/>
</pin_list>
<bind>
<StgValue><ssdm name=""/></StgValue>
</bind>
</comp>

<comp id="68" class="1001" name="const_68">
<pin_list>
<pin id="69" dir="1" index="0" bw="1" slack="2147483647"/>
</pin_list>
<bind>
<StgValue><ssdm name="_ssdm_op_SpecDataflowPipeline"/></StgValue>
</bind>
</comp>

<comp id="70" class="1001" name="const_70">
<pin_list>
<pin id="71" dir="1" index="0" bw="1" slack="2147483647"/>
</pin_list>
<bind>
<StgValue><ssdm name="empty_18"/></StgValue>
</bind>
</comp>

<comp id="72" class="1001" name="const_72">
<pin_list>
<pin id="73" dir="1" index="0" bw="1" slack="2147483647"/>
</pin_list>
<bind>
<StgValue><ssdm name="empty_17"/></StgValue>
</bind>
</comp>

<comp id="74" class="1001" name="const_74">
<pin_list>
<pin id="75" dir="1" index="0" bw="1" slack="2147483647"/>
</pin_list>
<bind>
<StgValue><ssdm name=""/></StgValue>
</bind>
</comp>

<comp id="76" class="1001" name="const_76">
<pin_list>
<pin id="77" dir="1" index="0" bw="1" slack="2147483647"/>
</pin_list>
<bind>
<StgValue><ssdm name=""/></StgValue>
</bind>
</comp>

<comp id="78" class="1001" name="const_78">
<pin_list>
<pin id="79" dir="1" index="0" bw="1" slack="2147483647"/>
</pin_list>
<bind>
<StgValue><ssdm name="empty_20"/></StgValue>
</bind>
</comp>

<comp id="80" class="1001" name="const_80">
<pin_list>
<pin id="81" dir="1" index="0" bw="1" slack="2147483647"/>
</pin_list>
<bind>
<StgValue><ssdm name="empty_4"/></StgValue>
</bind>
</comp>

<comp id="82" class="1001" name="const_82">
<pin_list>
<pin id="83" dir="1" index="0" bw="1" slack="2147483647"/>
</pin_list>
<bind>
<StgValue><ssdm name=""/></StgValue>
</bind>
</comp>

<comp id="84" class="1001" name="const_84">
<pin_list>
<pin id="85" dir="1" index="0" bw="1" slack="2147483647"/>
</pin_list>
<bind>
<StgValue><ssdm name="empty_19"/></StgValue>
</bind>
</comp>

<comp id="86" class="1001" name="const_86">
<pin_list>
<pin id="87" dir="1" index="0" bw="1" slack="2147483647"/>
</pin_list>
<bind>
<StgValue><ssdm name="inByte0_str"/></StgValue>
</bind>
</comp>

<comp id="88" class="1001" name="const_88">
<pin_list>
<pin id="89" dir="1" index="0" bw="1" slack="2147483647"/>
</pin_list>
<bind>
<StgValue><ssdm name="empty_5"/></StgValue>
</bind>
</comp>

<comp id="90" class="1001" name="const_90">
<pin_list>
<pin id="91" dir="1" index="0" bw="1" slack="2147483647"/>
</pin_list>
<bind>
<StgValue><ssdm name="inByte1_str"/></StgValue>
</bind>
</comp>

<comp id="92" class="1001" name="const_92">
<pin_list>
<pin id="93" dir="1" index="0" bw="1" slack="2147483647"/>
</pin_list>
<bind>
<StgValue><ssdm name="inByte2_str"/></StgValue>
</bind>
</comp>

<comp id="94" class="1001" name="const_94">
<pin_list>
<pin id="95" dir="1" index="0" bw="1" slack="2147483647"/>
</pin_list>
<bind>
<StgValue><ssdm name="inByte3_str"/></StgValue>
</bind>
</comp>

<comp id="96" class="1001" name="const_96">
<pin_list>
<pin id="97" dir="1" index="0" bw="1" slack="2147483647"/>
</pin_list>
<bind>
<StgValue><ssdm name="inByte4_str"/></StgValue>
</bind>
</comp>

<comp id="98" class="1001" name="const_98">
<pin_list>
<pin id="99" dir="1" index="0" bw="1" slack="2147483647"/>
</pin_list>
<bind>
<StgValue><ssdm name="inByte5_str"/></StgValue>
</bind>
</comp>

<comp id="100" class="1001" name="const_100">
<pin_list>
<pin id="101" dir="1" index="0" bw="1" slack="2147483647"/>
</pin_list>
<bind>
<StgValue><ssdm name="inByte6_str"/></StgValue>
</bind>
</comp>

<comp id="102" class="1001" name="const_102">
<pin_list>
<pin id="103" dir="1" index="0" bw="1" slack="2147483647"/>
</pin_list>
<bind>
<StgValue><ssdm name="inByte7_str"/></StgValue>
</bind>
</comp>

<comp id="104" class="1001" name="const_104">
<pin_list>
<pin id="105" dir="1" index="0" bw="1" slack="2147483647"/>
</pin_list>
<bind>
<StgValue><ssdm name="inByte8_str"/></StgValue>
</bind>
</comp>

<comp id="106" class="1001" name="const_106">
<pin_list>
<pin id="107" dir="1" index="0" bw="1" slack="2147483647"/>
</pin_list>
<bind>
<StgValue><ssdm name="inByte9_str"/></StgValue>
</bind>
</comp>

<comp id="108" class="1001" name="const_108">
<pin_list>
<pin id="109" dir="1" index="0" bw="1" slack="2147483647"/>
</pin_list>
<bind>
<StgValue><ssdm name="inByte10_str"/></StgValue>
</bind>
</comp>

<comp id="110" class="1001" name="const_110">
<pin_list>
<pin id="111" dir="1" index="0" bw="1" slack="2147483647"/>
</pin_list>
<bind>
<StgValue><ssdm name="inByte11_str"/></StgValue>
</bind>
</comp>

<comp id="112" class="1001" name="const_112">
<pin_list>
<pin id="113" dir="1" index="0" bw="1" slack="2147483647"/>
</pin_list>
<bind>
<StgValue><ssdm name="inByte12_str"/></StgValue>
</bind>
</comp>

<comp id="114" class="1001" name="const_114">
<pin_list>
<pin id="115" dir="1" index="0" bw="1" slack="2147483647"/>
</pin_list>
<bind>
<StgValue><ssdm name="inByte13_str"/></StgValue>
</bind>
</comp>

<comp id="116" class="1001" name="const_116">
<pin_list>
<pin id="117" dir="1" index="0" bw="1" slack="2147483647"/>
</pin_list>
<bind>
<StgValue><ssdm name="inByte14_str"/></StgValue>
</bind>
</comp>

<comp id="118" class="1001" name="const_118">
<pin_list>
<pin id="119" dir="1" index="0" bw="1" slack="2147483647"/>
</pin_list>
<bind>
<StgValue><ssdm name="inByte15_str"/></StgValue>
</bind>
</comp>

<comp id="120" class="1001" name="const_120">
<pin_list>
<pin id="121" dir="1" index="0" bw="1" slack="2147483647"/>
</pin_list>
<bind>
<StgValue><ssdm name="outStream_str"/></StgValue>
</bind>
</comp>

<comp id="122" class="1001" name="const_122">
<pin_list>
<pin id="123" dir="1" index="0" bw="1" slack="2147483647"/>
</pin_list>
<bind>
<StgValue><ssdm name="_ssdm_op_SpecMemCore"/></StgValue>
</bind>
</comp>

<comp id="124" class="1001" name="const_124">
<pin_list>
<pin id="125" dir="1" index="0" bw="1" slack="2147483647"/>
</pin_list>
<bind>
<StgValue><ssdm name=""/></StgValue>
</bind>
</comp>

<comp id="126" class="1001" name="const_126">
<pin_list>
<pin id="127" dir="1" index="0" bw="1" slack="2147483647"/>
</pin_list>
<bind>
<StgValue><ssdm name=""/></StgValue>
</bind>
</comp>

<comp id="128" class="1001" name="const_128">
<pin_list>
<pin id="129" dir="1" index="0" bw="1" slack="2147483647"/>
</pin_list>
<bind>
<StgValue><ssdm name=""/></StgValue>
</bind>
</comp>

<comp id="130" class="1004" name="init_value_c_fu_130">
<pin_list>
<pin id="131" dir="0" index="0" bw="1" slack="0"/>
<pin id="132" dir="1" index="1" bw="32" slack="1"/>
</pin_list>
<bind>
<opcode="alloca(26) " fcode="alloca"/>
<opset="init_value_c/1 "/>
</bind>
</comp>

<comp id="134" class="1004" name="crc_size_c_fu_134">
<pin_list>
<pin id="135" dir="0" index="0" bw="1" slack="0"/>
<pin id="136" dir="1" index="1" bw="32" slack="1"/>
</pin_list>
<bind>
<opcode="alloca(26) " fcode="alloca"/>
<opset="crc_size_c/1 "/>
</bind>
</comp>

<comp id="138" class="1004" name="chunkSize_c_fu_138">
<pin_list>
<pin id="139" dir="0" index="0" bw="1" slack="0"/>
<pin id="140" dir="1" index="1" bw="32" slack="0"/>
</pin_list>
<bind>
<opcode="alloca(26) " fcode="alloca"/>
<opset="chunkSize_c/1 "/>
</bind>
</comp>

<comp id="142" class="1004" name="numChunks_c12_fu_142">
<pin_list>
<pin id="143" dir="0" index="0" bw="1" slack="0"/>
<pin id="144" dir="1" index="1" bw="32" slack="0"/>
</pin_list>
<bind>
<opcode="alloca(26) " fcode="alloca"/>
<opset="numChunks_c12/1 "/>
</bind>
</comp>

<comp id="146" class="1004" name="numChunks_c_fu_146">
<pin_list>
<pin id="147" dir="0" index="0" bw="1" slack="0"/>
<pin id="148" dir="1" index="1" bw="32" slack="2"/>
</pin_list>
<bind>
<opcode="alloca(26) " fcode="alloca"/>
<opset="numChunks_c/1 "/>
</bind>
</comp>

<comp id="150" class="1004" name="crc_out_c_fu_150">
<pin_list>
<pin id="151" dir="0" index="0" bw="1" slack="0"/>
<pin id="152" dir="1" index="1" bw="64" slack="1"/>
</pin_list>
<bind>
<opcode="alloca(26) " fcode="alloca"/>
<opset="crc_out_c/1 "/>
</bind>
</comp>

<comp id="154" class="1004" name="inByte0_fu_154">
<pin_list>
<pin id="155" dir="0" index="0" bw="1" slack="0"/>
<pin id="156" dir="1" index="1" bw="8" slack="0"/>
</pin_list>
<bind>
<opcode="alloca(26) " fcode="alloca"/>
<opset="inByte0/1 "/>
</bind>
</comp>

<comp id="158" class="1004" name="inByte1_fu_158">
<pin_list>
<pin id="159" dir="0" index="0" bw="1" slack="0"/>
<pin id="160" dir="1" index="1" bw="8" slack="0"/>
</pin_list>
<bind>
<opcode="alloca(26) " fcode="alloca"/>
<opset="inByte1/1 "/>
</bind>
</comp>

<comp id="162" class="1004" name="inByte2_fu_162">
<pin_list>
<pin id="163" dir="0" index="0" bw="1" slack="0"/>
<pin id="164" dir="1" index="1" bw="8" slack="0"/>
</pin_list>
<bind>
<opcode="alloca(26) " fcode="alloca"/>
<opset="inByte2/1 "/>
</bind>
</comp>

<comp id="166" class="1004" name="inByte3_fu_166">
<pin_list>
<pin id="167" dir="0" index="0" bw="1" slack="0"/>
<pin id="168" dir="1" index="1" bw="8" slack="0"/>
</pin_list>
<bind>
<opcode="alloca(26) " fcode="alloca"/>
<opset="inByte3/1 "/>
</bind>
</comp>

<comp id="170" class="1004" name="inByte4_fu_170">
<pin_list>
<pin id="171" dir="0" index="0" bw="1" slack="0"/>
<pin id="172" dir="1" index="1" bw="8" slack="0"/>
</pin_list>
<bind>
<opcode="alloca(26) " fcode="alloca"/>
<opset="inByte4/1 "/>
</bind>
</comp>

<comp id="174" class="1004" name="inByte5_fu_174">
<pin_list>
<pin id="175" dir="0" index="0" bw="1" slack="0"/>
<pin id="176" dir="1" index="1" bw="8" slack="0"/>
</pin_list>
<bind>
<opcode="alloca(26) " fcode="alloca"/>
<opset="inByte5/1 "/>
</bind>
</comp>

<comp id="178" class="1004" name="inByte6_fu_178">
<pin_list>
<pin id="179" dir="0" index="0" bw="1" slack="0"/>
<pin id="180" dir="1" index="1" bw="8" slack="0"/>
</pin_list>
<bind>
<opcode="alloca(26) " fcode="alloca"/>
<opset="inByte6/1 "/>
</bind>
</comp>

<comp id="182" class="1004" name="inByte7_fu_182">
<pin_list>
<pin id="183" dir="0" index="0" bw="1" slack="0"/>
<pin id="184" dir="1" index="1" bw="8" slack="0"/>
</pin_list>
<bind>
<opcode="alloca(26) " fcode="alloca"/>
<opset="inByte7/1 "/>
</bind>
</comp>

<comp id="186" class="1004" name="inByte8_fu_186">
<pin_list>
<pin id="187" dir="0" index="0" bw="1" slack="0"/>
<pin id="188" dir="1" index="1" bw="8" slack="0"/>
</pin_list>
<bind>
<opcode="alloca(26) " fcode="alloca"/>
<opset="inByte8/1 "/>
</bind>
</comp>

<comp id="190" class="1004" name="inByte9_fu_190">
<pin_list>
<pin id="191" dir="0" index="0" bw="1" slack="0"/>
<pin id="192" dir="1" index="1" bw="8" slack="0"/>
</pin_list>
<bind>
<opcode="alloca(26) " fcode="alloca"/>
<opset="inByte9/1 "/>
</bind>
</comp>

<comp id="194" class="1004" name="inByte10_fu_194">
<pin_list>
<pin id="195" dir="0" index="0" bw="1" slack="0"/>
<pin id="196" dir="1" index="1" bw="8" slack="0"/>
</pin_list>
<bind>
<opcode="alloca(26) " fcode="alloca"/>
<opset="inByte10/1 "/>
</bind>
</comp>

<comp id="198" class="1004" name="inByte11_fu_198">
<pin_list>
<pin id="199" dir="0" index="0" bw="1" slack="0"/>
<pin id="200" dir="1" index="1" bw="8" slack="0"/>
</pin_list>
<bind>
<opcode="alloca(26) " fcode="alloca"/>
<opset="inByte11/1 "/>
</bind>
</comp>

<comp id="202" class="1004" name="inByte12_fu_202">
<pin_list>
<pin id="203" dir="0" index="0" bw="1" slack="0"/>
<pin id="204" dir="1" index="1" bw="8" slack="0"/>
</pin_list>
<bind>
<opcode="alloca(26) " fcode="alloca"/>
<opset="inByte12/1 "/>
</bind>
</comp>

<comp id="206" class="1004" name="inByte13_fu_206">
<pin_list>
<pin id="207" dir="0" index="0" bw="1" slack="0"/>
<pin id="208" dir="1" index="1" bw="8" slack="0"/>
</pin_list>
<bind>
<opcode="alloca(26) " fcode="alloca"/>
<opset="inByte13/1 "/>
</bind>
</comp>

<comp id="210" class="1004" name="inByte14_fu_210">
<pin_list>
<pin id="211" dir="0" index="0" bw="1" slack="0"/>
<pin id="212" dir="1" index="1" bw="8" slack="0"/>
</pin_list>
<bind>
<opcode="alloca(26) " fcode="alloca"/>
<opset="inByte14/1 "/>
</bind>
</comp>

<comp id="214" class="1004" name="inByte15_fu_214">
<pin_list>
<pin id="215" dir="0" index="0" bw="1" slack="0"/>
<pin id="216" dir="1" index="1" bw="8" slack="0"/>
</pin_list>
<bind>
<opcode="alloca(26) " fcode="alloca"/>
<opset="inByte15/1 "/>
</bind>
</comp>

<comp id="218" class="1004" name="outStream_fu_218">
<pin_list>
<pin id="219" dir="0" index="0" bw="1" slack="0"/>
<pin id="220" dir="1" index="1" bw="32" slack="2"/>
</pin_list>
<bind>
<opcode="alloca(26) " fcode="alloca"/>
<opset="outStream/1 "/>
</bind>
</comp>

<comp id="222" class="1004" name="crcTables_alloca_fu_222">
<pin_list>
<pin id="223" dir="0" index="0" bw="1" slack="0"/>
<pin id="224" dir="1" index="1" bw="32" slack="0"/>
</pin_list>
<bind>
<opcode="alloca(26) " fcode="alloca"/>
<opset="crcTables/1 "/>
</bind>
</comp>

<comp id="226" class="1004" name="crcTables_1_alloca_fu_226">
<pin_list>
<pin id="227" dir="0" index="0" bw="1" slack="0"/>
<pin id="228" dir="1" index="1" bw="32" slack="0"/>
</pin_list>
<bind>
<opcode="alloca(26) " fcode="alloca"/>
<opset="crcTables_1/1 "/>
</bind>
</comp>

<comp id="230" class="1004" name="crcTables_2_alloca_fu_230">
<pin_list>
<pin id="231" dir="0" index="0" bw="1" slack="0"/>
<pin id="232" dir="1" index="1" bw="32" slack="0"/>
</pin_list>
<bind>
<opcode="alloca(26) " fcode="alloca"/>
<opset="crcTables_2/1 "/>
</bind>
</comp>

<comp id="234" class="1004" name="crcTables_3_alloca_fu_234">
<pin_list>
<pin id="235" dir="0" index="0" bw="1" slack="0"/>
<pin id="236" dir="1" index="1" bw="32" slack="0"/>
</pin_list>
<bind>
<opcode="alloca(26) " fcode="alloca"/>
<opset="crcTables_3/1 "/>
</bind>
</comp>

<comp id="238" class="1004" name="crcTables_4_alloca_fu_238">
<pin_list>
<pin id="239" dir="0" index="0" bw="1" slack="0"/>
<pin id="240" dir="1" index="1" bw="32" slack="0"/>
</pin_list>
<bind>
<opcode="alloca(26) " fcode="alloca"/>
<opset="crcTables_4/1 "/>
</bind>
</comp>

<comp id="242" class="1004" name="crcTables_5_alloca_fu_242">
<pin_list>
<pin id="243" dir="0" index="0" bw="1" slack="0"/>
<pin id="244" dir="1" index="1" bw="32" slack="0"/>
</pin_list>
<bind>
<opcode="alloca(26) " fcode="alloca"/>
<opset="crcTables_5/1 "/>
</bind>
</comp>

<comp id="246" class="1004" name="crcTables_6_alloca_fu_246">
<pin_list>
<pin id="247" dir="0" index="0" bw="1" slack="0"/>
<pin id="248" dir="1" index="1" bw="32" slack="0"/>
</pin_list>
<bind>
<opcode="alloca(26) " fcode="alloca"/>
<opset="crcTables_6/1 "/>
</bind>
</comp>

<comp id="250" class="1004" name="crcTables_7_alloca_fu_250">
<pin_list>
<pin id="251" dir="0" index="0" bw="1" slack="0"/>
<pin id="252" dir="1" index="1" bw="32" slack="0"/>
</pin_list>
<bind>
<opcode="alloca(26) " fcode="alloca"/>
<opset="crcTables_7/1 "/>
</bind>
</comp>

<comp id="254" class="1004" name="crcTables_8_alloca_fu_254">
<pin_list>
<pin id="255" dir="0" index="0" bw="1" slack="0"/>
<pin id="256" dir="1" index="1" bw="32" slack="0"/>
</pin_list>
<bind>
<opcode="alloca(26) " fcode="alloca"/>
<opset="crcTables_8/1 "/>
</bind>
</comp>

<comp id="258" class="1004" name="crcTables_9_alloca_fu_258">
<pin_list>
<pin id="259" dir="0" index="0" bw="1" slack="0"/>
<pin id="260" dir="1" index="1" bw="32" slack="0"/>
</pin_list>
<bind>
<opcode="alloca(26) " fcode="alloca"/>
<opset="crcTables_9/1 "/>
</bind>
</comp>

<comp id="262" class="1004" name="crcTables_10_alloca_fu_262">
<pin_list>
<pin id="263" dir="0" index="0" bw="1" slack="0"/>
<pin id="264" dir="1" index="1" bw="32" slack="0"/>
</pin_list>
<bind>
<opcode="alloca(26) " fcode="alloca"/>
<opset="crcTables_10/1 "/>
</bind>
</comp>

<comp id="266" class="1004" name="crcTables_11_alloca_fu_266">
<pin_list>
<pin id="267" dir="0" index="0" bw="1" slack="0"/>
<pin id="268" dir="1" index="1" bw="32" slack="0"/>
</pin_list>
<bind>
<opcode="alloca(26) " fcode="alloca"/>
<opset="crcTables_11/1 "/>
</bind>
</comp>

<comp id="270" class="1004" name="crcTables_12_alloca_fu_270">
<pin_list>
<pin id="271" dir="0" index="0" bw="1" slack="0"/>
<pin id="272" dir="1" index="1" bw="32" slack="0"/>
</pin_list>
<bind>
<opcode="alloca(26) " fcode="alloca"/>
<opset="crcTables_12/1 "/>
</bind>
</comp>

<comp id="274" class="1004" name="crcTables_13_alloca_fu_274">
<pin_list>
<pin id="275" dir="0" index="0" bw="1" slack="0"/>
<pin id="276" dir="1" index="1" bw="32" slack="0"/>
</pin_list>
<bind>
<opcode="alloca(26) " fcode="alloca"/>
<opset="crcTables_13/1 "/>
</bind>
</comp>

<comp id="278" class="1004" name="crcTables_14_alloca_fu_278">
<pin_list>
<pin id="279" dir="0" index="0" bw="1" slack="0"/>
<pin id="280" dir="1" index="1" bw="32" slack="0"/>
</pin_list>
<bind>
<opcode="alloca(26) " fcode="alloca"/>
<opset="crcTables_14/1 "/>
</bind>
</comp>

<comp id="282" class="1004" name="crcTables_15_alloca_fu_282">
<pin_list>
<pin id="283" dir="0" index="0" bw="1" slack="0"/>
<pin id="284" dir="1" index="1" bw="32" slack="0"/>
</pin_list>
<bind>
<opcode="alloca(26) " fcode="alloca"/>
<opset="crcTables_15/1 "/>
</bind>
</comp>

<comp id="286" class="1004" name="chunkSize_read_read_fu_286">
<pin_list>
<pin id="287" dir="0" index="0" bw="32" slack="0"/>
<pin id="288" dir="0" index="1" bw="32" slack="0"/>
<pin id="289" dir="1" index="2" bw="32" slack="0"/>
</pin_list>
<bind>
<opcode="read(1150) " fcode="read"/>
<opset="chunkSize_read/1 "/>
</bind>
</comp>

<comp id="292" class="1004" name="numChunks_read_read_fu_292">
<pin_list>
<pin id="293" dir="0" index="0" bw="32" slack="0"/>
<pin id="294" dir="0" index="1" bw="32" slack="0"/>
<pin id="295" dir="1" index="2" bw="32" slack="0"/>
</pin_list>
<bind>
<opcode="read(1150) " fcode="read"/>
<opset="numChunks_read/1 "/>
</bind>
</comp>

<comp id="298" class="1004" name="tables_read_read_fu_298">
<pin_list>
<pin id="299" dir="0" index="0" bw="64" slack="0"/>
<pin id="300" dir="0" index="1" bw="64" slack="0"/>
<pin id="301" dir="1" index="2" bw="64" slack="0"/>
</pin_list>
<bind>
<opcode="read(1150) " fcode="read"/>
<opset="tables_read/1 "/>
</bind>
</comp>

<comp id="304" class="1004" name="data_in_read_read_fu_304">
<pin_list>
<pin id="305" dir="0" index="0" bw="64" slack="0"/>
<pin id="306" dir="0" index="1" bw="64" slack="0"/>
<pin id="307" dir="1" index="2" bw="64" slack="0"/>
</pin_list>
<bind>
<opcode="read(1150) " fcode="read"/>
<opset="data_in_read/1 "/>
</bind>
</comp>

<comp id="310" class="1004" name="init_value_read_read_fu_310">
<pin_list>
<pin id="311" dir="0" index="0" bw="32" slack="0"/>
<pin id="312" dir="0" index="1" bw="32" slack="0"/>
<pin id="313" dir="1" index="2" bw="32" slack="0"/>
</pin_list>
<bind>
<opcode="read(1150) " fcode="read"/>
<opset="init_value_read/2 "/>
</bind>
</comp>

<comp id="316" class="1004" name="crc_size_read_read_fu_316">
<pin_list>
<pin id="317" dir="0" index="0" bw="32" slack="0"/>
<pin id="318" dir="0" index="1" bw="32" slack="0"/>
<pin id="319" dir="1" index="2" bw="32" slack="0"/>
</pin_list>
<bind>
<opcode="read(1150) " fcode="read"/>
<opset="crc_size_read/2 "/>
</bind>
</comp>

<comp id="322" class="1004" name="crc_out_read_read_fu_322">
<pin_list>
<pin id="323" dir="0" index="0" bw="64" slack="0"/>
<pin id="324" dir="0" index="1" bw="64" slack="0"/>
<pin id="325" dir="1" index="2" bw="64" slack="0"/>
</pin_list>
<bind>
<opcode="read(1150) " fcode="read"/>
<opset="crc_out_read/2 "/>
</bind>
</comp>

<comp id="328" class="1004" name="grp_process_crc_Loop_init_lut_proc_fu_328">
<pin_list>
<pin id="329" dir="0" index="0" bw="0" slack="0"/>
<pin id="330" dir="0" index="1" bw="64" slack="0"/>
<pin id="331" dir="0" index="2" bw="512" slack="0"/>
<pin id="332" dir="0" index="3" bw="32" slack="0"/>
<pin id="333" dir="0" index="4" bw="32" slack="0"/>
<pin id="334" dir="0" index="5" bw="32" slack="0"/>
<pin id="335" dir="0" index="6" bw="32" slack="0"/>
<pin id="336" dir="0" index="7" bw="32" slack="0"/>
<pin id="337" dir="0" index="8" bw="32" slack="0"/>
<pin id="338" dir="0" index="9" bw="32" slack="0"/>
<pin id="339" dir="0" index="10" bw="32" slack="0"/>
<pin id="340" dir="0" index="11" bw="32" slack="0"/>
<pin id="341" dir="0" index="12" bw="32" slack="0"/>
<pin id="342" dir="0" index="13" bw="32" slack="0"/>
<pin id="343" dir="0" index="14" bw="32" slack="0"/>
<pin id="344" dir="0" index="15" bw="32" slack="0"/>
<pin id="345" dir="0" index="16" bw="32" slack="0"/>
<pin id="346" dir="0" index="17" bw="32" slack="0"/>
<pin id="347" dir="0" index="18" bw="32" slack="0"/>
<pin id="348" dir="1" index="19" bw="0" slack="2147483647"/>
</pin_list>
<bind>
<opcode="call(48) " fcode="call"/>
<opset="call_ln685/1 "/>
</bind>
</comp>

<comp id="368" class="1004" name="grp_read_input_fu_368">
<pin_list>
<pin id="369" dir="0" index="0" bw="0" slack="0"/>
<pin id="370" dir="0" index="1" bw="128" slack="0"/>
<pin id="371" dir="0" index="2" bw="64" slack="0"/>
<pin id="372" dir="0" index="3" bw="8" slack="0"/>
<pin id="373" dir="0" index="4" bw="8" slack="0"/>
<pin id="374" dir="0" index="5" bw="8" slack="0"/>
<pin id="375" dir="0" index="6" bw="8" slack="0"/>
<pin id="376" dir="0" index="7" bw="8" slack="0"/>
<pin id="377" dir="0" index="8" bw="8" slack="0"/>
<pin id="378" dir="0" index="9" bw="8" slack="0"/>
<pin id="379" dir="0" index="10" bw="8" slack="0"/>
<pin id="380" dir="0" index="11" bw="8" slack="0"/>
<pin id="381" dir="0" index="12" bw="8" slack="0"/>
<pin id="382" dir="0" index="13" bw="8" slack="0"/>
<pin id="383" dir="0" index="14" bw="8" slack="0"/>
<pin id="384" dir="0" index="15" bw="8" slack="0"/>
<pin id="385" dir="0" index="16" bw="8" slack="0"/>
<pin id="386" dir="0" index="17" bw="8" slack="0"/>
<pin id="387" dir="0" index="18" bw="8" slack="0"/>
<pin id="388" dir="0" index="19" bw="32" slack="0"/>
<pin id="389" dir="0" index="20" bw="32" slack="0"/>
<pin id="390" dir="0" index="21" bw="32" slack="0"/>
<pin id="391" dir="0" index="22" bw="32" slack="0"/>
<pin id="392" dir="1" index="23" bw="0" slack="2147483647"/>
</pin_list>
<bind>
<opcode="call(48) " fcode="call"/>
<opset="call_ln686/1 "/>
</bind>
</comp>

<comp id="398" class="1004" name="call_ln685_entry_proc_fu_398">
<pin_list>
<pin id="399" dir="0" index="0" bw="0" slack="0"/>
<pin id="400" dir="0" index="1" bw="64" slack="0"/>
<pin id="401" dir="0" index="2" bw="64" slack="1"/>
<pin id="402" dir="0" index="3" bw="32" slack="0"/>
<pin id="403" dir="0" index="4" bw="32" slack="1"/>
<pin id="404" dir="0" index="5" bw="32" slack="0"/>
<pin id="405" dir="0" index="6" bw="32" slack="1"/>
<pin id="406" dir="1" index="7" bw="0" slack="2147483647"/>
</pin_list>
<bind>
<opcode="call(48) " fcode="call"/>
<opset="call_ln685/2 "/>
</bind>
</comp>

<comp id="411" class="1004" name="grp_process_blocks_fu_411">
<pin_list>
<pin id="412" dir="0" index="0" bw="0" slack="0"/>
<pin id="413" dir="0" index="1" bw="32" slack="2147483647"/>
<pin id="414" dir="0" index="2" bw="32" slack="2147483647"/>
<pin id="415" dir="0" index="3" bw="32" slack="2147483647"/>
<pin id="416" dir="0" index="4" bw="32" slack="2147483647"/>
<pin id="417" dir="0" index="5" bw="32" slack="2147483647"/>
<pin id="418" dir="0" index="6" bw="32" slack="2147483647"/>
<pin id="419" dir="0" index="7" bw="32" slack="2147483647"/>
<pin id="420" dir="0" index="8" bw="32" slack="2147483647"/>
<pin id="421" dir="0" index="9" bw="32" slack="2147483647"/>
<pin id="422" dir="0" index="10" bw="32" slack="2147483647"/>
<pin id="423" dir="0" index="11" bw="32" slack="2147483647"/>
<pin id="424" dir="0" index="12" bw="32" slack="2147483647"/>
<pin id="425" dir="0" index="13" bw="32" slack="2147483647"/>
<pin id="426" dir="0" index="14" bw="32" slack="2147483647"/>
<pin id="427" dir="0" index="15" bw="32" slack="2147483647"/>
<pin id="428" dir="0" index="16" bw="32" slack="2147483647"/>
<pin id="429" dir="0" index="17" bw="8" slack="2"/>
<pin id="430" dir="0" index="18" bw="8" slack="2"/>
<pin id="431" dir="0" index="19" bw="8" slack="2"/>
<pin id="432" dir="0" index="20" bw="8" slack="2"/>
<pin id="433" dir="0" index="21" bw="8" slack="2"/>
<pin id="434" dir="0" index="22" bw="8" slack="2"/>
<pin id="435" dir="0" index="23" bw="8" slack="2"/>
<pin id="436" dir="0" index="24" bw="8" slack="2"/>
<pin id="437" dir="0" index="25" bw="8" slack="2"/>
<pin id="438" dir="0" index="26" bw="8" slack="2"/>
<pin id="439" dir="0" index="27" bw="8" slack="2"/>
<pin id="440" dir="0" index="28" bw="8" slack="2"/>
<pin id="441" dir="0" index="29" bw="8" slack="2"/>
<pin id="442" dir="0" index="30" bw="8" slack="2"/>
<pin id="443" dir="0" index="31" bw="8" slack="2"/>
<pin id="444" dir="0" index="32" bw="8" slack="2"/>
<pin id="445" dir="0" index="33" bw="32" slack="2"/>
<pin id="446" dir="0" index="34" bw="32" slack="2"/>
<pin id="447" dir="0" index="35" bw="32" slack="2"/>
<pin id="448" dir="0" index="36" bw="32" slack="2"/>
<pin id="449" dir="0" index="37" bw="32" slack="2"/>
<pin id="450" dir="0" index="38" bw="32" slack="2"/>
<pin id="451" dir="1" index="39" bw="0" slack="2147483647"/>
</pin_list>
<bind>
<opcode="call(48) " fcode="call"/>
<opset="call_ln689/3 "/>
</bind>
</comp>

<comp id="453" class="1004" name="grp_write_output_fu_453">
<pin_list>
<pin id="454" dir="0" index="0" bw="0" slack="0"/>
<pin id="455" dir="0" index="1" bw="32" slack="4"/>
<pin id="456" dir="0" index="2" bw="32" slack="4"/>
<pin id="457" dir="0" index="3" bw="128" slack="0"/>
<pin id="458" dir="0" index="4" bw="64" slack="4"/>
<pin id="459" dir="1" index="5" bw="0" slack="2147483647"/>
</pin_list>
<bind>
<opcode="call(48) " fcode="call"/>
<opset="call_ln692/5 "/>
</bind>
</comp>

<comp id="462" class="1005" name="chunkSize_read_reg_462">
<pin_list>
<pin id="463" dir="0" index="0" bw="32" slack="1"/>
<pin id="464" dir="1" index="1" bw="32" slack="1"/>
</pin_list>
<bind>
<opset="chunkSize_read "/>
</bind>
</comp>

<comp id="467" class="1005" name="numChunks_read_reg_467">
<pin_list>
<pin id="468" dir="0" index="0" bw="32" slack="1"/>
<pin id="469" dir="1" index="1" bw="32" slack="1"/>
</pin_list>
<bind>
<opset="numChunks_read "/>
</bind>
</comp>

<comp id="472" class="1005" name="tables_read_reg_472">
<pin_list>
<pin id="473" dir="0" index="0" bw="64" slack="1"/>
<pin id="474" dir="1" index="1" bw="64" slack="1"/>
</pin_list>
<bind>
<opset="tables_read "/>
</bind>
</comp>

<comp id="477" class="1005" name="data_in_read_reg_477">
<pin_list>
<pin id="478" dir="0" index="0" bw="64" slack="1"/>
<pin id="479" dir="1" index="1" bw="64" slack="1"/>
</pin_list>
<bind>
<opset="data_in_read "/>
</bind>
</comp>

<comp id="482" class="1005" name="init_value_c_reg_482">
<pin_list>
<pin id="483" dir="0" index="0" bw="32" slack="1"/>
<pin id="484" dir="1" index="1" bw="32" slack="1"/>
</pin_list>
<bind>
<opset="init_value_c "/>
</bind>
</comp>

<comp id="488" class="1005" name="crc_size_c_reg_488">
<pin_list>
<pin id="489" dir="0" index="0" bw="32" slack="1"/>
<pin id="490" dir="1" index="1" bw="32" slack="1"/>
</pin_list>
<bind>
<opset="crc_size_c "/>
</bind>
</comp>

<comp id="494" class="1005" name="chunkSize_c_reg_494">
<pin_list>
<pin id="495" dir="0" index="0" bw="32" slack="0"/>
<pin id="496" dir="1" index="1" bw="32" slack="0"/>
</pin_list>
<bind>
<opset="chunkSize_c "/>
</bind>
</comp>

<comp id="500" class="1005" name="numChunks_c12_reg_500">
<pin_list>
<pin id="501" dir="0" index="0" bw="32" slack="0"/>
<pin id="502" dir="1" index="1" bw="32" slack="0"/>
</pin_list>
<bind>
<opset="numChunks_c12 "/>
</bind>
</comp>

<comp id="506" class="1005" name="numChunks_c_reg_506">
<pin_list>
<pin id="507" dir="0" index="0" bw="32" slack="2"/>
<pin id="508" dir="1" index="1" bw="32" slack="2"/>
</pin_list>
<bind>
<opset="numChunks_c "/>
</bind>
</comp>

<comp id="512" class="1005" name="crc_out_c_reg_512">
<pin_list>
<pin id="513" dir="0" index="0" bw="64" slack="1"/>
<pin id="514" dir="1" index="1" bw="64" slack="1"/>
</pin_list>
<bind>
<opset="crc_out_c "/>
</bind>
</comp>

<comp id="518" class="1005" name="inByte0_reg_518">
<pin_list>
<pin id="519" dir="0" index="0" bw="8" slack="0"/>
<pin id="520" dir="1" index="1" bw="8" slack="0"/>
</pin_list>
<bind>
<opset="inByte0 "/>
</bind>
</comp>

<comp id="524" class="1005" name="inByte1_reg_524">
<pin_list>
<pin id="525" dir="0" index="0" bw="8" slack="0"/>
<pin id="526" dir="1" index="1" bw="8" slack="0"/>
</pin_list>
<bind>
<opset="inByte1 "/>
</bind>
</comp>

<comp id="530" class="1005" name="inByte2_reg_530">
<pin_list>
<pin id="531" dir="0" index="0" bw="8" slack="0"/>
<pin id="532" dir="1" index="1" bw="8" slack="0"/>
</pin_list>
<bind>
<opset="inByte2 "/>
</bind>
</comp>

<comp id="536" class="1005" name="inByte3_reg_536">
<pin_list>
<pin id="537" dir="0" index="0" bw="8" slack="0"/>
<pin id="538" dir="1" index="1" bw="8" slack="0"/>
</pin_list>
<bind>
<opset="inByte3 "/>
</bind>
</comp>

<comp id="542" class="1005" name="inByte4_reg_542">
<pin_list>
<pin id="543" dir="0" index="0" bw="8" slack="0"/>
<pin id="544" dir="1" index="1" bw="8" slack="0"/>
</pin_list>
<bind>
<opset="inByte4 "/>
</bind>
</comp>

<comp id="548" class="1005" name="inByte5_reg_548">
<pin_list>
<pin id="549" dir="0" index="0" bw="8" slack="0"/>
<pin id="550" dir="1" index="1" bw="8" slack="0"/>
</pin_list>
<bind>
<opset="inByte5 "/>
</bind>
</comp>

<comp id="554" class="1005" name="inByte6_reg_554">
<pin_list>
<pin id="555" dir="0" index="0" bw="8" slack="0"/>
<pin id="556" dir="1" index="1" bw="8" slack="0"/>
</pin_list>
<bind>
<opset="inByte6 "/>
</bind>
</comp>

<comp id="560" class="1005" name="inByte7_reg_560">
<pin_list>
<pin id="561" dir="0" index="0" bw="8" slack="0"/>
<pin id="562" dir="1" index="1" bw="8" slack="0"/>
</pin_list>
<bind>
<opset="inByte7 "/>
</bind>
</comp>

<comp id="566" class="1005" name="inByte8_reg_566">
<pin_list>
<pin id="567" dir="0" index="0" bw="8" slack="0"/>
<pin id="568" dir="1" index="1" bw="8" slack="0"/>
</pin_list>
<bind>
<opset="inByte8 "/>
</bind>
</comp>

<comp id="572" class="1005" name="inByte9_reg_572">
<pin_list>
<pin id="573" dir="0" index="0" bw="8" slack="0"/>
<pin id="574" dir="1" index="1" bw="8" slack="0"/>
</pin_list>
<bind>
<opset="inByte9 "/>
</bind>
</comp>

<comp id="578" class="1005" name="inByte10_reg_578">
<pin_list>
<pin id="579" dir="0" index="0" bw="8" slack="0"/>
<pin id="580" dir="1" index="1" bw="8" slack="0"/>
</pin_list>
<bind>
<opset="inByte10 "/>
</bind>
</comp>

<comp id="584" class="1005" name="inByte11_reg_584">
<pin_list>
<pin id="585" dir="0" index="0" bw="8" slack="0"/>
<pin id="586" dir="1" index="1" bw="8" slack="0"/>
</pin_list>
<bind>
<opset="inByte11 "/>
</bind>
</comp>

<comp id="590" class="1005" name="inByte12_reg_590">
<pin_list>
<pin id="591" dir="0" index="0" bw="8" slack="0"/>
<pin id="592" dir="1" index="1" bw="8" slack="0"/>
</pin_list>
<bind>
<opset="inByte12 "/>
</bind>
</comp>

<comp id="596" class="1005" name="inByte13_reg_596">
<pin_list>
<pin id="597" dir="0" index="0" bw="8" slack="0"/>
<pin id="598" dir="1" index="1" bw="8" slack="0"/>
</pin_list>
<bind>
<opset="inByte13 "/>
</bind>
</comp>

<comp id="602" class="1005" name="inByte14_reg_602">
<pin_list>
<pin id="603" dir="0" index="0" bw="8" slack="0"/>
<pin id="604" dir="1" index="1" bw="8" slack="0"/>
</pin_list>
<bind>
<opset="inByte14 "/>
</bind>
</comp>

<comp id="608" class="1005" name="inByte15_reg_608">
<pin_list>
<pin id="609" dir="0" index="0" bw="8" slack="0"/>
<pin id="610" dir="1" index="1" bw="8" slack="0"/>
</pin_list>
<bind>
<opset="inByte15 "/>
</bind>
</comp>

<comp id="614" class="1005" name="outStream_reg_614">
<pin_list>
<pin id="615" dir="0" index="0" bw="32" slack="2"/>
<pin id="616" dir="1" index="1" bw="32" slack="2"/>
</pin_list>
<bind>
<opset="outStream "/>
</bind>
</comp>

</comp_list>

<net_list>
<net id="133"><net_src comp="22" pin="0"/><net_sink comp="130" pin=0"/></net>

<net id="137"><net_src comp="22" pin="0"/><net_sink comp="134" pin=0"/></net>

<net id="141"><net_src comp="22" pin="0"/><net_sink comp="138" pin=0"/></net>

<net id="145"><net_src comp="22" pin="0"/><net_sink comp="142" pin=0"/></net>

<net id="149"><net_src comp="22" pin="0"/><net_sink comp="146" pin=0"/></net>

<net id="153"><net_src comp="22" pin="0"/><net_sink comp="150" pin=0"/></net>

<net id="157"><net_src comp="22" pin="0"/><net_sink comp="154" pin=0"/></net>

<net id="161"><net_src comp="22" pin="0"/><net_sink comp="158" pin=0"/></net>

<net id="165"><net_src comp="22" pin="0"/><net_sink comp="162" pin=0"/></net>

<net id="169"><net_src comp="22" pin="0"/><net_sink comp="166" pin=0"/></net>

<net id="173"><net_src comp="22" pin="0"/><net_sink comp="170" pin=0"/></net>

<net id="177"><net_src comp="22" pin="0"/><net_sink comp="174" pin=0"/></net>

<net id="181"><net_src comp="22" pin="0"/><net_sink comp="178" pin=0"/></net>

<net id="185"><net_src comp="22" pin="0"/><net_sink comp="182" pin=0"/></net>

<net id="189"><net_src comp="22" pin="0"/><net_sink comp="186" pin=0"/></net>

<net id="193"><net_src comp="22" pin="0"/><net_sink comp="190" pin=0"/></net>

<net id="197"><net_src comp="22" pin="0"/><net_sink comp="194" pin=0"/></net>

<net id="201"><net_src comp="22" pin="0"/><net_sink comp="198" pin=0"/></net>

<net id="205"><net_src comp="22" pin="0"/><net_sink comp="202" pin=0"/></net>

<net id="209"><net_src comp="22" pin="0"/><net_sink comp="206" pin=0"/></net>

<net id="213"><net_src comp="22" pin="0"/><net_sink comp="210" pin=0"/></net>

<net id="217"><net_src comp="22" pin="0"/><net_sink comp="214" pin=0"/></net>

<net id="221"><net_src comp="22" pin="0"/><net_sink comp="218" pin=0"/></net>

<net id="225"><net_src comp="22" pin="0"/><net_sink comp="222" pin=0"/></net>

<net id="229"><net_src comp="22" pin="0"/><net_sink comp="226" pin=0"/></net>

<net id="233"><net_src comp="22" pin="0"/><net_sink comp="230" pin=0"/></net>

<net id="237"><net_src comp="22" pin="0"/><net_sink comp="234" pin=0"/></net>

<net id="241"><net_src comp="22" pin="0"/><net_sink comp="238" pin=0"/></net>

<net id="245"><net_src comp="22" pin="0"/><net_sink comp="242" pin=0"/></net>

<net id="249"><net_src comp="22" pin="0"/><net_sink comp="246" pin=0"/></net>

<net id="253"><net_src comp="22" pin="0"/><net_sink comp="250" pin=0"/></net>

<net id="257"><net_src comp="22" pin="0"/><net_sink comp="254" pin=0"/></net>

<net id="261"><net_src comp="22" pin="0"/><net_sink comp="258" pin=0"/></net>

<net id="265"><net_src comp="22" pin="0"/><net_sink comp="262" pin=0"/></net>

<net id="269"><net_src comp="22" pin="0"/><net_sink comp="266" pin=0"/></net>

<net id="273"><net_src comp="22" pin="0"/><net_sink comp="270" pin=0"/></net>

<net id="277"><net_src comp="22" pin="0"/><net_sink comp="274" pin=0"/></net>

<net id="281"><net_src comp="22" pin="0"/><net_sink comp="278" pin=0"/></net>

<net id="285"><net_src comp="22" pin="0"/><net_sink comp="282" pin=0"/></net>

<net id="290"><net_src comp="18" pin="0"/><net_sink comp="286" pin=0"/></net>

<net id="291"><net_src comp="12" pin="0"/><net_sink comp="286" pin=1"/></net>

<net id="296"><net_src comp="18" pin="0"/><net_sink comp="292" pin=0"/></net>

<net id="297"><net_src comp="10" pin="0"/><net_sink comp="292" pin=1"/></net>

<net id="302"><net_src comp="20" pin="0"/><net_sink comp="298" pin=0"/></net>

<net id="303"><net_src comp="8" pin="0"/><net_sink comp="298" pin=1"/></net>

<net id="308"><net_src comp="20" pin="0"/><net_sink comp="304" pin=0"/></net>

<net id="309"><net_src comp="2" pin="0"/><net_sink comp="304" pin=1"/></net>

<net id="314"><net_src comp="18" pin="0"/><net_sink comp="310" pin=0"/></net>

<net id="315"><net_src comp="16" pin="0"/><net_sink comp="310" pin=1"/></net>

<net id="320"><net_src comp="18" pin="0"/><net_sink comp="316" pin=0"/></net>

<net id="321"><net_src comp="14" pin="0"/><net_sink comp="316" pin=1"/></net>

<net id="326"><net_src comp="20" pin="0"/><net_sink comp="322" pin=0"/></net>

<net id="327"><net_src comp="4" pin="0"/><net_sink comp="322" pin=1"/></net>

<net id="349"><net_src comp="24" pin="0"/><net_sink comp="328" pin=0"/></net>

<net id="350"><net_src comp="298" pin="2"/><net_sink comp="328" pin=1"/></net>

<net id="351"><net_src comp="6" pin="0"/><net_sink comp="328" pin=2"/></net>

<net id="352"><net_src comp="282" pin="1"/><net_sink comp="328" pin=3"/></net>

<net id="353"><net_src comp="278" pin="1"/><net_sink comp="328" pin=4"/></net>

<net id="354"><net_src comp="274" pin="1"/><net_sink comp="328" pin=5"/></net>

<net id="355"><net_src comp="270" pin="1"/><net_sink comp="328" pin=6"/></net>

<net id="356"><net_src comp="266" pin="1"/><net_sink comp="328" pin=7"/></net>

<net id="357"><net_src comp="262" pin="1"/><net_sink comp="328" pin=8"/></net>

<net id="358"><net_src comp="258" pin="1"/><net_sink comp="328" pin=9"/></net>

<net id="359"><net_src comp="254" pin="1"/><net_sink comp="328" pin=10"/></net>

<net id="360"><net_src comp="250" pin="1"/><net_sink comp="328" pin=11"/></net>

<net id="361"><net_src comp="246" pin="1"/><net_sink comp="328" pin=12"/></net>

<net id="362"><net_src comp="242" pin="1"/><net_sink comp="328" pin=13"/></net>

<net id="363"><net_src comp="238" pin="1"/><net_sink comp="328" pin=14"/></net>

<net id="364"><net_src comp="234" pin="1"/><net_sink comp="328" pin=15"/></net>

<net id="365"><net_src comp="230" pin="1"/><net_sink comp="328" pin=16"/></net>

<net id="366"><net_src comp="226" pin="1"/><net_sink comp="328" pin=17"/></net>

<net id="367"><net_src comp="222" pin="1"/><net_sink comp="328" pin=18"/></net>

<net id="393"><net_src comp="26" pin="0"/><net_sink comp="368" pin=0"/></net>

<net id="394"><net_src comp="0" pin="0"/><net_sink comp="368" pin=1"/></net>

<net id="395"><net_src comp="304" pin="2"/><net_sink comp="368" pin=2"/></net>

<net id="396"><net_src comp="292" pin="2"/><net_sink comp="368" pin=19"/></net>

<net id="397"><net_src comp="286" pin="2"/><net_sink comp="368" pin=20"/></net>

<net id="407"><net_src comp="28" pin="0"/><net_sink comp="398" pin=0"/></net>

<net id="408"><net_src comp="322" pin="2"/><net_sink comp="398" pin=1"/></net>

<net id="409"><net_src comp="316" pin="2"/><net_sink comp="398" pin=3"/></net>

<net id="410"><net_src comp="310" pin="2"/><net_sink comp="398" pin=5"/></net>

<net id="452"><net_src comp="30" pin="0"/><net_sink comp="411" pin=0"/></net>

<net id="460"><net_src comp="32" pin="0"/><net_sink comp="453" pin=0"/></net>

<net id="461"><net_src comp="0" pin="0"/><net_sink comp="453" pin=3"/></net>

<net id="465"><net_src comp="286" pin="2"/><net_sink comp="462" pin=0"/></net>

<net id="466"><net_src comp="462" pin="1"/><net_sink comp="368" pin=20"/></net>

<net id="470"><net_src comp="292" pin="2"/><net_sink comp="467" pin=0"/></net>

<net id="471"><net_src comp="467" pin="1"/><net_sink comp="368" pin=19"/></net>

<net id="475"><net_src comp="298" pin="2"/><net_sink comp="472" pin=0"/></net>

<net id="476"><net_src comp="472" pin="1"/><net_sink comp="328" pin=1"/></net>

<net id="480"><net_src comp="304" pin="2"/><net_sink comp="477" pin=0"/></net>

<net id="481"><net_src comp="477" pin="1"/><net_sink comp="368" pin=2"/></net>

<net id="485"><net_src comp="130" pin="1"/><net_sink comp="482" pin=0"/></net>

<net id="486"><net_src comp="482" pin="1"/><net_sink comp="398" pin=6"/></net>

<net id="487"><net_src comp="482" pin="1"/><net_sink comp="411" pin=34"/></net>

<net id="491"><net_src comp="134" pin="1"/><net_sink comp="488" pin=0"/></net>

<net id="492"><net_src comp="488" pin="1"/><net_sink comp="398" pin=4"/></net>

<net id="493"><net_src comp="488" pin="1"/><net_sink comp="411" pin=33"/></net>

<net id="497"><net_src comp="138" pin="1"/><net_sink comp="494" pin=0"/></net>

<net id="498"><net_src comp="494" pin="1"/><net_sink comp="368" pin=22"/></net>

<net id="499"><net_src comp="494" pin="1"/><net_sink comp="411" pin=37"/></net>

<net id="503"><net_src comp="142" pin="1"/><net_sink comp="500" pin=0"/></net>

<net id="504"><net_src comp="500" pin="1"/><net_sink comp="368" pin=21"/></net>

<net id="505"><net_src comp="500" pin="1"/><net_sink comp="411" pin=36"/></net>

<net id="509"><net_src comp="146" pin="1"/><net_sink comp="506" pin=0"/></net>

<net id="510"><net_src comp="506" pin="1"/><net_sink comp="411" pin=38"/></net>

<net id="511"><net_src comp="506" pin="1"/><net_sink comp="453" pin=2"/></net>

<net id="515"><net_src comp="150" pin="1"/><net_sink comp="512" pin=0"/></net>

<net id="516"><net_src comp="512" pin="1"/><net_sink comp="398" pin=2"/></net>

<net id="517"><net_src comp="512" pin="1"/><net_sink comp="453" pin=4"/></net>

<net id="521"><net_src comp="154" pin="1"/><net_sink comp="518" pin=0"/></net>

<net id="522"><net_src comp="518" pin="1"/><net_sink comp="368" pin=3"/></net>

<net id="523"><net_src comp="518" pin="1"/><net_sink comp="411" pin=17"/></net>

<net id="527"><net_src comp="158" pin="1"/><net_sink comp="524" pin=0"/></net>

<net id="528"><net_src comp="524" pin="1"/><net_sink comp="368" pin=4"/></net>

<net id="529"><net_src comp="524" pin="1"/><net_sink comp="411" pin=18"/></net>

<net id="533"><net_src comp="162" pin="1"/><net_sink comp="530" pin=0"/></net>

<net id="534"><net_src comp="530" pin="1"/><net_sink comp="368" pin=5"/></net>

<net id="535"><net_src comp="530" pin="1"/><net_sink comp="411" pin=19"/></net>

<net id="539"><net_src comp="166" pin="1"/><net_sink comp="536" pin=0"/></net>

<net id="540"><net_src comp="536" pin="1"/><net_sink comp="368" pin=6"/></net>

<net id="541"><net_src comp="536" pin="1"/><net_sink comp="411" pin=20"/></net>

<net id="545"><net_src comp="170" pin="1"/><net_sink comp="542" pin=0"/></net>

<net id="546"><net_src comp="542" pin="1"/><net_sink comp="368" pin=7"/></net>

<net id="547"><net_src comp="542" pin="1"/><net_sink comp="411" pin=21"/></net>

<net id="551"><net_src comp="174" pin="1"/><net_sink comp="548" pin=0"/></net>

<net id="552"><net_src comp="548" pin="1"/><net_sink comp="368" pin=8"/></net>

<net id="553"><net_src comp="548" pin="1"/><net_sink comp="411" pin=22"/></net>

<net id="557"><net_src comp="178" pin="1"/><net_sink comp="554" pin=0"/></net>

<net id="558"><net_src comp="554" pin="1"/><net_sink comp="368" pin=9"/></net>

<net id="559"><net_src comp="554" pin="1"/><net_sink comp="411" pin=23"/></net>

<net id="563"><net_src comp="182" pin="1"/><net_sink comp="560" pin=0"/></net>

<net id="564"><net_src comp="560" pin="1"/><net_sink comp="368" pin=10"/></net>

<net id="565"><net_src comp="560" pin="1"/><net_sink comp="411" pin=24"/></net>

<net id="569"><net_src comp="186" pin="1"/><net_sink comp="566" pin=0"/></net>

<net id="570"><net_src comp="566" pin="1"/><net_sink comp="368" pin=11"/></net>

<net id="571"><net_src comp="566" pin="1"/><net_sink comp="411" pin=25"/></net>

<net id="575"><net_src comp="190" pin="1"/><net_sink comp="572" pin=0"/></net>

<net id="576"><net_src comp="572" pin="1"/><net_sink comp="368" pin=12"/></net>

<net id="577"><net_src comp="572" pin="1"/><net_sink comp="411" pin=26"/></net>

<net id="581"><net_src comp="194" pin="1"/><net_sink comp="578" pin=0"/></net>

<net id="582"><net_src comp="578" pin="1"/><net_sink comp="368" pin=13"/></net>

<net id="583"><net_src comp="578" pin="1"/><net_sink comp="411" pin=27"/></net>

<net id="587"><net_src comp="198" pin="1"/><net_sink comp="584" pin=0"/></net>

<net id="588"><net_src comp="584" pin="1"/><net_sink comp="368" pin=14"/></net>

<net id="589"><net_src comp="584" pin="1"/><net_sink comp="411" pin=28"/></net>

<net id="593"><net_src comp="202" pin="1"/><net_sink comp="590" pin=0"/></net>

<net id="594"><net_src comp="590" pin="1"/><net_sink comp="368" pin=15"/></net>

<net id="595"><net_src comp="590" pin="1"/><net_sink comp="411" pin=29"/></net>

<net id="599"><net_src comp="206" pin="1"/><net_sink comp="596" pin=0"/></net>

<net id="600"><net_src comp="596" pin="1"/><net_sink comp="368" pin=16"/></net>

<net id="601"><net_src comp="596" pin="1"/><net_sink comp="411" pin=30"/></net>

<net id="605"><net_src comp="210" pin="1"/><net_sink comp="602" pin=0"/></net>

<net id="606"><net_src comp="602" pin="1"/><net_sink comp="368" pin=17"/></net>

<net id="607"><net_src comp="602" pin="1"/><net_sink comp="411" pin=31"/></net>

<net id="611"><net_src comp="214" pin="1"/><net_sink comp="608" pin=0"/></net>

<net id="612"><net_src comp="608" pin="1"/><net_sink comp="368" pin=18"/></net>

<net id="613"><net_src comp="608" pin="1"/><net_sink comp="411" pin=32"/></net>

<net id="617"><net_src comp="218" pin="1"/><net_sink comp="614" pin=0"/></net>

<net id="618"><net_src comp="614" pin="1"/><net_sink comp="411" pin=35"/></net>

<net id="619"><net_src comp="614" pin="1"/><net_sink comp="453" pin=1"/></net>

</net_list>

</model> 
---------------- Datapath Model END ------------------

* FSMD analyzer results:
  - Output states:
	Port: gmem0 | {5 6 }
	Port: gmem1 | {}
 - Input state : 
	Port: process_crc : gmem0 | {1 2 }
	Port: process_crc : data_in | {1 }
	Port: process_crc : crc_out | {2 }
	Port: process_crc : gmem1 | {1 2 }
	Port: process_crc : tables | {1 }
	Port: process_crc : numChunks | {1 }
	Port: process_crc : chunkSize | {1 }
	Port: process_crc : crc_size | {2 }
	Port: process_crc : init_value | {2 }
  - Chain level:
	State 1
		call_ln685 : 1
		call_ln686 : 1
	State 2
	State 3
	State 4
	State 5
	State 6


============================================================
+ Verbose Summary: Datapath Resource usage 
============================================================

* Functional unit list:
|----------|-------------------------------------------|---------|---------|---------|---------|
| Operation|              Functional Unit              |   DSP   |  Delay  |    FF   |   LUT   |
|----------|-------------------------------------------|---------|---------|---------|---------|
|          | grp_process_crc_Loop_init_lut_proc_fu_328 |    0    |  0.387  |   2181  |   527   |
|          |           grp_read_input_fu_368           |    3    |  1.548  |   816   |   323   |
|   call   |        call_ln685_entry_proc_fu_398       |    0    |    0    |    0    |    0    |
|          |         grp_process_blocks_fu_411         |    0    |  6.579  |   839   |   1333  |
|          |          grp_write_output_fu_453          |    0    |  0.774  |   470   |   272   |
|----------|-------------------------------------------|---------|---------|---------|---------|
|          |         chunkSize_read_read_fu_286        |    0    |    0    |    0    |    0    |
|          |         numChunks_read_read_fu_292        |    0    |    0    |    0    |    0    |
|          |          tables_read_read_fu_298          |    0    |    0    |    0    |    0    |
|   read   |          data_in_read_read_fu_304         |    0    |    0    |    0    |    0    |
|          |        init_value_read_read_fu_310        |    0    |    0    |    0    |    0    |
|          |         crc_size_read_read_fu_316         |    0    |    0    |    0    |    0    |
|          |          crc_out_read_read_fu_322         |    0    |    0    |    0    |    0    |
|----------|-------------------------------------------|---------|---------|---------|---------|
|   Total  |                                           |    3    |  9.288  |   4306  |   2455  |
|----------|-------------------------------------------|---------|---------|---------|---------|

Memories:
+------------+--------+--------+--------+
|            |  BRAM  |   FF   |   LUT  |
+------------+--------+--------+--------+
|  crcTables |    1   |    0   |    0   |
| crcTables_1|    1   |    0   |    0   |
|crcTables_10|    1   |    0   |    0   |
|crcTables_11|    1   |    0   |    0   |
|crcTables_12|    1   |    0   |    0   |
|crcTables_13|    1   |    0   |    0   |
|crcTables_14|    1   |    0   |    0   |
|crcTables_15|    1   |    0   |    0   |
| crcTables_2|    1   |    0   |    0   |
| crcTables_3|    1   |    0   |    0   |
| crcTables_4|    1   |    0   |    0   |
| crcTables_5|    1   |    0   |    0   |
| crcTables_6|    1   |    0   |    0   |
| crcTables_7|    1   |    0   |    0   |
| crcTables_8|    1   |    0   |    0   |
| crcTables_9|    1   |    0   |    0   |
+------------+--------+--------+--------+
|    Total   |   16   |    0   |    0   |
+------------+--------+--------+--------+

* Register list:
+----------------------+--------+
|                      |   FF   |
+----------------------+--------+
|  chunkSize_c_reg_494 |   32   |
|chunkSize_read_reg_462|   32   |
|   crc_out_c_reg_512  |   64   |
|  crc_size_c_reg_488  |   32   |
| data_in_read_reg_477 |   64   |
|    inByte0_reg_518   |    8   |
|   inByte10_reg_578   |    8   |
|   inByte11_reg_584   |    8   |
|   inByte12_reg_590   |    8   |
|   inByte13_reg_596   |    8   |
|   inByte14_reg_602   |    8   |
|   inByte15_reg_608   |    8   |
|    inByte1_reg_524   |    8   |
|    inByte2_reg_530   |    8   |
|    inByte3_reg_536   |    8   |
|    inByte4_reg_542   |    8   |
|    inByte5_reg_548   |    8   |
|    inByte6_reg_554   |    8   |
|    inByte7_reg_560   |    8   |
|    inByte8_reg_566   |    8   |
|    inByte9_reg_572   |    8   |
| init_value_c_reg_482 |   32   |
| numChunks_c12_reg_500|   32   |
|  numChunks_c_reg_506 |   32   |
|numChunks_read_reg_467|   32   |
|   outStream_reg_614  |   32   |
|  tables_read_reg_472 |   64   |
+----------------------+--------+
|         Total        |   576  |
+----------------------+--------+

* Multiplexer (MUX) list: 
|-------------------------------------------|------|------|------|--------||---------||---------|
|                    Comp                   |  Pin | Size |  BW  | S x BW ||  Delay  ||   LUT   |
|-------------------------------------------|------|------|------|--------||---------||---------|
| grp_process_crc_Loop_init_lut_proc_fu_328 |  p1  |   2  |  64  |   128  ||    9    |
|           grp_read_input_fu_368           |  p2  |   2  |  64  |   128  ||    9    |
|           grp_read_input_fu_368           |  p19 |   2  |  32  |   64   ||    9    |
|           grp_read_input_fu_368           |  p20 |   2  |  32  |   64   ||    9    |
|-------------------------------------------|------|------|------|--------||---------||---------|
|                   Total                   |      |      |      |   384  ||  1.548  ||    36   |
|-------------------------------------------|------|------|------|--------||---------||---------|



* Summary:
+-----------+--------+--------+--------+--------+--------+
|           |  BRAM  |   DSP  |  Delay |   FF   |   LUT  |
+-----------+--------+--------+--------+--------+--------+
|  Function |    -   |    3   |    9   |  4306  |  2455  |
|   Memory  |   16   |    -   |    -   |    0   |    0   |
|Multiplexer|    -   |    -   |    1   |    -   |   36   |
|  Register |    -   |    -   |    -   |   576  |    -   |
+-----------+--------+--------+--------+--------+--------+
|   Total   |   16   |    3   |   10   |  4882  |  2491  |
+-----------+--------+--------+--------+--------+--------+
