

================================================================
== Vitis HLS Report for 'read_input'
================================================================
* Date:           Fri Feb 20 12:32:09 2026

* Version:        2023.1 (Build 3854077 on May  4 2023)
* Project:        calculate_crc
* Solution:       solution (Vitis Kernel Flow Target)
* Product family: virtexuplusHBM
* Target device:  xcu280-fsvh2892-2L-e


================================================================
== Performance Estimates
================================================================
+ Timing: 
    * Summary: 
    +--------+---------+----------+------------+
    |  Clock |  Target | Estimated| Uncertainty|
    +--------+---------+----------+------------+
    |ap_clk  |  3.33 ns|  2.433 ns|     0.90 ns|
    +--------+---------+----------+------------+

+ Latency: 
    * Summary: 
    +---------+-----------+----------+-----------+-----+-----------+---------+
    |   Latency (cycles)  |  Latency (absolute)  |     Interval    | Pipeline|
    |   min   |    max    |    min   |    max    | min |    max    |   Type  |
    +---------+-----------+----------+-----------+-----+-----------+---------+
    |       79|  134217806|  0.263 us|  0.447 sec|   79|  134217806|       no|
    +---------+-----------+----------+-----------+-----+-----------+---------+

    + Detail: 
        * Instance: 
        +---------------------------------------+----------------------------+---------+-----------+----------+-----------+-----+-----------+---------+
        |                                       |                            |   Latency (cycles)  |  Latency (absolute)  |     Interval    | Pipeline|
        |                Instance               |           Module           |   min   |    max    |    min   |    max    | min |    max    |   Type  |
        +---------------------------------------+----------------------------+---------+-----------+----------+-----------+-----+-----------+---------+
        |grp_read_input_Pipeline_mem_rd_fu_142  |read_input_Pipeline_mem_rd  |        3|  134217730|  9.999 ns|  0.447 sec|    3|  134217730|       no|
        +---------------------------------------+----------------------------+---------+-----------+----------+-----------+-----+-----------+---------+

        * Loop: 
        N/A



================================================================
== Utilization Estimates
================================================================
* Summary: 
+---------------------+---------+------+---------+---------+-----+
|         Name        | BRAM_18K|  DSP |    FF   |   LUT   | URAM|
+---------------------+---------+------+---------+---------+-----+
|DSP                  |        -|     -|        -|        -|    -|
|Expression           |        -|     -|        0|      170|    -|
|FIFO                 |        -|     -|        -|        -|    -|
|Instance             |        -|     3|      327|      317|    -|
|Memory               |        -|     -|        -|        -|    -|
|Multiplexer          |        -|     -|        -|      676|    -|
|Register             |        -|     -|      285|        -|    -|
+---------------------+---------+------+---------+---------+-----+
|Total                |        0|     3|      612|     1163|    0|
+---------------------+---------+------+---------+---------+-----+
|Available SLR        |     1344|  3008|   869120|   434560|  320|
+---------------------+---------+------+---------+---------+-----+
|Utilization SLR (%)  |        0|    ~0|       ~0|       ~0|    0|
+---------------------+---------+------+---------+---------+-----+
|Available            |     4032|  9024|  2607360|  1303680|  960|
+---------------------+---------+------+---------+---------+-----+
|Utilization (%)      |        0|    ~0|       ~0|       ~0|    0|
+---------------------+---------+------+---------+---------+-----+

+ Detail: 
    * Instance: 
    +---------------------------------------+----------------------------+---------+----+-----+-----+-----+
    |                Instance               |           Module           | BRAM_18K| DSP|  FF | LUT | URAM|
    +---------------------------------------+----------------------------+---------+----+-----+-----+-----+
    |mul_32s_32s_32_2_1_U62                 |mul_32s_32s_32_2_1          |        0|   3|  165|   49|    0|
    |grp_read_input_Pipeline_mem_rd_fu_142  |read_input_Pipeline_mem_rd  |        0|   0|  162|  268|    0|
    +---------------------------------------+----------------------------+---------+----+-----+-----+-----+
    |Total                                  |                            |        0|   3|  327|  317|    0|
    +---------------------------------------+----------------------------+---------+----+-----+-----+-----+

    * DSP: 
    N/A

    * Memory: 
    N/A

    * FIFO: 
    N/A

    * Expression: 
    +-----------------------+----------+----+---+----+------------+------------+
    |     Variable Name     | Operation| DSP| FF| LUT| Bitwidth P0| Bitwidth P1|
    +-----------------------+----------+----+---+----+------------+------------+
    |sub_ln283_1_fu_224_p2  |         -|   0|  0|  36|           1|          29|
    |sub_ln283_fu_206_p2    |         -|   0|  0|  39|           1|          32|
    |icmp_ln287_fu_244_p2   |      icmp|   0|  0|  36|          29|           1|
    |ap_block_state1        |        or|   0|  0|   2|           1|           1|
    |empty_fu_250_p3        |    select|   0|  0|  28|           1|          28|
    |loop_count_fu_233_p3   |    select|   0|  0|  29|           1|          29|
    +-----------------------+----------+----+---+----+------------+------------+
    |Total                  |          |   0|  0| 170|          34|         120|
    +-----------------------+----------+----+---+----+------------+------------+

    * Multiplexer: 
    +----------------------+-----+-----------+-----+-----------+
    |         Name         | LUT | Input Size| Bits| Total Bits|
    +----------------------+-----+-----------+-----+-----------+
    |ap_NS_fsm             |  364|         78|    1|         78|
    |ap_done               |    9|          2|    1|          2|
    |chunkSize_c_blk_n     |    9|          2|    1|          2|
    |gmem0_blk_n_AR        |    9|          2|    1|          2|
    |inByte0_write         |    9|          2|    1|          2|
    |inByte10_write        |    9|          2|    1|          2|
    |inByte11_write        |    9|          2|    1|          2|
    |inByte12_write        |    9|          2|    1|          2|
    |inByte13_write        |    9|          2|    1|          2|
    |inByte14_write        |    9|          2|    1|          2|
    |inByte15_write        |    9|          2|    1|          2|
    |inByte1_write         |    9|          2|    1|          2|
    |inByte2_write         |    9|          2|    1|          2|
    |inByte3_write         |    9|          2|    1|          2|
    |inByte4_write         |    9|          2|    1|          2|
    |inByte5_write         |    9|          2|    1|          2|
    |inByte6_write         |    9|          2|    1|          2|
    |inByte7_write         |    9|          2|    1|          2|
    |inByte8_write         |    9|          2|    1|          2|
    |inByte9_write         |    9|          2|    1|          2|
    |m_axi_gmem0_ARADDR    |   14|          3|   64|        192|
    |m_axi_gmem0_ARBURST   |    9|          2|    2|          4|
    |m_axi_gmem0_ARCACHE   |    9|          2|    4|          8|
    |m_axi_gmem0_ARID      |    9|          2|    1|          2|
    |m_axi_gmem0_ARLEN     |   14|          3|   32|         96|
    |m_axi_gmem0_ARLOCK    |    9|          2|    2|          4|
    |m_axi_gmem0_ARPROT    |    9|          2|    3|          6|
    |m_axi_gmem0_ARQOS     |    9|          2|    4|          8|
    |m_axi_gmem0_ARREGION  |    9|          2|    4|          8|
    |m_axi_gmem0_ARSIZE    |    9|          2|    3|          6|
    |m_axi_gmem0_ARUSER    |    9|          2|    1|          2|
    |m_axi_gmem0_ARVALID   |   14|          3|    1|          3|
    |m_axi_gmem0_RREADY    |    9|          2|    1|          2|
    |numChunks_c12_blk_n   |    9|          2|    1|          2|
    +----------------------+-----+-----------+-----+-----------+
    |Total                 |  676|        147|  143|        459|
    +----------------------+-----+-----------+-----+-----------+

    * Register: 
    +----------------------------------------------------+----+----+-----+-----------+
    |                        Name                        | FF | LUT| Bits| Const Bits|
    +----------------------------------------------------+----+----+-----+-----------+
    |ap_CS_fsm                                           |  77|   0|   77|          0|
    |ap_done_reg                                         |   1|   0|    1|          0|
    |empty_reg_318                                       |  28|   0|   28|          0|
    |grp_read_input_Pipeline_mem_rd_fu_142_ap_start_reg  |   1|   0|    1|          0|
    |loop_count_reg_313                                  |  29|   0|   29|          0|
    |tmp_reg_298                                         |   1|   0|    1|          0|
    |total_bytes_reg_293                                 |  32|   0|   32|          0|
    |trunc_ln1_reg_323                                   |  60|   0|   60|          0|
    |trunc_ln283_1_reg_308                               |  28|   0|   28|          0|
    |trunc_ln283_2_reg_303                               |  28|   0|   28|          0|
    +----------------------------------------------------+----+----+-----+-----------+
    |Total                                               | 285|   0|  285|          0|
    +----------------------------------------------------+----+----+-----+-----------+



================================================================
== Interface
================================================================
* Summary: 
+------------------------------+-----+-----+------------+---------------+--------------+
|           RTL Ports          | Dir | Bits|  Protocol  | Source Object |    C Type    |
+------------------------------+-----+-----+------------+---------------+--------------+
|ap_clk                        |   in|    1|  ap_ctrl_hs|     read_input|  return value|
|ap_rst                        |   in|    1|  ap_ctrl_hs|     read_input|  return value|
|ap_start                      |   in|    1|  ap_ctrl_hs|     read_input|  return value|
|ap_done                       |  out|    1|  ap_ctrl_hs|     read_input|  return value|
|ap_continue                   |   in|    1|  ap_ctrl_hs|     read_input|  return value|
|ap_idle                       |  out|    1|  ap_ctrl_hs|     read_input|  return value|
|ap_ready                      |  out|    1|  ap_ctrl_hs|     read_input|  return value|
|m_axi_gmem0_AWVALID           |  out|    1|       m_axi|          gmem0|       pointer|
|m_axi_gmem0_AWREADY           |   in|    1|       m_axi|          gmem0|       pointer|
|m_axi_gmem0_AWADDR            |  out|   64|       m_axi|          gmem0|       pointer|
|m_axi_gmem0_AWID              |  out|    1|       m_axi|          gmem0|       pointer|
|m_axi_gmem0_AWLEN             |  out|   32|       m_axi|          gmem0|       pointer|
|m_axi_gmem0_AWSIZE            |  out|    3|       m_axi|          gmem0|       pointer|
|m_axi_gmem0_AWBURST           |  out|    2|       m_axi|          gmem0|       pointer|
|m_axi_gmem0_AWLOCK            |  out|    2|       m_axi|          gmem0|       pointer|
|m_axi_gmem0_AWCACHE           |  out|    4|       m_axi|          gmem0|       pointer|
|m_axi_gmem0_AWPROT            |  out|    3|       m_axi|          gmem0|       pointer|
|m_axi_gmem0_AWQOS             |  out|    4|       m_axi|          gmem0|       pointer|
|m_axi_gmem0_AWREGION          |  out|    4|       m_axi|          gmem0|       pointer|
|m_axi_gmem0_AWUSER            |  out|    1|       m_axi|          gmem0|       pointer|
|m_axi_gmem0_WVALID            |  out|    1|       m_axi|          gmem0|       pointer|
|m_axi_gmem0_WREADY            |   in|    1|       m_axi|          gmem0|       pointer|
|m_axi_gmem0_WDATA             |  out|  128|       m_axi|          gmem0|       pointer|
|m_axi_gmem0_WSTRB             |  out|   16|       m_axi|          gmem0|       pointer|
|m_axi_gmem0_WLAST             |  out|    1|       m_axi|          gmem0|       pointer|
|m_axi_gmem0_WID               |  out|    1|       m_axi|          gmem0|       pointer|
|m_axi_gmem0_WUSER             |  out|    1|       m_axi|          gmem0|       pointer|
|m_axi_gmem0_ARVALID           |  out|    1|       m_axi|          gmem0|       pointer|
|m_axi_gmem0_ARREADY           |   in|    1|       m_axi|          gmem0|       pointer|
|m_axi_gmem0_ARADDR            |  out|   64|       m_axi|          gmem0|       pointer|
|m_axi_gmem0_ARID              |  out|    1|       m_axi|          gmem0|       pointer|
|m_axi_gmem0_ARLEN             |  out|   32|       m_axi|          gmem0|       pointer|
|m_axi_gmem0_ARSIZE            |  out|    3|       m_axi|          gmem0|       pointer|
|m_axi_gmem0_ARBURST           |  out|    2|       m_axi|          gmem0|       pointer|
|m_axi_gmem0_ARLOCK            |  out|    2|       m_axi|          gmem0|       pointer|
|m_axi_gmem0_ARCACHE           |  out|    4|       m_axi|          gmem0|       pointer|
|m_axi_gmem0_ARPROT            |  out|    3|       m_axi|          gmem0|       pointer|
|m_axi_gmem0_ARQOS             |  out|    4|       m_axi|          gmem0|       pointer|
|m_axi_gmem0_ARREGION          |  out|    4|       m_axi|          gmem0|       pointer|
|m_axi_gmem0_ARUSER            |  out|    1|       m_axi|          gmem0|       pointer|
|m_axi_gmem0_RVALID            |   in|    1|       m_axi|          gmem0|       pointer|
|m_axi_gmem0_RREADY            |  out|    1|       m_axi|          gmem0|       pointer|
|m_axi_gmem0_RDATA             |   in|  128|       m_axi|          gmem0|       pointer|
|m_axi_gmem0_RLAST             |   in|    1|       m_axi|          gmem0|       pointer|
|m_axi_gmem0_RID               |   in|    1|       m_axi|          gmem0|       pointer|
|m_axi_gmem0_RFIFONUM          |   in|    9|       m_axi|          gmem0|       pointer|
|m_axi_gmem0_RUSER             |   in|    1|       m_axi|          gmem0|       pointer|
|m_axi_gmem0_RRESP             |   in|    2|       m_axi|          gmem0|       pointer|
|m_axi_gmem0_BVALID            |   in|    1|       m_axi|          gmem0|       pointer|
|m_axi_gmem0_BREADY            |  out|    1|       m_axi|          gmem0|       pointer|
|m_axi_gmem0_BRESP             |   in|    2|       m_axi|          gmem0|       pointer|
|m_axi_gmem0_BID               |   in|    1|       m_axi|          gmem0|       pointer|
|m_axi_gmem0_BUSER             |   in|    1|       m_axi|          gmem0|       pointer|
|in_r                          |   in|   64|     ap_none|           in_r|        scalar|
|inByte0_din                   |  out|    8|     ap_fifo|        inByte0|       pointer|
|inByte0_num_data_valid        |   in|    7|     ap_fifo|        inByte0|       pointer|
|inByte0_fifo_cap              |   in|    7|     ap_fifo|        inByte0|       pointer|
|inByte0_full_n                |   in|    1|     ap_fifo|        inByte0|       pointer|
|inByte0_write                 |  out|    1|     ap_fifo|        inByte0|       pointer|
|inByte1_din                   |  out|    8|     ap_fifo|        inByte1|       pointer|
|inByte1_num_data_valid        |   in|    7|     ap_fifo|        inByte1|       pointer|
|inByte1_fifo_cap              |   in|    7|     ap_fifo|        inByte1|       pointer|
|inByte1_full_n                |   in|    1|     ap_fifo|        inByte1|       pointer|
|inByte1_write                 |  out|    1|     ap_fifo|        inByte1|       pointer|
|inByte2_din                   |  out|    8|     ap_fifo|        inByte2|       pointer|
|inByte2_num_data_valid        |   in|    7|     ap_fifo|        inByte2|       pointer|
|inByte2_fifo_cap              |   in|    7|     ap_fifo|        inByte2|       pointer|
|inByte2_full_n                |   in|    1|     ap_fifo|        inByte2|       pointer|
|inByte2_write                 |  out|    1|     ap_fifo|        inByte2|       pointer|
|inByte3_din                   |  out|    8|     ap_fifo|        inByte3|       pointer|
|inByte3_num_data_valid        |   in|    7|     ap_fifo|        inByte3|       pointer|
|inByte3_fifo_cap              |   in|    7|     ap_fifo|        inByte3|       pointer|
|inByte3_full_n                |   in|    1|     ap_fifo|        inByte3|       pointer|
|inByte3_write                 |  out|    1|     ap_fifo|        inByte3|       pointer|
|inByte4_din                   |  out|    8|     ap_fifo|        inByte4|       pointer|
|inByte4_num_data_valid        |   in|    7|     ap_fifo|        inByte4|       pointer|
|inByte4_fifo_cap              |   in|    7|     ap_fifo|        inByte4|       pointer|
|inByte4_full_n                |   in|    1|     ap_fifo|        inByte4|       pointer|
|inByte4_write                 |  out|    1|     ap_fifo|        inByte4|       pointer|
|inByte5_din                   |  out|    8|     ap_fifo|        inByte5|       pointer|
|inByte5_num_data_valid        |   in|    7|     ap_fifo|        inByte5|       pointer|
|inByte5_fifo_cap              |   in|    7|     ap_fifo|        inByte5|       pointer|
|inByte5_full_n                |   in|    1|     ap_fifo|        inByte5|       pointer|
|inByte5_write                 |  out|    1|     ap_fifo|        inByte5|       pointer|
|inByte6_din                   |  out|    8|     ap_fifo|        inByte6|       pointer|
|inByte6_num_data_valid        |   in|    7|     ap_fifo|        inByte6|       pointer|
|inByte6_fifo_cap              |   in|    7|     ap_fifo|        inByte6|       pointer|
|inByte6_full_n                |   in|    1|     ap_fifo|        inByte6|       pointer|
|inByte6_write                 |  out|    1|     ap_fifo|        inByte6|       pointer|
|inByte7_din                   |  out|    8|     ap_fifo|        inByte7|       pointer|
|inByte7_num_data_valid        |   in|    7|     ap_fifo|        inByte7|       pointer|
|inByte7_fifo_cap              |   in|    7|     ap_fifo|        inByte7|       pointer|
|inByte7_full_n                |   in|    1|     ap_fifo|        inByte7|       pointer|
|inByte7_write                 |  out|    1|     ap_fifo|        inByte7|       pointer|
|inByte8_din                   |  out|    8|     ap_fifo|        inByte8|       pointer|
|inByte8_num_data_valid        |   in|    7|     ap_fifo|        inByte8|       pointer|
|inByte8_fifo_cap              |   in|    7|     ap_fifo|        inByte8|       pointer|
|inByte8_full_n                |   in|    1|     ap_fifo|        inByte8|       pointer|
|inByte8_write                 |  out|    1|     ap_fifo|        inByte8|       pointer|
|inByte9_din                   |  out|    8|     ap_fifo|        inByte9|       pointer|
|inByte9_num_data_valid        |   in|    7|     ap_fifo|        inByte9|       pointer|
|inByte9_fifo_cap              |   in|    7|     ap_fifo|        inByte9|       pointer|
|inByte9_full_n                |   in|    1|     ap_fifo|        inByte9|       pointer|
|inByte9_write                 |  out|    1|     ap_fifo|        inByte9|       pointer|
|inByte10_din                  |  out|    8|     ap_fifo|       inByte10|       pointer|
|inByte10_num_data_valid       |   in|    7|     ap_fifo|       inByte10|       pointer|
|inByte10_fifo_cap             |   in|    7|     ap_fifo|       inByte10|       pointer|
|inByte10_full_n               |   in|    1|     ap_fifo|       inByte10|       pointer|
|inByte10_write                |  out|    1|     ap_fifo|       inByte10|       pointer|
|inByte11_din                  |  out|    8|     ap_fifo|       inByte11|       pointer|
|inByte11_num_data_valid       |   in|    7|     ap_fifo|       inByte11|       pointer|
|inByte11_fifo_cap             |   in|    7|     ap_fifo|       inByte11|       pointer|
|inByte11_full_n               |   in|    1|     ap_fifo|       inByte11|       pointer|
|inByte11_write                |  out|    1|     ap_fifo|       inByte11|       pointer|
|inByte12_din                  |  out|    8|     ap_fifo|       inByte12|       pointer|
|inByte12_num_data_valid       |   in|    7|     ap_fifo|       inByte12|       pointer|
|inByte12_fifo_cap             |   in|    7|     ap_fifo|       inByte12|       pointer|
|inByte12_full_n               |   in|    1|     ap_fifo|       inByte12|       pointer|
|inByte12_write                |  out|    1|     ap_fifo|       inByte12|       pointer|
|inByte13_din                  |  out|    8|     ap_fifo|       inByte13|       pointer|
|inByte13_num_data_valid       |   in|    7|     ap_fifo|       inByte13|       pointer|
|inByte13_fifo_cap             |   in|    7|     ap_fifo|       inByte13|       pointer|
|inByte13_full_n               |   in|    1|     ap_fifo|       inByte13|       pointer|
|inByte13_write                |  out|    1|     ap_fifo|       inByte13|       pointer|
|inByte14_din                  |  out|    8|     ap_fifo|       inByte14|       pointer|
|inByte14_num_data_valid       |   in|    7|     ap_fifo|       inByte14|       pointer|
|inByte14_fifo_cap             |   in|    7|     ap_fifo|       inByte14|       pointer|
|inByte14_full_n               |   in|    1|     ap_fifo|       inByte14|       pointer|
|inByte14_write                |  out|    1|     ap_fifo|       inByte14|       pointer|
|inByte15_din                  |  out|    8|     ap_fifo|       inByte15|       pointer|
|inByte15_num_data_valid       |   in|    7|     ap_fifo|       inByte15|       pointer|
|inByte15_fifo_cap             |   in|    7|     ap_fifo|       inByte15|       pointer|
|inByte15_full_n               |   in|    1|     ap_fifo|       inByte15|       pointer|
|inByte15_write                |  out|    1|     ap_fifo|       inByte15|       pointer|
|numChunks                     |   in|   32|     ap_none|      numChunks|        scalar|
|chunkSize                     |   in|   32|     ap_none|      chunkSize|        scalar|
|numChunks_c12_din             |  out|   32|     ap_fifo|  numChunks_c12|       pointer|
|numChunks_c12_num_data_valid  |   in|    2|     ap_fifo|  numChunks_c12|       pointer|
|numChunks_c12_fifo_cap        |   in|    2|     ap_fifo|  numChunks_c12|       pointer|
|numChunks_c12_full_n          |   in|    1|     ap_fifo|  numChunks_c12|       pointer|
|numChunks_c12_write           |  out|    1|     ap_fifo|  numChunks_c12|       pointer|
|chunkSize_c_din               |  out|   32|     ap_fifo|    chunkSize_c|       pointer|
|chunkSize_c_num_data_valid    |   in|    2|     ap_fifo|    chunkSize_c|       pointer|
|chunkSize_c_fifo_cap          |   in|    2|     ap_fifo|    chunkSize_c|       pointer|
|chunkSize_c_full_n            |   in|    1|     ap_fifo|    chunkSize_c|       pointer|
|chunkSize_c_write             |  out|    1|     ap_fifo|    chunkSize_c|       pointer|
+------------------------------+-----+-----+------------+---------------+--------------+

============================================================
+ Verbose Summary: Synthesis Manager
============================================================
InlineROM: 1
ExposeGlobal: 0
============================================================
+ Verbose Summary: CDFG Model
============================================================
IsTopModel: 0
ResetActiveHigh: 1
IsCombinational: 2
IsDatapathOnly: 0
HasWiredReturn: 1
HasMFsm: 0
HasVarLatency: 1
IsPipeline: 0
IsRtlPipelined: 0
IsInstanceOverlapped: 0
IsDontTouch: 0
HasImplIP: 0
IsGatedGlobalClock: 0


============================================================
+ Verbose Summary: Schedule
============================================================
* Number of FSM states : 77
* Pipeline : 0
* Dataflow Pipeline: 0

* FSM state transitions: 
1 --> 2 
2 --> 3 
3 --> 4 
4 --> 5 
5 --> 6 
6 --> 7 
7 --> 8 
8 --> 9 
9 --> 10 
10 --> 11 
11 --> 12 
12 --> 13 
13 --> 14 
14 --> 15 
15 --> 16 
16 --> 17 
17 --> 18 
18 --> 19 
19 --> 20 
20 --> 21 
21 --> 22 
22 --> 23 
23 --> 24 
24 --> 25 
25 --> 26 
26 --> 27 
27 --> 28 
28 --> 29 
29 --> 30 
30 --> 31 
31 --> 32 
32 --> 33 
33 --> 34 
34 --> 35 
35 --> 36 
36 --> 37 
37 --> 38 
38 --> 39 
39 --> 40 
40 --> 41 
41 --> 42 
42 --> 43 
43 --> 44 
44 --> 45 
45 --> 46 
46 --> 47 
47 --> 48 
48 --> 49 
49 --> 50 
50 --> 51 
51 --> 52 
52 --> 53 
53 --> 54 
54 --> 55 
55 --> 56 
56 --> 57 
57 --> 58 
58 --> 59 
59 --> 60 
60 --> 61 
61 --> 62 
62 --> 63 
63 --> 64 
64 --> 65 
65 --> 66 
66 --> 67 
67 --> 68 
68 --> 69 
69 --> 70 
70 --> 71 
71 --> 72 
72 --> 73 
73 --> 74 
74 --> 75 
75 --> 76 
76 --> 77 
77 --> 

* FSM state operations: 

State 1 <SV = 0> <Delay = 2.29>
ST_1 : Operation 78 [1/1] (0.00ns)   --->   "%chunkSize_read = read i32 @_ssdm_op_Read.ap_auto.i32, i32 %chunkSize"   --->   Operation 78 'read' 'chunkSize_read' <Predicate = true> <Delay = 0.00>
ST_1 : Operation 79 [1/1] (0.00ns)   --->   "%numChunks_read = read i32 @_ssdm_op_Read.ap_auto.i32, i32 %numChunks"   --->   Operation 79 'read' 'numChunks_read' <Predicate = true> <Delay = 0.00>
ST_1 : Operation 80 [1/1] (1.21ns)   --->   "%write_ln0 = write void @_ssdm_op_Write.ap_fifo.i32P0A, i32 %chunkSize_c, i32 %chunkSize_read"   --->   Operation 80 'write' 'write_ln0' <Predicate = true> <Delay = 1.21> <CoreInst = "FIFO_SRL">   --->   Core 81 'FIFO_SRL' <Latency = 0> <II = 1> <Delay = 1.39> <Storage> <Opcode : 'read' 'write' 'nbread' 'nbwrite'> <Ports = 0> <Width = 32> <Depth = 2> <FIFO>
ST_1 : Operation 81 [1/1] (1.21ns)   --->   "%write_ln0 = write void @_ssdm_op_Write.ap_fifo.i32P0A, i32 %numChunks_c12, i32 %numChunks_read"   --->   Operation 81 'write' 'write_ln0' <Predicate = true> <Delay = 1.21> <CoreInst = "FIFO_SRL">   --->   Core 81 'FIFO_SRL' <Latency = 0> <II = 1> <Delay = 1.39> <Storage> <Opcode : 'read' 'write' 'nbread' 'nbwrite'> <Ports = 0> <Width = 32> <Depth = 2> <FIFO>
ST_1 : Operation 82 [2/2] (2.29ns)   --->   "%total_bytes = mul i32 %chunkSize_read, i32 %numChunks_read" [/users/arashs/U280_CRC_Accelerator/src/kernel.cpp:282]   --->   Operation 82 'mul' 'total_bytes' <Predicate = true> <Delay = 2.29> <CoreInst = "Multiplier">   --->   Core 3 'Multiplier' <Latency = 1> <II = 1> <Delay = 2.29> <FuncUnit> <Opcode : 'mul'> <InPorts = 2> <OutPorts = 1>

State 2 <SV = 1> <Delay = 2.29>
ST_2 : Operation 83 [1/2] (2.29ns)   --->   "%total_bytes = mul i32 %chunkSize_read, i32 %numChunks_read" [/users/arashs/U280_CRC_Accelerator/src/kernel.cpp:282]   --->   Operation 83 'mul' 'total_bytes' <Predicate = true> <Delay = 2.29> <CoreInst = "Multiplier">   --->   Core 3 'Multiplier' <Latency = 1> <II = 1> <Delay = 2.29> <FuncUnit> <Opcode : 'mul'> <InPorts = 2> <OutPorts = 1>
ST_2 : Operation 84 [1/1] (0.00ns)   --->   "%tmp = bitselect i1 @_ssdm_op_BitSelect.i1.i32.i32, i32 %total_bytes, i32 31" [/users/arashs/U280_CRC_Accelerator/src/kernel.cpp:283]   --->   Operation 84 'bitselect' 'tmp' <Predicate = true> <Delay = 0.00>
ST_2 : Operation 85 [1/1] (0.00ns)   --->   "%trunc_ln283_2 = partselect i28 @_ssdm_op_PartSelect.i28.i32.i32.i32, i32 %total_bytes, i32 4, i32 31" [/users/arashs/U280_CRC_Accelerator/src/kernel.cpp:283]   --->   Operation 85 'partselect' 'trunc_ln283_2' <Predicate = true> <Delay = 0.00>

State 3 <SV = 2> <Delay = 0.88>
ST_3 : Operation 86 [1/1] (0.88ns)   --->   "%sub_ln283 = sub i32 0, i32 %total_bytes" [/users/arashs/U280_CRC_Accelerator/src/kernel.cpp:283]   --->   Operation 86 'sub' 'sub_ln283' <Predicate = (tmp)> <Delay = 0.88> <CoreInst = "Adder">   --->   Core 1 'Adder' <Latency = 0> <II = 1> <Delay = 0.88> <FuncUnit> <Opcode : 'add' 'sub'> <InPorts = 2> <OutPorts = 1>
ST_3 : Operation 87 [1/1] (0.00ns)   --->   "%trunc_ln283_1 = partselect i28 @_ssdm_op_PartSelect.i28.i32.i32.i32, i32 %sub_ln283, i32 4, i32 31" [/users/arashs/U280_CRC_Accelerator/src/kernel.cpp:283]   --->   Operation 87 'partselect' 'trunc_ln283_1' <Predicate = (tmp)> <Delay = 0.00>

State 4 <SV = 3> <Delay = 2.34>
ST_4 : Operation 88 [1/1] (0.00ns)   --->   "%zext_ln283 = zext i28 %trunc_ln283_1" [/users/arashs/U280_CRC_Accelerator/src/kernel.cpp:283]   --->   Operation 88 'zext' 'zext_ln283' <Predicate = (tmp)> <Delay = 0.00>
ST_4 : Operation 89 [1/1] (0.85ns)   --->   "%sub_ln283_1 = sub i29 0, i29 %zext_ln283" [/users/arashs/U280_CRC_Accelerator/src/kernel.cpp:283]   --->   Operation 89 'sub' 'sub_ln283_1' <Predicate = (tmp)> <Delay = 0.85> <CoreInst = "Adder">   --->   Core 1 'Adder' <Latency = 0> <II = 1> <Delay = 0.86> <FuncUnit> <Opcode : 'add' 'sub'> <InPorts = 2> <OutPorts = 1>
ST_4 : Operation 90 [1/1] (0.00ns)   --->   "%zext_ln283_1 = zext i28 %trunc_ln283_2" [/users/arashs/U280_CRC_Accelerator/src/kernel.cpp:283]   --->   Operation 90 'zext' 'zext_ln283_1' <Predicate = (!tmp)> <Delay = 0.00>
ST_4 : Operation 91 [1/1] (0.29ns)   --->   "%loop_count = select i1 %tmp, i29 %sub_ln283_1, i29 %zext_ln283_1" [/users/arashs/U280_CRC_Accelerator/src/kernel.cpp:283]   --->   Operation 91 'select' 'loop_count' <Predicate = true> <Delay = 0.29> <CoreInst = "Sel">   --->   Core 73 'Sel' <Latency = 0> <II = 1> <Delay = 0.29> <FuncUnit> <Opcode : 'select'> <InPorts = 3> <OutPorts = 1>
ST_4 : Operation 92 [1/1] (0.00ns)   --->   "%trunc_ln283 = trunc i29 %loop_count" [/users/arashs/U280_CRC_Accelerator/src/kernel.cpp:283]   --->   Operation 92 'trunc' 'trunc_ln283' <Predicate = true> <Delay = 0.00>
ST_4 : Operation 93 [1/1] (0.86ns)   --->   "%icmp_ln287 = icmp_sgt  i29 %loop_count, i29 0" [/users/arashs/U280_CRC_Accelerator/src/kernel.cpp:287]   --->   Operation 93 'icmp' 'icmp_ln287' <Predicate = true> <Delay = 0.86> <CoreInst = "Cmp">   --->   Core 9 'Cmp' <Latency = 0> <II = 1> <Delay = 0.86> <FuncUnit> <Opcode : 'icmp'> <InPorts = 2> <OutPorts = 1>
ST_4 : Operation 94 [1/1] (0.32ns)   --->   "%empty = select i1 %icmp_ln287, i28 %trunc_ln283, i28 0" [/users/arashs/U280_CRC_Accelerator/src/kernel.cpp:287]   --->   Operation 94 'select' 'empty' <Predicate = true> <Delay = 0.32> <CoreInst = "Sel">   --->   Core 73 'Sel' <Latency = 0> <II = 1> <Delay = 0.32> <FuncUnit> <Opcode : 'select'> <InPorts = 3> <OutPorts = 1>

State 5 <SV = 4> <Delay = 2.43>
ST_5 : Operation 95 [1/1] (0.00ns)   --->   "%in_read = read i64 @_ssdm_op_Read.ap_auto.i64, i64 %in_r"   --->   Operation 95 'read' 'in_read' <Predicate = true> <Delay = 0.00>
ST_5 : Operation 96 [1/1] (0.00ns)   --->   "%trunc_ln1 = partselect i60 @_ssdm_op_PartSelect.i60.i64.i32.i32, i64 %in_read, i32 4, i32 63" [/users/arashs/U280_CRC_Accelerator/src/kernel.cpp:287]   --->   Operation 96 'partselect' 'trunc_ln1' <Predicate = true> <Delay = 0.00>
ST_5 : Operation 97 [1/1] (0.00ns)   --->   "%sext_ln287 = sext i60 %trunc_ln1" [/users/arashs/U280_CRC_Accelerator/src/kernel.cpp:287]   --->   Operation 97 'sext' 'sext_ln287' <Predicate = true> <Delay = 0.00>
ST_5 : Operation 98 [1/1] (0.00ns)   --->   "%gmem0_addr = getelementptr i128 %gmem0, i64 %sext_ln287" [/users/arashs/U280_CRC_Accelerator/src/kernel.cpp:287]   --->   Operation 98 'getelementptr' 'gmem0_addr' <Predicate = true> <Delay = 0.00>
ST_5 : Operation 99 [1/1] (0.00ns)   --->   "%zext_ln287 = zext i28 %empty" [/users/arashs/U280_CRC_Accelerator/src/kernel.cpp:287]   --->   Operation 99 'zext' 'zext_ln287' <Predicate = true> <Delay = 0.00>
ST_5 : Operation 100 [71/71] (2.43ns)   --->   "%empty_40 = readreq i1 @_ssdm_op_ReadReq.m_axi.p1i128, i64 %gmem0_addr, i32 %zext_ln287" [/users/arashs/U280_CRC_Accelerator/src/kernel.cpp:287]   --->   Operation 100 'readreq' 'empty_40' <Predicate = true> <Delay = 2.43> <CoreInst = "m_axi">   --->   Core 121 'm_axi' <Latency = 0> <II = 1> <Delay = 1.00> <Adapter> <Opcode : 'read' 'write' 'readreq' 'writereq' 'writeresp'>

State 6 <SV = 5> <Delay = 2.43>
ST_6 : Operation 101 [70/71] (2.43ns)   --->   "%empty_40 = readreq i1 @_ssdm_op_ReadReq.m_axi.p1i128, i64 %gmem0_addr, i32 %zext_ln287" [/users/arashs/U280_CRC_Accelerator/src/kernel.cpp:287]   --->   Operation 101 'readreq' 'empty_40' <Predicate = true> <Delay = 2.43> <CoreInst = "m_axi">   --->   Core 121 'm_axi' <Latency = 0> <II = 1> <Delay = 1.00> <Adapter> <Opcode : 'read' 'write' 'readreq' 'writereq' 'writeresp'>

State 7 <SV = 6> <Delay = 2.43>
ST_7 : Operation 102 [69/71] (2.43ns)   --->   "%empty_40 = readreq i1 @_ssdm_op_ReadReq.m_axi.p1i128, i64 %gmem0_addr, i32 %zext_ln287" [/users/arashs/U280_CRC_Accelerator/src/kernel.cpp:287]   --->   Operation 102 'readreq' 'empty_40' <Predicate = true> <Delay = 2.43> <CoreInst = "m_axi">   --->   Core 121 'm_axi' <Latency = 0> <II = 1> <Delay = 1.00> <Adapter> <Opcode : 'read' 'write' 'readreq' 'writereq' 'writeresp'>

State 8 <SV = 7> <Delay = 2.43>
ST_8 : Operation 103 [68/71] (2.43ns)   --->   "%empty_40 = readreq i1 @_ssdm_op_ReadReq.m_axi.p1i128, i64 %gmem0_addr, i32 %zext_ln287" [/users/arashs/U280_CRC_Accelerator/src/kernel.cpp:287]   --->   Operation 103 'readreq' 'empty_40' <Predicate = true> <Delay = 2.43> <CoreInst = "m_axi">   --->   Core 121 'm_axi' <Latency = 0> <II = 1> <Delay = 1.00> <Adapter> <Opcode : 'read' 'write' 'readreq' 'writereq' 'writeresp'>

State 9 <SV = 8> <Delay = 2.43>
ST_9 : Operation 104 [67/71] (2.43ns)   --->   "%empty_40 = readreq i1 @_ssdm_op_ReadReq.m_axi.p1i128, i64 %gmem0_addr, i32 %zext_ln287" [/users/arashs/U280_CRC_Accelerator/src/kernel.cpp:287]   --->   Operation 104 'readreq' 'empty_40' <Predicate = true> <Delay = 2.43> <CoreInst = "m_axi">   --->   Core 121 'm_axi' <Latency = 0> <II = 1> <Delay = 1.00> <Adapter> <Opcode : 'read' 'write' 'readreq' 'writereq' 'writeresp'>

State 10 <SV = 9> <Delay = 2.43>
ST_10 : Operation 105 [66/71] (2.43ns)   --->   "%empty_40 = readreq i1 @_ssdm_op_ReadReq.m_axi.p1i128, i64 %gmem0_addr, i32 %zext_ln287" [/users/arashs/U280_CRC_Accelerator/src/kernel.cpp:287]   --->   Operation 105 'readreq' 'empty_40' <Predicate = true> <Delay = 2.43> <CoreInst = "m_axi">   --->   Core 121 'm_axi' <Latency = 0> <II = 1> <Delay = 1.00> <Adapter> <Opcode : 'read' 'write' 'readreq' 'writereq' 'writeresp'>

State 11 <SV = 10> <Delay = 2.43>
ST_11 : Operation 106 [65/71] (2.43ns)   --->   "%empty_40 = readreq i1 @_ssdm_op_ReadReq.m_axi.p1i128, i64 %gmem0_addr, i32 %zext_ln287" [/users/arashs/U280_CRC_Accelerator/src/kernel.cpp:287]   --->   Operation 106 'readreq' 'empty_40' <Predicate = true> <Delay = 2.43> <CoreInst = "m_axi">   --->   Core 121 'm_axi' <Latency = 0> <II = 1> <Delay = 1.00> <Adapter> <Opcode : 'read' 'write' 'readreq' 'writereq' 'writeresp'>

State 12 <SV = 11> <Delay = 2.43>
ST_12 : Operation 107 [64/71] (2.43ns)   --->   "%empty_40 = readreq i1 @_ssdm_op_ReadReq.m_axi.p1i128, i64 %gmem0_addr, i32 %zext_ln287" [/users/arashs/U280_CRC_Accelerator/src/kernel.cpp:287]   --->   Operation 107 'readreq' 'empty_40' <Predicate = true> <Delay = 2.43> <CoreInst = "m_axi">   --->   Core 121 'm_axi' <Latency = 0> <II = 1> <Delay = 1.00> <Adapter> <Opcode : 'read' 'write' 'readreq' 'writereq' 'writeresp'>

State 13 <SV = 12> <Delay = 2.43>
ST_13 : Operation 108 [63/71] (2.43ns)   --->   "%empty_40 = readreq i1 @_ssdm_op_ReadReq.m_axi.p1i128, i64 %gmem0_addr, i32 %zext_ln287" [/users/arashs/U280_CRC_Accelerator/src/kernel.cpp:287]   --->   Operation 108 'readreq' 'empty_40' <Predicate = true> <Delay = 2.43> <CoreInst = "m_axi">   --->   Core 121 'm_axi' <Latency = 0> <II = 1> <Delay = 1.00> <Adapter> <Opcode : 'read' 'write' 'readreq' 'writereq' 'writeresp'>

State 14 <SV = 13> <Delay = 2.43>
ST_14 : Operation 109 [62/71] (2.43ns)   --->   "%empty_40 = readreq i1 @_ssdm_op_ReadReq.m_axi.p1i128, i64 %gmem0_addr, i32 %zext_ln287" [/users/arashs/U280_CRC_Accelerator/src/kernel.cpp:287]   --->   Operation 109 'readreq' 'empty_40' <Predicate = true> <Delay = 2.43> <CoreInst = "m_axi">   --->   Core 121 'm_axi' <Latency = 0> <II = 1> <Delay = 1.00> <Adapter> <Opcode : 'read' 'write' 'readreq' 'writereq' 'writeresp'>

State 15 <SV = 14> <Delay = 2.43>
ST_15 : Operation 110 [61/71] (2.43ns)   --->   "%empty_40 = readreq i1 @_ssdm_op_ReadReq.m_axi.p1i128, i64 %gmem0_addr, i32 %zext_ln287" [/users/arashs/U280_CRC_Accelerator/src/kernel.cpp:287]   --->   Operation 110 'readreq' 'empty_40' <Predicate = true> <Delay = 2.43> <CoreInst = "m_axi">   --->   Core 121 'm_axi' <Latency = 0> <II = 1> <Delay = 1.00> <Adapter> <Opcode : 'read' 'write' 'readreq' 'writereq' 'writeresp'>

State 16 <SV = 15> <Delay = 2.43>
ST_16 : Operation 111 [60/71] (2.43ns)   --->   "%empty_40 = readreq i1 @_ssdm_op_ReadReq.m_axi.p1i128, i64 %gmem0_addr, i32 %zext_ln287" [/users/arashs/U280_CRC_Accelerator/src/kernel.cpp:287]   --->   Operation 111 'readreq' 'empty_40' <Predicate = true> <Delay = 2.43> <CoreInst = "m_axi">   --->   Core 121 'm_axi' <Latency = 0> <II = 1> <Delay = 1.00> <Adapter> <Opcode : 'read' 'write' 'readreq' 'writereq' 'writeresp'>

State 17 <SV = 16> <Delay = 2.43>
ST_17 : Operation 112 [59/71] (2.43ns)   --->   "%empty_40 = readreq i1 @_ssdm_op_ReadReq.m_axi.p1i128, i64 %gmem0_addr, i32 %zext_ln287" [/users/arashs/U280_CRC_Accelerator/src/kernel.cpp:287]   --->   Operation 112 'readreq' 'empty_40' <Predicate = true> <Delay = 2.43> <CoreInst = "m_axi">   --->   Core 121 'm_axi' <Latency = 0> <II = 1> <Delay = 1.00> <Adapter> <Opcode : 'read' 'write' 'readreq' 'writereq' 'writeresp'>

State 18 <SV = 17> <Delay = 2.43>
ST_18 : Operation 113 [58/71] (2.43ns)   --->   "%empty_40 = readreq i1 @_ssdm_op_ReadReq.m_axi.p1i128, i64 %gmem0_addr, i32 %zext_ln287" [/users/arashs/U280_CRC_Accelerator/src/kernel.cpp:287]   --->   Operation 113 'readreq' 'empty_40' <Predicate = true> <Delay = 2.43> <CoreInst = "m_axi">   --->   Core 121 'm_axi' <Latency = 0> <II = 1> <Delay = 1.00> <Adapter> <Opcode : 'read' 'write' 'readreq' 'writereq' 'writeresp'>

State 19 <SV = 18> <Delay = 2.43>
ST_19 : Operation 114 [57/71] (2.43ns)   --->   "%empty_40 = readreq i1 @_ssdm_op_ReadReq.m_axi.p1i128, i64 %gmem0_addr, i32 %zext_ln287" [/users/arashs/U280_CRC_Accelerator/src/kernel.cpp:287]   --->   Operation 114 'readreq' 'empty_40' <Predicate = true> <Delay = 2.43> <CoreInst = "m_axi">   --->   Core 121 'm_axi' <Latency = 0> <II = 1> <Delay = 1.00> <Adapter> <Opcode : 'read' 'write' 'readreq' 'writereq' 'writeresp'>

State 20 <SV = 19> <Delay = 2.43>
ST_20 : Operation 115 [56/71] (2.43ns)   --->   "%empty_40 = readreq i1 @_ssdm_op_ReadReq.m_axi.p1i128, i64 %gmem0_addr, i32 %zext_ln287" [/users/arashs/U280_CRC_Accelerator/src/kernel.cpp:287]   --->   Operation 115 'readreq' 'empty_40' <Predicate = true> <Delay = 2.43> <CoreInst = "m_axi">   --->   Core 121 'm_axi' <Latency = 0> <II = 1> <Delay = 1.00> <Adapter> <Opcode : 'read' 'write' 'readreq' 'writereq' 'writeresp'>

State 21 <SV = 20> <Delay = 2.43>
ST_21 : Operation 116 [55/71] (2.43ns)   --->   "%empty_40 = readreq i1 @_ssdm_op_ReadReq.m_axi.p1i128, i64 %gmem0_addr, i32 %zext_ln287" [/users/arashs/U280_CRC_Accelerator/src/kernel.cpp:287]   --->   Operation 116 'readreq' 'empty_40' <Predicate = true> <Delay = 2.43> <CoreInst = "m_axi">   --->   Core 121 'm_axi' <Latency = 0> <II = 1> <Delay = 1.00> <Adapter> <Opcode : 'read' 'write' 'readreq' 'writereq' 'writeresp'>

State 22 <SV = 21> <Delay = 2.43>
ST_22 : Operation 117 [54/71] (2.43ns)   --->   "%empty_40 = readreq i1 @_ssdm_op_ReadReq.m_axi.p1i128, i64 %gmem0_addr, i32 %zext_ln287" [/users/arashs/U280_CRC_Accelerator/src/kernel.cpp:287]   --->   Operation 117 'readreq' 'empty_40' <Predicate = true> <Delay = 2.43> <CoreInst = "m_axi">   --->   Core 121 'm_axi' <Latency = 0> <II = 1> <Delay = 1.00> <Adapter> <Opcode : 'read' 'write' 'readreq' 'writereq' 'writeresp'>

State 23 <SV = 22> <Delay = 2.43>
ST_23 : Operation 118 [53/71] (2.43ns)   --->   "%empty_40 = readreq i1 @_ssdm_op_ReadReq.m_axi.p1i128, i64 %gmem0_addr, i32 %zext_ln287" [/users/arashs/U280_CRC_Accelerator/src/kernel.cpp:287]   --->   Operation 118 'readreq' 'empty_40' <Predicate = true> <Delay = 2.43> <CoreInst = "m_axi">   --->   Core 121 'm_axi' <Latency = 0> <II = 1> <Delay = 1.00> <Adapter> <Opcode : 'read' 'write' 'readreq' 'writereq' 'writeresp'>

State 24 <SV = 23> <Delay = 2.43>
ST_24 : Operation 119 [52/71] (2.43ns)   --->   "%empty_40 = readreq i1 @_ssdm_op_ReadReq.m_axi.p1i128, i64 %gmem0_addr, i32 %zext_ln287" [/users/arashs/U280_CRC_Accelerator/src/kernel.cpp:287]   --->   Operation 119 'readreq' 'empty_40' <Predicate = true> <Delay = 2.43> <CoreInst = "m_axi">   --->   Core 121 'm_axi' <Latency = 0> <II = 1> <Delay = 1.00> <Adapter> <Opcode : 'read' 'write' 'readreq' 'writereq' 'writeresp'>

State 25 <SV = 24> <Delay = 2.43>
ST_25 : Operation 120 [51/71] (2.43ns)   --->   "%empty_40 = readreq i1 @_ssdm_op_ReadReq.m_axi.p1i128, i64 %gmem0_addr, i32 %zext_ln287" [/users/arashs/U280_CRC_Accelerator/src/kernel.cpp:287]   --->   Operation 120 'readreq' 'empty_40' <Predicate = true> <Delay = 2.43> <CoreInst = "m_axi">   --->   Core 121 'm_axi' <Latency = 0> <II = 1> <Delay = 1.00> <Adapter> <Opcode : 'read' 'write' 'readreq' 'writereq' 'writeresp'>

State 26 <SV = 25> <Delay = 2.43>
ST_26 : Operation 121 [50/71] (2.43ns)   --->   "%empty_40 = readreq i1 @_ssdm_op_ReadReq.m_axi.p1i128, i64 %gmem0_addr, i32 %zext_ln287" [/users/arashs/U280_CRC_Accelerator/src/kernel.cpp:287]   --->   Operation 121 'readreq' 'empty_40' <Predicate = true> <Delay = 2.43> <CoreInst = "m_axi">   --->   Core 121 'm_axi' <Latency = 0> <II = 1> <Delay = 1.00> <Adapter> <Opcode : 'read' 'write' 'readreq' 'writereq' 'writeresp'>

State 27 <SV = 26> <Delay = 2.43>
ST_27 : Operation 122 [49/71] (2.43ns)   --->   "%empty_40 = readreq i1 @_ssdm_op_ReadReq.m_axi.p1i128, i64 %gmem0_addr, i32 %zext_ln287" [/users/arashs/U280_CRC_Accelerator/src/kernel.cpp:287]   --->   Operation 122 'readreq' 'empty_40' <Predicate = true> <Delay = 2.43> <CoreInst = "m_axi">   --->   Core 121 'm_axi' <Latency = 0> <II = 1> <Delay = 1.00> <Adapter> <Opcode : 'read' 'write' 'readreq' 'writereq' 'writeresp'>

State 28 <SV = 27> <Delay = 2.43>
ST_28 : Operation 123 [48/71] (2.43ns)   --->   "%empty_40 = readreq i1 @_ssdm_op_ReadReq.m_axi.p1i128, i64 %gmem0_addr, i32 %zext_ln287" [/users/arashs/U280_CRC_Accelerator/src/kernel.cpp:287]   --->   Operation 123 'readreq' 'empty_40' <Predicate = true> <Delay = 2.43> <CoreInst = "m_axi">   --->   Core 121 'm_axi' <Latency = 0> <II = 1> <Delay = 1.00> <Adapter> <Opcode : 'read' 'write' 'readreq' 'writereq' 'writeresp'>

State 29 <SV = 28> <Delay = 2.43>
ST_29 : Operation 124 [47/71] (2.43ns)   --->   "%empty_40 = readreq i1 @_ssdm_op_ReadReq.m_axi.p1i128, i64 %gmem0_addr, i32 %zext_ln287" [/users/arashs/U280_CRC_Accelerator/src/kernel.cpp:287]   --->   Operation 124 'readreq' 'empty_40' <Predicate = true> <Delay = 2.43> <CoreInst = "m_axi">   --->   Core 121 'm_axi' <Latency = 0> <II = 1> <Delay = 1.00> <Adapter> <Opcode : 'read' 'write' 'readreq' 'writereq' 'writeresp'>

State 30 <SV = 29> <Delay = 2.43>
ST_30 : Operation 125 [46/71] (2.43ns)   --->   "%empty_40 = readreq i1 @_ssdm_op_ReadReq.m_axi.p1i128, i64 %gmem0_addr, i32 %zext_ln287" [/users/arashs/U280_CRC_Accelerator/src/kernel.cpp:287]   --->   Operation 125 'readreq' 'empty_40' <Predicate = true> <Delay = 2.43> <CoreInst = "m_axi">   --->   Core 121 'm_axi' <Latency = 0> <II = 1> <Delay = 1.00> <Adapter> <Opcode : 'read' 'write' 'readreq' 'writereq' 'writeresp'>

State 31 <SV = 30> <Delay = 2.43>
ST_31 : Operation 126 [45/71] (2.43ns)   --->   "%empty_40 = readreq i1 @_ssdm_op_ReadReq.m_axi.p1i128, i64 %gmem0_addr, i32 %zext_ln287" [/users/arashs/U280_CRC_Accelerator/src/kernel.cpp:287]   --->   Operation 126 'readreq' 'empty_40' <Predicate = true> <Delay = 2.43> <CoreInst = "m_axi">   --->   Core 121 'm_axi' <Latency = 0> <II = 1> <Delay = 1.00> <Adapter> <Opcode : 'read' 'write' 'readreq' 'writereq' 'writeresp'>

State 32 <SV = 31> <Delay = 2.43>
ST_32 : Operation 127 [44/71] (2.43ns)   --->   "%empty_40 = readreq i1 @_ssdm_op_ReadReq.m_axi.p1i128, i64 %gmem0_addr, i32 %zext_ln287" [/users/arashs/U280_CRC_Accelerator/src/kernel.cpp:287]   --->   Operation 127 'readreq' 'empty_40' <Predicate = true> <Delay = 2.43> <CoreInst = "m_axi">   --->   Core 121 'm_axi' <Latency = 0> <II = 1> <Delay = 1.00> <Adapter> <Opcode : 'read' 'write' 'readreq' 'writereq' 'writeresp'>

State 33 <SV = 32> <Delay = 2.43>
ST_33 : Operation 128 [43/71] (2.43ns)   --->   "%empty_40 = readreq i1 @_ssdm_op_ReadReq.m_axi.p1i128, i64 %gmem0_addr, i32 %zext_ln287" [/users/arashs/U280_CRC_Accelerator/src/kernel.cpp:287]   --->   Operation 128 'readreq' 'empty_40' <Predicate = true> <Delay = 2.43> <CoreInst = "m_axi">   --->   Core 121 'm_axi' <Latency = 0> <II = 1> <Delay = 1.00> <Adapter> <Opcode : 'read' 'write' 'readreq' 'writereq' 'writeresp'>

State 34 <SV = 33> <Delay = 2.43>
ST_34 : Operation 129 [42/71] (2.43ns)   --->   "%empty_40 = readreq i1 @_ssdm_op_ReadReq.m_axi.p1i128, i64 %gmem0_addr, i32 %zext_ln287" [/users/arashs/U280_CRC_Accelerator/src/kernel.cpp:287]   --->   Operation 129 'readreq' 'empty_40' <Predicate = true> <Delay = 2.43> <CoreInst = "m_axi">   --->   Core 121 'm_axi' <Latency = 0> <II = 1> <Delay = 1.00> <Adapter> <Opcode : 'read' 'write' 'readreq' 'writereq' 'writeresp'>

State 35 <SV = 34> <Delay = 2.43>
ST_35 : Operation 130 [41/71] (2.43ns)   --->   "%empty_40 = readreq i1 @_ssdm_op_ReadReq.m_axi.p1i128, i64 %gmem0_addr, i32 %zext_ln287" [/users/arashs/U280_CRC_Accelerator/src/kernel.cpp:287]   --->   Operation 130 'readreq' 'empty_40' <Predicate = true> <Delay = 2.43> <CoreInst = "m_axi">   --->   Core 121 'm_axi' <Latency = 0> <II = 1> <Delay = 1.00> <Adapter> <Opcode : 'read' 'write' 'readreq' 'writereq' 'writeresp'>

State 36 <SV = 35> <Delay = 2.43>
ST_36 : Operation 131 [40/71] (2.43ns)   --->   "%empty_40 = readreq i1 @_ssdm_op_ReadReq.m_axi.p1i128, i64 %gmem0_addr, i32 %zext_ln287" [/users/arashs/U280_CRC_Accelerator/src/kernel.cpp:287]   --->   Operation 131 'readreq' 'empty_40' <Predicate = true> <Delay = 2.43> <CoreInst = "m_axi">   --->   Core 121 'm_axi' <Latency = 0> <II = 1> <Delay = 1.00> <Adapter> <Opcode : 'read' 'write' 'readreq' 'writereq' 'writeresp'>

State 37 <SV = 36> <Delay = 2.43>
ST_37 : Operation 132 [39/71] (2.43ns)   --->   "%empty_40 = readreq i1 @_ssdm_op_ReadReq.m_axi.p1i128, i64 %gmem0_addr, i32 %zext_ln287" [/users/arashs/U280_CRC_Accelerator/src/kernel.cpp:287]   --->   Operation 132 'readreq' 'empty_40' <Predicate = true> <Delay = 2.43> <CoreInst = "m_axi">   --->   Core 121 'm_axi' <Latency = 0> <II = 1> <Delay = 1.00> <Adapter> <Opcode : 'read' 'write' 'readreq' 'writereq' 'writeresp'>

State 38 <SV = 37> <Delay = 2.43>
ST_38 : Operation 133 [38/71] (2.43ns)   --->   "%empty_40 = readreq i1 @_ssdm_op_ReadReq.m_axi.p1i128, i64 %gmem0_addr, i32 %zext_ln287" [/users/arashs/U280_CRC_Accelerator/src/kernel.cpp:287]   --->   Operation 133 'readreq' 'empty_40' <Predicate = true> <Delay = 2.43> <CoreInst = "m_axi">   --->   Core 121 'm_axi' <Latency = 0> <II = 1> <Delay = 1.00> <Adapter> <Opcode : 'read' 'write' 'readreq' 'writereq' 'writeresp'>

State 39 <SV = 38> <Delay = 2.43>
ST_39 : Operation 134 [37/71] (2.43ns)   --->   "%empty_40 = readreq i1 @_ssdm_op_ReadReq.m_axi.p1i128, i64 %gmem0_addr, i32 %zext_ln287" [/users/arashs/U280_CRC_Accelerator/src/kernel.cpp:287]   --->   Operation 134 'readreq' 'empty_40' <Predicate = true> <Delay = 2.43> <CoreInst = "m_axi">   --->   Core 121 'm_axi' <Latency = 0> <II = 1> <Delay = 1.00> <Adapter> <Opcode : 'read' 'write' 'readreq' 'writereq' 'writeresp'>

State 40 <SV = 39> <Delay = 2.43>
ST_40 : Operation 135 [36/71] (2.43ns)   --->   "%empty_40 = readreq i1 @_ssdm_op_ReadReq.m_axi.p1i128, i64 %gmem0_addr, i32 %zext_ln287" [/users/arashs/U280_CRC_Accelerator/src/kernel.cpp:287]   --->   Operation 135 'readreq' 'empty_40' <Predicate = true> <Delay = 2.43> <CoreInst = "m_axi">   --->   Core 121 'm_axi' <Latency = 0> <II = 1> <Delay = 1.00> <Adapter> <Opcode : 'read' 'write' 'readreq' 'writereq' 'writeresp'>

State 41 <SV = 40> <Delay = 2.43>
ST_41 : Operation 136 [35/71] (2.43ns)   --->   "%empty_40 = readreq i1 @_ssdm_op_ReadReq.m_axi.p1i128, i64 %gmem0_addr, i32 %zext_ln287" [/users/arashs/U280_CRC_Accelerator/src/kernel.cpp:287]   --->   Operation 136 'readreq' 'empty_40' <Predicate = true> <Delay = 2.43> <CoreInst = "m_axi">   --->   Core 121 'm_axi' <Latency = 0> <II = 1> <Delay = 1.00> <Adapter> <Opcode : 'read' 'write' 'readreq' 'writereq' 'writeresp'>

State 42 <SV = 41> <Delay = 2.43>
ST_42 : Operation 137 [34/71] (2.43ns)   --->   "%empty_40 = readreq i1 @_ssdm_op_ReadReq.m_axi.p1i128, i64 %gmem0_addr, i32 %zext_ln287" [/users/arashs/U280_CRC_Accelerator/src/kernel.cpp:287]   --->   Operation 137 'readreq' 'empty_40' <Predicate = true> <Delay = 2.43> <CoreInst = "m_axi">   --->   Core 121 'm_axi' <Latency = 0> <II = 1> <Delay = 1.00> <Adapter> <Opcode : 'read' 'write' 'readreq' 'writereq' 'writeresp'>

State 43 <SV = 42> <Delay = 2.43>
ST_43 : Operation 138 [33/71] (2.43ns)   --->   "%empty_40 = readreq i1 @_ssdm_op_ReadReq.m_axi.p1i128, i64 %gmem0_addr, i32 %zext_ln287" [/users/arashs/U280_CRC_Accelerator/src/kernel.cpp:287]   --->   Operation 138 'readreq' 'empty_40' <Predicate = true> <Delay = 2.43> <CoreInst = "m_axi">   --->   Core 121 'm_axi' <Latency = 0> <II = 1> <Delay = 1.00> <Adapter> <Opcode : 'read' 'write' 'readreq' 'writereq' 'writeresp'>

State 44 <SV = 43> <Delay = 2.43>
ST_44 : Operation 139 [32/71] (2.43ns)   --->   "%empty_40 = readreq i1 @_ssdm_op_ReadReq.m_axi.p1i128, i64 %gmem0_addr, i32 %zext_ln287" [/users/arashs/U280_CRC_Accelerator/src/kernel.cpp:287]   --->   Operation 139 'readreq' 'empty_40' <Predicate = true> <Delay = 2.43> <CoreInst = "m_axi">   --->   Core 121 'm_axi' <Latency = 0> <II = 1> <Delay = 1.00> <Adapter> <Opcode : 'read' 'write' 'readreq' 'writereq' 'writeresp'>

State 45 <SV = 44> <Delay = 2.43>
ST_45 : Operation 140 [31/71] (2.43ns)   --->   "%empty_40 = readreq i1 @_ssdm_op_ReadReq.m_axi.p1i128, i64 %gmem0_addr, i32 %zext_ln287" [/users/arashs/U280_CRC_Accelerator/src/kernel.cpp:287]   --->   Operation 140 'readreq' 'empty_40' <Predicate = true> <Delay = 2.43> <CoreInst = "m_axi">   --->   Core 121 'm_axi' <Latency = 0> <II = 1> <Delay = 1.00> <Adapter> <Opcode : 'read' 'write' 'readreq' 'writereq' 'writeresp'>

State 46 <SV = 45> <Delay = 2.43>
ST_46 : Operation 141 [30/71] (2.43ns)   --->   "%empty_40 = readreq i1 @_ssdm_op_ReadReq.m_axi.p1i128, i64 %gmem0_addr, i32 %zext_ln287" [/users/arashs/U280_CRC_Accelerator/src/kernel.cpp:287]   --->   Operation 141 'readreq' 'empty_40' <Predicate = true> <Delay = 2.43> <CoreInst = "m_axi">   --->   Core 121 'm_axi' <Latency = 0> <II = 1> <Delay = 1.00> <Adapter> <Opcode : 'read' 'write' 'readreq' 'writereq' 'writeresp'>

State 47 <SV = 46> <Delay = 2.43>
ST_47 : Operation 142 [29/71] (2.43ns)   --->   "%empty_40 = readreq i1 @_ssdm_op_ReadReq.m_axi.p1i128, i64 %gmem0_addr, i32 %zext_ln287" [/users/arashs/U280_CRC_Accelerator/src/kernel.cpp:287]   --->   Operation 142 'readreq' 'empty_40' <Predicate = true> <Delay = 2.43> <CoreInst = "m_axi">   --->   Core 121 'm_axi' <Latency = 0> <II = 1> <Delay = 1.00> <Adapter> <Opcode : 'read' 'write' 'readreq' 'writereq' 'writeresp'>

State 48 <SV = 47> <Delay = 2.43>
ST_48 : Operation 143 [28/71] (2.43ns)   --->   "%empty_40 = readreq i1 @_ssdm_op_ReadReq.m_axi.p1i128, i64 %gmem0_addr, i32 %zext_ln287" [/users/arashs/U280_CRC_Accelerator/src/kernel.cpp:287]   --->   Operation 143 'readreq' 'empty_40' <Predicate = true> <Delay = 2.43> <CoreInst = "m_axi">   --->   Core 121 'm_axi' <Latency = 0> <II = 1> <Delay = 1.00> <Adapter> <Opcode : 'read' 'write' 'readreq' 'writereq' 'writeresp'>

State 49 <SV = 48> <Delay = 2.43>
ST_49 : Operation 144 [27/71] (2.43ns)   --->   "%empty_40 = readreq i1 @_ssdm_op_ReadReq.m_axi.p1i128, i64 %gmem0_addr, i32 %zext_ln287" [/users/arashs/U280_CRC_Accelerator/src/kernel.cpp:287]   --->   Operation 144 'readreq' 'empty_40' <Predicate = true> <Delay = 2.43> <CoreInst = "m_axi">   --->   Core 121 'm_axi' <Latency = 0> <II = 1> <Delay = 1.00> <Adapter> <Opcode : 'read' 'write' 'readreq' 'writereq' 'writeresp'>

State 50 <SV = 49> <Delay = 2.43>
ST_50 : Operation 145 [26/71] (2.43ns)   --->   "%empty_40 = readreq i1 @_ssdm_op_ReadReq.m_axi.p1i128, i64 %gmem0_addr, i32 %zext_ln287" [/users/arashs/U280_CRC_Accelerator/src/kernel.cpp:287]   --->   Operation 145 'readreq' 'empty_40' <Predicate = true> <Delay = 2.43> <CoreInst = "m_axi">   --->   Core 121 'm_axi' <Latency = 0> <II = 1> <Delay = 1.00> <Adapter> <Opcode : 'read' 'write' 'readreq' 'writereq' 'writeresp'>

State 51 <SV = 50> <Delay = 2.43>
ST_51 : Operation 146 [25/71] (2.43ns)   --->   "%empty_40 = readreq i1 @_ssdm_op_ReadReq.m_axi.p1i128, i64 %gmem0_addr, i32 %zext_ln287" [/users/arashs/U280_CRC_Accelerator/src/kernel.cpp:287]   --->   Operation 146 'readreq' 'empty_40' <Predicate = true> <Delay = 2.43> <CoreInst = "m_axi">   --->   Core 121 'm_axi' <Latency = 0> <II = 1> <Delay = 1.00> <Adapter> <Opcode : 'read' 'write' 'readreq' 'writereq' 'writeresp'>

State 52 <SV = 51> <Delay = 2.43>
ST_52 : Operation 147 [24/71] (2.43ns)   --->   "%empty_40 = readreq i1 @_ssdm_op_ReadReq.m_axi.p1i128, i64 %gmem0_addr, i32 %zext_ln287" [/users/arashs/U280_CRC_Accelerator/src/kernel.cpp:287]   --->   Operation 147 'readreq' 'empty_40' <Predicate = true> <Delay = 2.43> <CoreInst = "m_axi">   --->   Core 121 'm_axi' <Latency = 0> <II = 1> <Delay = 1.00> <Adapter> <Opcode : 'read' 'write' 'readreq' 'writereq' 'writeresp'>

State 53 <SV = 52> <Delay = 2.43>
ST_53 : Operation 148 [23/71] (2.43ns)   --->   "%empty_40 = readreq i1 @_ssdm_op_ReadReq.m_axi.p1i128, i64 %gmem0_addr, i32 %zext_ln287" [/users/arashs/U280_CRC_Accelerator/src/kernel.cpp:287]   --->   Operation 148 'readreq' 'empty_40' <Predicate = true> <Delay = 2.43> <CoreInst = "m_axi">   --->   Core 121 'm_axi' <Latency = 0> <II = 1> <Delay = 1.00> <Adapter> <Opcode : 'read' 'write' 'readreq' 'writereq' 'writeresp'>

State 54 <SV = 53> <Delay = 2.43>
ST_54 : Operation 149 [22/71] (2.43ns)   --->   "%empty_40 = readreq i1 @_ssdm_op_ReadReq.m_axi.p1i128, i64 %gmem0_addr, i32 %zext_ln287" [/users/arashs/U280_CRC_Accelerator/src/kernel.cpp:287]   --->   Operation 149 'readreq' 'empty_40' <Predicate = true> <Delay = 2.43> <CoreInst = "m_axi">   --->   Core 121 'm_axi' <Latency = 0> <II = 1> <Delay = 1.00> <Adapter> <Opcode : 'read' 'write' 'readreq' 'writereq' 'writeresp'>

State 55 <SV = 54> <Delay = 2.43>
ST_55 : Operation 150 [21/71] (2.43ns)   --->   "%empty_40 = readreq i1 @_ssdm_op_ReadReq.m_axi.p1i128, i64 %gmem0_addr, i32 %zext_ln287" [/users/arashs/U280_CRC_Accelerator/src/kernel.cpp:287]   --->   Operation 150 'readreq' 'empty_40' <Predicate = true> <Delay = 2.43> <CoreInst = "m_axi">   --->   Core 121 'm_axi' <Latency = 0> <II = 1> <Delay = 1.00> <Adapter> <Opcode : 'read' 'write' 'readreq' 'writereq' 'writeresp'>

State 56 <SV = 55> <Delay = 2.43>
ST_56 : Operation 151 [20/71] (2.43ns)   --->   "%empty_40 = readreq i1 @_ssdm_op_ReadReq.m_axi.p1i128, i64 %gmem0_addr, i32 %zext_ln287" [/users/arashs/U280_CRC_Accelerator/src/kernel.cpp:287]   --->   Operation 151 'readreq' 'empty_40' <Predicate = true> <Delay = 2.43> <CoreInst = "m_axi">   --->   Core 121 'm_axi' <Latency = 0> <II = 1> <Delay = 1.00> <Adapter> <Opcode : 'read' 'write' 'readreq' 'writereq' 'writeresp'>

State 57 <SV = 56> <Delay = 2.43>
ST_57 : Operation 152 [19/71] (2.43ns)   --->   "%empty_40 = readreq i1 @_ssdm_op_ReadReq.m_axi.p1i128, i64 %gmem0_addr, i32 %zext_ln287" [/users/arashs/U280_CRC_Accelerator/src/kernel.cpp:287]   --->   Operation 152 'readreq' 'empty_40' <Predicate = true> <Delay = 2.43> <CoreInst = "m_axi">   --->   Core 121 'm_axi' <Latency = 0> <II = 1> <Delay = 1.00> <Adapter> <Opcode : 'read' 'write' 'readreq' 'writereq' 'writeresp'>

State 58 <SV = 57> <Delay = 2.43>
ST_58 : Operation 153 [18/71] (2.43ns)   --->   "%empty_40 = readreq i1 @_ssdm_op_ReadReq.m_axi.p1i128, i64 %gmem0_addr, i32 %zext_ln287" [/users/arashs/U280_CRC_Accelerator/src/kernel.cpp:287]   --->   Operation 153 'readreq' 'empty_40' <Predicate = true> <Delay = 2.43> <CoreInst = "m_axi">   --->   Core 121 'm_axi' <Latency = 0> <II = 1> <Delay = 1.00> <Adapter> <Opcode : 'read' 'write' 'readreq' 'writereq' 'writeresp'>

State 59 <SV = 58> <Delay = 2.43>
ST_59 : Operation 154 [17/71] (2.43ns)   --->   "%empty_40 = readreq i1 @_ssdm_op_ReadReq.m_axi.p1i128, i64 %gmem0_addr, i32 %zext_ln287" [/users/arashs/U280_CRC_Accelerator/src/kernel.cpp:287]   --->   Operation 154 'readreq' 'empty_40' <Predicate = true> <Delay = 2.43> <CoreInst = "m_axi">   --->   Core 121 'm_axi' <Latency = 0> <II = 1> <Delay = 1.00> <Adapter> <Opcode : 'read' 'write' 'readreq' 'writereq' 'writeresp'>

State 60 <SV = 59> <Delay = 2.43>
ST_60 : Operation 155 [16/71] (2.43ns)   --->   "%empty_40 = readreq i1 @_ssdm_op_ReadReq.m_axi.p1i128, i64 %gmem0_addr, i32 %zext_ln287" [/users/arashs/U280_CRC_Accelerator/src/kernel.cpp:287]   --->   Operation 155 'readreq' 'empty_40' <Predicate = true> <Delay = 2.43> <CoreInst = "m_axi">   --->   Core 121 'm_axi' <Latency = 0> <II = 1> <Delay = 1.00> <Adapter> <Opcode : 'read' 'write' 'readreq' 'writereq' 'writeresp'>

State 61 <SV = 60> <Delay = 2.43>
ST_61 : Operation 156 [15/71] (2.43ns)   --->   "%empty_40 = readreq i1 @_ssdm_op_ReadReq.m_axi.p1i128, i64 %gmem0_addr, i32 %zext_ln287" [/users/arashs/U280_CRC_Accelerator/src/kernel.cpp:287]   --->   Operation 156 'readreq' 'empty_40' <Predicate = true> <Delay = 2.43> <CoreInst = "m_axi">   --->   Core 121 'm_axi' <Latency = 0> <II = 1> <Delay = 1.00> <Adapter> <Opcode : 'read' 'write' 'readreq' 'writereq' 'writeresp'>

State 62 <SV = 61> <Delay = 2.43>
ST_62 : Operation 157 [14/71] (2.43ns)   --->   "%empty_40 = readreq i1 @_ssdm_op_ReadReq.m_axi.p1i128, i64 %gmem0_addr, i32 %zext_ln287" [/users/arashs/U280_CRC_Accelerator/src/kernel.cpp:287]   --->   Operation 157 'readreq' 'empty_40' <Predicate = true> <Delay = 2.43> <CoreInst = "m_axi">   --->   Core 121 'm_axi' <Latency = 0> <II = 1> <Delay = 1.00> <Adapter> <Opcode : 'read' 'write' 'readreq' 'writereq' 'writeresp'>

State 63 <SV = 62> <Delay = 2.43>
ST_63 : Operation 158 [13/71] (2.43ns)   --->   "%empty_40 = readreq i1 @_ssdm_op_ReadReq.m_axi.p1i128, i64 %gmem0_addr, i32 %zext_ln287" [/users/arashs/U280_CRC_Accelerator/src/kernel.cpp:287]   --->   Operation 158 'readreq' 'empty_40' <Predicate = true> <Delay = 2.43> <CoreInst = "m_axi">   --->   Core 121 'm_axi' <Latency = 0> <II = 1> <Delay = 1.00> <Adapter> <Opcode : 'read' 'write' 'readreq' 'writereq' 'writeresp'>

State 64 <SV = 63> <Delay = 2.43>
ST_64 : Operation 159 [12/71] (2.43ns)   --->   "%empty_40 = readreq i1 @_ssdm_op_ReadReq.m_axi.p1i128, i64 %gmem0_addr, i32 %zext_ln287" [/users/arashs/U280_CRC_Accelerator/src/kernel.cpp:287]   --->   Operation 159 'readreq' 'empty_40' <Predicate = true> <Delay = 2.43> <CoreInst = "m_axi">   --->   Core 121 'm_axi' <Latency = 0> <II = 1> <Delay = 1.00> <Adapter> <Opcode : 'read' 'write' 'readreq' 'writereq' 'writeresp'>

State 65 <SV = 64> <Delay = 2.43>
ST_65 : Operation 160 [11/71] (2.43ns)   --->   "%empty_40 = readreq i1 @_ssdm_op_ReadReq.m_axi.p1i128, i64 %gmem0_addr, i32 %zext_ln287" [/users/arashs/U280_CRC_Accelerator/src/kernel.cpp:287]   --->   Operation 160 'readreq' 'empty_40' <Predicate = true> <Delay = 2.43> <CoreInst = "m_axi">   --->   Core 121 'm_axi' <Latency = 0> <II = 1> <Delay = 1.00> <Adapter> <Opcode : 'read' 'write' 'readreq' 'writereq' 'writeresp'>

State 66 <SV = 65> <Delay = 2.43>
ST_66 : Operation 161 [10/71] (2.43ns)   --->   "%empty_40 = readreq i1 @_ssdm_op_ReadReq.m_axi.p1i128, i64 %gmem0_addr, i32 %zext_ln287" [/users/arashs/U280_CRC_Accelerator/src/kernel.cpp:287]   --->   Operation 161 'readreq' 'empty_40' <Predicate = true> <Delay = 2.43> <CoreInst = "m_axi">   --->   Core 121 'm_axi' <Latency = 0> <II = 1> <Delay = 1.00> <Adapter> <Opcode : 'read' 'write' 'readreq' 'writereq' 'writeresp'>

State 67 <SV = 66> <Delay = 2.43>
ST_67 : Operation 162 [9/71] (2.43ns)   --->   "%empty_40 = readreq i1 @_ssdm_op_ReadReq.m_axi.p1i128, i64 %gmem0_addr, i32 %zext_ln287" [/users/arashs/U280_CRC_Accelerator/src/kernel.cpp:287]   --->   Operation 162 'readreq' 'empty_40' <Predicate = true> <Delay = 2.43> <CoreInst = "m_axi">   --->   Core 121 'm_axi' <Latency = 0> <II = 1> <Delay = 1.00> <Adapter> <Opcode : 'read' 'write' 'readreq' 'writereq' 'writeresp'>

State 68 <SV = 67> <Delay = 2.43>
ST_68 : Operation 163 [8/71] (2.43ns)   --->   "%empty_40 = readreq i1 @_ssdm_op_ReadReq.m_axi.p1i128, i64 %gmem0_addr, i32 %zext_ln287" [/users/arashs/U280_CRC_Accelerator/src/kernel.cpp:287]   --->   Operation 163 'readreq' 'empty_40' <Predicate = true> <Delay = 2.43> <CoreInst = "m_axi">   --->   Core 121 'm_axi' <Latency = 0> <II = 1> <Delay = 1.00> <Adapter> <Opcode : 'read' 'write' 'readreq' 'writereq' 'writeresp'>

State 69 <SV = 68> <Delay = 2.43>
ST_69 : Operation 164 [7/71] (2.43ns)   --->   "%empty_40 = readreq i1 @_ssdm_op_ReadReq.m_axi.p1i128, i64 %gmem0_addr, i32 %zext_ln287" [/users/arashs/U280_CRC_Accelerator/src/kernel.cpp:287]   --->   Operation 164 'readreq' 'empty_40' <Predicate = true> <Delay = 2.43> <CoreInst = "m_axi">   --->   Core 121 'm_axi' <Latency = 0> <II = 1> <Delay = 1.00> <Adapter> <Opcode : 'read' 'write' 'readreq' 'writereq' 'writeresp'>

State 70 <SV = 69> <Delay = 2.43>
ST_70 : Operation 165 [6/71] (2.43ns)   --->   "%empty_40 = readreq i1 @_ssdm_op_ReadReq.m_axi.p1i128, i64 %gmem0_addr, i32 %zext_ln287" [/users/arashs/U280_CRC_Accelerator/src/kernel.cpp:287]   --->   Operation 165 'readreq' 'empty_40' <Predicate = true> <Delay = 2.43> <CoreInst = "m_axi">   --->   Core 121 'm_axi' <Latency = 0> <II = 1> <Delay = 1.00> <Adapter> <Opcode : 'read' 'write' 'readreq' 'writereq' 'writeresp'>

State 71 <SV = 70> <Delay = 2.43>
ST_71 : Operation 166 [5/71] (2.43ns)   --->   "%empty_40 = readreq i1 @_ssdm_op_ReadReq.m_axi.p1i128, i64 %gmem0_addr, i32 %zext_ln287" [/users/arashs/U280_CRC_Accelerator/src/kernel.cpp:287]   --->   Operation 166 'readreq' 'empty_40' <Predicate = true> <Delay = 2.43> <CoreInst = "m_axi">   --->   Core 121 'm_axi' <Latency = 0> <II = 1> <Delay = 1.00> <Adapter> <Opcode : 'read' 'write' 'readreq' 'writereq' 'writeresp'>

State 72 <SV = 71> <Delay = 2.43>
ST_72 : Operation 167 [4/71] (2.43ns)   --->   "%empty_40 = readreq i1 @_ssdm_op_ReadReq.m_axi.p1i128, i64 %gmem0_addr, i32 %zext_ln287" [/users/arashs/U280_CRC_Accelerator/src/kernel.cpp:287]   --->   Operation 167 'readreq' 'empty_40' <Predicate = true> <Delay = 2.43> <CoreInst = "m_axi">   --->   Core 121 'm_axi' <Latency = 0> <II = 1> <Delay = 1.00> <Adapter> <Opcode : 'read' 'write' 'readreq' 'writereq' 'writeresp'>

State 73 <SV = 72> <Delay = 2.43>
ST_73 : Operation 168 [3/71] (2.43ns)   --->   "%empty_40 = readreq i1 @_ssdm_op_ReadReq.m_axi.p1i128, i64 %gmem0_addr, i32 %zext_ln287" [/users/arashs/U280_CRC_Accelerator/src/kernel.cpp:287]   --->   Operation 168 'readreq' 'empty_40' <Predicate = true> <Delay = 2.43> <CoreInst = "m_axi">   --->   Core 121 'm_axi' <Latency = 0> <II = 1> <Delay = 1.00> <Adapter> <Opcode : 'read' 'write' 'readreq' 'writereq' 'writeresp'>

State 74 <SV = 73> <Delay = 2.43>
ST_74 : Operation 169 [2/71] (2.43ns)   --->   "%empty_40 = readreq i1 @_ssdm_op_ReadReq.m_axi.p1i128, i64 %gmem0_addr, i32 %zext_ln287" [/users/arashs/U280_CRC_Accelerator/src/kernel.cpp:287]   --->   Operation 169 'readreq' 'empty_40' <Predicate = true> <Delay = 2.43> <CoreInst = "m_axi">   --->   Core 121 'm_axi' <Latency = 0> <II = 1> <Delay = 1.00> <Adapter> <Opcode : 'read' 'write' 'readreq' 'writereq' 'writeresp'>

State 75 <SV = 74> <Delay = 2.43>
ST_75 : Operation 170 [1/71] (2.43ns)   --->   "%empty_40 = readreq i1 @_ssdm_op_ReadReq.m_axi.p1i128, i64 %gmem0_addr, i32 %zext_ln287" [/users/arashs/U280_CRC_Accelerator/src/kernel.cpp:287]   --->   Operation 170 'readreq' 'empty_40' <Predicate = true> <Delay = 2.43> <CoreInst = "m_axi">   --->   Core 121 'm_axi' <Latency = 0> <II = 1> <Delay = 1.00> <Adapter> <Opcode : 'read' 'write' 'readreq' 'writereq' 'writeresp'>

State 76 <SV = 75> <Delay = 1.24>
ST_76 : Operation 171 [1/1] (0.00ns)   --->   "%empty_41 = wait i32 @_ssdm_op_Wait"   --->   Operation 171 'wait' 'empty_41' <Predicate = true> <Delay = 0.00>
ST_76 : Operation 172 [2/2] (1.24ns)   --->   "%call_ln287 = call void @read_input_Pipeline_mem_rd, i128 %gmem0, i60 %trunc_ln1, i29 %loop_count, i8 %inByte0, i8 %inByte1, i8 %inByte2, i8 %inByte3, i8 %inByte4, i8 %inByte5, i8 %inByte6, i8 %inByte7, i8 %inByte8, i8 %inByte9, i8 %inByte10, i8 %inByte11, i8 %inByte12, i8 %inByte13, i8 %inByte14, i8 %inByte15" [/users/arashs/U280_CRC_Accelerator/src/kernel.cpp:287]   --->   Operation 172 'call' 'call_ln287' <Predicate = true> <Delay = 1.24> <CoreType = "Generic">   --->   Core 0 '' <Latency = 0> <II = 1> <Delay = 1.00> <Generic> <Opcode : >

State 77 <SV = 76> <Delay = 0.00>
ST_77 : Operation 173 [1/1] (0.00ns)   --->   "%specinterface_ln0 = specinterface void @_ssdm_op_SpecInterface, i32 %chunkSize_c, void @ap_fifo_str, i32 0, i32 0, void @p_str, i32 0, i32 0, void @p_str, void @p_str, void @p_str, i32 2, i32 2, i32 16, i32 16, void @p_str, void @ScalarProp_str, i32 4294967295, i32 0"   --->   Operation 173 'specinterface' 'specinterface_ln0' <Predicate = true> <Delay = 0.00>
ST_77 : Operation 174 [1/1] (0.00ns)   --->   "%specinterface_ln0 = specinterface void @_ssdm_op_SpecInterface, i32 %numChunks_c12, void @ap_fifo_str, i32 0, i32 0, void @p_str, i32 0, i32 0, void @p_str, void @p_str, void @p_str, i32 2, i32 2, i32 16, i32 16, void @p_str, void @ScalarProp_str, i32 4294967295, i32 0"   --->   Operation 174 'specinterface' 'specinterface_ln0' <Predicate = true> <Delay = 0.00>
ST_77 : Operation 175 [1/1] (0.00ns)   --->   "%specinterface_ln0 = specinterface void @_ssdm_op_SpecInterface, i8 %inByte15, void @empty_5, i32 0, i32 0, void @empty_18, i32 0, i32 0, void @empty_18, void @empty_18, void @empty_18, i32 0, i32 0, i32 0, i32 0, void @empty_18, void @empty_18, i32 4294967295, i32 0"   --->   Operation 175 'specinterface' 'specinterface_ln0' <Predicate = true> <Delay = 0.00>
ST_77 : Operation 176 [1/1] (0.00ns)   --->   "%specinterface_ln0 = specinterface void @_ssdm_op_SpecInterface, i8 %inByte14, void @empty_5, i32 0, i32 0, void @empty_18, i32 0, i32 0, void @empty_18, void @empty_18, void @empty_18, i32 0, i32 0, i32 0, i32 0, void @empty_18, void @empty_18, i32 4294967295, i32 0"   --->   Operation 176 'specinterface' 'specinterface_ln0' <Predicate = true> <Delay = 0.00>
ST_77 : Operation 177 [1/1] (0.00ns)   --->   "%specinterface_ln0 = specinterface void @_ssdm_op_SpecInterface, i8 %inByte13, void @empty_5, i32 0, i32 0, void @empty_18, i32 0, i32 0, void @empty_18, void @empty_18, void @empty_18, i32 0, i32 0, i32 0, i32 0, void @empty_18, void @empty_18, i32 4294967295, i32 0"   --->   Operation 177 'specinterface' 'specinterface_ln0' <Predicate = true> <Delay = 0.00>
ST_77 : Operation 178 [1/1] (0.00ns)   --->   "%specinterface_ln0 = specinterface void @_ssdm_op_SpecInterface, i8 %inByte12, void @empty_5, i32 0, i32 0, void @empty_18, i32 0, i32 0, void @empty_18, void @empty_18, void @empty_18, i32 0, i32 0, i32 0, i32 0, void @empty_18, void @empty_18, i32 4294967295, i32 0"   --->   Operation 178 'specinterface' 'specinterface_ln0' <Predicate = true> <Delay = 0.00>
ST_77 : Operation 179 [1/1] (0.00ns)   --->   "%specinterface_ln0 = specinterface void @_ssdm_op_SpecInterface, i8 %inByte11, void @empty_5, i32 0, i32 0, void @empty_18, i32 0, i32 0, void @empty_18, void @empty_18, void @empty_18, i32 0, i32 0, i32 0, i32 0, void @empty_18, void @empty_18, i32 4294967295, i32 0"   --->   Operation 179 'specinterface' 'specinterface_ln0' <Predicate = true> <Delay = 0.00>
ST_77 : Operation 180 [1/1] (0.00ns)   --->   "%specinterface_ln0 = specinterface void @_ssdm_op_SpecInterface, i8 %inByte10, void @empty_5, i32 0, i32 0, void @empty_18, i32 0, i32 0, void @empty_18, void @empty_18, void @empty_18, i32 0, i32 0, i32 0, i32 0, void @empty_18, void @empty_18, i32 4294967295, i32 0"   --->   Operation 180 'specinterface' 'specinterface_ln0' <Predicate = true> <Delay = 0.00>
ST_77 : Operation 181 [1/1] (0.00ns)   --->   "%specinterface_ln0 = specinterface void @_ssdm_op_SpecInterface, i8 %inByte9, void @empty_5, i32 0, i32 0, void @empty_18, i32 0, i32 0, void @empty_18, void @empty_18, void @empty_18, i32 0, i32 0, i32 0, i32 0, void @empty_18, void @empty_18, i32 4294967295, i32 0"   --->   Operation 181 'specinterface' 'specinterface_ln0' <Predicate = true> <Delay = 0.00>
ST_77 : Operation 182 [1/1] (0.00ns)   --->   "%specinterface_ln0 = specinterface void @_ssdm_op_SpecInterface, i8 %inByte8, void @empty_5, i32 0, i32 0, void @empty_18, i32 0, i32 0, void @empty_18, void @empty_18, void @empty_18, i32 0, i32 0, i32 0, i32 0, void @empty_18, void @empty_18, i32 4294967295, i32 0"   --->   Operation 182 'specinterface' 'specinterface_ln0' <Predicate = true> <Delay = 0.00>
ST_77 : Operation 183 [1/1] (0.00ns)   --->   "%specinterface_ln0 = specinterface void @_ssdm_op_SpecInterface, i8 %inByte7, void @empty_5, i32 0, i32 0, void @empty_18, i32 0, i32 0, void @empty_18, void @empty_18, void @empty_18, i32 0, i32 0, i32 0, i32 0, void @empty_18, void @empty_18, i32 4294967295, i32 0"   --->   Operation 183 'specinterface' 'specinterface_ln0' <Predicate = true> <Delay = 0.00>
ST_77 : Operation 184 [1/1] (0.00ns)   --->   "%specinterface_ln0 = specinterface void @_ssdm_op_SpecInterface, i8 %inByte6, void @empty_5, i32 0, i32 0, void @empty_18, i32 0, i32 0, void @empty_18, void @empty_18, void @empty_18, i32 0, i32 0, i32 0, i32 0, void @empty_18, void @empty_18, i32 4294967295, i32 0"   --->   Operation 184 'specinterface' 'specinterface_ln0' <Predicate = true> <Delay = 0.00>
ST_77 : Operation 185 [1/1] (0.00ns)   --->   "%specinterface_ln0 = specinterface void @_ssdm_op_SpecInterface, i8 %inByte5, void @empty_5, i32 0, i32 0, void @empty_18, i32 0, i32 0, void @empty_18, void @empty_18, void @empty_18, i32 0, i32 0, i32 0, i32 0, void @empty_18, void @empty_18, i32 4294967295, i32 0"   --->   Operation 185 'specinterface' 'specinterface_ln0' <Predicate = true> <Delay = 0.00>
ST_77 : Operation 186 [1/1] (0.00ns)   --->   "%specinterface_ln0 = specinterface void @_ssdm_op_SpecInterface, i8 %inByte4, void @empty_5, i32 0, i32 0, void @empty_18, i32 0, i32 0, void @empty_18, void @empty_18, void @empty_18, i32 0, i32 0, i32 0, i32 0, void @empty_18, void @empty_18, i32 4294967295, i32 0"   --->   Operation 186 'specinterface' 'specinterface_ln0' <Predicate = true> <Delay = 0.00>
ST_77 : Operation 187 [1/1] (0.00ns)   --->   "%specinterface_ln0 = specinterface void @_ssdm_op_SpecInterface, i8 %inByte3, void @empty_5, i32 0, i32 0, void @empty_18, i32 0, i32 0, void @empty_18, void @empty_18, void @empty_18, i32 0, i32 0, i32 0, i32 0, void @empty_18, void @empty_18, i32 4294967295, i32 0"   --->   Operation 187 'specinterface' 'specinterface_ln0' <Predicate = true> <Delay = 0.00>
ST_77 : Operation 188 [1/1] (0.00ns)   --->   "%specinterface_ln0 = specinterface void @_ssdm_op_SpecInterface, i8 %inByte2, void @empty_5, i32 0, i32 0, void @empty_18, i32 0, i32 0, void @empty_18, void @empty_18, void @empty_18, i32 0, i32 0, i32 0, i32 0, void @empty_18, void @empty_18, i32 4294967295, i32 0"   --->   Operation 188 'specinterface' 'specinterface_ln0' <Predicate = true> <Delay = 0.00>
ST_77 : Operation 189 [1/1] (0.00ns)   --->   "%specinterface_ln0 = specinterface void @_ssdm_op_SpecInterface, i8 %inByte1, void @empty_5, i32 0, i32 0, void @empty_18, i32 0, i32 0, void @empty_18, void @empty_18, void @empty_18, i32 0, i32 0, i32 0, i32 0, void @empty_18, void @empty_18, i32 4294967295, i32 0"   --->   Operation 189 'specinterface' 'specinterface_ln0' <Predicate = true> <Delay = 0.00>
ST_77 : Operation 190 [1/1] (0.00ns)   --->   "%specinterface_ln0 = specinterface void @_ssdm_op_SpecInterface, i8 %inByte0, void @empty_5, i32 0, i32 0, void @empty_18, i32 0, i32 0, void @empty_18, void @empty_18, void @empty_18, i32 0, i32 0, i32 0, i32 0, void @empty_18, void @empty_18, i32 4294967295, i32 0"   --->   Operation 190 'specinterface' 'specinterface_ln0' <Predicate = true> <Delay = 0.00>
ST_77 : Operation 191 [1/1] (0.00ns)   --->   "%specinterface_ln0 = specinterface void @_ssdm_op_SpecInterface, i128 %gmem0, void @empty_17, i32 0, i32 0, void @empty_18, i32 64, i32 1024, void @empty_19, void @empty_4, void @empty_18, i32 16, i32 16, i32 16, i32 16, void @empty_18, void @empty_18, i32 4294967295, i32 0"   --->   Operation 191 'specinterface' 'specinterface_ln0' <Predicate = true> <Delay = 0.00>
ST_77 : Operation 192 [1/2] (0.00ns)   --->   "%call_ln287 = call void @read_input_Pipeline_mem_rd, i128 %gmem0, i60 %trunc_ln1, i29 %loop_count, i8 %inByte0, i8 %inByte1, i8 %inByte2, i8 %inByte3, i8 %inByte4, i8 %inByte5, i8 %inByte6, i8 %inByte7, i8 %inByte8, i8 %inByte9, i8 %inByte10, i8 %inByte11, i8 %inByte12, i8 %inByte13, i8 %inByte14, i8 %inByte15" [/users/arashs/U280_CRC_Accelerator/src/kernel.cpp:287]   --->   Operation 192 'call' 'call_ln287' <Predicate = true> <Delay = 0.00> <CoreType = "Generic">   --->   Core 0 '' <Latency = 0> <II = 1> <Delay = 1.00> <Generic> <Opcode : >
ST_77 : Operation 193 [1/1] (0.00ns)   --->   "%ret_ln308 = ret" [/users/arashs/U280_CRC_Accelerator/src/kernel.cpp:308]   --->   Operation 193 'ret' 'ret_ln308' <Predicate = true> <Delay = 0.00>


============================================================
+ Verbose Summary: Binding
============================================================
STG Binding: 
---------------- STG Properties BEGIN ----------------
- Is combinational: 0
- Is one-state seq: 0
- Is datapath-only: 0
- Is pipelined: 0
- Is top level: 0
Port [ Return ] is wired: 1; IO mode=ap_ctrl_hs:ce=0
Port [ gmem0]:  wired=1; compound=1; hidden=0; nouse=0; global=0; static=0; extern=0; dir=0; type=4; pingpong=0; private_global=0; IO mode=m_axi:ce=0
Port [ in_r]:  wired=1; compound=0; hidden=0; nouse=0; global=0; static=0; extern=0; dir=0; type=0; pingpong=0; private_global=0; IO mode=ap_none:ce=0
Port [ inByte0]:  wired=1; compound=1; hidden=0; nouse=0; global=0; static=0; extern=0; dir=1; type=3; pingpong=0; private_global=0; IO mode=ap_fifo:ce=0
Port [ inByte1]:  wired=1; compound=1; hidden=0; nouse=0; global=0; static=0; extern=0; dir=1; type=3; pingpong=0; private_global=0; IO mode=ap_fifo:ce=0
Port [ inByte2]:  wired=1; compound=1; hidden=0; nouse=0; global=0; static=0; extern=0; dir=1; type=3; pingpong=0; private_global=0; IO mode=ap_fifo:ce=0
Port [ inByte3]:  wired=1; compound=1; hidden=0; nouse=0; global=0; static=0; extern=0; dir=1; type=3; pingpong=0; private_global=0; IO mode=ap_fifo:ce=0
Port [ inByte4]:  wired=1; compound=1; hidden=0; nouse=0; global=0; static=0; extern=0; dir=1; type=3; pingpong=0; private_global=0; IO mode=ap_fifo:ce=0
Port [ inByte5]:  wired=1; compound=1; hidden=0; nouse=0; global=0; static=0; extern=0; dir=1; type=3; pingpong=0; private_global=0; IO mode=ap_fifo:ce=0
Port [ inByte6]:  wired=1; compound=1; hidden=0; nouse=0; global=0; static=0; extern=0; dir=1; type=3; pingpong=0; private_global=0; IO mode=ap_fifo:ce=0
Port [ inByte7]:  wired=1; compound=1; hidden=0; nouse=0; global=0; static=0; extern=0; dir=1; type=3; pingpong=0; private_global=0; IO mode=ap_fifo:ce=0
Port [ inByte8]:  wired=1; compound=1; hidden=0; nouse=0; global=0; static=0; extern=0; dir=1; type=3; pingpong=0; private_global=0; IO mode=ap_fifo:ce=0
Port [ inByte9]:  wired=1; compound=1; hidden=0; nouse=0; global=0; static=0; extern=0; dir=1; type=3; pingpong=0; private_global=0; IO mode=ap_fifo:ce=0
Port [ inByte10]:  wired=1; compound=1; hidden=0; nouse=0; global=0; static=0; extern=0; dir=1; type=3; pingpong=0; private_global=0; IO mode=ap_fifo:ce=0
Port [ inByte11]:  wired=1; compound=1; hidden=0; nouse=0; global=0; static=0; extern=0; dir=1; type=3; pingpong=0; private_global=0; IO mode=ap_fifo:ce=0
Port [ inByte12]:  wired=1; compound=1; hidden=0; nouse=0; global=0; static=0; extern=0; dir=1; type=3; pingpong=0; private_global=0; IO mode=ap_fifo:ce=0
Port [ inByte13]:  wired=1; compound=1; hidden=0; nouse=0; global=0; static=0; extern=0; dir=1; type=3; pingpong=0; private_global=0; IO mode=ap_fifo:ce=0
Port [ inByte14]:  wired=1; compound=1; hidden=0; nouse=0; global=0; static=0; extern=0; dir=1; type=3; pingpong=0; private_global=0; IO mode=ap_fifo:ce=0
Port [ inByte15]:  wired=1; compound=1; hidden=0; nouse=0; global=0; static=0; extern=0; dir=1; type=3; pingpong=0; private_global=0; IO mode=ap_fifo:ce=0
Port [ numChunks]:  wired=1; compound=0; hidden=0; nouse=0; global=0; static=0; extern=0; dir=0; type=0; pingpong=0; private_global=0; IO mode=ap_none:ce=0
Port [ chunkSize]:  wired=1; compound=0; hidden=0; nouse=0; global=0; static=0; extern=0; dir=0; type=0; pingpong=0; private_global=0; IO mode=ap_none:ce=0
Port [ numChunks_c12]:  wired=1; compound=1; hidden=0; nouse=0; global=0; static=0; extern=0; dir=1; type=3; pingpong=0; private_global=0; IO mode=ap_fifo:ce=0
Port [ chunkSize_c]:  wired=1; compound=1; hidden=0; nouse=0; global=0; static=0; extern=0; dir=1; type=3; pingpong=0; private_global=0; IO mode=ap_fifo:ce=0
---------------- STG Properties END ------------------

---------------- Datapath Model BEGIN ----------------

<LifeTime>
<method=bitvector/>
chunkSize_read    (read         ) [ 001000000000000000000000000000000000000000000000000000000000000000000000000000]
numChunks_read    (read         ) [ 001000000000000000000000000000000000000000000000000000000000000000000000000000]
write_ln0         (write        ) [ 000000000000000000000000000000000000000000000000000000000000000000000000000000]
write_ln0         (write        ) [ 000000000000000000000000000000000000000000000000000000000000000000000000000000]
total_bytes       (mul          ) [ 000100000000000000000000000000000000000000000000000000000000000000000000000000]
tmp               (bitselect    ) [ 000110000000000000000000000000000000000000000000000000000000000000000000000000]
trunc_ln283_2     (partselect   ) [ 000110000000000000000000000000000000000000000000000000000000000000000000000000]
sub_ln283         (sub          ) [ 000000000000000000000000000000000000000000000000000000000000000000000000000000]
trunc_ln283_1     (partselect   ) [ 000010000000000000000000000000000000000000000000000000000000000000000000000000]
zext_ln283        (zext         ) [ 000000000000000000000000000000000000000000000000000000000000000000000000000000]
sub_ln283_1       (sub          ) [ 000000000000000000000000000000000000000000000000000000000000000000000000000000]
zext_ln283_1      (zext         ) [ 000000000000000000000000000000000000000000000000000000000000000000000000000000]
loop_count        (select       ) [ 000001111111111111111111111111111111111111111111111111111111111111111111111111]
trunc_ln283       (trunc        ) [ 000000000000000000000000000000000000000000000000000000000000000000000000000000]
icmp_ln287        (icmp         ) [ 000000000000000000000000000000000000000000000000000000000000000000000000000000]
empty             (select       ) [ 000001000000000000000000000000000000000000000000000000000000000000000000000000]
in_read           (read         ) [ 000000000000000000000000000000000000000000000000000000000000000000000000000000]
trunc_ln1         (partselect   ) [ 000000111111111111111111111111111111111111111111111111111111111111111111111111]
sext_ln287        (sext         ) [ 000000000000000000000000000000000000000000000000000000000000000000000000000000]
gmem0_addr        (getelementptr) [ 000000111111111111111111111111111111111111111111111111111111111111111111111100]
zext_ln287        (zext         ) [ 000000111111111111111111111111111111111111111111111111111111111111111111111100]
empty_40          (readreq      ) [ 000000000000000000000000000000000000000000000000000000000000000000000000000000]
empty_41          (wait         ) [ 000000000000000000000000000000000000000000000000000000000000000000000000000000]
specinterface_ln0 (specinterface) [ 000000000000000000000000000000000000000000000000000000000000000000000000000000]
specinterface_ln0 (specinterface) [ 000000000000000000000000000000000000000000000000000000000000000000000000000000]
specinterface_ln0 (specinterface) [ 000000000000000000000000000000000000000000000000000000000000000000000000000000]
specinterface_ln0 (specinterface) [ 000000000000000000000000000000000000000000000000000000000000000000000000000000]
specinterface_ln0 (specinterface) [ 000000000000000000000000000000000000000000000000000000000000000000000000000000]
specinterface_ln0 (specinterface) [ 000000000000000000000000000000000000000000000000000000000000000000000000000000]
specinterface_ln0 (specinterface) [ 000000000000000000000000000000000000000000000000000000000000000000000000000000]
specinterface_ln0 (specinterface) [ 000000000000000000000000000000000000000000000000000000000000000000000000000000]
specinterface_ln0 (specinterface) [ 000000000000000000000000000000000000000000000000000000000000000000000000000000]
specinterface_ln0 (specinterface) [ 000000000000000000000000000000000000000000000000000000000000000000000000000000]
specinterface_ln0 (specinterface) [ 000000000000000000000000000000000000000000000000000000000000000000000000000000]
specinterface_ln0 (specinterface) [ 000000000000000000000000000000000000000000000000000000000000000000000000000000]
specinterface_ln0 (specinterface) [ 000000000000000000000000000000000000000000000000000000000000000000000000000000]
specinterface_ln0 (specinterface) [ 000000000000000000000000000000000000000000000000000000000000000000000000000000]
specinterface_ln0 (specinterface) [ 000000000000000000000000000000000000000000000000000000000000000000000000000000]
specinterface_ln0 (specinterface) [ 000000000000000000000000000000000000000000000000000000000000000000000000000000]
specinterface_ln0 (specinterface) [ 000000000000000000000000000000000000000000000000000000000000000000000000000000]
specinterface_ln0 (specinterface) [ 000000000000000000000000000000000000000000000000000000000000000000000000000000]
specinterface_ln0 (specinterface) [ 000000000000000000000000000000000000000000000000000000000000000000000000000000]
call_ln287        (call         ) [ 000000000000000000000000000000000000000000000000000000000000000000000000000000]
ret_ln308         (ret          ) [ 000000000000000000000000000000000000000000000000000000000000000000000000000000]
</LifeTime>

<model>

<comp_list>
<comp id="0" class="1000" name="gmem0">
<pin_list>
<pin id="1" dir="1" index="0" bw="1" slack="0"/>
</pin_list>
<bind>
<StgValue><ssdm name="gmem0"/></StgValue>
</bind>
</comp>

<comp id="2" class="1000" name="in_r">
<pin_list>
<pin id="3" dir="1" index="0" bw="1" slack="0"/>
</pin_list>
<bind>
<StgValue><ssdm name="in_r"/></StgValue>
</bind>
</comp>

<comp id="4" class="1000" name="inByte0">
<pin_list>
<pin id="5" dir="1" index="0" bw="1" slack="0"/>
</pin_list>
<bind>
<StgValue><ssdm name="inByte0"/></StgValue>
</bind>
</comp>

<comp id="6" class="1000" name="inByte1">
<pin_list>
<pin id="7" dir="1" index="0" bw="1" slack="0"/>
</pin_list>
<bind>
<StgValue><ssdm name="inByte1"/></StgValue>
</bind>
</comp>

<comp id="8" class="1000" name="inByte2">
<pin_list>
<pin id="9" dir="1" index="0" bw="1" slack="0"/>
</pin_list>
<bind>
<StgValue><ssdm name="inByte2"/></StgValue>
</bind>
</comp>

<comp id="10" class="1000" name="inByte3">
<pin_list>
<pin id="11" dir="1" index="0" bw="1" slack="0"/>
</pin_list>
<bind>
<StgValue><ssdm name="inByte3"/></StgValue>
</bind>
</comp>

<comp id="12" class="1000" name="inByte4">
<pin_list>
<pin id="13" dir="1" index="0" bw="1" slack="0"/>
</pin_list>
<bind>
<StgValue><ssdm name="inByte4"/></StgValue>
</bind>
</comp>

<comp id="14" class="1000" name="inByte5">
<pin_list>
<pin id="15" dir="1" index="0" bw="1" slack="0"/>
</pin_list>
<bind>
<StgValue><ssdm name="inByte5"/></StgValue>
</bind>
</comp>

<comp id="16" class="1000" name="inByte6">
<pin_list>
<pin id="17" dir="1" index="0" bw="1" slack="0"/>
</pin_list>
<bind>
<StgValue><ssdm name="inByte6"/></StgValue>
</bind>
</comp>

<comp id="18" class="1000" name="inByte7">
<pin_list>
<pin id="19" dir="1" index="0" bw="1" slack="0"/>
</pin_list>
<bind>
<StgValue><ssdm name="inByte7"/></StgValue>
</bind>
</comp>

<comp id="20" class="1000" name="inByte8">
<pin_list>
<pin id="21" dir="1" index="0" bw="1" slack="0"/>
</pin_list>
<bind>
<StgValue><ssdm name="inByte8"/></StgValue>
</bind>
</comp>

<comp id="22" class="1000" name="inByte9">
<pin_list>
<pin id="23" dir="1" index="0" bw="1" slack="0"/>
</pin_list>
<bind>
<StgValue><ssdm name="inByte9"/></StgValue>
</bind>
</comp>

<comp id="24" class="1000" name="inByte10">
<pin_list>
<pin id="25" dir="1" index="0" bw="1" slack="0"/>
</pin_list>
<bind>
<StgValue><ssdm name="inByte10"/></StgValue>
</bind>
</comp>

<comp id="26" class="1000" name="inByte11">
<pin_list>
<pin id="27" dir="1" index="0" bw="1" slack="0"/>
</pin_list>
<bind>
<StgValue><ssdm name="inByte11"/></StgValue>
</bind>
</comp>

<comp id="28" class="1000" name="inByte12">
<pin_list>
<pin id="29" dir="1" index="0" bw="1" slack="0"/>
</pin_list>
<bind>
<StgValue><ssdm name="inByte12"/></StgValue>
</bind>
</comp>

<comp id="30" class="1000" name="inByte13">
<pin_list>
<pin id="31" dir="1" index="0" bw="1" slack="0"/>
</pin_list>
<bind>
<StgValue><ssdm name="inByte13"/></StgValue>
</bind>
</comp>

<comp id="32" class="1000" name="inByte14">
<pin_list>
<pin id="33" dir="1" index="0" bw="1" slack="0"/>
</pin_list>
<bind>
<StgValue><ssdm name="inByte14"/></StgValue>
</bind>
</comp>

<comp id="34" class="1000" name="inByte15">
<pin_list>
<pin id="35" dir="1" index="0" bw="1" slack="0"/>
</pin_list>
<bind>
<StgValue><ssdm name="inByte15"/></StgValue>
</bind>
</comp>

<comp id="36" class="1000" name="numChunks">
<pin_list>
<pin id="37" dir="1" index="0" bw="1" slack="0"/>
</pin_list>
<bind>
<StgValue><ssdm name="numChunks"/></StgValue>
</bind>
</comp>

<comp id="38" class="1000" name="chunkSize">
<pin_list>
<pin id="39" dir="1" index="0" bw="1" slack="0"/>
</pin_list>
<bind>
<StgValue><ssdm name="chunkSize"/></StgValue>
</bind>
</comp>

<comp id="40" class="1000" name="numChunks_c12">
<pin_list>
<pin id="41" dir="1" index="0" bw="1" slack="0"/>
</pin_list>
<bind>
<StgValue><ssdm name="numChunks_c12"/></StgValue>
</bind>
</comp>

<comp id="42" class="1000" name="chunkSize_c">
<pin_list>
<pin id="43" dir="1" index="0" bw="1" slack="0"/>
</pin_list>
<bind>
<StgValue><ssdm name="chunkSize_c"/></StgValue>
</bind>
</comp>

<comp id="44" class="1001" name="const_44">
<pin_list>
<pin id="45" dir="1" index="0" bw="1" slack="0"/>
</pin_list>
<bind>
<StgValue><ssdm name="_ssdm_op_Read.ap_auto.i32"/></StgValue>
</bind>
</comp>

<comp id="46" class="1001" name="const_46">
<pin_list>
<pin id="47" dir="1" index="0" bw="1" slack="0"/>
</pin_list>
<bind>
<StgValue><ssdm name="_ssdm_op_Write.ap_fifo.i32P0A"/></StgValue>
</bind>
</comp>

<comp id="48" class="1001" name="const_48">
<pin_list>
<pin id="49" dir="1" index="0" bw="1" slack="0"/>
</pin_list>
<bind>
<StgValue><ssdm name="_ssdm_op_BitSelect.i1.i32.i32"/></StgValue>
</bind>
</comp>

<comp id="50" class="1001" name="const_50">
<pin_list>
<pin id="51" dir="1" index="0" bw="1" slack="0"/>
</pin_list>
<bind>
<StgValue><ssdm name=""/></StgValue>
</bind>
</comp>

<comp id="52" class="1001" name="const_52">
<pin_list>
<pin id="53" dir="1" index="0" bw="1" slack="0"/>
</pin_list>
<bind>
<StgValue><ssdm name="_ssdm_op_PartSelect.i28.i32.i32.i32"/></StgValue>
</bind>
</comp>

<comp id="54" class="1001" name="const_54">
<pin_list>
<pin id="55" dir="1" index="0" bw="1" slack="0"/>
</pin_list>
<bind>
<StgValue><ssdm name=""/></StgValue>
</bind>
</comp>

<comp id="56" class="1001" name="const_56">
<pin_list>
<pin id="57" dir="1" index="0" bw="1" slack="0"/>
</pin_list>
<bind>
<StgValue><ssdm name=""/></StgValue>
</bind>
</comp>

<comp id="58" class="1001" name="const_58">
<pin_list>
<pin id="59" dir="1" index="0" bw="1" slack="0"/>
</pin_list>
<bind>
<StgValue><ssdm name=""/></StgValue>
</bind>
</comp>

<comp id="60" class="1001" name="const_60">
<pin_list>
<pin id="61" dir="1" index="0" bw="1" slack="0"/>
</pin_list>
<bind>
<StgValue><ssdm name=""/></StgValue>
</bind>
</comp>

<comp id="62" class="1001" name="const_62">
<pin_list>
<pin id="63" dir="1" index="0" bw="1" slack="0"/>
</pin_list>
<bind>
<StgValue><ssdm name="_ssdm_op_Read.ap_auto.i64"/></StgValue>
</bind>
</comp>

<comp id="64" class="1001" name="const_64">
<pin_list>
<pin id="65" dir="1" index="0" bw="1" slack="0"/>
</pin_list>
<bind>
<StgValue><ssdm name="_ssdm_op_PartSelect.i60.i64.i32.i32"/></StgValue>
</bind>
</comp>

<comp id="66" class="1001" name="const_66">
<pin_list>
<pin id="67" dir="1" index="0" bw="1" slack="0"/>
</pin_list>
<bind>
<StgValue><ssdm name=""/></StgValue>
</bind>
</comp>

<comp id="68" class="1001" name="const_68">
<pin_list>
<pin id="69" dir="1" index="0" bw="1" slack="0"/>
</pin_list>
<bind>
<StgValue><ssdm name="_ssdm_op_ReadReq.m_axi.p1i128"/></StgValue>
</bind>
</comp>

<comp id="70" class="1001" name="const_70">
<pin_list>
<pin id="71" dir="1" index="0" bw="1" slack="2147483647"/>
</pin_list>
<bind>
<StgValue><ssdm name="_ssdm_op_Wait"/></StgValue>
</bind>
</comp>

<comp id="72" class="1001" name="const_72">
<pin_list>
<pin id="73" dir="1" index="0" bw="1" slack="0"/>
</pin_list>
<bind>
<StgValue><ssdm name="read_input_Pipeline_mem_rd"/></StgValue>
</bind>
</comp>

<comp id="74" class="1001" name="const_74">
<pin_list>
<pin id="75" dir="1" index="0" bw="1" slack="2147483647"/>
</pin_list>
<bind>
<StgValue><ssdm name="_ssdm_op_SpecInterface"/></StgValue>
</bind>
</comp>

<comp id="76" class="1001" name="const_76">
<pin_list>
<pin id="77" dir="1" index="0" bw="1" slack="2147483647"/>
</pin_list>
<bind>
<StgValue><ssdm name="ap_fifo_str"/></StgValue>
</bind>
</comp>

<comp id="78" class="1001" name="const_78">
<pin_list>
<pin id="79" dir="1" index="0" bw="1" slack="2147483647"/>
</pin_list>
<bind>
<StgValue><ssdm name="p_str"/></StgValue>
</bind>
</comp>

<comp id="80" class="1001" name="const_80">
<pin_list>
<pin id="81" dir="1" index="0" bw="1" slack="2147483647"/>
</pin_list>
<bind>
<StgValue><ssdm name=""/></StgValue>
</bind>
</comp>

<comp id="82" class="1001" name="const_82">
<pin_list>
<pin id="83" dir="1" index="0" bw="1" slack="2147483647"/>
</pin_list>
<bind>
<StgValue><ssdm name=""/></StgValue>
</bind>
</comp>

<comp id="84" class="1001" name="const_84">
<pin_list>
<pin id="85" dir="1" index="0" bw="1" slack="2147483647"/>
</pin_list>
<bind>
<StgValue><ssdm name="ScalarProp_str"/></StgValue>
</bind>
</comp>

<comp id="86" class="1001" name="const_86">
<pin_list>
<pin id="87" dir="1" index="0" bw="1" slack="2147483647"/>
</pin_list>
<bind>
<StgValue><ssdm name=""/></StgValue>
</bind>
</comp>

<comp id="88" class="1001" name="const_88">
<pin_list>
<pin id="89" dir="1" index="0" bw="1" slack="2147483647"/>
</pin_list>
<bind>
<StgValue><ssdm name="empty_5"/></StgValue>
</bind>
</comp>

<comp id="90" class="1001" name="const_90">
<pin_list>
<pin id="91" dir="1" index="0" bw="1" slack="2147483647"/>
</pin_list>
<bind>
<StgValue><ssdm name="empty_18"/></StgValue>
</bind>
</comp>

<comp id="92" class="1001" name="const_92">
<pin_list>
<pin id="93" dir="1" index="0" bw="1" slack="2147483647"/>
</pin_list>
<bind>
<StgValue><ssdm name="empty_17"/></StgValue>
</bind>
</comp>

<comp id="94" class="1001" name="const_94">
<pin_list>
<pin id="95" dir="1" index="0" bw="1" slack="2147483647"/>
</pin_list>
<bind>
<StgValue><ssdm name=""/></StgValue>
</bind>
</comp>

<comp id="96" class="1001" name="const_96">
<pin_list>
<pin id="97" dir="1" index="0" bw="1" slack="2147483647"/>
</pin_list>
<bind>
<StgValue><ssdm name=""/></StgValue>
</bind>
</comp>

<comp id="98" class="1001" name="const_98">
<pin_list>
<pin id="99" dir="1" index="0" bw="1" slack="2147483647"/>
</pin_list>
<bind>
<StgValue><ssdm name="empty_19"/></StgValue>
</bind>
</comp>

<comp id="100" class="1001" name="const_100">
<pin_list>
<pin id="101" dir="1" index="0" bw="1" slack="2147483647"/>
</pin_list>
<bind>
<StgValue><ssdm name="empty_4"/></StgValue>
</bind>
</comp>

<comp id="102" class="1004" name="chunkSize_read_read_fu_102">
<pin_list>
<pin id="103" dir="0" index="0" bw="32" slack="0"/>
<pin id="104" dir="0" index="1" bw="32" slack="0"/>
<pin id="105" dir="1" index="2" bw="32" slack="0"/>
</pin_list>
<bind>
<opcode="read(1150) " fcode="read"/>
<opset="chunkSize_read/1 "/>
</bind>
</comp>

<comp id="108" class="1004" name="numChunks_read_read_fu_108">
<pin_list>
<pin id="109" dir="0" index="0" bw="32" slack="0"/>
<pin id="110" dir="0" index="1" bw="32" slack="0"/>
<pin id="111" dir="1" index="2" bw="32" slack="0"/>
</pin_list>
<bind>
<opcode="read(1150) " fcode="read"/>
<opset="numChunks_read/1 "/>
</bind>
</comp>

<comp id="114" class="1004" name="write_ln0_write_fu_114">
<pin_list>
<pin id="115" dir="0" index="0" bw="0" slack="0"/>
<pin id="116" dir="0" index="1" bw="32" slack="0"/>
<pin id="117" dir="0" index="2" bw="32" slack="0"/>
<pin id="118" dir="1" index="3" bw="0" slack="2147483647"/>
</pin_list>
<bind>
<opcode="write(1151) " fcode="write"/>
<opset="write_ln0/1 "/>
</bind>
</comp>

<comp id="122" class="1004" name="write_ln0_write_fu_122">
<pin_list>
<pin id="123" dir="0" index="0" bw="0" slack="0"/>
<pin id="124" dir="0" index="1" bw="32" slack="0"/>
<pin id="125" dir="0" index="2" bw="32" slack="0"/>
<pin id="126" dir="1" index="3" bw="0" slack="2147483647"/>
</pin_list>
<bind>
<opcode="write(1151) " fcode="write"/>
<opset="write_ln0/1 "/>
</bind>
</comp>

<comp id="130" class="1004" name="in_read_read_fu_130">
<pin_list>
<pin id="131" dir="0" index="0" bw="64" slack="0"/>
<pin id="132" dir="0" index="1" bw="64" slack="0"/>
<pin id="133" dir="1" index="2" bw="64" slack="0"/>
</pin_list>
<bind>
<opcode="read(1150) " fcode="read"/>
<opset="in_read/5 "/>
</bind>
</comp>

<comp id="136" class="1004" name="grp_readreq_fu_136">
<pin_list>
<pin id="137" dir="0" index="0" bw="1" slack="0"/>
<pin id="138" dir="0" index="1" bw="128" slack="0"/>
<pin id="139" dir="0" index="2" bw="28" slack="0"/>
<pin id="140" dir="1" index="3" bw="1" slack="2147483647"/>
</pin_list>
<bind>
<opcode="readreq(1154) " fcode="readreq"/>
<opset="empty_40/5 "/>
</bind>
</comp>

<comp id="142" class="1004" name="grp_read_input_Pipeline_mem_rd_fu_142">
<pin_list>
<pin id="143" dir="0" index="0" bw="0" slack="0"/>
<pin id="144" dir="0" index="1" bw="128" slack="0"/>
<pin id="145" dir="0" index="2" bw="60" slack="71"/>
<pin id="146" dir="0" index="3" bw="29" slack="72"/>
<pin id="147" dir="0" index="4" bw="8" slack="0"/>
<pin id="148" dir="0" index="5" bw="8" slack="0"/>
<pin id="149" dir="0" index="6" bw="8" slack="0"/>
<pin id="150" dir="0" index="7" bw="8" slack="0"/>
<pin id="151" dir="0" index="8" bw="8" slack="0"/>
<pin id="152" dir="0" index="9" bw="8" slack="0"/>
<pin id="153" dir="0" index="10" bw="8" slack="0"/>
<pin id="154" dir="0" index="11" bw="8" slack="0"/>
<pin id="155" dir="0" index="12" bw="8" slack="0"/>
<pin id="156" dir="0" index="13" bw="8" slack="0"/>
<pin id="157" dir="0" index="14" bw="8" slack="0"/>
<pin id="158" dir="0" index="15" bw="8" slack="0"/>
<pin id="159" dir="0" index="16" bw="8" slack="0"/>
<pin id="160" dir="0" index="17" bw="8" slack="0"/>
<pin id="161" dir="0" index="18" bw="8" slack="0"/>
<pin id="162" dir="0" index="19" bw="8" slack="0"/>
<pin id="163" dir="1" index="20" bw="0" slack="2147483647"/>
</pin_list>
<bind>
<opcode="call(48) " fcode="call"/>
<opset="call_ln287/76 "/>
</bind>
</comp>

<comp id="182" class="1004" name="grp_fu_182">
<pin_list>
<pin id="183" dir="0" index="0" bw="32" slack="0"/>
<pin id="184" dir="0" index="1" bw="32" slack="0"/>
<pin id="185" dir="1" index="2" bw="32" slack="0"/>
</pin_list>
<bind>
<opcode="mul(12) " fcode="mul"/>
<opset="total_bytes/1 "/>
</bind>
</comp>

<comp id="188" class="1004" name="tmp_fu_188">
<pin_list>
<pin id="189" dir="0" index="0" bw="1" slack="0"/>
<pin id="190" dir="0" index="1" bw="32" slack="0"/>
<pin id="191" dir="0" index="2" bw="6" slack="0"/>
<pin id="192" dir="1" index="3" bw="1" slack="1"/>
</pin_list>
<bind>
<opcode="bitselect(1000) " fcode="bitselect"/>
<opset="tmp/2 "/>
</bind>
</comp>

<comp id="196" class="1004" name="trunc_ln283_2_fu_196">
<pin_list>
<pin id="197" dir="0" index="0" bw="28" slack="0"/>
<pin id="198" dir="0" index="1" bw="32" slack="0"/>
<pin id="199" dir="0" index="2" bw="4" slack="0"/>
<pin id="200" dir="0" index="3" bw="6" slack="0"/>
<pin id="201" dir="1" index="4" bw="28" slack="2"/>
</pin_list>
<bind>
<opcode="partselect(1002) " fcode="partselect"/>
<opset="trunc_ln283_2/2 "/>
</bind>
</comp>

<comp id="206" class="1004" name="sub_ln283_fu_206">
<pin_list>
<pin id="207" dir="0" index="0" bw="1" slack="0"/>
<pin id="208" dir="0" index="1" bw="32" slack="1"/>
<pin id="209" dir="1" index="2" bw="32" slack="0"/>
</pin_list>
<bind>
<opcode="sub(10) " fcode="sub"/>
<opset="sub_ln283/3 "/>
</bind>
</comp>

<comp id="211" class="1004" name="trunc_ln283_1_fu_211">
<pin_list>
<pin id="212" dir="0" index="0" bw="28" slack="0"/>
<pin id="213" dir="0" index="1" bw="32" slack="0"/>
<pin id="214" dir="0" index="2" bw="4" slack="0"/>
<pin id="215" dir="0" index="3" bw="6" slack="0"/>
<pin id="216" dir="1" index="4" bw="28" slack="1"/>
</pin_list>
<bind>
<opcode="partselect(1002) " fcode="partselect"/>
<opset="trunc_ln283_1/3 "/>
</bind>
</comp>

<comp id="221" class="1004" name="zext_ln283_fu_221">
<pin_list>
<pin id="222" dir="0" index="0" bw="28" slack="1"/>
<pin id="223" dir="1" index="1" bw="29" slack="0"/>
</pin_list>
<bind>
<opcode="zext(34) " fcode="zext"/>
<opset="zext_ln283/4 "/>
</bind>
</comp>

<comp id="224" class="1004" name="sub_ln283_1_fu_224">
<pin_list>
<pin id="225" dir="0" index="0" bw="1" slack="0"/>
<pin id="226" dir="0" index="1" bw="28" slack="0"/>
<pin id="227" dir="1" index="2" bw="29" slack="0"/>
</pin_list>
<bind>
<opcode="sub(10) " fcode="sub"/>
<opset="sub_ln283_1/4 "/>
</bind>
</comp>

<comp id="230" class="1004" name="zext_ln283_1_fu_230">
<pin_list>
<pin id="231" dir="0" index="0" bw="28" slack="2"/>
<pin id="232" dir="1" index="1" bw="29" slack="0"/>
</pin_list>
<bind>
<opcode="zext(34) " fcode="zext"/>
<opset="zext_ln283_1/4 "/>
</bind>
</comp>

<comp id="233" class="1004" name="loop_count_fu_233">
<pin_list>
<pin id="234" dir="0" index="0" bw="1" slack="2"/>
<pin id="235" dir="0" index="1" bw="29" slack="0"/>
<pin id="236" dir="0" index="2" bw="29" slack="0"/>
<pin id="237" dir="1" index="3" bw="29" slack="0"/>
</pin_list>
<bind>
<opcode="select(49) " fcode="select"/>
<opset="loop_count/4 "/>
</bind>
</comp>

<comp id="240" class="1004" name="trunc_ln283_fu_240">
<pin_list>
<pin id="241" dir="0" index="0" bw="29" slack="0"/>
<pin id="242" dir="1" index="1" bw="28" slack="0"/>
</pin_list>
<bind>
<opcode="trunc(33) " fcode="trunc"/>
<opset="trunc_ln283/4 "/>
</bind>
</comp>

<comp id="244" class="1004" name="icmp_ln287_fu_244">
<pin_list>
<pin id="245" dir="0" index="0" bw="29" slack="0"/>
<pin id="246" dir="0" index="1" bw="29" slack="0"/>
<pin id="247" dir="1" index="2" bw="1" slack="0"/>
</pin_list>
<bind>
<opcode="icmp(45) " fcode="icmp"/>
<opset="icmp_ln287/4 "/>
</bind>
</comp>

<comp id="250" class="1004" name="empty_fu_250">
<pin_list>
<pin id="251" dir="0" index="0" bw="1" slack="0"/>
<pin id="252" dir="0" index="1" bw="28" slack="0"/>
<pin id="253" dir="0" index="2" bw="28" slack="0"/>
<pin id="254" dir="1" index="3" bw="28" slack="1"/>
</pin_list>
<bind>
<opcode="select(49) " fcode="select"/>
<opset="empty/4 "/>
</bind>
</comp>

<comp id="258" class="1004" name="trunc_ln1_fu_258">
<pin_list>
<pin id="259" dir="0" index="0" bw="60" slack="0"/>
<pin id="260" dir="0" index="1" bw="64" slack="0"/>
<pin id="261" dir="0" index="2" bw="4" slack="0"/>
<pin id="262" dir="0" index="3" bw="7" slack="0"/>
<pin id="263" dir="1" index="4" bw="60" slack="0"/>
</pin_list>
<bind>
<opcode="partselect(1002) " fcode="partselect"/>
<opset="trunc_ln1/5 "/>
</bind>
</comp>

<comp id="268" class="1004" name="sext_ln287_fu_268">
<pin_list>
<pin id="269" dir="0" index="0" bw="60" slack="0"/>
<pin id="270" dir="1" index="1" bw="64" slack="0"/>
</pin_list>
<bind>
<opcode="sext(35) " fcode="sext"/>
<opset="sext_ln287/5 "/>
</bind>
</comp>

<comp id="272" class="1004" name="gmem0_addr_fu_272">
<pin_list>
<pin id="273" dir="0" index="0" bw="64" slack="0"/>
<pin id="274" dir="0" index="1" bw="64" slack="0"/>
<pin id="275" dir="1" index="2" bw="64" slack="0"/>
</pin_list>
<bind>
<opcode="getelementptr(29) " fcode="getelementptr"/>
<opset="gmem0_addr/5 "/>
</bind>
</comp>

<comp id="279" class="1004" name="zext_ln287_fu_279">
<pin_list>
<pin id="280" dir="0" index="0" bw="28" slack="1"/>
<pin id="281" dir="1" index="1" bw="32" slack="0"/>
</pin_list>
<bind>
<opcode="zext(34) " fcode="zext"/>
<opset="zext_ln287/5 "/>
</bind>
</comp>

<comp id="283" class="1005" name="chunkSize_read_reg_283">
<pin_list>
<pin id="284" dir="0" index="0" bw="32" slack="1"/>
<pin id="285" dir="1" index="1" bw="32" slack="1"/>
</pin_list>
<bind>
<opset="chunkSize_read "/>
</bind>
</comp>

<comp id="288" class="1005" name="numChunks_read_reg_288">
<pin_list>
<pin id="289" dir="0" index="0" bw="32" slack="1"/>
<pin id="290" dir="1" index="1" bw="32" slack="1"/>
</pin_list>
<bind>
<opset="numChunks_read "/>
</bind>
</comp>

<comp id="293" class="1005" name="total_bytes_reg_293">
<pin_list>
<pin id="294" dir="0" index="0" bw="32" slack="1"/>
<pin id="295" dir="1" index="1" bw="32" slack="1"/>
</pin_list>
<bind>
<opset="total_bytes "/>
</bind>
</comp>

<comp id="298" class="1005" name="tmp_reg_298">
<pin_list>
<pin id="299" dir="0" index="0" bw="1" slack="1"/>
<pin id="300" dir="1" index="1" bw="1" slack="2"/>
</pin_list>
<bind>
<opset="tmp "/>
</bind>
</comp>

<comp id="303" class="1005" name="trunc_ln283_2_reg_303">
<pin_list>
<pin id="304" dir="0" index="0" bw="28" slack="2"/>
<pin id="305" dir="1" index="1" bw="28" slack="2"/>
</pin_list>
<bind>
<opset="trunc_ln283_2 "/>
</bind>
</comp>

<comp id="308" class="1005" name="trunc_ln283_1_reg_308">
<pin_list>
<pin id="309" dir="0" index="0" bw="28" slack="1"/>
<pin id="310" dir="1" index="1" bw="28" slack="1"/>
</pin_list>
<bind>
<opset="trunc_ln283_1 "/>
</bind>
</comp>

<comp id="313" class="1005" name="loop_count_reg_313">
<pin_list>
<pin id="314" dir="0" index="0" bw="29" slack="72"/>
<pin id="315" dir="1" index="1" bw="29" slack="72"/>
</pin_list>
<bind>
<opset="loop_count "/>
</bind>
</comp>

<comp id="318" class="1005" name="empty_reg_318">
<pin_list>
<pin id="319" dir="0" index="0" bw="28" slack="1"/>
<pin id="320" dir="1" index="1" bw="28" slack="1"/>
</pin_list>
<bind>
<opset="empty "/>
</bind>
</comp>

<comp id="323" class="1005" name="trunc_ln1_reg_323">
<pin_list>
<pin id="324" dir="0" index="0" bw="60" slack="71"/>
<pin id="325" dir="1" index="1" bw="60" slack="71"/>
</pin_list>
<bind>
<opset="trunc_ln1 "/>
</bind>
</comp>

<comp id="328" class="1005" name="gmem0_addr_reg_328">
<pin_list>
<pin id="329" dir="0" index="0" bw="128" slack="1"/>
<pin id="330" dir="1" index="1" bw="128" slack="1"/>
</pin_list>
<bind>
<opset="gmem0_addr "/>
</bind>
</comp>

<comp id="333" class="1005" name="zext_ln287_reg_333">
<pin_list>
<pin id="334" dir="0" index="0" bw="32" slack="1"/>
<pin id="335" dir="1" index="1" bw="32" slack="1"/>
</pin_list>
<bind>
<opset="zext_ln287 "/>
</bind>
</comp>

</comp_list>

<net_list>
<net id="106"><net_src comp="44" pin="0"/><net_sink comp="102" pin=0"/></net>

<net id="107"><net_src comp="38" pin="0"/><net_sink comp="102" pin=1"/></net>

<net id="112"><net_src comp="44" pin="0"/><net_sink comp="108" pin=0"/></net>

<net id="113"><net_src comp="36" pin="0"/><net_sink comp="108" pin=1"/></net>

<net id="119"><net_src comp="46" pin="0"/><net_sink comp="114" pin=0"/></net>

<net id="120"><net_src comp="42" pin="0"/><net_sink comp="114" pin=1"/></net>

<net id="121"><net_src comp="102" pin="2"/><net_sink comp="114" pin=2"/></net>

<net id="127"><net_src comp="46" pin="0"/><net_sink comp="122" pin=0"/></net>

<net id="128"><net_src comp="40" pin="0"/><net_sink comp="122" pin=1"/></net>

<net id="129"><net_src comp="108" pin="2"/><net_sink comp="122" pin=2"/></net>

<net id="134"><net_src comp="62" pin="0"/><net_sink comp="130" pin=0"/></net>

<net id="135"><net_src comp="2" pin="0"/><net_sink comp="130" pin=1"/></net>

<net id="141"><net_src comp="68" pin="0"/><net_sink comp="136" pin=0"/></net>

<net id="164"><net_src comp="72" pin="0"/><net_sink comp="142" pin=0"/></net>

<net id="165"><net_src comp="0" pin="0"/><net_sink comp="142" pin=1"/></net>

<net id="166"><net_src comp="4" pin="0"/><net_sink comp="142" pin=4"/></net>

<net id="167"><net_src comp="6" pin="0"/><net_sink comp="142" pin=5"/></net>

<net id="168"><net_src comp="8" pin="0"/><net_sink comp="142" pin=6"/></net>

<net id="169"><net_src comp="10" pin="0"/><net_sink comp="142" pin=7"/></net>

<net id="170"><net_src comp="12" pin="0"/><net_sink comp="142" pin=8"/></net>

<net id="171"><net_src comp="14" pin="0"/><net_sink comp="142" pin=9"/></net>

<net id="172"><net_src comp="16" pin="0"/><net_sink comp="142" pin=10"/></net>

<net id="173"><net_src comp="18" pin="0"/><net_sink comp="142" pin=11"/></net>

<net id="174"><net_src comp="20" pin="0"/><net_sink comp="142" pin=12"/></net>

<net id="175"><net_src comp="22" pin="0"/><net_sink comp="142" pin=13"/></net>

<net id="176"><net_src comp="24" pin="0"/><net_sink comp="142" pin=14"/></net>

<net id="177"><net_src comp="26" pin="0"/><net_sink comp="142" pin=15"/></net>

<net id="178"><net_src comp="28" pin="0"/><net_sink comp="142" pin=16"/></net>

<net id="179"><net_src comp="30" pin="0"/><net_sink comp="142" pin=17"/></net>

<net id="180"><net_src comp="32" pin="0"/><net_sink comp="142" pin=18"/></net>

<net id="181"><net_src comp="34" pin="0"/><net_sink comp="142" pin=19"/></net>

<net id="186"><net_src comp="102" pin="2"/><net_sink comp="182" pin=0"/></net>

<net id="187"><net_src comp="108" pin="2"/><net_sink comp="182" pin=1"/></net>

<net id="193"><net_src comp="48" pin="0"/><net_sink comp="188" pin=0"/></net>

<net id="194"><net_src comp="182" pin="2"/><net_sink comp="188" pin=1"/></net>

<net id="195"><net_src comp="50" pin="0"/><net_sink comp="188" pin=2"/></net>

<net id="202"><net_src comp="52" pin="0"/><net_sink comp="196" pin=0"/></net>

<net id="203"><net_src comp="182" pin="2"/><net_sink comp="196" pin=1"/></net>

<net id="204"><net_src comp="54" pin="0"/><net_sink comp="196" pin=2"/></net>

<net id="205"><net_src comp="50" pin="0"/><net_sink comp="196" pin=3"/></net>

<net id="210"><net_src comp="56" pin="0"/><net_sink comp="206" pin=0"/></net>

<net id="217"><net_src comp="52" pin="0"/><net_sink comp="211" pin=0"/></net>

<net id="218"><net_src comp="206" pin="2"/><net_sink comp="211" pin=1"/></net>

<net id="219"><net_src comp="54" pin="0"/><net_sink comp="211" pin=2"/></net>

<net id="220"><net_src comp="50" pin="0"/><net_sink comp="211" pin=3"/></net>

<net id="228"><net_src comp="58" pin="0"/><net_sink comp="224" pin=0"/></net>

<net id="229"><net_src comp="221" pin="1"/><net_sink comp="224" pin=1"/></net>

<net id="238"><net_src comp="224" pin="2"/><net_sink comp="233" pin=1"/></net>

<net id="239"><net_src comp="230" pin="1"/><net_sink comp="233" pin=2"/></net>

<net id="243"><net_src comp="233" pin="3"/><net_sink comp="240" pin=0"/></net>

<net id="248"><net_src comp="233" pin="3"/><net_sink comp="244" pin=0"/></net>

<net id="249"><net_src comp="58" pin="0"/><net_sink comp="244" pin=1"/></net>

<net id="255"><net_src comp="244" pin="2"/><net_sink comp="250" pin=0"/></net>

<net id="256"><net_src comp="240" pin="1"/><net_sink comp="250" pin=1"/></net>

<net id="257"><net_src comp="60" pin="0"/><net_sink comp="250" pin=2"/></net>

<net id="264"><net_src comp="64" pin="0"/><net_sink comp="258" pin=0"/></net>

<net id="265"><net_src comp="130" pin="2"/><net_sink comp="258" pin=1"/></net>

<net id="266"><net_src comp="54" pin="0"/><net_sink comp="258" pin=2"/></net>

<net id="267"><net_src comp="66" pin="0"/><net_sink comp="258" pin=3"/></net>

<net id="271"><net_src comp="258" pin="4"/><net_sink comp="268" pin=0"/></net>

<net id="276"><net_src comp="0" pin="0"/><net_sink comp="272" pin=0"/></net>

<net id="277"><net_src comp="268" pin="1"/><net_sink comp="272" pin=1"/></net>

<net id="278"><net_src comp="272" pin="2"/><net_sink comp="136" pin=1"/></net>

<net id="282"><net_src comp="279" pin="1"/><net_sink comp="136" pin=2"/></net>

<net id="286"><net_src comp="102" pin="2"/><net_sink comp="283" pin=0"/></net>

<net id="287"><net_src comp="283" pin="1"/><net_sink comp="182" pin=0"/></net>

<net id="291"><net_src comp="108" pin="2"/><net_sink comp="288" pin=0"/></net>

<net id="292"><net_src comp="288" pin="1"/><net_sink comp="182" pin=1"/></net>

<net id="296"><net_src comp="182" pin="2"/><net_sink comp="293" pin=0"/></net>

<net id="297"><net_src comp="293" pin="1"/><net_sink comp="206" pin=1"/></net>

<net id="301"><net_src comp="188" pin="3"/><net_sink comp="298" pin=0"/></net>

<net id="302"><net_src comp="298" pin="1"/><net_sink comp="233" pin=0"/></net>

<net id="306"><net_src comp="196" pin="4"/><net_sink comp="303" pin=0"/></net>

<net id="307"><net_src comp="303" pin="1"/><net_sink comp="230" pin=0"/></net>

<net id="311"><net_src comp="211" pin="4"/><net_sink comp="308" pin=0"/></net>

<net id="312"><net_src comp="308" pin="1"/><net_sink comp="221" pin=0"/></net>

<net id="316"><net_src comp="233" pin="3"/><net_sink comp="313" pin=0"/></net>

<net id="317"><net_src comp="313" pin="1"/><net_sink comp="142" pin=3"/></net>

<net id="321"><net_src comp="250" pin="3"/><net_sink comp="318" pin=0"/></net>

<net id="322"><net_src comp="318" pin="1"/><net_sink comp="279" pin=0"/></net>

<net id="326"><net_src comp="258" pin="4"/><net_sink comp="323" pin=0"/></net>

<net id="327"><net_src comp="323" pin="1"/><net_sink comp="142" pin=2"/></net>

<net id="331"><net_src comp="272" pin="2"/><net_sink comp="328" pin=0"/></net>

<net id="332"><net_src comp="328" pin="1"/><net_sink comp="136" pin=1"/></net>

<net id="336"><net_src comp="279" pin="1"/><net_sink comp="333" pin=0"/></net>

<net id="337"><net_src comp="333" pin="1"/><net_sink comp="136" pin=2"/></net>

</net_list>

</model> 
---------------- Datapath Model END ------------------

* FSMD analyzer results:
  - Output states:
	Port: gmem0 | {}
	Port: inByte0 | {76 77 }
	Port: inByte1 | {76 77 }
	Port: inByte2 | {76 77 }
	Port: inByte3 | {76 77 }
	Port: inByte4 | {76 77 }
	Port: inByte5 | {76 77 }
	Port: inByte6 | {76 77 }
	Port: inByte7 | {76 77 }
	Port: inByte8 | {76 77 }
	Port: inByte9 | {76 77 }
	Port: inByte10 | {76 77 }
	Port: inByte11 | {76 77 }
	Port: inByte12 | {76 77 }
	Port: inByte13 | {76 77 }
	Port: inByte14 | {76 77 }
	Port: inByte15 | {76 77 }
	Port: numChunks_c12 | {1 }
	Port: chunkSize_c | {1 }
 - Input state : 
	Port: read_input : gmem0 | {5 6 7 8 9 10 11 12 13 14 15 16 17 18 19 20 21 22 23 24 25 26 27 28 29 30 31 32 33 34 35 36 37 38 39 40 41 42 43 44 45 46 47 48 49 50 51 52 53 54 55 56 57 58 59 60 61 62 63 64 65 66 67 68 69 70 71 72 73 74 75 76 77 }
	Port: read_input : in_r | {5 }
	Port: read_input : numChunks | {1 }
	Port: read_input : chunkSize | {1 }
  - Chain level:
	State 1
	State 2
		tmp : 1
		trunc_ln283_2 : 1
	State 3
		trunc_ln283_1 : 1
	State 4
		sub_ln283_1 : 1
		loop_count : 2
		trunc_ln283 : 3
		icmp_ln287 : 3
		empty : 4
	State 5
		sext_ln287 : 1
		gmem0_addr : 2
		empty_40 : 3
	State 6
	State 7
	State 8
	State 9
	State 10
	State 11
	State 12
	State 13
	State 14
	State 15
	State 16
	State 17
	State 18
	State 19
	State 20
	State 21
	State 22
	State 23
	State 24
	State 25
	State 26
	State 27
	State 28
	State 29
	State 30
	State 31
	State 32
	State 33
	State 34
	State 35
	State 36
	State 37
	State 38
	State 39
	State 40
	State 41
	State 42
	State 43
	State 44
	State 45
	State 46
	State 47
	State 48
	State 49
	State 50
	State 51
	State 52
	State 53
	State 54
	State 55
	State 56
	State 57
	State 58
	State 59
	State 60
	State 61
	State 62
	State 63
	State 64
	State 65
	State 66
	State 67
	State 68
	State 69
	State 70
	State 71
	State 72
	State 73
	State 74
	State 75
	State 76
	State 77


============================================================
+ Verbose Summary: Datapath Resource usage 
============================================================

* Functional unit list:
|----------|---------------------------------------|---------|---------|---------|
| Operation|            Functional Unit            |   DSP   |    FF   |   LUT   |
|----------|---------------------------------------|---------|---------|---------|
|   call   | grp_read_input_Pipeline_mem_rd_fu_142 |    0    |   221   |    71   |
|----------|---------------------------------------|---------|---------|---------|
|    mul   |               grp_fu_182              |    3    |   165   |    49   |
|----------|---------------------------------------|---------|---------|---------|
|    sub   |            sub_ln283_fu_206           |    0    |    0    |    39   |
|          |           sub_ln283_1_fu_224          |    0    |    0    |    35   |
|----------|---------------------------------------|---------|---------|---------|
|  select  |           loop_count_fu_233           |    0    |    0    |    29   |
|          |              empty_fu_250             |    0    |    0    |    28   |
|----------|---------------------------------------|---------|---------|---------|
|   icmp   |           icmp_ln287_fu_244           |    0    |    0    |    36   |
|----------|---------------------------------------|---------|---------|---------|
|          |       chunkSize_read_read_fu_102      |    0    |    0    |    0    |
|   read   |       numChunks_read_read_fu_108      |    0    |    0    |    0    |
|          |          in_read_read_fu_130          |    0    |    0    |    0    |
|----------|---------------------------------------|---------|---------|---------|
|   write  |         write_ln0_write_fu_114        |    0    |    0    |    0    |
|          |         write_ln0_write_fu_122        |    0    |    0    |    0    |
|----------|---------------------------------------|---------|---------|---------|
|  readreq |           grp_readreq_fu_136          |    0    |    0    |    0    |
|----------|---------------------------------------|---------|---------|---------|
| bitselect|               tmp_fu_188              |    0    |    0    |    0    |
|----------|---------------------------------------|---------|---------|---------|
|          |          trunc_ln283_2_fu_196         |    0    |    0    |    0    |
|partselect|          trunc_ln283_1_fu_211         |    0    |    0    |    0    |
|          |            trunc_ln1_fu_258           |    0    |    0    |    0    |
|----------|---------------------------------------|---------|---------|---------|
|          |           zext_ln283_fu_221           |    0    |    0    |    0    |
|   zext   |          zext_ln283_1_fu_230          |    0    |    0    |    0    |
|          |           zext_ln287_fu_279           |    0    |    0    |    0    |
|----------|---------------------------------------|---------|---------|---------|
|   trunc  |           trunc_ln283_fu_240          |    0    |    0    |    0    |
|----------|---------------------------------------|---------|---------|---------|
|   sext   |           sext_ln287_fu_268           |    0    |    0    |    0    |
|----------|---------------------------------------|---------|---------|---------|
|   Total  |                                       |    3    |   386   |   287   |
|----------|---------------------------------------|---------|---------|---------|

Memories:
N/A

* Register list:
+----------------------+--------+
|                      |   FF   |
+----------------------+--------+
|chunkSize_read_reg_283|   32   |
|     empty_reg_318    |   28   |
|  gmem0_addr_reg_328  |   128  |
|  loop_count_reg_313  |   29   |
|numChunks_read_reg_288|   32   |
|      tmp_reg_298     |    1   |
|  total_bytes_reg_293 |   32   |
|   trunc_ln1_reg_323  |   60   |
| trunc_ln283_1_reg_308|   28   |
| trunc_ln283_2_reg_303|   28   |
|  zext_ln287_reg_333  |   32   |
+----------------------+--------+
|         Total        |   430  |
+----------------------+--------+

* Multiplexer (MUX) list: 
|--------------------|------|------|------|--------||---------||---------|
|        Comp        |  Pin | Size |  BW  | S x BW ||  Delay  ||   LUT   |
|--------------------|------|------|------|--------||---------||---------|
| grp_readreq_fu_136 |  p1  |   2  |  128 |   256  ||    9    |
| grp_readreq_fu_136 |  p2  |   2  |  28  |   56   ||    9    |
|     grp_fu_182     |  p0  |   2  |  32  |   64   ||    9    |
|     grp_fu_182     |  p1  |   2  |  32  |   64   ||    9    |
|--------------------|------|------|------|--------||---------||---------|
|        Total       |      |      |      |   440  ||  1.548  ||    36   |
|--------------------|------|------|------|--------||---------||---------|



* Summary:
+-----------+--------+--------+--------+--------+
|           |   DSP  |  Delay |   FF   |   LUT  |
+-----------+--------+--------+--------+--------+
|  Function |    3   |    -   |   386  |   287  |
|   Memory  |    -   |    -   |    -   |    -   |
|Multiplexer|    -   |    1   |    -   |   36   |
|  Register |    -   |    -   |   430  |    -   |
+-----------+--------+--------+--------+--------+
|   Total   |    3   |    1   |   816  |   323  |
+-----------+--------+--------+--------+--------+
