

================================================================
== Vitis HLS Report for 'sha256_process_chunk_Pipeline_copy_remainder'
================================================================
* Date:           Mon Feb 16 01:33:38 2026

* Version:        2023.1 (Build 3854077 on May  4 2023)
* Project:        calculate_sha256
* Solution:       solution (Vitis Kernel Flow Target)
* Product family: virtexuplusHBM
* Target device:  xcu280-fsvh2892-2L-e


================================================================
== Performance Estimates
================================================================
+ Timing: 
    * Summary: 
    +--------+---------+----------+------------+
    |  Clock |  Target | Estimated| Uncertainty|
    +--------+---------+----------+------------+
    |ap_clk  |  3.33 ns|  2.433 ns|     0.90 ns|
    +--------+---------+----------+------------+

+ Latency: 
    * Summary: 
    +---------+---------+----------+----------+-----+-----+---------+
    |  Latency (cycles) |  Latency (absolute) |  Interval | Pipeline|
    |   min   |   max   |    min   |    max   | min | max |   Type  |
    +---------+---------+----------+----------+-----+-----+---------+
    |        2|      137|  6.666 ns|  0.457 us|    2|  137|       no|
    +---------+---------+----------+----------+-----+-----+---------+

    + Detail: 
        * Instance: 
        N/A

        * Loop: 
        +------------------+---------+---------+----------+-----------+-----------+--------+----------+
        |                  |  Latency (cycles) | Iteration|  Initiation Interval  |  Trip  |          |
        |     Loop Name    |   min   |   max   |  Latency |  achieved |   target  |  Count | Pipelined|
        +------------------+---------+---------+----------+-----------+-----------+--------+----------+
        |- copy_remainder  |        0|      135|        74|          1|          1|  0 ~ 63|       yes|
        +------------------+---------+---------+----------+-----------+-----------+--------+----------+



================================================================
== Utilization Estimates
================================================================
* Summary: 
+---------------------+---------+------+---------+---------+-----+
|         Name        | BRAM_18K|  DSP |    FF   |   LUT   | URAM|
+---------------------+---------+------+---------+---------+-----+
|DSP                  |        -|     -|        -|        -|    -|
|Expression           |        -|     -|        0|     2350|    -|
|FIFO                 |        -|     -|        -|        -|    -|
|Instance             |        -|     -|        -|        -|    -|
|Memory               |        -|     -|        -|        -|    -|
|Multiplexer          |        -|     -|        -|       54|    -|
|Register             |        -|     -|      863|       64|    -|
+---------------------+---------+------+---------+---------+-----+
|Total                |        0|     0|      863|     2468|    0|
+---------------------+---------+------+---------+---------+-----+
|Available SLR        |     1344|  3008|   869120|   434560|  320|
+---------------------+---------+------+---------+---------+-----+
|Utilization SLR (%)  |        0|     0|       ~0|       ~0|    0|
+---------------------+---------+------+---------+---------+-----+
|Available            |     4032|  9024|  2607360|  1303680|  960|
+---------------------+---------+------+---------+---------+-----+
|Utilization (%)      |        0|     0|       ~0|       ~0|    0|
+---------------------+---------+------+---------+---------+-----+

+ Detail: 
    * Instance: 
    N/A

    * DSP: 
    N/A

    * Memory: 
    N/A

    * FIFO: 
    N/A

    * Expression: 
    +---------------------------+----------+----+---+------+------------+------------+
    |       Variable Name       | Operation| DSP| FF|  LUT | Bitwidth P0| Bitwidth P1|
    +---------------------------+----------+----+---+------+------------+------------+
    |add_ln225_fu_143_p2        |         +|   0|  0|    13|           6|           1|
    |add_ln228_1_fu_175_p2      |         +|   0|  0|    13|           6|           6|
    |add_ln228_2_fu_153_p2      |         +|   0|  0|    64|          64|          64|
    |add_ln228_fu_159_p2        |         +|   0|  0|    64|          64|          64|
    |ap_ext_blocking_cur_n      |       and|   0|  0|     2|           1|           1|
    |ap_ext_blocking_n          |       and|   0|  0|     2|           1|           2|
    |ap_int_blocking_n          |       and|   0|  0|     2|           2|           2|
    |ap_str_blocking_n          |       and|   0|  0|     2|           2|           2|
    |icmp_ln225_fu_137_p2       |      icmp|   0|  0|    13|           6|           6|
    |lshr_ln228_fu_207_p2       |      lshr|   0|  0|  2171|         512|         512|
    |ap_block_pp0_stage0_11001  |        or|   0|  0|     2|           1|           1|
    |ap_enable_pp0              |       xor|   0|  0|     2|           1|           2|
    +---------------------------+----------+----+---+------+------------+------------+
    |Total                      |          |   0|  0|  2350|         666|         663|
    +---------------------------+----------+----+---+------+------------+------------+

    * Multiplexer: 
    +-------------------------+----+-----------+-----+-----------+
    |           Name          | LUT| Input Size| Bits| Total Bits|
    +-------------------------+----+-----------+-----+-----------+
    |ap_done_int              |   9|          2|    1|          2|
    |ap_enable_reg_pp0_iter1  |   9|          2|    1|          2|
    |ap_sig_allocacmp_i       |   9|          2|    6|         12|
    |gmem0_blk_n_AR           |   9|          2|    1|          2|
    |gmem0_blk_n_R            |   9|          2|    1|          2|
    |i_1_fu_72                |   9|          2|    6|         12|
    +-------------------------+----+-----------+-----+-----------+
    |Total                    |  54|         12|   16|         32|
    +-------------------------+----+-----------+-----+-----------+

    * Register: 
    +-----------------------------------+-----+----+-----+-----------+
    |                Name               |  FF | LUT| Bits| Const Bits|
    +-----------------------------------+-----+----+-----+-----------+
    |add_ln228_1_reg_238                |    6|   0|    6|          0|
    |ap_CS_fsm                          |    1|   0|    1|          0|
    |ap_done_reg                        |    1|   0|    1|          0|
    |ap_enable_reg_pp0_iter1            |    1|   0|    1|          0|
    |ap_enable_reg_pp0_iter10           |    1|   0|    1|          0|
    |ap_enable_reg_pp0_iter11           |    1|   0|    1|          0|
    |ap_enable_reg_pp0_iter12           |    1|   0|    1|          0|
    |ap_enable_reg_pp0_iter13           |    1|   0|    1|          0|
    |ap_enable_reg_pp0_iter14           |    1|   0|    1|          0|
    |ap_enable_reg_pp0_iter15           |    1|   0|    1|          0|
    |ap_enable_reg_pp0_iter16           |    1|   0|    1|          0|
    |ap_enable_reg_pp0_iter17           |    1|   0|    1|          0|
    |ap_enable_reg_pp0_iter18           |    1|   0|    1|          0|
    |ap_enable_reg_pp0_iter19           |    1|   0|    1|          0|
    |ap_enable_reg_pp0_iter2            |    1|   0|    1|          0|
    |ap_enable_reg_pp0_iter20           |    1|   0|    1|          0|
    |ap_enable_reg_pp0_iter21           |    1|   0|    1|          0|
    |ap_enable_reg_pp0_iter22           |    1|   0|    1|          0|
    |ap_enable_reg_pp0_iter23           |    1|   0|    1|          0|
    |ap_enable_reg_pp0_iter24           |    1|   0|    1|          0|
    |ap_enable_reg_pp0_iter25           |    1|   0|    1|          0|
    |ap_enable_reg_pp0_iter26           |    1|   0|    1|          0|
    |ap_enable_reg_pp0_iter27           |    1|   0|    1|          0|
    |ap_enable_reg_pp0_iter28           |    1|   0|    1|          0|
    |ap_enable_reg_pp0_iter29           |    1|   0|    1|          0|
    |ap_enable_reg_pp0_iter3            |    1|   0|    1|          0|
    |ap_enable_reg_pp0_iter30           |    1|   0|    1|          0|
    |ap_enable_reg_pp0_iter31           |    1|   0|    1|          0|
    |ap_enable_reg_pp0_iter32           |    1|   0|    1|          0|
    |ap_enable_reg_pp0_iter33           |    1|   0|    1|          0|
    |ap_enable_reg_pp0_iter34           |    1|   0|    1|          0|
    |ap_enable_reg_pp0_iter35           |    1|   0|    1|          0|
    |ap_enable_reg_pp0_iter36           |    1|   0|    1|          0|
    |ap_enable_reg_pp0_iter37           |    1|   0|    1|          0|
    |ap_enable_reg_pp0_iter38           |    1|   0|    1|          0|
    |ap_enable_reg_pp0_iter39           |    1|   0|    1|          0|
    |ap_enable_reg_pp0_iter4            |    1|   0|    1|          0|
    |ap_enable_reg_pp0_iter40           |    1|   0|    1|          0|
    |ap_enable_reg_pp0_iter41           |    1|   0|    1|          0|
    |ap_enable_reg_pp0_iter42           |    1|   0|    1|          0|
    |ap_enable_reg_pp0_iter43           |    1|   0|    1|          0|
    |ap_enable_reg_pp0_iter44           |    1|   0|    1|          0|
    |ap_enable_reg_pp0_iter45           |    1|   0|    1|          0|
    |ap_enable_reg_pp0_iter46           |    1|   0|    1|          0|
    |ap_enable_reg_pp0_iter47           |    1|   0|    1|          0|
    |ap_enable_reg_pp0_iter48           |    1|   0|    1|          0|
    |ap_enable_reg_pp0_iter49           |    1|   0|    1|          0|
    |ap_enable_reg_pp0_iter5            |    1|   0|    1|          0|
    |ap_enable_reg_pp0_iter50           |    1|   0|    1|          0|
    |ap_enable_reg_pp0_iter51           |    1|   0|    1|          0|
    |ap_enable_reg_pp0_iter52           |    1|   0|    1|          0|
    |ap_enable_reg_pp0_iter53           |    1|   0|    1|          0|
    |ap_enable_reg_pp0_iter54           |    1|   0|    1|          0|
    |ap_enable_reg_pp0_iter55           |    1|   0|    1|          0|
    |ap_enable_reg_pp0_iter56           |    1|   0|    1|          0|
    |ap_enable_reg_pp0_iter57           |    1|   0|    1|          0|
    |ap_enable_reg_pp0_iter58           |    1|   0|    1|          0|
    |ap_enable_reg_pp0_iter59           |    1|   0|    1|          0|
    |ap_enable_reg_pp0_iter6            |    1|   0|    1|          0|
    |ap_enable_reg_pp0_iter60           |    1|   0|    1|          0|
    |ap_enable_reg_pp0_iter61           |    1|   0|    1|          0|
    |ap_enable_reg_pp0_iter62           |    1|   0|    1|          0|
    |ap_enable_reg_pp0_iter63           |    1|   0|    1|          0|
    |ap_enable_reg_pp0_iter64           |    1|   0|    1|          0|
    |ap_enable_reg_pp0_iter65           |    1|   0|    1|          0|
    |ap_enable_reg_pp0_iter66           |    1|   0|    1|          0|
    |ap_enable_reg_pp0_iter67           |    1|   0|    1|          0|
    |ap_enable_reg_pp0_iter68           |    1|   0|    1|          0|
    |ap_enable_reg_pp0_iter69           |    1|   0|    1|          0|
    |ap_enable_reg_pp0_iter7            |    1|   0|    1|          0|
    |ap_enable_reg_pp0_iter70           |    1|   0|    1|          0|
    |ap_enable_reg_pp0_iter71           |    1|   0|    1|          0|
    |ap_enable_reg_pp0_iter72           |    1|   0|    1|          0|
    |ap_enable_reg_pp0_iter73           |    1|   0|    1|          0|
    |ap_enable_reg_pp0_iter8            |    1|   0|    1|          0|
    |ap_enable_reg_pp0_iter9            |    1|   0|    1|          0|
    |ap_loop_exit_ready_pp0_iter10_reg  |    1|   0|    1|          0|
    |ap_loop_exit_ready_pp0_iter11_reg  |    1|   0|    1|          0|
    |ap_loop_exit_ready_pp0_iter12_reg  |    1|   0|    1|          0|
    |ap_loop_exit_ready_pp0_iter13_reg  |    1|   0|    1|          0|
    |ap_loop_exit_ready_pp0_iter14_reg  |    1|   0|    1|          0|
    |ap_loop_exit_ready_pp0_iter15_reg  |    1|   0|    1|          0|
    |ap_loop_exit_ready_pp0_iter16_reg  |    1|   0|    1|          0|
    |ap_loop_exit_ready_pp0_iter17_reg  |    1|   0|    1|          0|
    |ap_loop_exit_ready_pp0_iter18_reg  |    1|   0|    1|          0|
    |ap_loop_exit_ready_pp0_iter19_reg  |    1|   0|    1|          0|
    |ap_loop_exit_ready_pp0_iter1_reg   |    1|   0|    1|          0|
    |ap_loop_exit_ready_pp0_iter20_reg  |    1|   0|    1|          0|
    |ap_loop_exit_ready_pp0_iter21_reg  |    1|   0|    1|          0|
    |ap_loop_exit_ready_pp0_iter22_reg  |    1|   0|    1|          0|
    |ap_loop_exit_ready_pp0_iter23_reg  |    1|   0|    1|          0|
    |ap_loop_exit_ready_pp0_iter24_reg  |    1|   0|    1|          0|
    |ap_loop_exit_ready_pp0_iter25_reg  |    1|   0|    1|          0|
    |ap_loop_exit_ready_pp0_iter26_reg  |    1|   0|    1|          0|
    |ap_loop_exit_ready_pp0_iter27_reg  |    1|   0|    1|          0|
    |ap_loop_exit_ready_pp0_iter28_reg  |    1|   0|    1|          0|
    |ap_loop_exit_ready_pp0_iter29_reg  |    1|   0|    1|          0|
    |ap_loop_exit_ready_pp0_iter2_reg   |    1|   0|    1|          0|
    |ap_loop_exit_ready_pp0_iter30_reg  |    1|   0|    1|          0|
    |ap_loop_exit_ready_pp0_iter31_reg  |    1|   0|    1|          0|
    |ap_loop_exit_ready_pp0_iter32_reg  |    1|   0|    1|          0|
    |ap_loop_exit_ready_pp0_iter33_reg  |    1|   0|    1|          0|
    |ap_loop_exit_ready_pp0_iter34_reg  |    1|   0|    1|          0|
    |ap_loop_exit_ready_pp0_iter35_reg  |    1|   0|    1|          0|
    |ap_loop_exit_ready_pp0_iter36_reg  |    1|   0|    1|          0|
    |ap_loop_exit_ready_pp0_iter37_reg  |    1|   0|    1|          0|
    |ap_loop_exit_ready_pp0_iter38_reg  |    1|   0|    1|          0|
    |ap_loop_exit_ready_pp0_iter39_reg  |    1|   0|    1|          0|
    |ap_loop_exit_ready_pp0_iter3_reg   |    1|   0|    1|          0|
    |ap_loop_exit_ready_pp0_iter40_reg  |    1|   0|    1|          0|
    |ap_loop_exit_ready_pp0_iter41_reg  |    1|   0|    1|          0|
    |ap_loop_exit_ready_pp0_iter42_reg  |    1|   0|    1|          0|
    |ap_loop_exit_ready_pp0_iter43_reg  |    1|   0|    1|          0|
    |ap_loop_exit_ready_pp0_iter44_reg  |    1|   0|    1|          0|
    |ap_loop_exit_ready_pp0_iter45_reg  |    1|   0|    1|          0|
    |ap_loop_exit_ready_pp0_iter46_reg  |    1|   0|    1|          0|
    |ap_loop_exit_ready_pp0_iter47_reg  |    1|   0|    1|          0|
    |ap_loop_exit_ready_pp0_iter48_reg  |    1|   0|    1|          0|
    |ap_loop_exit_ready_pp0_iter49_reg  |    1|   0|    1|          0|
    |ap_loop_exit_ready_pp0_iter4_reg   |    1|   0|    1|          0|
    |ap_loop_exit_ready_pp0_iter50_reg  |    1|   0|    1|          0|
    |ap_loop_exit_ready_pp0_iter51_reg  |    1|   0|    1|          0|
    |ap_loop_exit_ready_pp0_iter52_reg  |    1|   0|    1|          0|
    |ap_loop_exit_ready_pp0_iter53_reg  |    1|   0|    1|          0|
    |ap_loop_exit_ready_pp0_iter54_reg  |    1|   0|    1|          0|
    |ap_loop_exit_ready_pp0_iter55_reg  |    1|   0|    1|          0|
    |ap_loop_exit_ready_pp0_iter56_reg  |    1|   0|    1|          0|
    |ap_loop_exit_ready_pp0_iter57_reg  |    1|   0|    1|          0|
    |ap_loop_exit_ready_pp0_iter58_reg  |    1|   0|    1|          0|
    |ap_loop_exit_ready_pp0_iter59_reg  |    1|   0|    1|          0|
    |ap_loop_exit_ready_pp0_iter5_reg   |    1|   0|    1|          0|
    |ap_loop_exit_ready_pp0_iter60_reg  |    1|   0|    1|          0|
    |ap_loop_exit_ready_pp0_iter61_reg  |    1|   0|    1|          0|
    |ap_loop_exit_ready_pp0_iter62_reg  |    1|   0|    1|          0|
    |ap_loop_exit_ready_pp0_iter63_reg  |    1|   0|    1|          0|
    |ap_loop_exit_ready_pp0_iter64_reg  |    1|   0|    1|          0|
    |ap_loop_exit_ready_pp0_iter65_reg  |    1|   0|    1|          0|
    |ap_loop_exit_ready_pp0_iter66_reg  |    1|   0|    1|          0|
    |ap_loop_exit_ready_pp0_iter67_reg  |    1|   0|    1|          0|
    |ap_loop_exit_ready_pp0_iter68_reg  |    1|   0|    1|          0|
    |ap_loop_exit_ready_pp0_iter69_reg  |    1|   0|    1|          0|
    |ap_loop_exit_ready_pp0_iter6_reg   |    1|   0|    1|          0|
    |ap_loop_exit_ready_pp0_iter70_reg  |    1|   0|    1|          0|
    |ap_loop_exit_ready_pp0_iter71_reg  |    1|   0|    1|          0|
    |ap_loop_exit_ready_pp0_iter72_reg  |    1|   0|    1|          0|
    |ap_loop_exit_ready_pp0_iter7_reg   |    1|   0|    1|          0|
    |ap_loop_exit_ready_pp0_iter8_reg   |    1|   0|    1|          0|
    |ap_loop_exit_ready_pp0_iter9_reg   |    1|   0|    1|          0|
    |gmem0_addr_read_reg_249            |  512|   0|  512|          0|
    |i_1_fu_72                          |    6|   0|    6|          0|
    |trunc_ln4_reg_233                  |   58|   0|   58|          0|
    |zext_ln225_1_reg_228               |    6|   0|   64|         58|
    |add_ln228_1_reg_238                |   64|  32|    6|          0|
    |zext_ln225_1_reg_228               |   64|  32|   64|         58|
    +-----------------------------------+-----+----+-----+-----------+
    |Total                              |  863|  64|  863|        116|
    +-----------------------------------+-----+----+-----+-----------+



================================================================
== Interface
================================================================
* Summary: 
+----------------------+-----+-----+------------+----------------------------------------------+--------------+
|       RTL Ports      | Dir | Bits|  Protocol  |                 Source Object                |    C Type    |
+----------------------+-----+-----+------------+----------------------------------------------+--------------+
|ap_clk                |   in|    1|  ap_ctrl_hs|  sha256_process_chunk_Pipeline_copy_remainder|  return value|
|ap_rst                |   in|    1|  ap_ctrl_hs|  sha256_process_chunk_Pipeline_copy_remainder|  return value|
|ap_start              |   in|    1|  ap_ctrl_hs|  sha256_process_chunk_Pipeline_copy_remainder|  return value|
|ap_done               |  out|    1|  ap_ctrl_hs|  sha256_process_chunk_Pipeline_copy_remainder|  return value|
|ap_idle               |  out|    1|  ap_ctrl_hs|  sha256_process_chunk_Pipeline_copy_remainder|  return value|
|ap_ready              |  out|    1|  ap_ctrl_hs|  sha256_process_chunk_Pipeline_copy_remainder|  return value|
|ap_ext_blocking_n     |  out|    1|  ap_ctrl_hs|  sha256_process_chunk_Pipeline_copy_remainder|  return value|
|ap_str_blocking_n     |  out|    1|  ap_ctrl_hs|  sha256_process_chunk_Pipeline_copy_remainder|  return value|
|ap_int_blocking_n     |  out|    1|  ap_ctrl_hs|  sha256_process_chunk_Pipeline_copy_remainder|  return value|
|m_axi_gmem0_AWVALID   |  out|    1|       m_axi|                                         gmem0|       pointer|
|m_axi_gmem0_AWREADY   |   in|    1|       m_axi|                                         gmem0|       pointer|
|m_axi_gmem0_AWADDR    |  out|   64|       m_axi|                                         gmem0|       pointer|
|m_axi_gmem0_AWID      |  out|    1|       m_axi|                                         gmem0|       pointer|
|m_axi_gmem0_AWLEN     |  out|   32|       m_axi|                                         gmem0|       pointer|
|m_axi_gmem0_AWSIZE    |  out|    3|       m_axi|                                         gmem0|       pointer|
|m_axi_gmem0_AWBURST   |  out|    2|       m_axi|                                         gmem0|       pointer|
|m_axi_gmem0_AWLOCK    |  out|    2|       m_axi|                                         gmem0|       pointer|
|m_axi_gmem0_AWCACHE   |  out|    4|       m_axi|                                         gmem0|       pointer|
|m_axi_gmem0_AWPROT    |  out|    3|       m_axi|                                         gmem0|       pointer|
|m_axi_gmem0_AWQOS     |  out|    4|       m_axi|                                         gmem0|       pointer|
|m_axi_gmem0_AWREGION  |  out|    4|       m_axi|                                         gmem0|       pointer|
|m_axi_gmem0_AWUSER    |  out|    1|       m_axi|                                         gmem0|       pointer|
|m_axi_gmem0_WVALID    |  out|    1|       m_axi|                                         gmem0|       pointer|
|m_axi_gmem0_WREADY    |   in|    1|       m_axi|                                         gmem0|       pointer|
|m_axi_gmem0_WDATA     |  out|  512|       m_axi|                                         gmem0|       pointer|
|m_axi_gmem0_WSTRB     |  out|   64|       m_axi|                                         gmem0|       pointer|
|m_axi_gmem0_WLAST     |  out|    1|       m_axi|                                         gmem0|       pointer|
|m_axi_gmem0_WID       |  out|    1|       m_axi|                                         gmem0|       pointer|
|m_axi_gmem0_WUSER     |  out|    1|       m_axi|                                         gmem0|       pointer|
|m_axi_gmem0_ARVALID   |  out|    1|       m_axi|                                         gmem0|       pointer|
|m_axi_gmem0_ARREADY   |   in|    1|       m_axi|                                         gmem0|       pointer|
|m_axi_gmem0_ARADDR    |  out|   64|       m_axi|                                         gmem0|       pointer|
|m_axi_gmem0_ARID      |  out|    1|       m_axi|                                         gmem0|       pointer|
|m_axi_gmem0_ARLEN     |  out|   32|       m_axi|                                         gmem0|       pointer|
|m_axi_gmem0_ARSIZE    |  out|    3|       m_axi|                                         gmem0|       pointer|
|m_axi_gmem0_ARBURST   |  out|    2|       m_axi|                                         gmem0|       pointer|
|m_axi_gmem0_ARLOCK    |  out|    2|       m_axi|                                         gmem0|       pointer|
|m_axi_gmem0_ARCACHE   |  out|    4|       m_axi|                                         gmem0|       pointer|
|m_axi_gmem0_ARPROT    |  out|    3|       m_axi|                                         gmem0|       pointer|
|m_axi_gmem0_ARQOS     |  out|    4|       m_axi|                                         gmem0|       pointer|
|m_axi_gmem0_ARREGION  |  out|    4|       m_axi|                                         gmem0|       pointer|
|m_axi_gmem0_ARUSER    |  out|    1|       m_axi|                                         gmem0|       pointer|
|m_axi_gmem0_RVALID    |   in|    1|       m_axi|                                         gmem0|       pointer|
|m_axi_gmem0_RREADY    |  out|    1|       m_axi|                                         gmem0|       pointer|
|m_axi_gmem0_RDATA     |   in|  512|       m_axi|                                         gmem0|       pointer|
|m_axi_gmem0_RLAST     |   in|    1|       m_axi|                                         gmem0|       pointer|
|m_axi_gmem0_RID       |   in|    1|       m_axi|                                         gmem0|       pointer|
|m_axi_gmem0_RFIFONUM  |   in|    9|       m_axi|                                         gmem0|       pointer|
|m_axi_gmem0_RUSER     |   in|    1|       m_axi|                                         gmem0|       pointer|
|m_axi_gmem0_RRESP     |   in|    2|       m_axi|                                         gmem0|       pointer|
|m_axi_gmem0_BVALID    |   in|    1|       m_axi|                                         gmem0|       pointer|
|m_axi_gmem0_BREADY    |  out|    1|       m_axi|                                         gmem0|       pointer|
|m_axi_gmem0_BRESP     |   in|    2|       m_axi|                                         gmem0|       pointer|
|m_axi_gmem0_BID       |   in|    1|       m_axi|                                         gmem0|       pointer|
|m_axi_gmem0_BUSER     |   in|    1|       m_axi|                                         gmem0|       pointer|
|rem_r                 |   in|    6|     ap_none|                                         rem_r|        scalar|
|chunk                 |   in|   64|     ap_none|                                         chunk|        scalar|
|zext_ln225            |   in|   32|     ap_none|                                    zext_ln225|        scalar|
|trunc_ln225_1         |   in|    6|     ap_none|                                 trunc_ln225_1|        scalar|
|pad_block_address0    |  out|    6|   ap_memory|                                     pad_block|         array|
|pad_block_ce0         |  out|    1|   ap_memory|                                     pad_block|         array|
|pad_block_we0         |  out|    1|   ap_memory|                                     pad_block|         array|
|pad_block_d0          |  out|    8|   ap_memory|                                     pad_block|         array|
+----------------------+-----+-----+------------+----------------------------------------------+--------------+

============================================================
+ Verbose Summary: Synthesis Manager
============================================================
InlineROM: 1
ExposeGlobal: 0
============================================================
+ Verbose Summary: CDFG Model
============================================================
IsTopModel: 0
ResetActiveHigh: 1
IsCombinational: 2
IsDatapathOnly: 2
HasWiredReturn: 1
HasMFsm: 2
HasVarLatency: 1
IsPipeline: 0
IsRtlPipelined: 0
IsInstanceOverlapped: 0
IsDontTouch: 0
HasImplIP: 0
IsGatedGlobalClock: 0

+ Individual pipeline summary: 
  * Pipeline-0: initiation interval (II) = 1, depth = 74


============================================================
+ Verbose Summary: Schedule
============================================================
* Number of FSM states : 74
* Pipeline : 1
  Pipeline-0 : II = 1, D = 74, States = { 1 2 3 4 5 6 7 8 9 10 11 12 13 14 15 16 17 18 19 20 21 22 23 24 25 26 27 28 29 30 31 32 33 34 35 36 37 38 39 40 41 42 43 44 45 46 47 48 49 50 51 52 53 54 55 56 57 58 59 60 61 62 63 64 65 66 67 68 69 70 71 72 73 74 }
* Dataflow Pipeline: 0

* FSM state transitions: 
1 --> 2 
2 --> 3 
3 --> 4 
4 --> 5 
5 --> 6 
6 --> 7 
7 --> 8 
8 --> 9 
9 --> 10 
10 --> 11 
11 --> 12 
12 --> 13 
13 --> 14 
14 --> 15 
15 --> 16 
16 --> 17 
17 --> 18 
18 --> 19 
19 --> 20 
20 --> 21 
21 --> 22 
22 --> 23 
23 --> 24 
24 --> 25 
25 --> 26 
26 --> 27 
27 --> 28 
28 --> 29 
29 --> 30 
30 --> 31 
31 --> 32 
32 --> 33 
33 --> 34 
34 --> 35 
35 --> 36 
36 --> 37 
37 --> 38 
38 --> 39 
39 --> 40 
40 --> 41 
41 --> 42 
42 --> 43 
43 --> 44 
44 --> 45 
45 --> 46 
46 --> 47 
47 --> 48 
48 --> 49 
49 --> 50 
50 --> 51 
51 --> 52 
52 --> 53 
53 --> 54 
54 --> 55 
55 --> 56 
56 --> 57 
57 --> 58 
58 --> 59 
59 --> 60 
60 --> 61 
61 --> 62 
62 --> 63 
63 --> 64 
64 --> 65 
65 --> 66 
66 --> 67 
67 --> 68 
68 --> 69 
69 --> 70 
70 --> 71 
71 --> 72 
72 --> 73 
73 --> 74 
74 --> 

* FSM state operations: 

State 1 <SV = 0> <Delay = 1.09>
ST_1 : Operation 77 [1/1] (0.00ns)   --->   "%i_1 = alloca i32 1"   --->   Operation 77 'alloca' 'i_1' <Predicate = true> <Delay = 0.00>
ST_1 : Operation 78 [1/1] (0.00ns)   --->   "%trunc_ln225_1_read = read i6 @_ssdm_op_Read.ap_auto.i6, i6 %trunc_ln225_1"   --->   Operation 78 'read' 'trunc_ln225_1_read' <Predicate = true> <Delay = 0.00>
ST_1 : Operation 79 [1/1] (0.00ns)   --->   "%zext_ln225_read = read i32 @_ssdm_op_Read.ap_auto.i32, i32 %zext_ln225"   --->   Operation 79 'read' 'zext_ln225_read' <Predicate = true> <Delay = 0.00>
ST_1 : Operation 80 [1/1] (0.00ns)   --->   "%chunk_read = read i64 @_ssdm_op_Read.ap_auto.i64, i64 %chunk"   --->   Operation 80 'read' 'chunk_read' <Predicate = true> <Delay = 0.00>
ST_1 : Operation 81 [1/1] (0.00ns)   --->   "%rem_read = read i6 @_ssdm_op_Read.ap_auto.i6, i6 %rem_r"   --->   Operation 81 'read' 'rem_read' <Predicate = true> <Delay = 0.00>
ST_1 : Operation 82 [1/1] (0.00ns)   --->   "%zext_ln225_cast = zext i32 %zext_ln225_read"   --->   Operation 82 'zext' 'zext_ln225_cast' <Predicate = true> <Delay = 0.00>
ST_1 : Operation 83 [1/1] (0.00ns)   --->   "%specinterface_ln0 = specinterface void @_ssdm_op_SpecInterface, i512 %gmem0, void @empty_18, i32 0, i32 0, void @empty, i32 64, i32 1024, void @empty_0, void @empty_1, void @empty, i32 16, i32 16, i32 16, i32 16, void @empty, void @empty, i32 4294967295, i32 0"   --->   Operation 83 'specinterface' 'specinterface_ln0' <Predicate = true> <Delay = 0.00>
ST_1 : Operation 84 [1/1] (0.38ns)   --->   "%store_ln0 = store i6 0, i6 %i_1"   --->   Operation 84 'store' 'store_ln0' <Predicate = true> <Delay = 0.38>
ST_1 : Operation 85 [1/1] (0.00ns)   --->   "%br_ln0 = br void %for.inc45"   --->   Operation 85 'br' 'br_ln0' <Predicate = true> <Delay = 0.00>
ST_1 : Operation 86 [1/1] (0.00ns)   --->   "%i = load i6 %i_1" [/users/arashs/U280_CRC_Accelerator/src/kernel.cpp:228]   --->   Operation 86 'load' 'i' <Predicate = true> <Delay = 0.00>
ST_1 : Operation 87 [1/1] (0.70ns)   --->   "%icmp_ln225 = icmp_eq  i6 %i, i6 %rem_read" [/users/arashs/U280_CRC_Accelerator/src/kernel.cpp:225]   --->   Operation 87 'icmp' 'icmp_ln225' <Predicate = true> <Delay = 0.70> <CoreInst = "Cmp">   --->   Core 9 'Cmp' <Latency = 0> <II = 1> <Delay = 0.70> <FuncUnit> <Opcode : 'icmp'> <InPorts = 2> <OutPorts = 1>
ST_1 : Operation 88 [1/1] (0.70ns)   --->   "%add_ln225 = add i6 %i, i6 1" [/users/arashs/U280_CRC_Accelerator/src/kernel.cpp:225]   --->   Operation 88 'add' 'add_ln225' <Predicate = true> <Delay = 0.70> <CoreInst = "Adder">   --->   Core 1 'Adder' <Latency = 0> <II = 1> <Delay = 0.70> <FuncUnit> <Opcode : 'add' 'sub'> <InPorts = 2> <OutPorts = 1>
ST_1 : Operation 89 [1/1] (0.00ns)   --->   "%br_ln225 = br i1 %icmp_ln225, void %for.inc45.split, void %for.end47.loopexit.exitStub" [/users/arashs/U280_CRC_Accelerator/src/kernel.cpp:225]   --->   Operation 89 'br' 'br_ln225' <Predicate = true> <Delay = 0.00>
ST_1 : Operation 90 [1/1] (0.00ns)   --->   "%zext_ln225_1 = zext i6 %i" [/users/arashs/U280_CRC_Accelerator/src/kernel.cpp:225]   --->   Operation 90 'zext' 'zext_ln225_1' <Predicate = (!icmp_ln225)> <Delay = 0.00>
ST_1 : Operation 91 [1/1] (0.00ns) (grouped into TernaryAdder)   --->   "%add_ln228_2 = add i64 %zext_ln225_1, i64 %chunk_read" [/users/arashs/U280_CRC_Accelerator/src/kernel.cpp:228]   --->   Operation 91 'add' 'add_ln228_2' <Predicate = (!icmp_ln225)> <Delay = 0.00> <CoreInst = "TAddSub">   --->   Core 10 'TAddSub' <Latency = 0> <II = 1> <Delay = 0.42> <IPBlock> <Opcode : '<invalid operator> ' 'add' 'sub'> <InPorts = 3> <OutPorts = 1> <Sync> <CReg>
ST_1 : Operation 92 [1/1] (0.84ns) (root node of TernaryAdder)   --->   "%add_ln228 = add i64 %add_ln228_2, i64 %zext_ln225_cast" [/users/arashs/U280_CRC_Accelerator/src/kernel.cpp:228]   --->   Operation 92 'add' 'add_ln228' <Predicate = (!icmp_ln225)> <Delay = 0.84> <CoreInst = "TAddSub">   --->   Core 10 'TAddSub' <Latency = 0> <II = 1> <Delay = 0.42> <IPBlock> <Opcode : '<invalid operator> ' 'add' 'sub'> <InPorts = 3> <OutPorts = 1> <Sync> <CReg>
ST_1 : Operation 93 [1/1] (0.00ns)   --->   "%trunc_ln4 = partselect i58 @_ssdm_op_PartSelect.i58.i64.i32.i32, i64 %add_ln228, i32 6, i32 63" [/users/arashs/U280_CRC_Accelerator/src/kernel.cpp:228]   --->   Operation 93 'partselect' 'trunc_ln4' <Predicate = (!icmp_ln225)> <Delay = 0.00>
ST_1 : Operation 94 [1/1] (0.70ns)   --->   "%add_ln228_1 = add i6 %trunc_ln225_1_read, i6 %i" [/users/arashs/U280_CRC_Accelerator/src/kernel.cpp:228]   --->   Operation 94 'add' 'add_ln228_1' <Predicate = (!icmp_ln225)> <Delay = 0.70> <CoreInst = "Adder">   --->   Core 1 'Adder' <Latency = 0> <II = 1> <Delay = 0.70> <FuncUnit> <Opcode : 'add' 'sub'> <InPorts = 2> <OutPorts = 1>
ST_1 : Operation 95 [1/1] (0.38ns)   --->   "%store_ln225 = store i6 %add_ln225, i6 %i_1" [/users/arashs/U280_CRC_Accelerator/src/kernel.cpp:225]   --->   Operation 95 'store' 'store_ln225' <Predicate = (!icmp_ln225)> <Delay = 0.38>

State 2 <SV = 1> <Delay = 2.43>
ST_2 : Operation 96 [1/1] (0.00ns)   --->   "%sext_ln228 = sext i58 %trunc_ln4" [/users/arashs/U280_CRC_Accelerator/src/kernel.cpp:228]   --->   Operation 96 'sext' 'sext_ln228' <Predicate = true> <Delay = 0.00>
ST_2 : Operation 97 [1/1] (0.00ns)   --->   "%gmem0_addr = getelementptr i512 %gmem0, i64 %sext_ln228" [/users/arashs/U280_CRC_Accelerator/src/kernel.cpp:228]   --->   Operation 97 'getelementptr' 'gmem0_addr' <Predicate = true> <Delay = 0.00>
ST_2 : Operation 98 [71/71] (2.43ns)   --->   "%gmem0_load_64_req = readreq i1 @_ssdm_op_ReadReq.m_axi.i512P1A, i64 %gmem0_addr, i32 1" [/users/arashs/U280_CRC_Accelerator/src/kernel.cpp:228]   --->   Operation 98 'readreq' 'gmem0_load_64_req' <Predicate = true> <Delay = 2.43> <CoreInst = "m_axi">   --->   Core 121 'm_axi' <Latency = 0> <II = 1> <Delay = 1.00> <Adapter> <Opcode : 'read' 'write' 'readreq' 'writereq' 'writeresp'>

State 3 <SV = 2> <Delay = 2.43>
ST_3 : Operation 99 [70/71] (2.43ns)   --->   "%gmem0_load_64_req = readreq i1 @_ssdm_op_ReadReq.m_axi.i512P1A, i64 %gmem0_addr, i32 1" [/users/arashs/U280_CRC_Accelerator/src/kernel.cpp:228]   --->   Operation 99 'readreq' 'gmem0_load_64_req' <Predicate = true> <Delay = 2.43> <CoreInst = "m_axi">   --->   Core 121 'm_axi' <Latency = 0> <II = 1> <Delay = 1.00> <Adapter> <Opcode : 'read' 'write' 'readreq' 'writereq' 'writeresp'>

State 4 <SV = 3> <Delay = 2.43>
ST_4 : Operation 100 [69/71] (2.43ns)   --->   "%gmem0_load_64_req = readreq i1 @_ssdm_op_ReadReq.m_axi.i512P1A, i64 %gmem0_addr, i32 1" [/users/arashs/U280_CRC_Accelerator/src/kernel.cpp:228]   --->   Operation 100 'readreq' 'gmem0_load_64_req' <Predicate = true> <Delay = 2.43> <CoreInst = "m_axi">   --->   Core 121 'm_axi' <Latency = 0> <II = 1> <Delay = 1.00> <Adapter> <Opcode : 'read' 'write' 'readreq' 'writereq' 'writeresp'>

State 5 <SV = 4> <Delay = 2.43>
ST_5 : Operation 101 [68/71] (2.43ns)   --->   "%gmem0_load_64_req = readreq i1 @_ssdm_op_ReadReq.m_axi.i512P1A, i64 %gmem0_addr, i32 1" [/users/arashs/U280_CRC_Accelerator/src/kernel.cpp:228]   --->   Operation 101 'readreq' 'gmem0_load_64_req' <Predicate = true> <Delay = 2.43> <CoreInst = "m_axi">   --->   Core 121 'm_axi' <Latency = 0> <II = 1> <Delay = 1.00> <Adapter> <Opcode : 'read' 'write' 'readreq' 'writereq' 'writeresp'>

State 6 <SV = 5> <Delay = 2.43>
ST_6 : Operation 102 [67/71] (2.43ns)   --->   "%gmem0_load_64_req = readreq i1 @_ssdm_op_ReadReq.m_axi.i512P1A, i64 %gmem0_addr, i32 1" [/users/arashs/U280_CRC_Accelerator/src/kernel.cpp:228]   --->   Operation 102 'readreq' 'gmem0_load_64_req' <Predicate = true> <Delay = 2.43> <CoreInst = "m_axi">   --->   Core 121 'm_axi' <Latency = 0> <II = 1> <Delay = 1.00> <Adapter> <Opcode : 'read' 'write' 'readreq' 'writereq' 'writeresp'>

State 7 <SV = 6> <Delay = 2.43>
ST_7 : Operation 103 [66/71] (2.43ns)   --->   "%gmem0_load_64_req = readreq i1 @_ssdm_op_ReadReq.m_axi.i512P1A, i64 %gmem0_addr, i32 1" [/users/arashs/U280_CRC_Accelerator/src/kernel.cpp:228]   --->   Operation 103 'readreq' 'gmem0_load_64_req' <Predicate = true> <Delay = 2.43> <CoreInst = "m_axi">   --->   Core 121 'm_axi' <Latency = 0> <II = 1> <Delay = 1.00> <Adapter> <Opcode : 'read' 'write' 'readreq' 'writereq' 'writeresp'>

State 8 <SV = 7> <Delay = 2.43>
ST_8 : Operation 104 [65/71] (2.43ns)   --->   "%gmem0_load_64_req = readreq i1 @_ssdm_op_ReadReq.m_axi.i512P1A, i64 %gmem0_addr, i32 1" [/users/arashs/U280_CRC_Accelerator/src/kernel.cpp:228]   --->   Operation 104 'readreq' 'gmem0_load_64_req' <Predicate = true> <Delay = 2.43> <CoreInst = "m_axi">   --->   Core 121 'm_axi' <Latency = 0> <II = 1> <Delay = 1.00> <Adapter> <Opcode : 'read' 'write' 'readreq' 'writereq' 'writeresp'>

State 9 <SV = 8> <Delay = 2.43>
ST_9 : Operation 105 [64/71] (2.43ns)   --->   "%gmem0_load_64_req = readreq i1 @_ssdm_op_ReadReq.m_axi.i512P1A, i64 %gmem0_addr, i32 1" [/users/arashs/U280_CRC_Accelerator/src/kernel.cpp:228]   --->   Operation 105 'readreq' 'gmem0_load_64_req' <Predicate = true> <Delay = 2.43> <CoreInst = "m_axi">   --->   Core 121 'm_axi' <Latency = 0> <II = 1> <Delay = 1.00> <Adapter> <Opcode : 'read' 'write' 'readreq' 'writereq' 'writeresp'>

State 10 <SV = 9> <Delay = 2.43>
ST_10 : Operation 106 [63/71] (2.43ns)   --->   "%gmem0_load_64_req = readreq i1 @_ssdm_op_ReadReq.m_axi.i512P1A, i64 %gmem0_addr, i32 1" [/users/arashs/U280_CRC_Accelerator/src/kernel.cpp:228]   --->   Operation 106 'readreq' 'gmem0_load_64_req' <Predicate = true> <Delay = 2.43> <CoreInst = "m_axi">   --->   Core 121 'm_axi' <Latency = 0> <II = 1> <Delay = 1.00> <Adapter> <Opcode : 'read' 'write' 'readreq' 'writereq' 'writeresp'>

State 11 <SV = 10> <Delay = 2.43>
ST_11 : Operation 107 [62/71] (2.43ns)   --->   "%gmem0_load_64_req = readreq i1 @_ssdm_op_ReadReq.m_axi.i512P1A, i64 %gmem0_addr, i32 1" [/users/arashs/U280_CRC_Accelerator/src/kernel.cpp:228]   --->   Operation 107 'readreq' 'gmem0_load_64_req' <Predicate = true> <Delay = 2.43> <CoreInst = "m_axi">   --->   Core 121 'm_axi' <Latency = 0> <II = 1> <Delay = 1.00> <Adapter> <Opcode : 'read' 'write' 'readreq' 'writereq' 'writeresp'>

State 12 <SV = 11> <Delay = 2.43>
ST_12 : Operation 108 [61/71] (2.43ns)   --->   "%gmem0_load_64_req = readreq i1 @_ssdm_op_ReadReq.m_axi.i512P1A, i64 %gmem0_addr, i32 1" [/users/arashs/U280_CRC_Accelerator/src/kernel.cpp:228]   --->   Operation 108 'readreq' 'gmem0_load_64_req' <Predicate = true> <Delay = 2.43> <CoreInst = "m_axi">   --->   Core 121 'm_axi' <Latency = 0> <II = 1> <Delay = 1.00> <Adapter> <Opcode : 'read' 'write' 'readreq' 'writereq' 'writeresp'>

State 13 <SV = 12> <Delay = 2.43>
ST_13 : Operation 109 [60/71] (2.43ns)   --->   "%gmem0_load_64_req = readreq i1 @_ssdm_op_ReadReq.m_axi.i512P1A, i64 %gmem0_addr, i32 1" [/users/arashs/U280_CRC_Accelerator/src/kernel.cpp:228]   --->   Operation 109 'readreq' 'gmem0_load_64_req' <Predicate = true> <Delay = 2.43> <CoreInst = "m_axi">   --->   Core 121 'm_axi' <Latency = 0> <II = 1> <Delay = 1.00> <Adapter> <Opcode : 'read' 'write' 'readreq' 'writereq' 'writeresp'>

State 14 <SV = 13> <Delay = 2.43>
ST_14 : Operation 110 [59/71] (2.43ns)   --->   "%gmem0_load_64_req = readreq i1 @_ssdm_op_ReadReq.m_axi.i512P1A, i64 %gmem0_addr, i32 1" [/users/arashs/U280_CRC_Accelerator/src/kernel.cpp:228]   --->   Operation 110 'readreq' 'gmem0_load_64_req' <Predicate = true> <Delay = 2.43> <CoreInst = "m_axi">   --->   Core 121 'm_axi' <Latency = 0> <II = 1> <Delay = 1.00> <Adapter> <Opcode : 'read' 'write' 'readreq' 'writereq' 'writeresp'>

State 15 <SV = 14> <Delay = 2.43>
ST_15 : Operation 111 [58/71] (2.43ns)   --->   "%gmem0_load_64_req = readreq i1 @_ssdm_op_ReadReq.m_axi.i512P1A, i64 %gmem0_addr, i32 1" [/users/arashs/U280_CRC_Accelerator/src/kernel.cpp:228]   --->   Operation 111 'readreq' 'gmem0_load_64_req' <Predicate = true> <Delay = 2.43> <CoreInst = "m_axi">   --->   Core 121 'm_axi' <Latency = 0> <II = 1> <Delay = 1.00> <Adapter> <Opcode : 'read' 'write' 'readreq' 'writereq' 'writeresp'>

State 16 <SV = 15> <Delay = 2.43>
ST_16 : Operation 112 [57/71] (2.43ns)   --->   "%gmem0_load_64_req = readreq i1 @_ssdm_op_ReadReq.m_axi.i512P1A, i64 %gmem0_addr, i32 1" [/users/arashs/U280_CRC_Accelerator/src/kernel.cpp:228]   --->   Operation 112 'readreq' 'gmem0_load_64_req' <Predicate = true> <Delay = 2.43> <CoreInst = "m_axi">   --->   Core 121 'm_axi' <Latency = 0> <II = 1> <Delay = 1.00> <Adapter> <Opcode : 'read' 'write' 'readreq' 'writereq' 'writeresp'>

State 17 <SV = 16> <Delay = 2.43>
ST_17 : Operation 113 [56/71] (2.43ns)   --->   "%gmem0_load_64_req = readreq i1 @_ssdm_op_ReadReq.m_axi.i512P1A, i64 %gmem0_addr, i32 1" [/users/arashs/U280_CRC_Accelerator/src/kernel.cpp:228]   --->   Operation 113 'readreq' 'gmem0_load_64_req' <Predicate = true> <Delay = 2.43> <CoreInst = "m_axi">   --->   Core 121 'm_axi' <Latency = 0> <II = 1> <Delay = 1.00> <Adapter> <Opcode : 'read' 'write' 'readreq' 'writereq' 'writeresp'>

State 18 <SV = 17> <Delay = 2.43>
ST_18 : Operation 114 [55/71] (2.43ns)   --->   "%gmem0_load_64_req = readreq i1 @_ssdm_op_ReadReq.m_axi.i512P1A, i64 %gmem0_addr, i32 1" [/users/arashs/U280_CRC_Accelerator/src/kernel.cpp:228]   --->   Operation 114 'readreq' 'gmem0_load_64_req' <Predicate = true> <Delay = 2.43> <CoreInst = "m_axi">   --->   Core 121 'm_axi' <Latency = 0> <II = 1> <Delay = 1.00> <Adapter> <Opcode : 'read' 'write' 'readreq' 'writereq' 'writeresp'>

State 19 <SV = 18> <Delay = 2.43>
ST_19 : Operation 115 [54/71] (2.43ns)   --->   "%gmem0_load_64_req = readreq i1 @_ssdm_op_ReadReq.m_axi.i512P1A, i64 %gmem0_addr, i32 1" [/users/arashs/U280_CRC_Accelerator/src/kernel.cpp:228]   --->   Operation 115 'readreq' 'gmem0_load_64_req' <Predicate = true> <Delay = 2.43> <CoreInst = "m_axi">   --->   Core 121 'm_axi' <Latency = 0> <II = 1> <Delay = 1.00> <Adapter> <Opcode : 'read' 'write' 'readreq' 'writereq' 'writeresp'>

State 20 <SV = 19> <Delay = 2.43>
ST_20 : Operation 116 [53/71] (2.43ns)   --->   "%gmem0_load_64_req = readreq i1 @_ssdm_op_ReadReq.m_axi.i512P1A, i64 %gmem0_addr, i32 1" [/users/arashs/U280_CRC_Accelerator/src/kernel.cpp:228]   --->   Operation 116 'readreq' 'gmem0_load_64_req' <Predicate = true> <Delay = 2.43> <CoreInst = "m_axi">   --->   Core 121 'm_axi' <Latency = 0> <II = 1> <Delay = 1.00> <Adapter> <Opcode : 'read' 'write' 'readreq' 'writereq' 'writeresp'>

State 21 <SV = 20> <Delay = 2.43>
ST_21 : Operation 117 [52/71] (2.43ns)   --->   "%gmem0_load_64_req = readreq i1 @_ssdm_op_ReadReq.m_axi.i512P1A, i64 %gmem0_addr, i32 1" [/users/arashs/U280_CRC_Accelerator/src/kernel.cpp:228]   --->   Operation 117 'readreq' 'gmem0_load_64_req' <Predicate = true> <Delay = 2.43> <CoreInst = "m_axi">   --->   Core 121 'm_axi' <Latency = 0> <II = 1> <Delay = 1.00> <Adapter> <Opcode : 'read' 'write' 'readreq' 'writereq' 'writeresp'>

State 22 <SV = 21> <Delay = 2.43>
ST_22 : Operation 118 [51/71] (2.43ns)   --->   "%gmem0_load_64_req = readreq i1 @_ssdm_op_ReadReq.m_axi.i512P1A, i64 %gmem0_addr, i32 1" [/users/arashs/U280_CRC_Accelerator/src/kernel.cpp:228]   --->   Operation 118 'readreq' 'gmem0_load_64_req' <Predicate = true> <Delay = 2.43> <CoreInst = "m_axi">   --->   Core 121 'm_axi' <Latency = 0> <II = 1> <Delay = 1.00> <Adapter> <Opcode : 'read' 'write' 'readreq' 'writereq' 'writeresp'>

State 23 <SV = 22> <Delay = 2.43>
ST_23 : Operation 119 [50/71] (2.43ns)   --->   "%gmem0_load_64_req = readreq i1 @_ssdm_op_ReadReq.m_axi.i512P1A, i64 %gmem0_addr, i32 1" [/users/arashs/U280_CRC_Accelerator/src/kernel.cpp:228]   --->   Operation 119 'readreq' 'gmem0_load_64_req' <Predicate = true> <Delay = 2.43> <CoreInst = "m_axi">   --->   Core 121 'm_axi' <Latency = 0> <II = 1> <Delay = 1.00> <Adapter> <Opcode : 'read' 'write' 'readreq' 'writereq' 'writeresp'>

State 24 <SV = 23> <Delay = 2.43>
ST_24 : Operation 120 [49/71] (2.43ns)   --->   "%gmem0_load_64_req = readreq i1 @_ssdm_op_ReadReq.m_axi.i512P1A, i64 %gmem0_addr, i32 1" [/users/arashs/U280_CRC_Accelerator/src/kernel.cpp:228]   --->   Operation 120 'readreq' 'gmem0_load_64_req' <Predicate = true> <Delay = 2.43> <CoreInst = "m_axi">   --->   Core 121 'm_axi' <Latency = 0> <II = 1> <Delay = 1.00> <Adapter> <Opcode : 'read' 'write' 'readreq' 'writereq' 'writeresp'>

State 25 <SV = 24> <Delay = 2.43>
ST_25 : Operation 121 [48/71] (2.43ns)   --->   "%gmem0_load_64_req = readreq i1 @_ssdm_op_ReadReq.m_axi.i512P1A, i64 %gmem0_addr, i32 1" [/users/arashs/U280_CRC_Accelerator/src/kernel.cpp:228]   --->   Operation 121 'readreq' 'gmem0_load_64_req' <Predicate = true> <Delay = 2.43> <CoreInst = "m_axi">   --->   Core 121 'm_axi' <Latency = 0> <II = 1> <Delay = 1.00> <Adapter> <Opcode : 'read' 'write' 'readreq' 'writereq' 'writeresp'>

State 26 <SV = 25> <Delay = 2.43>
ST_26 : Operation 122 [47/71] (2.43ns)   --->   "%gmem0_load_64_req = readreq i1 @_ssdm_op_ReadReq.m_axi.i512P1A, i64 %gmem0_addr, i32 1" [/users/arashs/U280_CRC_Accelerator/src/kernel.cpp:228]   --->   Operation 122 'readreq' 'gmem0_load_64_req' <Predicate = true> <Delay = 2.43> <CoreInst = "m_axi">   --->   Core 121 'm_axi' <Latency = 0> <II = 1> <Delay = 1.00> <Adapter> <Opcode : 'read' 'write' 'readreq' 'writereq' 'writeresp'>

State 27 <SV = 26> <Delay = 2.43>
ST_27 : Operation 123 [46/71] (2.43ns)   --->   "%gmem0_load_64_req = readreq i1 @_ssdm_op_ReadReq.m_axi.i512P1A, i64 %gmem0_addr, i32 1" [/users/arashs/U280_CRC_Accelerator/src/kernel.cpp:228]   --->   Operation 123 'readreq' 'gmem0_load_64_req' <Predicate = true> <Delay = 2.43> <CoreInst = "m_axi">   --->   Core 121 'm_axi' <Latency = 0> <II = 1> <Delay = 1.00> <Adapter> <Opcode : 'read' 'write' 'readreq' 'writereq' 'writeresp'>

State 28 <SV = 27> <Delay = 2.43>
ST_28 : Operation 124 [45/71] (2.43ns)   --->   "%gmem0_load_64_req = readreq i1 @_ssdm_op_ReadReq.m_axi.i512P1A, i64 %gmem0_addr, i32 1" [/users/arashs/U280_CRC_Accelerator/src/kernel.cpp:228]   --->   Operation 124 'readreq' 'gmem0_load_64_req' <Predicate = true> <Delay = 2.43> <CoreInst = "m_axi">   --->   Core 121 'm_axi' <Latency = 0> <II = 1> <Delay = 1.00> <Adapter> <Opcode : 'read' 'write' 'readreq' 'writereq' 'writeresp'>

State 29 <SV = 28> <Delay = 2.43>
ST_29 : Operation 125 [44/71] (2.43ns)   --->   "%gmem0_load_64_req = readreq i1 @_ssdm_op_ReadReq.m_axi.i512P1A, i64 %gmem0_addr, i32 1" [/users/arashs/U280_CRC_Accelerator/src/kernel.cpp:228]   --->   Operation 125 'readreq' 'gmem0_load_64_req' <Predicate = true> <Delay = 2.43> <CoreInst = "m_axi">   --->   Core 121 'm_axi' <Latency = 0> <II = 1> <Delay = 1.00> <Adapter> <Opcode : 'read' 'write' 'readreq' 'writereq' 'writeresp'>

State 30 <SV = 29> <Delay = 2.43>
ST_30 : Operation 126 [43/71] (2.43ns)   --->   "%gmem0_load_64_req = readreq i1 @_ssdm_op_ReadReq.m_axi.i512P1A, i64 %gmem0_addr, i32 1" [/users/arashs/U280_CRC_Accelerator/src/kernel.cpp:228]   --->   Operation 126 'readreq' 'gmem0_load_64_req' <Predicate = true> <Delay = 2.43> <CoreInst = "m_axi">   --->   Core 121 'm_axi' <Latency = 0> <II = 1> <Delay = 1.00> <Adapter> <Opcode : 'read' 'write' 'readreq' 'writereq' 'writeresp'>

State 31 <SV = 30> <Delay = 2.43>
ST_31 : Operation 127 [42/71] (2.43ns)   --->   "%gmem0_load_64_req = readreq i1 @_ssdm_op_ReadReq.m_axi.i512P1A, i64 %gmem0_addr, i32 1" [/users/arashs/U280_CRC_Accelerator/src/kernel.cpp:228]   --->   Operation 127 'readreq' 'gmem0_load_64_req' <Predicate = true> <Delay = 2.43> <CoreInst = "m_axi">   --->   Core 121 'm_axi' <Latency = 0> <II = 1> <Delay = 1.00> <Adapter> <Opcode : 'read' 'write' 'readreq' 'writereq' 'writeresp'>

State 32 <SV = 31> <Delay = 2.43>
ST_32 : Operation 128 [41/71] (2.43ns)   --->   "%gmem0_load_64_req = readreq i1 @_ssdm_op_ReadReq.m_axi.i512P1A, i64 %gmem0_addr, i32 1" [/users/arashs/U280_CRC_Accelerator/src/kernel.cpp:228]   --->   Operation 128 'readreq' 'gmem0_load_64_req' <Predicate = true> <Delay = 2.43> <CoreInst = "m_axi">   --->   Core 121 'm_axi' <Latency = 0> <II = 1> <Delay = 1.00> <Adapter> <Opcode : 'read' 'write' 'readreq' 'writereq' 'writeresp'>

State 33 <SV = 32> <Delay = 2.43>
ST_33 : Operation 129 [40/71] (2.43ns)   --->   "%gmem0_load_64_req = readreq i1 @_ssdm_op_ReadReq.m_axi.i512P1A, i64 %gmem0_addr, i32 1" [/users/arashs/U280_CRC_Accelerator/src/kernel.cpp:228]   --->   Operation 129 'readreq' 'gmem0_load_64_req' <Predicate = true> <Delay = 2.43> <CoreInst = "m_axi">   --->   Core 121 'm_axi' <Latency = 0> <II = 1> <Delay = 1.00> <Adapter> <Opcode : 'read' 'write' 'readreq' 'writereq' 'writeresp'>

State 34 <SV = 33> <Delay = 2.43>
ST_34 : Operation 130 [39/71] (2.43ns)   --->   "%gmem0_load_64_req = readreq i1 @_ssdm_op_ReadReq.m_axi.i512P1A, i64 %gmem0_addr, i32 1" [/users/arashs/U280_CRC_Accelerator/src/kernel.cpp:228]   --->   Operation 130 'readreq' 'gmem0_load_64_req' <Predicate = true> <Delay = 2.43> <CoreInst = "m_axi">   --->   Core 121 'm_axi' <Latency = 0> <II = 1> <Delay = 1.00> <Adapter> <Opcode : 'read' 'write' 'readreq' 'writereq' 'writeresp'>

State 35 <SV = 34> <Delay = 2.43>
ST_35 : Operation 131 [38/71] (2.43ns)   --->   "%gmem0_load_64_req = readreq i1 @_ssdm_op_ReadReq.m_axi.i512P1A, i64 %gmem0_addr, i32 1" [/users/arashs/U280_CRC_Accelerator/src/kernel.cpp:228]   --->   Operation 131 'readreq' 'gmem0_load_64_req' <Predicate = true> <Delay = 2.43> <CoreInst = "m_axi">   --->   Core 121 'm_axi' <Latency = 0> <II = 1> <Delay = 1.00> <Adapter> <Opcode : 'read' 'write' 'readreq' 'writereq' 'writeresp'>

State 36 <SV = 35> <Delay = 2.43>
ST_36 : Operation 132 [37/71] (2.43ns)   --->   "%gmem0_load_64_req = readreq i1 @_ssdm_op_ReadReq.m_axi.i512P1A, i64 %gmem0_addr, i32 1" [/users/arashs/U280_CRC_Accelerator/src/kernel.cpp:228]   --->   Operation 132 'readreq' 'gmem0_load_64_req' <Predicate = true> <Delay = 2.43> <CoreInst = "m_axi">   --->   Core 121 'm_axi' <Latency = 0> <II = 1> <Delay = 1.00> <Adapter> <Opcode : 'read' 'write' 'readreq' 'writereq' 'writeresp'>

State 37 <SV = 36> <Delay = 2.43>
ST_37 : Operation 133 [36/71] (2.43ns)   --->   "%gmem0_load_64_req = readreq i1 @_ssdm_op_ReadReq.m_axi.i512P1A, i64 %gmem0_addr, i32 1" [/users/arashs/U280_CRC_Accelerator/src/kernel.cpp:228]   --->   Operation 133 'readreq' 'gmem0_load_64_req' <Predicate = true> <Delay = 2.43> <CoreInst = "m_axi">   --->   Core 121 'm_axi' <Latency = 0> <II = 1> <Delay = 1.00> <Adapter> <Opcode : 'read' 'write' 'readreq' 'writereq' 'writeresp'>

State 38 <SV = 37> <Delay = 2.43>
ST_38 : Operation 134 [35/71] (2.43ns)   --->   "%gmem0_load_64_req = readreq i1 @_ssdm_op_ReadReq.m_axi.i512P1A, i64 %gmem0_addr, i32 1" [/users/arashs/U280_CRC_Accelerator/src/kernel.cpp:228]   --->   Operation 134 'readreq' 'gmem0_load_64_req' <Predicate = true> <Delay = 2.43> <CoreInst = "m_axi">   --->   Core 121 'm_axi' <Latency = 0> <II = 1> <Delay = 1.00> <Adapter> <Opcode : 'read' 'write' 'readreq' 'writereq' 'writeresp'>

State 39 <SV = 38> <Delay = 2.43>
ST_39 : Operation 135 [34/71] (2.43ns)   --->   "%gmem0_load_64_req = readreq i1 @_ssdm_op_ReadReq.m_axi.i512P1A, i64 %gmem0_addr, i32 1" [/users/arashs/U280_CRC_Accelerator/src/kernel.cpp:228]   --->   Operation 135 'readreq' 'gmem0_load_64_req' <Predicate = true> <Delay = 2.43> <CoreInst = "m_axi">   --->   Core 121 'm_axi' <Latency = 0> <II = 1> <Delay = 1.00> <Adapter> <Opcode : 'read' 'write' 'readreq' 'writereq' 'writeresp'>

State 40 <SV = 39> <Delay = 2.43>
ST_40 : Operation 136 [33/71] (2.43ns)   --->   "%gmem0_load_64_req = readreq i1 @_ssdm_op_ReadReq.m_axi.i512P1A, i64 %gmem0_addr, i32 1" [/users/arashs/U280_CRC_Accelerator/src/kernel.cpp:228]   --->   Operation 136 'readreq' 'gmem0_load_64_req' <Predicate = true> <Delay = 2.43> <CoreInst = "m_axi">   --->   Core 121 'm_axi' <Latency = 0> <II = 1> <Delay = 1.00> <Adapter> <Opcode : 'read' 'write' 'readreq' 'writereq' 'writeresp'>

State 41 <SV = 40> <Delay = 2.43>
ST_41 : Operation 137 [32/71] (2.43ns)   --->   "%gmem0_load_64_req = readreq i1 @_ssdm_op_ReadReq.m_axi.i512P1A, i64 %gmem0_addr, i32 1" [/users/arashs/U280_CRC_Accelerator/src/kernel.cpp:228]   --->   Operation 137 'readreq' 'gmem0_load_64_req' <Predicate = true> <Delay = 2.43> <CoreInst = "m_axi">   --->   Core 121 'm_axi' <Latency = 0> <II = 1> <Delay = 1.00> <Adapter> <Opcode : 'read' 'write' 'readreq' 'writereq' 'writeresp'>

State 42 <SV = 41> <Delay = 2.43>
ST_42 : Operation 138 [31/71] (2.43ns)   --->   "%gmem0_load_64_req = readreq i1 @_ssdm_op_ReadReq.m_axi.i512P1A, i64 %gmem0_addr, i32 1" [/users/arashs/U280_CRC_Accelerator/src/kernel.cpp:228]   --->   Operation 138 'readreq' 'gmem0_load_64_req' <Predicate = true> <Delay = 2.43> <CoreInst = "m_axi">   --->   Core 121 'm_axi' <Latency = 0> <II = 1> <Delay = 1.00> <Adapter> <Opcode : 'read' 'write' 'readreq' 'writereq' 'writeresp'>

State 43 <SV = 42> <Delay = 2.43>
ST_43 : Operation 139 [30/71] (2.43ns)   --->   "%gmem0_load_64_req = readreq i1 @_ssdm_op_ReadReq.m_axi.i512P1A, i64 %gmem0_addr, i32 1" [/users/arashs/U280_CRC_Accelerator/src/kernel.cpp:228]   --->   Operation 139 'readreq' 'gmem0_load_64_req' <Predicate = true> <Delay = 2.43> <CoreInst = "m_axi">   --->   Core 121 'm_axi' <Latency = 0> <II = 1> <Delay = 1.00> <Adapter> <Opcode : 'read' 'write' 'readreq' 'writereq' 'writeresp'>

State 44 <SV = 43> <Delay = 2.43>
ST_44 : Operation 140 [29/71] (2.43ns)   --->   "%gmem0_load_64_req = readreq i1 @_ssdm_op_ReadReq.m_axi.i512P1A, i64 %gmem0_addr, i32 1" [/users/arashs/U280_CRC_Accelerator/src/kernel.cpp:228]   --->   Operation 140 'readreq' 'gmem0_load_64_req' <Predicate = true> <Delay = 2.43> <CoreInst = "m_axi">   --->   Core 121 'm_axi' <Latency = 0> <II = 1> <Delay = 1.00> <Adapter> <Opcode : 'read' 'write' 'readreq' 'writereq' 'writeresp'>

State 45 <SV = 44> <Delay = 2.43>
ST_45 : Operation 141 [28/71] (2.43ns)   --->   "%gmem0_load_64_req = readreq i1 @_ssdm_op_ReadReq.m_axi.i512P1A, i64 %gmem0_addr, i32 1" [/users/arashs/U280_CRC_Accelerator/src/kernel.cpp:228]   --->   Operation 141 'readreq' 'gmem0_load_64_req' <Predicate = true> <Delay = 2.43> <CoreInst = "m_axi">   --->   Core 121 'm_axi' <Latency = 0> <II = 1> <Delay = 1.00> <Adapter> <Opcode : 'read' 'write' 'readreq' 'writereq' 'writeresp'>

State 46 <SV = 45> <Delay = 2.43>
ST_46 : Operation 142 [27/71] (2.43ns)   --->   "%gmem0_load_64_req = readreq i1 @_ssdm_op_ReadReq.m_axi.i512P1A, i64 %gmem0_addr, i32 1" [/users/arashs/U280_CRC_Accelerator/src/kernel.cpp:228]   --->   Operation 142 'readreq' 'gmem0_load_64_req' <Predicate = true> <Delay = 2.43> <CoreInst = "m_axi">   --->   Core 121 'm_axi' <Latency = 0> <II = 1> <Delay = 1.00> <Adapter> <Opcode : 'read' 'write' 'readreq' 'writereq' 'writeresp'>

State 47 <SV = 46> <Delay = 2.43>
ST_47 : Operation 143 [26/71] (2.43ns)   --->   "%gmem0_load_64_req = readreq i1 @_ssdm_op_ReadReq.m_axi.i512P1A, i64 %gmem0_addr, i32 1" [/users/arashs/U280_CRC_Accelerator/src/kernel.cpp:228]   --->   Operation 143 'readreq' 'gmem0_load_64_req' <Predicate = true> <Delay = 2.43> <CoreInst = "m_axi">   --->   Core 121 'm_axi' <Latency = 0> <II = 1> <Delay = 1.00> <Adapter> <Opcode : 'read' 'write' 'readreq' 'writereq' 'writeresp'>

State 48 <SV = 47> <Delay = 2.43>
ST_48 : Operation 144 [25/71] (2.43ns)   --->   "%gmem0_load_64_req = readreq i1 @_ssdm_op_ReadReq.m_axi.i512P1A, i64 %gmem0_addr, i32 1" [/users/arashs/U280_CRC_Accelerator/src/kernel.cpp:228]   --->   Operation 144 'readreq' 'gmem0_load_64_req' <Predicate = true> <Delay = 2.43> <CoreInst = "m_axi">   --->   Core 121 'm_axi' <Latency = 0> <II = 1> <Delay = 1.00> <Adapter> <Opcode : 'read' 'write' 'readreq' 'writereq' 'writeresp'>

State 49 <SV = 48> <Delay = 2.43>
ST_49 : Operation 145 [24/71] (2.43ns)   --->   "%gmem0_load_64_req = readreq i1 @_ssdm_op_ReadReq.m_axi.i512P1A, i64 %gmem0_addr, i32 1" [/users/arashs/U280_CRC_Accelerator/src/kernel.cpp:228]   --->   Operation 145 'readreq' 'gmem0_load_64_req' <Predicate = true> <Delay = 2.43> <CoreInst = "m_axi">   --->   Core 121 'm_axi' <Latency = 0> <II = 1> <Delay = 1.00> <Adapter> <Opcode : 'read' 'write' 'readreq' 'writereq' 'writeresp'>

State 50 <SV = 49> <Delay = 2.43>
ST_50 : Operation 146 [23/71] (2.43ns)   --->   "%gmem0_load_64_req = readreq i1 @_ssdm_op_ReadReq.m_axi.i512P1A, i64 %gmem0_addr, i32 1" [/users/arashs/U280_CRC_Accelerator/src/kernel.cpp:228]   --->   Operation 146 'readreq' 'gmem0_load_64_req' <Predicate = true> <Delay = 2.43> <CoreInst = "m_axi">   --->   Core 121 'm_axi' <Latency = 0> <II = 1> <Delay = 1.00> <Adapter> <Opcode : 'read' 'write' 'readreq' 'writereq' 'writeresp'>

State 51 <SV = 50> <Delay = 2.43>
ST_51 : Operation 147 [22/71] (2.43ns)   --->   "%gmem0_load_64_req = readreq i1 @_ssdm_op_ReadReq.m_axi.i512P1A, i64 %gmem0_addr, i32 1" [/users/arashs/U280_CRC_Accelerator/src/kernel.cpp:228]   --->   Operation 147 'readreq' 'gmem0_load_64_req' <Predicate = true> <Delay = 2.43> <CoreInst = "m_axi">   --->   Core 121 'm_axi' <Latency = 0> <II = 1> <Delay = 1.00> <Adapter> <Opcode : 'read' 'write' 'readreq' 'writereq' 'writeresp'>

State 52 <SV = 51> <Delay = 2.43>
ST_52 : Operation 148 [21/71] (2.43ns)   --->   "%gmem0_load_64_req = readreq i1 @_ssdm_op_ReadReq.m_axi.i512P1A, i64 %gmem0_addr, i32 1" [/users/arashs/U280_CRC_Accelerator/src/kernel.cpp:228]   --->   Operation 148 'readreq' 'gmem0_load_64_req' <Predicate = true> <Delay = 2.43> <CoreInst = "m_axi">   --->   Core 121 'm_axi' <Latency = 0> <II = 1> <Delay = 1.00> <Adapter> <Opcode : 'read' 'write' 'readreq' 'writereq' 'writeresp'>

State 53 <SV = 52> <Delay = 2.43>
ST_53 : Operation 149 [20/71] (2.43ns)   --->   "%gmem0_load_64_req = readreq i1 @_ssdm_op_ReadReq.m_axi.i512P1A, i64 %gmem0_addr, i32 1" [/users/arashs/U280_CRC_Accelerator/src/kernel.cpp:228]   --->   Operation 149 'readreq' 'gmem0_load_64_req' <Predicate = true> <Delay = 2.43> <CoreInst = "m_axi">   --->   Core 121 'm_axi' <Latency = 0> <II = 1> <Delay = 1.00> <Adapter> <Opcode : 'read' 'write' 'readreq' 'writereq' 'writeresp'>

State 54 <SV = 53> <Delay = 2.43>
ST_54 : Operation 150 [19/71] (2.43ns)   --->   "%gmem0_load_64_req = readreq i1 @_ssdm_op_ReadReq.m_axi.i512P1A, i64 %gmem0_addr, i32 1" [/users/arashs/U280_CRC_Accelerator/src/kernel.cpp:228]   --->   Operation 150 'readreq' 'gmem0_load_64_req' <Predicate = true> <Delay = 2.43> <CoreInst = "m_axi">   --->   Core 121 'm_axi' <Latency = 0> <II = 1> <Delay = 1.00> <Adapter> <Opcode : 'read' 'write' 'readreq' 'writereq' 'writeresp'>

State 55 <SV = 54> <Delay = 2.43>
ST_55 : Operation 151 [18/71] (2.43ns)   --->   "%gmem0_load_64_req = readreq i1 @_ssdm_op_ReadReq.m_axi.i512P1A, i64 %gmem0_addr, i32 1" [/users/arashs/U280_CRC_Accelerator/src/kernel.cpp:228]   --->   Operation 151 'readreq' 'gmem0_load_64_req' <Predicate = true> <Delay = 2.43> <CoreInst = "m_axi">   --->   Core 121 'm_axi' <Latency = 0> <II = 1> <Delay = 1.00> <Adapter> <Opcode : 'read' 'write' 'readreq' 'writereq' 'writeresp'>

State 56 <SV = 55> <Delay = 2.43>
ST_56 : Operation 152 [17/71] (2.43ns)   --->   "%gmem0_load_64_req = readreq i1 @_ssdm_op_ReadReq.m_axi.i512P1A, i64 %gmem0_addr, i32 1" [/users/arashs/U280_CRC_Accelerator/src/kernel.cpp:228]   --->   Operation 152 'readreq' 'gmem0_load_64_req' <Predicate = true> <Delay = 2.43> <CoreInst = "m_axi">   --->   Core 121 'm_axi' <Latency = 0> <II = 1> <Delay = 1.00> <Adapter> <Opcode : 'read' 'write' 'readreq' 'writereq' 'writeresp'>

State 57 <SV = 56> <Delay = 2.43>
ST_57 : Operation 153 [16/71] (2.43ns)   --->   "%gmem0_load_64_req = readreq i1 @_ssdm_op_ReadReq.m_axi.i512P1A, i64 %gmem0_addr, i32 1" [/users/arashs/U280_CRC_Accelerator/src/kernel.cpp:228]   --->   Operation 153 'readreq' 'gmem0_load_64_req' <Predicate = true> <Delay = 2.43> <CoreInst = "m_axi">   --->   Core 121 'm_axi' <Latency = 0> <II = 1> <Delay = 1.00> <Adapter> <Opcode : 'read' 'write' 'readreq' 'writereq' 'writeresp'>

State 58 <SV = 57> <Delay = 2.43>
ST_58 : Operation 154 [15/71] (2.43ns)   --->   "%gmem0_load_64_req = readreq i1 @_ssdm_op_ReadReq.m_axi.i512P1A, i64 %gmem0_addr, i32 1" [/users/arashs/U280_CRC_Accelerator/src/kernel.cpp:228]   --->   Operation 154 'readreq' 'gmem0_load_64_req' <Predicate = true> <Delay = 2.43> <CoreInst = "m_axi">   --->   Core 121 'm_axi' <Latency = 0> <II = 1> <Delay = 1.00> <Adapter> <Opcode : 'read' 'write' 'readreq' 'writereq' 'writeresp'>

State 59 <SV = 58> <Delay = 2.43>
ST_59 : Operation 155 [14/71] (2.43ns)   --->   "%gmem0_load_64_req = readreq i1 @_ssdm_op_ReadReq.m_axi.i512P1A, i64 %gmem0_addr, i32 1" [/users/arashs/U280_CRC_Accelerator/src/kernel.cpp:228]   --->   Operation 155 'readreq' 'gmem0_load_64_req' <Predicate = true> <Delay = 2.43> <CoreInst = "m_axi">   --->   Core 121 'm_axi' <Latency = 0> <II = 1> <Delay = 1.00> <Adapter> <Opcode : 'read' 'write' 'readreq' 'writereq' 'writeresp'>

State 60 <SV = 59> <Delay = 2.43>
ST_60 : Operation 156 [13/71] (2.43ns)   --->   "%gmem0_load_64_req = readreq i1 @_ssdm_op_ReadReq.m_axi.i512P1A, i64 %gmem0_addr, i32 1" [/users/arashs/U280_CRC_Accelerator/src/kernel.cpp:228]   --->   Operation 156 'readreq' 'gmem0_load_64_req' <Predicate = true> <Delay = 2.43> <CoreInst = "m_axi">   --->   Core 121 'm_axi' <Latency = 0> <II = 1> <Delay = 1.00> <Adapter> <Opcode : 'read' 'write' 'readreq' 'writereq' 'writeresp'>

State 61 <SV = 60> <Delay = 2.43>
ST_61 : Operation 157 [12/71] (2.43ns)   --->   "%gmem0_load_64_req = readreq i1 @_ssdm_op_ReadReq.m_axi.i512P1A, i64 %gmem0_addr, i32 1" [/users/arashs/U280_CRC_Accelerator/src/kernel.cpp:228]   --->   Operation 157 'readreq' 'gmem0_load_64_req' <Predicate = true> <Delay = 2.43> <CoreInst = "m_axi">   --->   Core 121 'm_axi' <Latency = 0> <II = 1> <Delay = 1.00> <Adapter> <Opcode : 'read' 'write' 'readreq' 'writereq' 'writeresp'>

State 62 <SV = 61> <Delay = 2.43>
ST_62 : Operation 158 [11/71] (2.43ns)   --->   "%gmem0_load_64_req = readreq i1 @_ssdm_op_ReadReq.m_axi.i512P1A, i64 %gmem0_addr, i32 1" [/users/arashs/U280_CRC_Accelerator/src/kernel.cpp:228]   --->   Operation 158 'readreq' 'gmem0_load_64_req' <Predicate = true> <Delay = 2.43> <CoreInst = "m_axi">   --->   Core 121 'm_axi' <Latency = 0> <II = 1> <Delay = 1.00> <Adapter> <Opcode : 'read' 'write' 'readreq' 'writereq' 'writeresp'>

State 63 <SV = 62> <Delay = 2.43>
ST_63 : Operation 159 [10/71] (2.43ns)   --->   "%gmem0_load_64_req = readreq i1 @_ssdm_op_ReadReq.m_axi.i512P1A, i64 %gmem0_addr, i32 1" [/users/arashs/U280_CRC_Accelerator/src/kernel.cpp:228]   --->   Operation 159 'readreq' 'gmem0_load_64_req' <Predicate = true> <Delay = 2.43> <CoreInst = "m_axi">   --->   Core 121 'm_axi' <Latency = 0> <II = 1> <Delay = 1.00> <Adapter> <Opcode : 'read' 'write' 'readreq' 'writereq' 'writeresp'>

State 64 <SV = 63> <Delay = 2.43>
ST_64 : Operation 160 [9/71] (2.43ns)   --->   "%gmem0_load_64_req = readreq i1 @_ssdm_op_ReadReq.m_axi.i512P1A, i64 %gmem0_addr, i32 1" [/users/arashs/U280_CRC_Accelerator/src/kernel.cpp:228]   --->   Operation 160 'readreq' 'gmem0_load_64_req' <Predicate = true> <Delay = 2.43> <CoreInst = "m_axi">   --->   Core 121 'm_axi' <Latency = 0> <II = 1> <Delay = 1.00> <Adapter> <Opcode : 'read' 'write' 'readreq' 'writereq' 'writeresp'>

State 65 <SV = 64> <Delay = 2.43>
ST_65 : Operation 161 [8/71] (2.43ns)   --->   "%gmem0_load_64_req = readreq i1 @_ssdm_op_ReadReq.m_axi.i512P1A, i64 %gmem0_addr, i32 1" [/users/arashs/U280_CRC_Accelerator/src/kernel.cpp:228]   --->   Operation 161 'readreq' 'gmem0_load_64_req' <Predicate = true> <Delay = 2.43> <CoreInst = "m_axi">   --->   Core 121 'm_axi' <Latency = 0> <II = 1> <Delay = 1.00> <Adapter> <Opcode : 'read' 'write' 'readreq' 'writereq' 'writeresp'>

State 66 <SV = 65> <Delay = 2.43>
ST_66 : Operation 162 [7/71] (2.43ns)   --->   "%gmem0_load_64_req = readreq i1 @_ssdm_op_ReadReq.m_axi.i512P1A, i64 %gmem0_addr, i32 1" [/users/arashs/U280_CRC_Accelerator/src/kernel.cpp:228]   --->   Operation 162 'readreq' 'gmem0_load_64_req' <Predicate = true> <Delay = 2.43> <CoreInst = "m_axi">   --->   Core 121 'm_axi' <Latency = 0> <II = 1> <Delay = 1.00> <Adapter> <Opcode : 'read' 'write' 'readreq' 'writereq' 'writeresp'>

State 67 <SV = 66> <Delay = 2.43>
ST_67 : Operation 163 [6/71] (2.43ns)   --->   "%gmem0_load_64_req = readreq i1 @_ssdm_op_ReadReq.m_axi.i512P1A, i64 %gmem0_addr, i32 1" [/users/arashs/U280_CRC_Accelerator/src/kernel.cpp:228]   --->   Operation 163 'readreq' 'gmem0_load_64_req' <Predicate = true> <Delay = 2.43> <CoreInst = "m_axi">   --->   Core 121 'm_axi' <Latency = 0> <II = 1> <Delay = 1.00> <Adapter> <Opcode : 'read' 'write' 'readreq' 'writereq' 'writeresp'>

State 68 <SV = 67> <Delay = 2.43>
ST_68 : Operation 164 [5/71] (2.43ns)   --->   "%gmem0_load_64_req = readreq i1 @_ssdm_op_ReadReq.m_axi.i512P1A, i64 %gmem0_addr, i32 1" [/users/arashs/U280_CRC_Accelerator/src/kernel.cpp:228]   --->   Operation 164 'readreq' 'gmem0_load_64_req' <Predicate = true> <Delay = 2.43> <CoreInst = "m_axi">   --->   Core 121 'm_axi' <Latency = 0> <II = 1> <Delay = 1.00> <Adapter> <Opcode : 'read' 'write' 'readreq' 'writereq' 'writeresp'>

State 69 <SV = 68> <Delay = 2.43>
ST_69 : Operation 165 [4/71] (2.43ns)   --->   "%gmem0_load_64_req = readreq i1 @_ssdm_op_ReadReq.m_axi.i512P1A, i64 %gmem0_addr, i32 1" [/users/arashs/U280_CRC_Accelerator/src/kernel.cpp:228]   --->   Operation 165 'readreq' 'gmem0_load_64_req' <Predicate = true> <Delay = 2.43> <CoreInst = "m_axi">   --->   Core 121 'm_axi' <Latency = 0> <II = 1> <Delay = 1.00> <Adapter> <Opcode : 'read' 'write' 'readreq' 'writereq' 'writeresp'>

State 70 <SV = 69> <Delay = 2.43>
ST_70 : Operation 166 [3/71] (2.43ns)   --->   "%gmem0_load_64_req = readreq i1 @_ssdm_op_ReadReq.m_axi.i512P1A, i64 %gmem0_addr, i32 1" [/users/arashs/U280_CRC_Accelerator/src/kernel.cpp:228]   --->   Operation 166 'readreq' 'gmem0_load_64_req' <Predicate = true> <Delay = 2.43> <CoreInst = "m_axi">   --->   Core 121 'm_axi' <Latency = 0> <II = 1> <Delay = 1.00> <Adapter> <Opcode : 'read' 'write' 'readreq' 'writereq' 'writeresp'>

State 71 <SV = 70> <Delay = 2.43>
ST_71 : Operation 167 [2/71] (2.43ns)   --->   "%gmem0_load_64_req = readreq i1 @_ssdm_op_ReadReq.m_axi.i512P1A, i64 %gmem0_addr, i32 1" [/users/arashs/U280_CRC_Accelerator/src/kernel.cpp:228]   --->   Operation 167 'readreq' 'gmem0_load_64_req' <Predicate = true> <Delay = 2.43> <CoreInst = "m_axi">   --->   Core 121 'm_axi' <Latency = 0> <II = 1> <Delay = 1.00> <Adapter> <Opcode : 'read' 'write' 'readreq' 'writereq' 'writeresp'>

State 72 <SV = 71> <Delay = 2.43>
ST_72 : Operation 168 [1/71] (2.43ns)   --->   "%gmem0_load_64_req = readreq i1 @_ssdm_op_ReadReq.m_axi.i512P1A, i64 %gmem0_addr, i32 1" [/users/arashs/U280_CRC_Accelerator/src/kernel.cpp:228]   --->   Operation 168 'readreq' 'gmem0_load_64_req' <Predicate = true> <Delay = 2.43> <CoreInst = "m_axi">   --->   Core 121 'm_axi' <Latency = 0> <II = 1> <Delay = 1.00> <Adapter> <Opcode : 'read' 'write' 'readreq' 'writereq' 'writeresp'>

State 73 <SV = 72> <Delay = 2.43>
ST_73 : Operation 169 [1/1] (2.43ns)   --->   "%gmem0_addr_read = read i512 @_ssdm_op_Read.m_axi.i512P1A, i64 %gmem0_addr" [/users/arashs/U280_CRC_Accelerator/src/kernel.cpp:228]   --->   Operation 169 'read' 'gmem0_addr_read' <Predicate = true> <Delay = 2.43> <CoreInst = "m_axi">   --->   Core 121 'm_axi' <Latency = 0> <II = 1> <Delay = 1.00> <Adapter> <Opcode : 'read' 'write' 'readreq' 'writereq' 'writeresp'>
ST_73 : Operation 180 [1/1] (0.00ns)   --->   "%ret_ln0 = ret"   --->   Operation 180 'ret' 'ret_ln0' <Predicate = (icmp_ln225)> <Delay = 0.00>

State 74 <SV = 73> <Delay = 2.11>
ST_74 : Operation 170 [1/1] (0.00ns)   --->   "%specpipeline_ln227 = specpipeline void @_ssdm_op_SpecPipeline, i32 1, i32 0, i32 0, i32 0, void @empty" [/users/arashs/U280_CRC_Accelerator/src/kernel.cpp:227]   --->   Operation 170 'specpipeline' 'specpipeline_ln227' <Predicate = true> <Delay = 0.00>
ST_74 : Operation 171 [1/1] (0.00ns)   --->   "%speclooptripcount_ln225 = speclooptripcount void @_ssdm_op_SpecLoopTripCount, i64 0, i64 63, i64 31" [/users/arashs/U280_CRC_Accelerator/src/kernel.cpp:225]   --->   Operation 171 'speclooptripcount' 'speclooptripcount_ln225' <Predicate = true> <Delay = 0.00>
ST_74 : Operation 172 [1/1] (0.00ns)   --->   "%specloopname_ln225 = specloopname void @_ssdm_op_SpecLoopName, void @empty_23" [/users/arashs/U280_CRC_Accelerator/src/kernel.cpp:225]   --->   Operation 172 'specloopname' 'specloopname_ln225' <Predicate = true> <Delay = 0.00>
ST_74 : Operation 173 [1/1] (0.00ns)   --->   "%shl_ln2 = bitconcatenate i9 @_ssdm_op_BitConcatenate.i9.i6.i3, i6 %add_ln228_1, i3 0" [/users/arashs/U280_CRC_Accelerator/src/kernel.cpp:228]   --->   Operation 173 'bitconcatenate' 'shl_ln2' <Predicate = true> <Delay = 0.00>
ST_74 : Operation 174 [1/1] (0.00ns)   --->   "%zext_ln228 = zext i9 %shl_ln2" [/users/arashs/U280_CRC_Accelerator/src/kernel.cpp:228]   --->   Operation 174 'zext' 'zext_ln228' <Predicate = true> <Delay = 0.00>
ST_74 : Operation 175 [1/1] (1.44ns)   --->   "%lshr_ln228 = lshr i512 %gmem0_addr_read, i512 %zext_ln228" [/users/arashs/U280_CRC_Accelerator/src/kernel.cpp:228]   --->   Operation 175 'lshr' 'lshr_ln228' <Predicate = true> <Delay = 1.44> <CoreInst = "Shifter">   --->   Core 75 'Shifter' <Latency = 0> <II = 1> <Delay = 1.44> <FuncUnit> <Opcode : 'shl' 'lshr' 'ashr'> <InPorts = 2> <OutPorts = 1>
ST_74 : Operation 176 [1/1] (0.00ns)   --->   "%trunc_ln228 = trunc i512 %lshr_ln228" [/users/arashs/U280_CRC_Accelerator/src/kernel.cpp:228]   --->   Operation 176 'trunc' 'trunc_ln228' <Predicate = true> <Delay = 0.00>
ST_74 : Operation 177 [1/1] (0.00ns)   --->   "%pad_block_addr = getelementptr i8 %pad_block, i64 0, i64 %zext_ln225_1" [/users/arashs/U280_CRC_Accelerator/src/kernel.cpp:228]   --->   Operation 177 'getelementptr' 'pad_block_addr' <Predicate = true> <Delay = 0.00>
ST_74 : Operation 178 [1/1] (0.66ns)   --->   "%store_ln228 = store i8 %trunc_ln228, i6 %pad_block_addr" [/users/arashs/U280_CRC_Accelerator/src/kernel.cpp:228]   --->   Operation 178 'store' 'store_ln228' <Predicate = true> <Delay = 0.66> <CoreInst = "RAM">   --->   Core 83 'RAM' <Latency = 1> <II = 1> <Delay = 0.66> <Storage> <Opcode : 'load' 'store'> <Ports = 2> <Width = 8> <Depth = 64> <RAM>
ST_74 : Operation 179 [1/1] (0.00ns)   --->   "%br_ln225 = br void %for.inc45" [/users/arashs/U280_CRC_Accelerator/src/kernel.cpp:225]   --->   Operation 179 'br' 'br_ln225' <Predicate = true> <Delay = 0.00>


============================================================
+ Verbose Summary: Binding
============================================================
STG Binding: 
---------------- STG Properties BEGIN ----------------
- Is combinational: 0
- Is one-state seq: 0
- Is datapath-only: 0
- Is pipelined: 0
- Is top level: 0
Port [ Return ] is wired: 1; IO mode=ap_ctrl_hs:ce=0
Port [ rem_r]:  wired=1; compound=0; hidden=0; nouse=0; global=0; static=0; extern=0; dir=0; type=0; pingpong=0; private_global=0; IO mode=ap_none:ce=0
Port [ chunk]:  wired=1; compound=0; hidden=0; nouse=0; global=0; static=0; extern=0; dir=0; type=0; pingpong=0; private_global=0; IO mode=ap_none:ce=0
Port [ zext_ln225]:  wired=1; compound=0; hidden=0; nouse=0; global=0; static=0; extern=0; dir=0; type=0; pingpong=0; private_global=0; IO mode=ap_none:ce=0
Port [ gmem0]:  wired=1; compound=1; hidden=0; nouse=0; global=0; static=0; extern=0; dir=0; type=4; pingpong=0; private_global=0; IO mode=m_axi:ce=0
Port [ trunc_ln225_1]:  wired=1; compound=0; hidden=0; nouse=0; global=0; static=0; extern=0; dir=0; type=0; pingpong=0; private_global=0; IO mode=ap_none:ce=0
Port [ pad_block]:  wired=1; compound=1; hidden=0; nouse=0; global=0; static=0; extern=0; dir=1; type=1; pingpong=0; private_global=0; MemPort=[03]; IO mode=ap_memory:ce=0
---------------- STG Properties END ------------------

---------------- Datapath Model BEGIN ----------------

<LifeTime>
<method=bitvector/>
i_1                     (alloca           ) [ 010000000000000000000000000000000000000000000000000000000000000000000000000]
trunc_ln225_1_read      (read             ) [ 000000000000000000000000000000000000000000000000000000000000000000000000000]
zext_ln225_read         (read             ) [ 000000000000000000000000000000000000000000000000000000000000000000000000000]
chunk_read              (read             ) [ 000000000000000000000000000000000000000000000000000000000000000000000000000]
rem_read                (read             ) [ 000000000000000000000000000000000000000000000000000000000000000000000000000]
zext_ln225_cast         (zext             ) [ 000000000000000000000000000000000000000000000000000000000000000000000000000]
specinterface_ln0       (specinterface    ) [ 000000000000000000000000000000000000000000000000000000000000000000000000000]
store_ln0               (store            ) [ 000000000000000000000000000000000000000000000000000000000000000000000000000]
br_ln0                  (br               ) [ 000000000000000000000000000000000000000000000000000000000000000000000000000]
i                       (load             ) [ 000000000000000000000000000000000000000000000000000000000000000000000000000]
icmp_ln225              (icmp             ) [ 011111111111111111111111111111111111111111111111111111111111111111111111110]
add_ln225               (add              ) [ 000000000000000000000000000000000000000000000000000000000000000000000000000]
br_ln225                (br               ) [ 000000000000000000000000000000000000000000000000000000000000000000000000000]
zext_ln225_1            (zext             ) [ 011111111111111111111111111111111111111111111111111111111111111111111111111]
add_ln228_2             (add              ) [ 000000000000000000000000000000000000000000000000000000000000000000000000000]
add_ln228               (add              ) [ 000000000000000000000000000000000000000000000000000000000000000000000000000]
trunc_ln4               (partselect       ) [ 011000000000000000000000000000000000000000000000000000000000000000000000000]
add_ln228_1             (add              ) [ 011111111111111111111111111111111111111111111111111111111111111111111111111]
store_ln225             (store            ) [ 000000000000000000000000000000000000000000000000000000000000000000000000000]
sext_ln228              (sext             ) [ 000000000000000000000000000000000000000000000000000000000000000000000000000]
gmem0_addr              (getelementptr    ) [ 010111111111111111111111111111111111111111111111111111111111111111111111110]
gmem0_load_64_req       (readreq          ) [ 000000000000000000000000000000000000000000000000000000000000000000000000000]
gmem0_addr_read         (read             ) [ 010000000000000000000000000000000000000000000000000000000000000000000000001]
specpipeline_ln227      (specpipeline     ) [ 000000000000000000000000000000000000000000000000000000000000000000000000000]
speclooptripcount_ln225 (speclooptripcount) [ 000000000000000000000000000000000000000000000000000000000000000000000000000]
specloopname_ln225      (specloopname     ) [ 000000000000000000000000000000000000000000000000000000000000000000000000000]
shl_ln2                 (bitconcatenate   ) [ 000000000000000000000000000000000000000000000000000000000000000000000000000]
zext_ln228              (zext             ) [ 000000000000000000000000000000000000000000000000000000000000000000000000000]
lshr_ln228              (lshr             ) [ 000000000000000000000000000000000000000000000000000000000000000000000000000]
trunc_ln228             (trunc            ) [ 000000000000000000000000000000000000000000000000000000000000000000000000000]
pad_block_addr          (getelementptr    ) [ 000000000000000000000000000000000000000000000000000000000000000000000000000]
store_ln228             (store            ) [ 000000000000000000000000000000000000000000000000000000000000000000000000000]
br_ln225                (br               ) [ 000000000000000000000000000000000000000000000000000000000000000000000000000]
ret_ln0                 (ret              ) [ 000000000000000000000000000000000000000000000000000000000000000000000000000]
</LifeTime>

<model>

<comp_list>
<comp id="0" class="1000" name="rem_r">
<pin_list>
<pin id="1" dir="1" index="0" bw="1" slack="0"/>
</pin_list>
<bind>
<StgValue><ssdm name="rem_r"/></StgValue>
</bind>
</comp>

<comp id="2" class="1000" name="chunk">
<pin_list>
<pin id="3" dir="1" index="0" bw="1" slack="0"/>
</pin_list>
<bind>
<StgValue><ssdm name="chunk"/></StgValue>
</bind>
</comp>

<comp id="4" class="1000" name="zext_ln225">
<pin_list>
<pin id="5" dir="1" index="0" bw="1" slack="0"/>
</pin_list>
<bind>
<StgValue><ssdm name="zext_ln225"/></StgValue>
</bind>
</comp>

<comp id="6" class="1000" name="gmem0">
<pin_list>
<pin id="7" dir="1" index="0" bw="1" slack="0"/>
</pin_list>
<bind>
<StgValue><ssdm name="gmem0"/></StgValue>
</bind>
</comp>

<comp id="8" class="1000" name="trunc_ln225_1">
<pin_list>
<pin id="9" dir="1" index="0" bw="1" slack="0"/>
</pin_list>
<bind>
<StgValue><ssdm name="trunc_ln225_1"/></StgValue>
</bind>
</comp>

<comp id="10" class="1000" name="pad_block">
<pin_list>
<pin id="11" dir="1" index="0" bw="1" slack="0"/>
</pin_list>
<bind>
<StgValue><ssdm name="pad_block"/><MemPortTyVec>0 3 </MemPortTyVec>
</StgValue>
</bind>
</comp>

<comp id="12" class="1001" name="const_12">
<pin_list>
<pin id="13" dir="1" index="0" bw="1" slack="0"/>
</pin_list>
<bind>
<StgValue><ssdm name=""/></StgValue>
</bind>
</comp>

<comp id="14" class="1001" name="const_14">
<pin_list>
<pin id="15" dir="1" index="0" bw="1" slack="0"/>
</pin_list>
<bind>
<StgValue><ssdm name="_ssdm_op_Read.ap_auto.i6"/></StgValue>
</bind>
</comp>

<comp id="16" class="1001" name="const_16">
<pin_list>
<pin id="17" dir="1" index="0" bw="1" slack="0"/>
</pin_list>
<bind>
<StgValue><ssdm name="_ssdm_op_Read.ap_auto.i32"/></StgValue>
</bind>
</comp>

<comp id="18" class="1001" name="const_18">
<pin_list>
<pin id="19" dir="1" index="0" bw="1" slack="0"/>
</pin_list>
<bind>
<StgValue><ssdm name="_ssdm_op_Read.ap_auto.i64"/></StgValue>
</bind>
</comp>

<comp id="20" class="1001" name="const_20">
<pin_list>
<pin id="21" dir="1" index="0" bw="1" slack="2147483647"/>
</pin_list>
<bind>
<StgValue><ssdm name="_ssdm_op_SpecInterface"/></StgValue>
</bind>
</comp>

<comp id="22" class="1001" name="const_22">
<pin_list>
<pin id="23" dir="1" index="0" bw="1" slack="2147483647"/>
</pin_list>
<bind>
<StgValue><ssdm name="empty_18"/></StgValue>
</bind>
</comp>

<comp id="24" class="1001" name="const_24">
<pin_list>
<pin id="25" dir="1" index="0" bw="1" slack="2147483647"/>
</pin_list>
<bind>
<StgValue><ssdm name=""/></StgValue>
</bind>
</comp>

<comp id="26" class="1001" name="const_26">
<pin_list>
<pin id="27" dir="1" index="0" bw="1" slack="2147483647"/>
</pin_list>
<bind>
<StgValue><ssdm name="empty"/></StgValue>
</bind>
</comp>

<comp id="28" class="1001" name="const_28">
<pin_list>
<pin id="29" dir="1" index="0" bw="1" slack="2147483647"/>
</pin_list>
<bind>
<StgValue><ssdm name=""/></StgValue>
</bind>
</comp>

<comp id="30" class="1001" name="const_30">
<pin_list>
<pin id="31" dir="1" index="0" bw="1" slack="2147483647"/>
</pin_list>
<bind>
<StgValue><ssdm name=""/></StgValue>
</bind>
</comp>

<comp id="32" class="1001" name="const_32">
<pin_list>
<pin id="33" dir="1" index="0" bw="1" slack="2147483647"/>
</pin_list>
<bind>
<StgValue><ssdm name="empty_0"/></StgValue>
</bind>
</comp>

<comp id="34" class="1001" name="const_34">
<pin_list>
<pin id="35" dir="1" index="0" bw="1" slack="2147483647"/>
</pin_list>
<bind>
<StgValue><ssdm name="empty_1"/></StgValue>
</bind>
</comp>

<comp id="36" class="1001" name="const_36">
<pin_list>
<pin id="37" dir="1" index="0" bw="1" slack="2147483647"/>
</pin_list>
<bind>
<StgValue><ssdm name=""/></StgValue>
</bind>
</comp>

<comp id="38" class="1001" name="const_38">
<pin_list>
<pin id="39" dir="1" index="0" bw="1" slack="2147483647"/>
</pin_list>
<bind>
<StgValue><ssdm name=""/></StgValue>
</bind>
</comp>

<comp id="40" class="1001" name="const_40">
<pin_list>
<pin id="41" dir="1" index="0" bw="1" slack="0"/>
</pin_list>
<bind>
<StgValue><ssdm name=""/></StgValue>
</bind>
</comp>

<comp id="42" class="1001" name="const_42">
<pin_list>
<pin id="43" dir="1" index="0" bw="1" slack="0"/>
</pin_list>
<bind>
<StgValue><ssdm name=""/></StgValue>
</bind>
</comp>

<comp id="44" class="1001" name="const_44">
<pin_list>
<pin id="45" dir="1" index="0" bw="1" slack="0"/>
</pin_list>
<bind>
<StgValue><ssdm name="_ssdm_op_PartSelect.i58.i64.i32.i32"/></StgValue>
</bind>
</comp>

<comp id="46" class="1001" name="const_46">
<pin_list>
<pin id="47" dir="1" index="0" bw="1" slack="0"/>
</pin_list>
<bind>
<StgValue><ssdm name=""/></StgValue>
</bind>
</comp>

<comp id="48" class="1001" name="const_48">
<pin_list>
<pin id="49" dir="1" index="0" bw="1" slack="0"/>
</pin_list>
<bind>
<StgValue><ssdm name=""/></StgValue>
</bind>
</comp>

<comp id="50" class="1001" name="const_50">
<pin_list>
<pin id="51" dir="1" index="0" bw="1" slack="0"/>
</pin_list>
<bind>
<StgValue><ssdm name="_ssdm_op_ReadReq.m_axi.i512P1A"/></StgValue>
</bind>
</comp>

<comp id="52" class="1001" name="const_52">
<pin_list>
<pin id="53" dir="1" index="0" bw="1" slack="0"/>
</pin_list>
<bind>
<StgValue><ssdm name="_ssdm_op_Read.m_axi.i512P1A"/></StgValue>
</bind>
</comp>

<comp id="54" class="1001" name="const_54">
<pin_list>
<pin id="55" dir="1" index="0" bw="1" slack="2147483647"/>
</pin_list>
<bind>
<StgValue><ssdm name="_ssdm_op_SpecPipeline"/></StgValue>
</bind>
</comp>

<comp id="56" class="1001" name="const_56">
<pin_list>
<pin id="57" dir="1" index="0" bw="1" slack="2147483647"/>
</pin_list>
<bind>
<StgValue><ssdm name="_ssdm_op_SpecLoopTripCount"/></StgValue>
</bind>
</comp>

<comp id="58" class="1001" name="const_58">
<pin_list>
<pin id="59" dir="1" index="0" bw="1" slack="0"/>
</pin_list>
<bind>
<StgValue><ssdm name=""/></StgValue>
</bind>
</comp>

<comp id="60" class="1001" name="const_60">
<pin_list>
<pin id="61" dir="1" index="0" bw="1" slack="2147483647"/>
</pin_list>
<bind>
<StgValue><ssdm name=""/></StgValue>
</bind>
</comp>

<comp id="62" class="1001" name="const_62">
<pin_list>
<pin id="63" dir="1" index="0" bw="1" slack="2147483647"/>
</pin_list>
<bind>
<StgValue><ssdm name=""/></StgValue>
</bind>
</comp>

<comp id="64" class="1001" name="const_64">
<pin_list>
<pin id="65" dir="1" index="0" bw="1" slack="2147483647"/>
</pin_list>
<bind>
<StgValue><ssdm name="_ssdm_op_SpecLoopName"/></StgValue>
</bind>
</comp>

<comp id="66" class="1001" name="const_66">
<pin_list>
<pin id="67" dir="1" index="0" bw="1" slack="2147483647"/>
</pin_list>
<bind>
<StgValue><ssdm name="empty_23"/></StgValue>
</bind>
</comp>

<comp id="68" class="1001" name="const_68">
<pin_list>
<pin id="69" dir="1" index="0" bw="1" slack="0"/>
</pin_list>
<bind>
<StgValue><ssdm name="_ssdm_op_BitConcatenate.i9.i6.i3"/></StgValue>
</bind>
</comp>

<comp id="70" class="1001" name="const_70">
<pin_list>
<pin id="71" dir="1" index="0" bw="1" slack="0"/>
</pin_list>
<bind>
<StgValue><ssdm name=""/></StgValue>
</bind>
</comp>

<comp id="72" class="1004" name="i_1_fu_72">
<pin_list>
<pin id="73" dir="0" index="0" bw="1" slack="0"/>
<pin id="74" dir="1" index="1" bw="6" slack="0"/>
</pin_list>
<bind>
<opcode="alloca(26) " fcode="alloca"/>
<opset="i_1/1 "/>
</bind>
</comp>

<comp id="76" class="1004" name="trunc_ln225_1_read_read_fu_76">
<pin_list>
<pin id="77" dir="0" index="0" bw="6" slack="0"/>
<pin id="78" dir="0" index="1" bw="6" slack="0"/>
<pin id="79" dir="1" index="2" bw="6" slack="0"/>
</pin_list>
<bind>
<opcode="read(1150) " fcode="read"/>
<opset="trunc_ln225_1_read/1 "/>
</bind>
</comp>

<comp id="82" class="1004" name="zext_ln225_read_read_fu_82">
<pin_list>
<pin id="83" dir="0" index="0" bw="32" slack="0"/>
<pin id="84" dir="0" index="1" bw="32" slack="0"/>
<pin id="85" dir="1" index="2" bw="32" slack="0"/>
</pin_list>
<bind>
<opcode="read(1150) " fcode="read"/>
<opset="zext_ln225_read/1 "/>
</bind>
</comp>

<comp id="88" class="1004" name="chunk_read_read_fu_88">
<pin_list>
<pin id="89" dir="0" index="0" bw="64" slack="0"/>
<pin id="90" dir="0" index="1" bw="64" slack="0"/>
<pin id="91" dir="1" index="2" bw="64" slack="0"/>
</pin_list>
<bind>
<opcode="read(1150) " fcode="read"/>
<opset="chunk_read/1 "/>
</bind>
</comp>

<comp id="94" class="1004" name="rem_read_read_fu_94">
<pin_list>
<pin id="95" dir="0" index="0" bw="6" slack="0"/>
<pin id="96" dir="0" index="1" bw="6" slack="0"/>
<pin id="97" dir="1" index="2" bw="6" slack="0"/>
</pin_list>
<bind>
<opcode="read(1150) " fcode="read"/>
<opset="rem_read/1 "/>
</bind>
</comp>

<comp id="100" class="1004" name="grp_readreq_fu_100">
<pin_list>
<pin id="101" dir="0" index="0" bw="1" slack="0"/>
<pin id="102" dir="0" index="1" bw="512" slack="0"/>
<pin id="103" dir="0" index="2" bw="1" slack="0"/>
<pin id="104" dir="1" index="3" bw="1" slack="2147483647"/>
</pin_list>
<bind>
<opcode="readreq(1154) " fcode="readreq"/>
<opset="gmem0_load_64_req/2 "/>
</bind>
</comp>

<comp id="107" class="1004" name="gmem0_addr_read_read_fu_107">
<pin_list>
<pin id="108" dir="0" index="0" bw="512" slack="0"/>
<pin id="109" dir="0" index="1" bw="512" slack="71"/>
<pin id="110" dir="1" index="2" bw="512" slack="1"/>
</pin_list>
<bind>
<opcode="read(1150) " fcode="read"/>
<opset="gmem0_addr_read/73 "/>
</bind>
</comp>

<comp id="112" class="1004" name="pad_block_addr_gep_fu_112">
<pin_list>
<pin id="113" dir="0" index="0" bw="8" slack="0"/>
<pin id="114" dir="0" index="1" bw="1" slack="0"/>
<pin id="115" dir="0" index="2" bw="6" slack="73"/>
<pin id="116" dir="1" index="3" bw="6" slack="0"/>
</pin_list>
<bind>
<opcode="getelementptr(29) " fcode="getelementptr"/>
<opset="pad_block_addr/74 "/>
</bind>
</comp>

<comp id="119" class="1004" name="store_ln228_access_fu_119">
<pin_list>
<pin id="120" dir="0" index="0" bw="6" slack="0"/>
<pin id="121" dir="0" index="1" bw="8" slack="0"/>
<pin id="122" dir="0" index="2" bw="0" slack="2147483647"/>
<pin id="123" dir="1" index="3" bw="8" slack="2147483647"/>
</pin_list>
<bind>
<opcode="store(28) " fcode="store"/>
<opset="store_ln228/74 "/>
</bind>
</comp>

<comp id="125" class="1004" name="zext_ln225_cast_fu_125">
<pin_list>
<pin id="126" dir="0" index="0" bw="32" slack="0"/>
<pin id="127" dir="1" index="1" bw="64" slack="0"/>
</pin_list>
<bind>
<opcode="zext(34) " fcode="zext"/>
<opset="zext_ln225_cast/1 "/>
</bind>
</comp>

<comp id="129" class="1004" name="store_ln0_store_fu_129">
<pin_list>
<pin id="130" dir="0" index="0" bw="1" slack="0"/>
<pin id="131" dir="0" index="1" bw="6" slack="0"/>
<pin id="132" dir="1" index="2" bw="0" slack="2147483647"/>
</pin_list>
<bind>
<opcode="store(28) " fcode="store"/>
<opset="store_ln0/1 "/>
</bind>
</comp>

<comp id="134" class="1004" name="i_load_fu_134">
<pin_list>
<pin id="135" dir="0" index="0" bw="6" slack="0"/>
<pin id="136" dir="1" index="1" bw="6" slack="0"/>
</pin_list>
<bind>
<opcode="load(27) " fcode="load"/>
<opset="i/1 "/>
</bind>
</comp>

<comp id="137" class="1004" name="icmp_ln225_fu_137">
<pin_list>
<pin id="138" dir="0" index="0" bw="6" slack="0"/>
<pin id="139" dir="0" index="1" bw="6" slack="0"/>
<pin id="140" dir="1" index="2" bw="1" slack="72"/>
</pin_list>
<bind>
<opcode="icmp(45) " fcode="icmp"/>
<opset="icmp_ln225/1 "/>
</bind>
</comp>

<comp id="143" class="1004" name="add_ln225_fu_143">
<pin_list>
<pin id="144" dir="0" index="0" bw="6" slack="0"/>
<pin id="145" dir="0" index="1" bw="1" slack="0"/>
<pin id="146" dir="1" index="2" bw="6" slack="0"/>
</pin_list>
<bind>
<opcode="add(8) " fcode="add"/>
<opset="add_ln225/1 "/>
</bind>
</comp>

<comp id="149" class="1004" name="zext_ln225_1_fu_149">
<pin_list>
<pin id="150" dir="0" index="0" bw="6" slack="0"/>
<pin id="151" dir="1" index="1" bw="64" slack="0"/>
</pin_list>
<bind>
<opcode="zext(34) " fcode="zext"/>
<opset="zext_ln225_1/1 "/>
</bind>
</comp>

<comp id="153" class="1004" name="add_ln228_2_fu_153">
<pin_list>
<pin id="154" dir="0" index="0" bw="6" slack="0"/>
<pin id="155" dir="0" index="1" bw="64" slack="0"/>
<pin id="156" dir="1" index="2" bw="64" slack="0"/>
</pin_list>
<bind>
<opcode="add(8) " fcode="add"/>
<opset="add_ln228_2/1 "/>
</bind>
</comp>

<comp id="159" class="1004" name="add_ln228_fu_159">
<pin_list>
<pin id="160" dir="0" index="0" bw="64" slack="0"/>
<pin id="161" dir="0" index="1" bw="32" slack="0"/>
<pin id="162" dir="1" index="2" bw="64" slack="0"/>
</pin_list>
<bind>
<opcode="add(8) " fcode="add"/>
<opset="add_ln228/1 "/>
</bind>
</comp>

<comp id="165" class="1004" name="trunc_ln4_fu_165">
<pin_list>
<pin id="166" dir="0" index="0" bw="58" slack="0"/>
<pin id="167" dir="0" index="1" bw="64" slack="0"/>
<pin id="168" dir="0" index="2" bw="4" slack="0"/>
<pin id="169" dir="0" index="3" bw="7" slack="0"/>
<pin id="170" dir="1" index="4" bw="58" slack="1"/>
</pin_list>
<bind>
<opcode="partselect(1002) " fcode="partselect"/>
<opset="trunc_ln4/1 "/>
</bind>
</comp>

<comp id="175" class="1004" name="add_ln228_1_fu_175">
<pin_list>
<pin id="176" dir="0" index="0" bw="6" slack="0"/>
<pin id="177" dir="0" index="1" bw="6" slack="0"/>
<pin id="178" dir="1" index="2" bw="6" slack="73"/>
</pin_list>
<bind>
<opcode="add(8) " fcode="add"/>
<opset="add_ln228_1/1 "/>
</bind>
</comp>

<comp id="181" class="1004" name="store_ln225_store_fu_181">
<pin_list>
<pin id="182" dir="0" index="0" bw="6" slack="0"/>
<pin id="183" dir="0" index="1" bw="6" slack="0"/>
<pin id="184" dir="1" index="2" bw="0" slack="2147483647"/>
</pin_list>
<bind>
<opcode="store(28) " fcode="store"/>
<opset="store_ln225/1 "/>
</bind>
</comp>

<comp id="186" class="1004" name="sext_ln228_fu_186">
<pin_list>
<pin id="187" dir="0" index="0" bw="58" slack="1"/>
<pin id="188" dir="1" index="1" bw="64" slack="0"/>
</pin_list>
<bind>
<opcode="sext(35) " fcode="sext"/>
<opset="sext_ln228/2 "/>
</bind>
</comp>

<comp id="189" class="1004" name="gmem0_addr_fu_189">
<pin_list>
<pin id="190" dir="0" index="0" bw="64" slack="0"/>
<pin id="191" dir="0" index="1" bw="64" slack="0"/>
<pin id="192" dir="1" index="2" bw="64" slack="0"/>
</pin_list>
<bind>
<opcode="getelementptr(29) " fcode="getelementptr"/>
<opset="gmem0_addr/2 "/>
</bind>
</comp>

<comp id="196" class="1004" name="shl_ln2_fu_196">
<pin_list>
<pin id="197" dir="0" index="0" bw="9" slack="0"/>
<pin id="198" dir="0" index="1" bw="6" slack="73"/>
<pin id="199" dir="0" index="2" bw="1" slack="0"/>
<pin id="200" dir="1" index="3" bw="9" slack="0"/>
</pin_list>
<bind>
<opcode="bitconcatenate(1004) " fcode="bitconcatenate"/>
<opset="shl_ln2/74 "/>
</bind>
</comp>

<comp id="203" class="1004" name="zext_ln228_fu_203">
<pin_list>
<pin id="204" dir="0" index="0" bw="9" slack="0"/>
<pin id="205" dir="1" index="1" bw="512" slack="0"/>
</pin_list>
<bind>
<opcode="zext(34) " fcode="zext"/>
<opset="zext_ln228/74 "/>
</bind>
</comp>

<comp id="207" class="1004" name="lshr_ln228_fu_207">
<pin_list>
<pin id="208" dir="0" index="0" bw="512" slack="1"/>
<pin id="209" dir="0" index="1" bw="9" slack="0"/>
<pin id="210" dir="1" index="2" bw="512" slack="0"/>
</pin_list>
<bind>
<opcode="lshr(21) " fcode="lshr"/>
<opset="lshr_ln228/74 "/>
</bind>
</comp>

<comp id="212" class="1004" name="trunc_ln228_fu_212">
<pin_list>
<pin id="213" dir="0" index="0" bw="512" slack="0"/>
<pin id="214" dir="1" index="1" bw="8" slack="0"/>
</pin_list>
<bind>
<opcode="trunc(33) " fcode="trunc"/>
<opset="trunc_ln228/74 "/>
</bind>
</comp>

<comp id="217" class="1005" name="i_1_reg_217">
<pin_list>
<pin id="218" dir="0" index="0" bw="6" slack="0"/>
<pin id="219" dir="1" index="1" bw="6" slack="0"/>
</pin_list>
<bind>
<opset="i_1 "/>
</bind>
</comp>

<comp id="224" class="1005" name="icmp_ln225_reg_224">
<pin_list>
<pin id="225" dir="0" index="0" bw="1" slack="72"/>
<pin id="226" dir="1" index="1" bw="1" slack="2147483647"/>
</pin_list>
<bind>
<opset="icmp_ln225 "/>
</bind>
</comp>

<comp id="228" class="1005" name="zext_ln225_1_reg_228">
<pin_list>
<pin id="229" dir="0" index="0" bw="64" slack="73"/>
<pin id="230" dir="1" index="1" bw="64" slack="73"/>
</pin_list>
<bind>
<opset="zext_ln225_1 "/>
</bind>
</comp>

<comp id="233" class="1005" name="trunc_ln4_reg_233">
<pin_list>
<pin id="234" dir="0" index="0" bw="58" slack="1"/>
<pin id="235" dir="1" index="1" bw="58" slack="1"/>
</pin_list>
<bind>
<opset="trunc_ln4 "/>
</bind>
</comp>

<comp id="238" class="1005" name="add_ln228_1_reg_238">
<pin_list>
<pin id="239" dir="0" index="0" bw="6" slack="73"/>
<pin id="240" dir="1" index="1" bw="6" slack="73"/>
</pin_list>
<bind>
<opset="add_ln228_1 "/>
</bind>
</comp>

<comp id="243" class="1005" name="gmem0_addr_reg_243">
<pin_list>
<pin id="244" dir="0" index="0" bw="512" slack="1"/>
<pin id="245" dir="1" index="1" bw="512" slack="1"/>
</pin_list>
<bind>
<opset="gmem0_addr "/>
</bind>
</comp>

<comp id="249" class="1005" name="gmem0_addr_read_reg_249">
<pin_list>
<pin id="250" dir="0" index="0" bw="512" slack="1"/>
<pin id="251" dir="1" index="1" bw="512" slack="1"/>
</pin_list>
<bind>
<opset="gmem0_addr_read "/>
</bind>
</comp>

</comp_list>

<net_list>
<net id="75"><net_src comp="12" pin="0"/><net_sink comp="72" pin=0"/></net>

<net id="80"><net_src comp="14" pin="0"/><net_sink comp="76" pin=0"/></net>

<net id="81"><net_src comp="8" pin="0"/><net_sink comp="76" pin=1"/></net>

<net id="86"><net_src comp="16" pin="0"/><net_sink comp="82" pin=0"/></net>

<net id="87"><net_src comp="4" pin="0"/><net_sink comp="82" pin=1"/></net>

<net id="92"><net_src comp="18" pin="0"/><net_sink comp="88" pin=0"/></net>

<net id="93"><net_src comp="2" pin="0"/><net_sink comp="88" pin=1"/></net>

<net id="98"><net_src comp="14" pin="0"/><net_sink comp="94" pin=0"/></net>

<net id="99"><net_src comp="0" pin="0"/><net_sink comp="94" pin=1"/></net>

<net id="105"><net_src comp="50" pin="0"/><net_sink comp="100" pin=0"/></net>

<net id="106"><net_src comp="12" pin="0"/><net_sink comp="100" pin=2"/></net>

<net id="111"><net_src comp="52" pin="0"/><net_sink comp="107" pin=0"/></net>

<net id="117"><net_src comp="10" pin="0"/><net_sink comp="112" pin=0"/></net>

<net id="118"><net_src comp="58" pin="0"/><net_sink comp="112" pin=1"/></net>

<net id="124"><net_src comp="112" pin="3"/><net_sink comp="119" pin=0"/></net>

<net id="128"><net_src comp="82" pin="2"/><net_sink comp="125" pin=0"/></net>

<net id="133"><net_src comp="40" pin="0"/><net_sink comp="129" pin=0"/></net>

<net id="141"><net_src comp="134" pin="1"/><net_sink comp="137" pin=0"/></net>

<net id="142"><net_src comp="94" pin="2"/><net_sink comp="137" pin=1"/></net>

<net id="147"><net_src comp="134" pin="1"/><net_sink comp="143" pin=0"/></net>

<net id="148"><net_src comp="42" pin="0"/><net_sink comp="143" pin=1"/></net>

<net id="152"><net_src comp="134" pin="1"/><net_sink comp="149" pin=0"/></net>

<net id="157"><net_src comp="149" pin="1"/><net_sink comp="153" pin=0"/></net>

<net id="158"><net_src comp="88" pin="2"/><net_sink comp="153" pin=1"/></net>

<net id="163"><net_src comp="153" pin="2"/><net_sink comp="159" pin=0"/></net>

<net id="164"><net_src comp="125" pin="1"/><net_sink comp="159" pin=1"/></net>

<net id="171"><net_src comp="44" pin="0"/><net_sink comp="165" pin=0"/></net>

<net id="172"><net_src comp="159" pin="2"/><net_sink comp="165" pin=1"/></net>

<net id="173"><net_src comp="46" pin="0"/><net_sink comp="165" pin=2"/></net>

<net id="174"><net_src comp="48" pin="0"/><net_sink comp="165" pin=3"/></net>

<net id="179"><net_src comp="76" pin="2"/><net_sink comp="175" pin=0"/></net>

<net id="180"><net_src comp="134" pin="1"/><net_sink comp="175" pin=1"/></net>

<net id="185"><net_src comp="143" pin="2"/><net_sink comp="181" pin=0"/></net>

<net id="193"><net_src comp="6" pin="0"/><net_sink comp="189" pin=0"/></net>

<net id="194"><net_src comp="186" pin="1"/><net_sink comp="189" pin=1"/></net>

<net id="195"><net_src comp="189" pin="2"/><net_sink comp="100" pin=1"/></net>

<net id="201"><net_src comp="68" pin="0"/><net_sink comp="196" pin=0"/></net>

<net id="202"><net_src comp="70" pin="0"/><net_sink comp="196" pin=2"/></net>

<net id="206"><net_src comp="196" pin="3"/><net_sink comp="203" pin=0"/></net>

<net id="211"><net_src comp="203" pin="1"/><net_sink comp="207" pin=1"/></net>

<net id="215"><net_src comp="207" pin="2"/><net_sink comp="212" pin=0"/></net>

<net id="216"><net_src comp="212" pin="1"/><net_sink comp="119" pin=1"/></net>

<net id="220"><net_src comp="72" pin="1"/><net_sink comp="217" pin=0"/></net>

<net id="221"><net_src comp="217" pin="1"/><net_sink comp="129" pin=1"/></net>

<net id="222"><net_src comp="217" pin="1"/><net_sink comp="134" pin=0"/></net>

<net id="223"><net_src comp="217" pin="1"/><net_sink comp="181" pin=1"/></net>

<net id="227"><net_src comp="137" pin="2"/><net_sink comp="224" pin=0"/></net>

<net id="231"><net_src comp="149" pin="1"/><net_sink comp="228" pin=0"/></net>

<net id="232"><net_src comp="228" pin="1"/><net_sink comp="112" pin=2"/></net>

<net id="236"><net_src comp="165" pin="4"/><net_sink comp="233" pin=0"/></net>

<net id="237"><net_src comp="233" pin="1"/><net_sink comp="186" pin=0"/></net>

<net id="241"><net_src comp="175" pin="2"/><net_sink comp="238" pin=0"/></net>

<net id="242"><net_src comp="238" pin="1"/><net_sink comp="196" pin=1"/></net>

<net id="246"><net_src comp="189" pin="2"/><net_sink comp="243" pin=0"/></net>

<net id="247"><net_src comp="243" pin="1"/><net_sink comp="100" pin=1"/></net>

<net id="248"><net_src comp="243" pin="1"/><net_sink comp="107" pin=1"/></net>

<net id="252"><net_src comp="107" pin="2"/><net_sink comp="249" pin=0"/></net>

<net id="253"><net_src comp="249" pin="1"/><net_sink comp="207" pin=0"/></net>

</net_list>

</model> 
---------------- Datapath Model END ------------------

* FSMD analyzer results:
  - Output states:
	Port: gmem0 | {}
	Port: pad_block | {74 }
 - Input state : 
	Port: sha256_process_chunk_Pipeline_copy_remainder : rem_r | {1 }
	Port: sha256_process_chunk_Pipeline_copy_remainder : chunk | {1 }
	Port: sha256_process_chunk_Pipeline_copy_remainder : zext_ln225 | {1 }
	Port: sha256_process_chunk_Pipeline_copy_remainder : gmem0 | {2 3 4 5 6 7 8 9 10 11 12 13 14 15 16 17 18 19 20 21 22 23 24 25 26 27 28 29 30 31 32 33 34 35 36 37 38 39 40 41 42 43 44 45 46 47 48 49 50 51 52 53 54 55 56 57 58 59 60 61 62 63 64 65 66 67 68 69 70 71 72 73 }
	Port: sha256_process_chunk_Pipeline_copy_remainder : trunc_ln225_1 | {1 }
  - Chain level:
	State 1
		store_ln0 : 1
		i : 1
		icmp_ln225 : 2
		add_ln225 : 2
		br_ln225 : 3
		zext_ln225_1 : 2
		add_ln228_2 : 3
		add_ln228 : 4
		trunc_ln4 : 5
		add_ln228_1 : 2
		store_ln225 : 3
	State 2
		gmem0_addr : 1
		gmem0_load_64_req : 2
	State 3
	State 4
	State 5
	State 6
	State 7
	State 8
	State 9
	State 10
	State 11
	State 12
	State 13
	State 14
	State 15
	State 16
	State 17
	State 18
	State 19
	State 20
	State 21
	State 22
	State 23
	State 24
	State 25
	State 26
	State 27
	State 28
	State 29
	State 30
	State 31
	State 32
	State 33
	State 34
	State 35
	State 36
	State 37
	State 38
	State 39
	State 40
	State 41
	State 42
	State 43
	State 44
	State 45
	State 46
	State 47
	State 48
	State 49
	State 50
	State 51
	State 52
	State 53
	State 54
	State 55
	State 56
	State 57
	State 58
	State 59
	State 60
	State 61
	State 62
	State 63
	State 64
	State 65
	State 66
	State 67
	State 68
	State 69
	State 70
	State 71
	State 72
	State 73
	State 74
		zext_ln228 : 1
		lshr_ln228 : 2
		trunc_ln228 : 3
		store_ln228 : 4


============================================================
+ Verbose Summary: Datapath Resource usage 
============================================================

* Functional unit list:
|----------|-------------------------------|---------|---------|
| Operation|        Functional Unit        |    FF   |   LUT   |
|----------|-------------------------------|---------|---------|
|   lshr   |       lshr_ln228_fu_207       |    0    |   2171  |
|----------|-------------------------------|---------|---------|
|          |        add_ln225_fu_143       |    0    |    13   |
|    add   |       add_ln228_2_fu_153      |    0    |    64   |
|          |        add_ln228_fu_159       |    0    |    64   |
|          |       add_ln228_1_fu_175      |    0    |    13   |
|----------|-------------------------------|---------|---------|
|   icmp   |       icmp_ln225_fu_137       |    0    |    13   |
|----------|-------------------------------|---------|---------|
|          | trunc_ln225_1_read_read_fu_76 |    0    |    0    |
|          |   zext_ln225_read_read_fu_82  |    0    |    0    |
|   read   |     chunk_read_read_fu_88     |    0    |    0    |
|          |      rem_read_read_fu_94      |    0    |    0    |
|          |  gmem0_addr_read_read_fu_107  |    0    |    0    |
|----------|-------------------------------|---------|---------|
|  readreq |       grp_readreq_fu_100      |    0    |    0    |
|----------|-------------------------------|---------|---------|
|          |     zext_ln225_cast_fu_125    |    0    |    0    |
|   zext   |      zext_ln225_1_fu_149      |    0    |    0    |
|          |       zext_ln228_fu_203       |    0    |    0    |
|----------|-------------------------------|---------|---------|
|partselect|        trunc_ln4_fu_165       |    0    |    0    |
|----------|-------------------------------|---------|---------|
|   sext   |       sext_ln228_fu_186       |    0    |    0    |
|----------|-------------------------------|---------|---------|
|bitconcatenate|         shl_ln2_fu_196        |    0    |    0    |
|----------|-------------------------------|---------|---------|
|   trunc  |       trunc_ln228_fu_212      |    0    |    0    |
|----------|-------------------------------|---------|---------|
|   Total  |                               |    0    |   2338  |
|----------|-------------------------------|---------|---------|

Memories:
N/A

* Register list:
+-----------------------+--------+
|                       |   FF   |
+-----------------------+--------+
|  add_ln228_1_reg_238  |    6   |
|gmem0_addr_read_reg_249|   512  |
|   gmem0_addr_reg_243  |   512  |
|      i_1_reg_217      |    6   |
|   icmp_ln225_reg_224  |    1   |
|   trunc_ln4_reg_233   |   58   |
|  zext_ln225_1_reg_228 |   64   |
+-----------------------+--------+
|         Total         |  1159  |
+-----------------------+--------+

* Multiplexer (MUX) list: 
|--------------------|------|------|------|--------||---------||---------|
|        Comp        |  Pin | Size |  BW  | S x BW ||  Delay  ||   LUT   |
|--------------------|------|------|------|--------||---------||---------|
| grp_readreq_fu_100 |  p1  |   2  |  512 |  1024  ||    9    |
|--------------------|------|------|------|--------||---------||---------|
|        Total       |      |      |      |  1024  ||  0.387  ||    9    |
|--------------------|------|------|------|--------||---------||---------|



* Summary:
+-----------+--------+--------+--------+
|           |  Delay |   FF   |   LUT  |
+-----------+--------+--------+--------+
|  Function |    -   |    0   |  2338  |
|   Memory  |    -   |    -   |    -   |
|Multiplexer|    0   |    -   |    9   |
|  Register |    -   |  1159  |    -   |
+-----------+--------+--------+--------+
|   Total   |    0   |  1159  |  2347  |
+-----------+--------+--------+--------+
