

================================================================
== Vitis HLS Report for 'sha256_compress_block_Pipeline_round_loop'
================================================================
* Date:           Mon Feb 16 01:33:38 2026

* Version:        2023.1 (Build 3854077 on May  4 2023)
* Project:        calculate_sha256
* Solution:       solution (Vitis Kernel Flow Target)
* Product family: virtexuplusHBM
* Target device:  xcu280-fsvh2892-2L-e


================================================================
== Performance Estimates
================================================================
+ Timing: 
    * Summary: 
    +--------+---------+----------+------------+
    |  Clock |  Target | Estimated| Uncertainty|
    +--------+---------+----------+------------+
    |ap_clk  |  3.33 ns|  2.939 ns|     0.90 ns|
    +--------+---------+----------+------------+

+ Latency: 
    * Summary: 
    +---------+---------+----------+----------+-----+-----+---------+
    |  Latency (cycles) |  Latency (absolute) |  Interval | Pipeline|
    |   min   |   max   |    min   |    max   | min | max |   Type  |
    +---------+---------+----------+----------+-----+-----+---------+
    |       68|       68|  0.227 us|  0.227 us|   68|   68|       no|
    +---------+---------+----------+----------+-----+-----+---------+

    + Detail: 
        * Instance: 
        N/A

        * Loop: 
        +--------------+---------+---------+----------+-----------+-----------+------+----------+
        |              |  Latency (cycles) | Iteration|  Initiation Interval  | Trip |          |
        |   Loop Name  |   min   |   max   |  Latency |  achieved |   target  | Count| Pipelined|
        +--------------+---------+---------+----------+-----------+-----------+------+----------+
        |- round_loop  |       66|       66|         3|          1|          1|    64|       yes|
        +--------------+---------+---------+----------+-----------+-----------+------+----------+



================================================================
== Utilization Estimates
================================================================
* Summary: 
+---------------------+---------+------+---------+---------+-----+
|         Name        | BRAM_18K|  DSP |    FF   |   LUT   | URAM|
+---------------------+---------+------+---------+---------+-----+
|DSP                  |        -|     -|        -|        -|    -|
|Expression           |        -|     -|        0|      708|    -|
|FIFO                 |        -|     -|        -|        -|    -|
|Instance             |        -|     -|        0|       14|    -|
|Memory               |        0|     -|       32|       33|    -|
|Multiplexer          |        -|     -|        -|      135|    -|
|Register             |        -|     -|      356|        -|    -|
+---------------------+---------+------+---------+---------+-----+
|Total                |        0|     0|      388|      890|    0|
+---------------------+---------+------+---------+---------+-----+
|Available SLR        |     1344|  3008|   869120|   434560|  320|
+---------------------+---------+------+---------+---------+-----+
|Utilization SLR (%)  |        0|     0|       ~0|       ~0|    0|
+---------------------+---------+------+---------+---------+-----+
|Available            |     4032|  9024|  2607360|  1303680|  960|
+---------------------+---------+------+---------+---------+-----+
|Utilization (%)      |        0|     0|       ~0|       ~0|    0|
+---------------------+---------+------+---------+---------+-----+

+ Detail: 
    * Instance: 
    +--------------------+----------------+---------+----+---+----+-----+
    |      Instance      |     Module     | BRAM_18K| DSP| FF| LUT| URAM|
    +--------------------+----------------+---------+----+---+----+-----+
    |mux_3_2_32_1_1_U22  |mux_3_2_32_1_1  |        0|   0|  0|  14|    0|
    +--------------------+----------------+---------+----+---+----+-----+
    |Total               |                |        0|   0|  0|  14|    0|
    +--------------------+----------------+---------+----+---+----+-----+

    * DSP: 
    N/A

    * Memory: 
    +------------+----------------------------------------------------------------+---------+----+----+-----+------+-----+------+-------------+
    |   Memory   |                             Module                             | BRAM_18K| FF | LUT| URAM| Words| Bits| Banks| W*Bits*Banks|
    +------------+----------------------------------------------------------------+---------+----+----+-----+------+-----+------+-------------+
    |SHA256_K_U  |sha256_compress_block_Pipeline_round_loop_SHA256_K_ROM_AUTO_1R  |        0|  32|  33|    0|    64|   32|     1|         2048|
    +------------+----------------------------------------------------------------+---------+----+----+-----+------+-----+------+-------------+
    |Total       |                                                                |        0|  32|  33|    0|    64|   32|     1|         2048|
    +------------+----------------------------------------------------------------+---------+----+----+-----+------+-----+------+-------------+

    * FIFO: 
    N/A

    * Expression: 
    +------------------------+----------+----+---+----+------------+------------+
    |      Variable Name     | Operation| DSP| FF| LUT| Bitwidth P0| Bitwidth P1|
    +------------------------+----------+----+---+----+------------+------------+
    |a_fu_743_p2             |         +|   0|  0|  32|          32|          32|
    |add_ln151_1_fu_434_p2   |         +|   0|  0|  14|           7|           1|
    |add_ln151_fu_384_p2     |         +|   0|  0|  14|           7|           1|
    |add_ln154_1_fu_612_p2   |         +|   0|  0|  32|          32|          32|
    |add_ln154_2_fu_617_p2   |         +|   0|  0|  32|          32|          32|
    |add_ln154_fu_607_p2     |         +|   0|  0|  32|          32|          32|
    |add_ln164_fu_737_p2     |         +|   0|  0|  32|          32|          32|
    |add_ln75_fu_398_p2      |         +|   0|  0|  21|          14|           8|
    |e_1_fu_671_p2           |         +|   0|  0|  39|          32|          32|
    |t1_fu_623_p2            |         +|   0|  0|  32|          32|          32|
    |and_ln154_1_fu_575_p2   |       and|   0|  0|  32|          32|          32|
    |and_ln154_fu_569_p2     |       and|   0|  0|  32|          32|          32|
    |and_ln164_1_fu_689_p2   |       and|   0|  0|  32|          32|          32|
    |and_ln164_fu_683_p2     |       and|   0|  0|  32|          32|          32|
    |ap_ext_blocking_n       |       and|   0|  0|   2|           2|           2|
    |ap_int_blocking_n       |       and|   0|  0|   2|           2|           2|
    |ap_str_blocking_n       |       and|   0|  0|   2|           2|           2|
    |icmp_ln151_1_fu_440_p2  |      icmp|   0|  0|  14|           7|           2|
    |icmp_ln151_fu_378_p2    |      icmp|   0|  0|  15|           7|           8|
    |select_ln151_fu_446_p3  |    select|   0|  0|   7|           1|           7|
    |ap_enable_pp0           |       xor|   0|  0|   2|           1|           2|
    |xor_ln154_1_fu_589_p2   |       xor|   0|  0|  32|          32|          32|
    |xor_ln154_2_fu_595_p2   |       xor|   0|  0|  32|          32|          32|
    |xor_ln154_3_fu_601_p2   |       xor|   0|  0|  32|          32|          32|
    |xor_ln154_fu_547_p2     |       xor|   0|  0|  32|          32|           2|
    |xor_ln164_1_fu_711_p2   |       xor|   0|  0|  32|          32|          32|
    |xor_ln164_2_fu_725_p2   |       xor|   0|  0|  32|          32|          32|
    |xor_ln164_3_fu_731_p2   |       xor|   0|  0|  32|          32|          32|
    |xor_ln164_fu_677_p2     |       xor|   0|  0|  32|          32|          32|
    +------------------------+----------+----+---+----+------------+------------+
    |Total                   |          |   0|  0| 708|         658|         613|
    +------------------------+----------+----+---+----+------------+------------+

    * Multiplexer: 
    +----------------------------------+----+-----------+-----+-----------+
    |               Name               | LUT| Input Size| Bits| Total Bits|
    +----------------------------------+----+-----------+-----+-----------+
    |ap_done_int                       |   9|          2|    1|          2|
    |ap_loop_exit_ready_pp0_iter2_reg  |   9|          2|    1|          2|
    |ap_sig_allocacmp_i_5              |   9|          2|    7|         14|
    |ap_sig_allocacmp_phi_mul145_load  |   9|          2|   14|         28|
    |b_fu_160                          |   9|          2|   32|         64|
    |c_fu_156                          |   9|          2|   32|         64|
    |d_1_fu_152                        |   9|          2|   32|         64|
    |d_fu_128                          |   9|          2|   32|         64|
    |f_fu_148                          |   9|          2|   32|         64|
    |g_fu_144                          |   9|          2|   32|         64|
    |h_1_fu_140                        |   9|          2|   32|         64|
    |h_fu_132                          |   9|          2|   32|         64|
    |i_fu_136                          |   9|          2|    7|         14|
    |phi_mul145_fu_124                 |   9|          2|   14|         28|
    |phi_urem147_fu_120                |   9|          2|    7|         14|
    +----------------------------------+----+-----------+-----+-----------+
    |Total                             | 135|         30|  307|        614|
    +----------------------------------+----+-----------+-----+-----------+

    * Register: 
    +----------------------------------+----+----+-----+-----------+
    |               Name               | FF | LUT| Bits| Const Bits|
    +----------------------------------+----+----+-----+-----------+
    |SHA256_K_load_reg_900             |  32|   0|   32|          0|
    |ap_CS_fsm                         |   1|   0|    1|          0|
    |ap_done_reg                       |   1|   0|    1|          0|
    |ap_enable_reg_pp0_iter1           |   1|   0|    1|          0|
    |ap_enable_reg_pp0_iter2           |   1|   0|    1|          0|
    |ap_loop_exit_ready_pp0_iter1_reg  |   1|   0|    1|          0|
    |ap_loop_exit_ready_pp0_iter2_reg  |   1|   0|    1|          0|
    |b_fu_160                          |  32|   0|   32|          0|
    |c_fu_156                          |  32|   0|   32|          0|
    |d_1_fu_152                        |  32|   0|   32|          0|
    |d_fu_128                          |  32|   0|   32|          0|
    |f_fu_148                          |  32|   0|   32|          0|
    |g_fu_144                          |  32|   0|   32|          0|
    |h_1_fu_140                        |  32|   0|   32|          0|
    |h_fu_132                          |  32|   0|   32|          0|
    |i_fu_136                          |   7|   0|    7|          0|
    |icmp_ln151_reg_876                |   1|   0|    1|          0|
    |icmp_ln151_reg_876_pp0_iter1_reg  |   1|   0|    1|          0|
    |phi_mul145_fu_124                 |  14|   0|   14|          0|
    |phi_urem147_fu_120                |   7|   0|    7|          0|
    |tmp_8_reg_905                     |  32|   0|   32|          0|
    +----------------------------------+----+----+-----+-----------+
    |Total                             | 356|   0|  356|          0|
    +----------------------------------+----+----+-----+-----------+



================================================================
== Interface
================================================================
* Summary: 
+-------------------+-----+-----+------------+-------------------------------------------+--------------+
|     RTL Ports     | Dir | Bits|  Protocol  |               Source Object               |    C Type    |
+-------------------+-----+-----+------------+-------------------------------------------+--------------+
|ap_clk             |   in|    1|  ap_ctrl_hs|  sha256_compress_block_Pipeline_round_loop|  return value|
|ap_rst             |   in|    1|  ap_ctrl_hs|  sha256_compress_block_Pipeline_round_loop|  return value|
|ap_start           |   in|    1|  ap_ctrl_hs|  sha256_compress_block_Pipeline_round_loop|  return value|
|ap_done            |  out|    1|  ap_ctrl_hs|  sha256_compress_block_Pipeline_round_loop|  return value|
|ap_idle            |  out|    1|  ap_ctrl_hs|  sha256_compress_block_Pipeline_round_loop|  return value|
|ap_ready           |  out|    1|  ap_ctrl_hs|  sha256_compress_block_Pipeline_round_loop|  return value|
|ap_ext_blocking_n  |  out|    1|  ap_ctrl_hs|  sha256_compress_block_Pipeline_round_loop|  return value|
|ap_str_blocking_n  |  out|    1|  ap_ctrl_hs|  sha256_compress_block_Pipeline_round_loop|  return value|
|ap_int_blocking_n  |  out|    1|  ap_ctrl_hs|  sha256_compress_block_Pipeline_round_loop|  return value|
|state_7_read       |   in|   32|     ap_none|                               state_7_read|        scalar|
|state_0_read       |   in|   32|     ap_none|                               state_0_read|        scalar|
|state_1_read       |   in|   32|     ap_none|                               state_1_read|        scalar|
|state_2_read       |   in|   32|     ap_none|                               state_2_read|        scalar|
|state_3_read       |   in|   32|     ap_none|                               state_3_read|        scalar|
|state_4_read       |   in|   32|     ap_none|                               state_4_read|        scalar|
|state_5_read       |   in|   32|     ap_none|                               state_5_read|        scalar|
|state_6_read       |   in|   32|     ap_none|                               state_6_read|        scalar|
|w_address0         |  out|    5|   ap_memory|                                          w|         array|
|w_ce0              |  out|    1|   ap_memory|                                          w|         array|
|w_q0               |   in|   32|   ap_memory|                                          w|         array|
|w_1_address0       |  out|    5|   ap_memory|                                        w_1|         array|
|w_1_ce0            |  out|    1|   ap_memory|                                        w_1|         array|
|w_1_q0             |   in|   32|   ap_memory|                                        w_1|         array|
|w_2_address0       |  out|    5|   ap_memory|                                        w_2|         array|
|w_2_ce0            |  out|    1|   ap_memory|                                        w_2|         array|
|w_2_q0             |   in|   32|   ap_memory|                                        w_2|         array|
|h_out              |  out|   32|      ap_vld|                                      h_out|       pointer|
|h_out_ap_vld       |  out|    1|      ap_vld|                                      h_out|       pointer|
|a_2_out            |  out|   32|      ap_vld|                                    a_2_out|       pointer|
|a_2_out_ap_vld     |  out|    1|      ap_vld|                                    a_2_out|       pointer|
|b_out              |  out|   32|      ap_vld|                                      b_out|       pointer|
|b_out_ap_vld       |  out|    1|      ap_vld|                                      b_out|       pointer|
|c_out              |  out|   32|      ap_vld|                                      c_out|       pointer|
|c_out_ap_vld       |  out|    1|      ap_vld|                                      c_out|       pointer|
|d_out              |  out|   32|      ap_vld|                                      d_out|       pointer|
|d_out_ap_vld       |  out|    1|      ap_vld|                                      d_out|       pointer|
|f_1_out            |  out|   32|      ap_vld|                                    f_1_out|       pointer|
|f_1_out_ap_vld     |  out|    1|      ap_vld|                                    f_1_out|       pointer|
|f_out              |  out|   32|      ap_vld|                                      f_out|       pointer|
|f_out_ap_vld       |  out|    1|      ap_vld|                                      f_out|       pointer|
|g_1_out            |  out|   32|      ap_vld|                                    g_1_out|       pointer|
|g_1_out_ap_vld     |  out|    1|      ap_vld|                                    g_1_out|       pointer|
+-------------------+-----+-----+------------+-------------------------------------------+--------------+

============================================================
+ Verbose Summary: Synthesis Manager
============================================================
InlineROM: 1
ExposeGlobal: 0
============================================================
+ Verbose Summary: CDFG Model
============================================================
IsTopModel: 0
ResetActiveHigh: 1
IsCombinational: 2
IsDatapathOnly: 2
HasWiredReturn: 1
HasMFsm: 2
HasVarLatency: 1
IsPipeline: 0
IsRtlPipelined: 0
IsInstanceOverlapped: 0
IsDontTouch: 0
HasImplIP: 0
IsGatedGlobalClock: 0

+ Individual pipeline summary: 
  * Pipeline-0: initiation interval (II) = 1, depth = 3


============================================================
+ Verbose Summary: Schedule
============================================================
* Number of FSM states : 3
* Pipeline : 1
  Pipeline-0 : II = 1, D = 3, States = { 1 2 3 }
* Dataflow Pipeline: 0

* FSM state transitions: 
1 --> 2 
2 --> 3 
3 --> 

* FSM state operations: 

State 1 <SV = 0> <Delay = 1.15>
ST_1 : Operation 6 [1/1] (0.00ns)   --->   "%phi_urem147 = alloca i32 1"   --->   Operation 6 'alloca' 'phi_urem147' <Predicate = true> <Delay = 0.00>
ST_1 : Operation 7 [1/1] (0.00ns)   --->   "%phi_mul145 = alloca i32 1"   --->   Operation 7 'alloca' 'phi_mul145' <Predicate = true> <Delay = 0.00>
ST_1 : Operation 8 [1/1] (0.00ns)   --->   "%d = alloca i32 1"   --->   Operation 8 'alloca' 'd' <Predicate = true> <Delay = 0.00>
ST_1 : Operation 9 [1/1] (0.00ns)   --->   "%h = alloca i32 1"   --->   Operation 9 'alloca' 'h' <Predicate = true> <Delay = 0.00>
ST_1 : Operation 10 [1/1] (0.00ns)   --->   "%i = alloca i32 1"   --->   Operation 10 'alloca' 'i' <Predicate = true> <Delay = 0.00>
ST_1 : Operation 11 [1/1] (0.00ns)   --->   "%h_1 = alloca i32 1"   --->   Operation 11 'alloca' 'h_1' <Predicate = true> <Delay = 0.00>
ST_1 : Operation 12 [1/1] (0.00ns)   --->   "%g = alloca i32 1"   --->   Operation 12 'alloca' 'g' <Predicate = true> <Delay = 0.00>
ST_1 : Operation 13 [1/1] (0.00ns)   --->   "%f = alloca i32 1"   --->   Operation 13 'alloca' 'f' <Predicate = true> <Delay = 0.00>
ST_1 : Operation 14 [1/1] (0.00ns)   --->   "%d_1 = alloca i32 1"   --->   Operation 14 'alloca' 'd_1' <Predicate = true> <Delay = 0.00>
ST_1 : Operation 15 [1/1] (0.00ns)   --->   "%c = alloca i32 1"   --->   Operation 15 'alloca' 'c' <Predicate = true> <Delay = 0.00>
ST_1 : Operation 16 [1/1] (0.00ns)   --->   "%b = alloca i32 1"   --->   Operation 16 'alloca' 'b' <Predicate = true> <Delay = 0.00>
ST_1 : Operation 17 [1/1] (0.00ns)   --->   "%state_6_read_1 = read i32 @_ssdm_op_Read.ap_auto.i32, i32 %state_6_read"   --->   Operation 17 'read' 'state_6_read_1' <Predicate = true> <Delay = 0.00>
ST_1 : Operation 18 [1/1] (0.00ns)   --->   "%state_5_read_1 = read i32 @_ssdm_op_Read.ap_auto.i32, i32 %state_5_read"   --->   Operation 18 'read' 'state_5_read_1' <Predicate = true> <Delay = 0.00>
ST_1 : Operation 19 [1/1] (0.00ns)   --->   "%state_4_read_1 = read i32 @_ssdm_op_Read.ap_auto.i32, i32 %state_4_read"   --->   Operation 19 'read' 'state_4_read_1' <Predicate = true> <Delay = 0.00>
ST_1 : Operation 20 [1/1] (0.00ns)   --->   "%state_3_read_1 = read i32 @_ssdm_op_Read.ap_auto.i32, i32 %state_3_read"   --->   Operation 20 'read' 'state_3_read_1' <Predicate = true> <Delay = 0.00>
ST_1 : Operation 21 [1/1] (0.00ns)   --->   "%state_2_read_1 = read i32 @_ssdm_op_Read.ap_auto.i32, i32 %state_2_read"   --->   Operation 21 'read' 'state_2_read_1' <Predicate = true> <Delay = 0.00>
ST_1 : Operation 22 [1/1] (0.00ns)   --->   "%state_1_read_1 = read i32 @_ssdm_op_Read.ap_auto.i32, i32 %state_1_read"   --->   Operation 22 'read' 'state_1_read_1' <Predicate = true> <Delay = 0.00>
ST_1 : Operation 23 [1/1] (0.00ns)   --->   "%state_0_read_1 = read i32 @_ssdm_op_Read.ap_auto.i32, i32 %state_0_read"   --->   Operation 23 'read' 'state_0_read_1' <Predicate = true> <Delay = 0.00>
ST_1 : Operation 24 [1/1] (0.00ns)   --->   "%state_7_read_1 = read i32 @_ssdm_op_Read.ap_auto.i32, i32 %state_7_read"   --->   Operation 24 'read' 'state_7_read_1' <Predicate = true> <Delay = 0.00>
ST_1 : Operation 25 [1/1] (0.38ns)   --->   "%store_ln0 = store i32 %state_0_read_1, i32 %b"   --->   Operation 25 'store' 'store_ln0' <Predicate = true> <Delay = 0.38>
ST_1 : Operation 26 [1/1] (0.38ns)   --->   "%store_ln0 = store i32 %state_1_read_1, i32 %c"   --->   Operation 26 'store' 'store_ln0' <Predicate = true> <Delay = 0.38>
ST_1 : Operation 27 [1/1] (0.38ns)   --->   "%store_ln0 = store i32 %state_2_read_1, i32 %d_1"   --->   Operation 27 'store' 'store_ln0' <Predicate = true> <Delay = 0.38>
ST_1 : Operation 28 [1/1] (0.38ns)   --->   "%store_ln0 = store i32 %state_4_read_1, i32 %f"   --->   Operation 28 'store' 'store_ln0' <Predicate = true> <Delay = 0.38>
ST_1 : Operation 29 [1/1] (0.38ns)   --->   "%store_ln0 = store i32 %state_5_read_1, i32 %g"   --->   Operation 29 'store' 'store_ln0' <Predicate = true> <Delay = 0.38>
ST_1 : Operation 30 [1/1] (0.38ns)   --->   "%store_ln0 = store i32 %state_6_read_1, i32 %h_1"   --->   Operation 30 'store' 'store_ln0' <Predicate = true> <Delay = 0.38>
ST_1 : Operation 31 [1/1] (0.38ns)   --->   "%store_ln0 = store i7 0, i7 %i"   --->   Operation 31 'store' 'store_ln0' <Predicate = true> <Delay = 0.38>
ST_1 : Operation 32 [1/1] (0.38ns)   --->   "%store_ln0 = store i32 %state_7_read_1, i32 %h"   --->   Operation 32 'store' 'store_ln0' <Predicate = true> <Delay = 0.38>
ST_1 : Operation 33 [1/1] (0.38ns)   --->   "%store_ln0 = store i32 %state_3_read_1, i32 %d"   --->   Operation 33 'store' 'store_ln0' <Predicate = true> <Delay = 0.38>
ST_1 : Operation 34 [1/1] (0.38ns)   --->   "%store_ln0 = store i14 0, i14 %phi_mul145"   --->   Operation 34 'store' 'store_ln0' <Predicate = true> <Delay = 0.38>
ST_1 : Operation 35 [1/1] (0.38ns)   --->   "%store_ln0 = store i7 0, i7 %phi_urem147"   --->   Operation 35 'store' 'store_ln0' <Predicate = true> <Delay = 0.38>
ST_1 : Operation 36 [1/1] (0.00ns)   --->   "%br_ln0 = br void %for.inc56"   --->   Operation 36 'br' 'br_ln0' <Predicate = true> <Delay = 0.00>
ST_1 : Operation 37 [1/1] (0.00ns)   --->   "%i_5 = load i7 %i" [/users/arashs/U280_CRC_Accelerator/src/kernel.cpp:151]   --->   Operation 37 'load' 'i_5' <Predicate = true> <Delay = 0.00>
ST_1 : Operation 38 [1/1] (0.70ns)   --->   "%icmp_ln151 = icmp_eq  i7 %i_5, i7 64" [/users/arashs/U280_CRC_Accelerator/src/kernel.cpp:151]   --->   Operation 38 'icmp' 'icmp_ln151' <Predicate = true> <Delay = 0.70> <CoreInst = "Cmp">   --->   Core 9 'Cmp' <Latency = 0> <II = 1> <Delay = 0.70> <FuncUnit> <Opcode : 'icmp'> <InPorts = 2> <OutPorts = 1>
ST_1 : Operation 39 [1/1] (0.70ns)   --->   "%add_ln151 = add i7 %i_5, i7 1" [/users/arashs/U280_CRC_Accelerator/src/kernel.cpp:151]   --->   Operation 39 'add' 'add_ln151' <Predicate = true> <Delay = 0.70> <CoreInst = "Adder">   --->   Core 1 'Adder' <Latency = 0> <II = 1> <Delay = 0.70> <FuncUnit> <Opcode : 'add' 'sub'> <InPorts = 2> <OutPorts = 1>
ST_1 : Operation 40 [1/1] (0.00ns)   --->   "%br_ln151 = br i1 %icmp_ln151, void %for.inc56.split, void %for.end58.exitStub" [/users/arashs/U280_CRC_Accelerator/src/kernel.cpp:151]   --->   Operation 40 'br' 'br_ln151' <Predicate = true> <Delay = 0.00>
ST_1 : Operation 41 [1/1] (0.00ns)   --->   "%phi_mul145_load = load i14 %phi_mul145" [/users/arashs/U280_CRC_Accelerator/src/kernel.cpp:75->/users/arashs/U280_CRC_Accelerator/src/kernel.cpp:154]   --->   Operation 41 'load' 'phi_mul145_load' <Predicate = (!icmp_ln151)> <Delay = 0.00>
ST_1 : Operation 42 [1/1] (0.00ns)   --->   "%zext_ln151 = zext i7 %i_5" [/users/arashs/U280_CRC_Accelerator/src/kernel.cpp:151]   --->   Operation 42 'zext' 'zext_ln151' <Predicate = (!icmp_ln151)> <Delay = 0.00>
ST_1 : Operation 43 [1/1] (0.76ns)   --->   "%add_ln75 = add i14 %phi_mul145_load, i14 171" [/users/arashs/U280_CRC_Accelerator/src/kernel.cpp:75->/users/arashs/U280_CRC_Accelerator/src/kernel.cpp:154]   --->   Operation 43 'add' 'add_ln75' <Predicate = (!icmp_ln151)> <Delay = 0.76> <CoreInst = "Adder">   --->   Core 1 'Adder' <Latency = 0> <II = 1> <Delay = 0.76> <FuncUnit> <Opcode : 'add' 'sub'> <InPorts = 2> <OutPorts = 1>
ST_1 : Operation 44 [1/1] (0.00ns)   --->   "%tmp = partselect i5 @_ssdm_op_PartSelect.i5.i14.i32.i32, i14 %phi_mul145_load, i32 9, i32 13" [/users/arashs/U280_CRC_Accelerator/src/kernel.cpp:75->/users/arashs/U280_CRC_Accelerator/src/kernel.cpp:154]   --->   Operation 44 'partselect' 'tmp' <Predicate = (!icmp_ln151)> <Delay = 0.00>
ST_1 : Operation 45 [1/1] (0.00ns)   --->   "%zext_ln75 = zext i5 %tmp" [/users/arashs/U280_CRC_Accelerator/src/kernel.cpp:75->/users/arashs/U280_CRC_Accelerator/src/kernel.cpp:154]   --->   Operation 45 'zext' 'zext_ln75' <Predicate = (!icmp_ln151)> <Delay = 0.00>
ST_1 : Operation 46 [1/1] (0.00ns)   --->   "%SHA256_K_addr = getelementptr i32 %SHA256_K, i64 0, i64 %zext_ln151" [/users/arashs/U280_CRC_Accelerator/src/kernel.cpp:154]   --->   Operation 46 'getelementptr' 'SHA256_K_addr' <Predicate = (!icmp_ln151)> <Delay = 0.00>
ST_1 : Operation 47 [2/2] (0.69ns)   --->   "%SHA256_K_load = load i6 %SHA256_K_addr" [/users/arashs/U280_CRC_Accelerator/src/kernel.cpp:154]   --->   Operation 47 'load' 'SHA256_K_load' <Predicate = (!icmp_ln151)> <Delay = 0.69> <CoreInst = "ROM">   --->   Core 101 'ROM' <Latency = 1> <II = 1> <Delay = 0.69> <Storage> <Opcode : 'load'> <Ports = 0> <Width = 32> <Depth = 64> <ROM>
ST_1 : Operation 48 [1/1] (0.00ns)   --->   "%w_addr = getelementptr i32 %w, i64 0, i64 %zext_ln75" [/users/arashs/U280_CRC_Accelerator/src/kernel.cpp:154]   --->   Operation 48 'getelementptr' 'w_addr' <Predicate = (!icmp_ln151)> <Delay = 0.00>
ST_1 : Operation 49 [1/1] (0.00ns)   --->   "%w_1_addr = getelementptr i32 %w_1, i64 0, i64 %zext_ln75" [/users/arashs/U280_CRC_Accelerator/src/kernel.cpp:154]   --->   Operation 49 'getelementptr' 'w_1_addr' <Predicate = (!icmp_ln151)> <Delay = 0.00>
ST_1 : Operation 50 [1/1] (0.00ns)   --->   "%w_2_addr = getelementptr i32 %w_2, i64 0, i64 %zext_ln75" [/users/arashs/U280_CRC_Accelerator/src/kernel.cpp:154]   --->   Operation 50 'getelementptr' 'w_2_addr' <Predicate = (!icmp_ln151)> <Delay = 0.00>
ST_1 : Operation 51 [2/2] (0.69ns)   --->   "%w_load = load i5 %w_addr" [/users/arashs/U280_CRC_Accelerator/src/kernel.cpp:154]   --->   Operation 51 'load' 'w_load' <Predicate = (!icmp_ln151)> <Delay = 0.69> <CoreInst = "RAM_1WnR">   --->   Core 84 'RAM_1WnR' <Latency = 1> <II = 1> <Delay = 0.69> <Storage> <Opcode : 'load' 'store'> <Ports = 17> <Width = 32> <Depth = 22> <RAM>
ST_1 : Operation 52 [2/2] (0.69ns)   --->   "%w_1_load = load i5 %w_1_addr" [/users/arashs/U280_CRC_Accelerator/src/kernel.cpp:154]   --->   Operation 52 'load' 'w_1_load' <Predicate = (!icmp_ln151)> <Delay = 0.69> <CoreInst = "RAM_1WnR">   --->   Core 84 'RAM_1WnR' <Latency = 1> <II = 1> <Delay = 0.69> <Storage> <Opcode : 'load' 'store'> <Ports = 17> <Width = 32> <Depth = 22> <RAM>
ST_1 : Operation 53 [2/2] (0.69ns)   --->   "%w_2_load = load i5 %w_2_addr" [/users/arashs/U280_CRC_Accelerator/src/kernel.cpp:154]   --->   Operation 53 'load' 'w_2_load' <Predicate = (!icmp_ln151)> <Delay = 0.69> <CoreInst = "RAM_1WnR">   --->   Core 84 'RAM_1WnR' <Latency = 1> <II = 1> <Delay = 0.69> <Storage> <Opcode : 'load' 'store'> <Ports = 17> <Width = 32> <Depth = 22> <RAM>
ST_1 : Operation 54 [1/1] (0.38ns)   --->   "%store_ln151 = store i7 %add_ln151, i7 %i" [/users/arashs/U280_CRC_Accelerator/src/kernel.cpp:151]   --->   Operation 54 'store' 'store_ln151' <Predicate = (!icmp_ln151)> <Delay = 0.38>
ST_1 : Operation 55 [1/1] (0.38ns)   --->   "%store_ln151 = store i14 %add_ln75, i14 %phi_mul145" [/users/arashs/U280_CRC_Accelerator/src/kernel.cpp:151]   --->   Operation 55 'store' 'store_ln151' <Predicate = (!icmp_ln151)> <Delay = 0.38>

State 2 <SV = 1> <Delay = 2.10>
ST_2 : Operation 56 [1/1] (0.00ns)   --->   "%phi_urem147_load = load i7 %phi_urem147" [/users/arashs/U280_CRC_Accelerator/src/kernel.cpp:75->/users/arashs/U280_CRC_Accelerator/src/kernel.cpp:154]   --->   Operation 56 'load' 'phi_urem147_load' <Predicate = (!icmp_ln151)> <Delay = 0.00>
ST_2 : Operation 57 [1/1] (0.70ns)   --->   "%add_ln151_1 = add i7 %phi_urem147_load, i7 1" [/users/arashs/U280_CRC_Accelerator/src/kernel.cpp:151]   --->   Operation 57 'add' 'add_ln151_1' <Predicate = (!icmp_ln151)> <Delay = 0.70> <CoreInst = "Adder">   --->   Core 1 'Adder' <Latency = 0> <II = 1> <Delay = 0.70> <FuncUnit> <Opcode : 'add' 'sub'> <InPorts = 2> <OutPorts = 1>
ST_2 : Operation 58 [1/1] (0.70ns)   --->   "%icmp_ln151_1 = icmp_ult  i7 %add_ln151_1, i7 3" [/users/arashs/U280_CRC_Accelerator/src/kernel.cpp:151]   --->   Operation 58 'icmp' 'icmp_ln151_1' <Predicate = (!icmp_ln151)> <Delay = 0.70> <CoreInst = "Cmp">   --->   Core 9 'Cmp' <Latency = 0> <II = 1> <Delay = 0.70> <FuncUnit> <Opcode : 'icmp'> <InPorts = 2> <OutPorts = 1>
ST_2 : Operation 59 [1/1] (0.30ns)   --->   "%select_ln151 = select i1 %icmp_ln151_1, i7 %add_ln151_1, i7 0" [/users/arashs/U280_CRC_Accelerator/src/kernel.cpp:151]   --->   Operation 59 'select' 'select_ln151' <Predicate = (!icmp_ln151)> <Delay = 0.30> <CoreInst = "Sel">   --->   Core 73 'Sel' <Latency = 0> <II = 1> <Delay = 0.30> <FuncUnit> <Opcode : 'select'> <InPorts = 3> <OutPorts = 1>
ST_2 : Operation 60 [1/1] (0.00ns)   --->   "%trunc_ln75 = trunc i7 %phi_urem147_load" [/users/arashs/U280_CRC_Accelerator/src/kernel.cpp:75->/users/arashs/U280_CRC_Accelerator/src/kernel.cpp:154]   --->   Operation 60 'trunc' 'trunc_ln75' <Predicate = (!icmp_ln151)> <Delay = 0.00>
ST_2 : Operation 61 [1/2] (0.69ns)   --->   "%SHA256_K_load = load i6 %SHA256_K_addr" [/users/arashs/U280_CRC_Accelerator/src/kernel.cpp:154]   --->   Operation 61 'load' 'SHA256_K_load' <Predicate = (!icmp_ln151)> <Delay = 0.69> <CoreInst = "ROM">   --->   Core 101 'ROM' <Latency = 1> <II = 1> <Delay = 0.69> <Storage> <Opcode : 'load'> <Ports = 0> <Width = 32> <Depth = 64> <ROM>
ST_2 : Operation 62 [1/2] (0.69ns)   --->   "%w_load = load i5 %w_addr" [/users/arashs/U280_CRC_Accelerator/src/kernel.cpp:154]   --->   Operation 62 'load' 'w_load' <Predicate = (!icmp_ln151)> <Delay = 0.69> <CoreInst = "RAM_1WnR">   --->   Core 84 'RAM_1WnR' <Latency = 1> <II = 1> <Delay = 0.69> <Storage> <Opcode : 'load' 'store'> <Ports = 17> <Width = 32> <Depth = 22> <RAM>
ST_2 : Operation 63 [1/2] (0.69ns)   --->   "%w_1_load = load i5 %w_1_addr" [/users/arashs/U280_CRC_Accelerator/src/kernel.cpp:154]   --->   Operation 63 'load' 'w_1_load' <Predicate = (!icmp_ln151)> <Delay = 0.69> <CoreInst = "RAM_1WnR">   --->   Core 84 'RAM_1WnR' <Latency = 1> <II = 1> <Delay = 0.69> <Storage> <Opcode : 'load' 'store'> <Ports = 17> <Width = 32> <Depth = 22> <RAM>
ST_2 : Operation 64 [1/2] (0.69ns)   --->   "%w_2_load = load i5 %w_2_addr" [/users/arashs/U280_CRC_Accelerator/src/kernel.cpp:154]   --->   Operation 64 'load' 'w_2_load' <Predicate = (!icmp_ln151)> <Delay = 0.69> <CoreInst = "RAM_1WnR">   --->   Core 84 'RAM_1WnR' <Latency = 1> <II = 1> <Delay = 0.69> <Storage> <Opcode : 'load' 'store'> <Ports = 17> <Width = 32> <Depth = 22> <RAM>
ST_2 : Operation 65 [1/1] (0.41ns)   --->   "%tmp_8 = mux i32 @_ssdm_op_Mux.ap_auto.3i32.i2, i32 %w_load, i32 %w_1_load, i32 %w_2_load, i2 %trunc_ln75" [/users/arashs/U280_CRC_Accelerator/src/kernel.cpp:154]   --->   Operation 65 'mux' 'tmp_8' <Predicate = (!icmp_ln151)> <Delay = 0.41> <CoreInst = "Multiplexer">   --->   Core 76 'Multiplexer' <Latency = 0> <II = 1> <Delay = 0.41> <FuncUnit> <Opcode : 'mux'> <InPorts = 2> <OutPorts = 1>
ST_2 : Operation 66 [1/1] (0.38ns)   --->   "%store_ln151 = store i7 %select_ln151, i7 %phi_urem147" [/users/arashs/U280_CRC_Accelerator/src/kernel.cpp:151]   --->   Operation 66 'store' 'store_ln151' <Predicate = (!icmp_ln151)> <Delay = 0.38>

State 3 <SV = 2> <Delay = 2.93>
ST_3 : Operation 67 [1/1] (0.00ns)   --->   "%g_3 = load i32 %h_1" [/users/arashs/U280_CRC_Accelerator/src/kernel.cpp:154]   --->   Operation 67 'load' 'g_3' <Predicate = true> <Delay = 0.00>
ST_3 : Operation 68 [1/1] (0.00ns)   --->   "%f_3 = load i32 %g" [/users/arashs/U280_CRC_Accelerator/src/kernel.cpp:154]   --->   Operation 68 'load' 'f_3' <Predicate = true> <Delay = 0.00>
ST_3 : Operation 69 [1/1] (0.00ns)   --->   "%f_2 = load i32 %f" [/users/arashs/U280_CRC_Accelerator/src/kernel.cpp:54->/users/arashs/U280_CRC_Accelerator/src/kernel.cpp:78->/users/arashs/U280_CRC_Accelerator/src/kernel.cpp:154]   --->   Operation 69 'load' 'f_2' <Predicate = true> <Delay = 0.00>
ST_3 : Operation 70 [1/1] (0.00ns)   --->   "%c_3 = load i32 %d_1" [/users/arashs/U280_CRC_Accelerator/src/kernel.cpp:164]   --->   Operation 70 'load' 'c_3' <Predicate = true> <Delay = 0.00>
ST_3 : Operation 71 [1/1] (0.00ns)   --->   "%b_5 = load i32 %c" [/users/arashs/U280_CRC_Accelerator/src/kernel.cpp:164]   --->   Operation 71 'load' 'b_5' <Predicate = true> <Delay = 0.00>
ST_3 : Operation 72 [1/1] (0.00ns)   --->   "%a_2 = load i32 %b" [/users/arashs/U280_CRC_Accelerator/src/kernel.cpp:54->/users/arashs/U280_CRC_Accelerator/src/kernel.cpp:72->/users/arashs/U280_CRC_Accelerator/src/kernel.cpp:155]   --->   Operation 72 'load' 'a_2' <Predicate = true> <Delay = 0.00>
ST_3 : Operation 73 [1/1] (0.00ns)   --->   "%d_load = load i32 %d" [/users/arashs/U280_CRC_Accelerator/src/kernel.cpp:160]   --->   Operation 73 'load' 'd_load' <Predicate = (!icmp_ln151)> <Delay = 0.00>
ST_3 : Operation 74 [1/1] (0.00ns)   --->   "%h_load = load i32 %h" [/users/arashs/U280_CRC_Accelerator/src/kernel.cpp:154]   --->   Operation 74 'load' 'h_load' <Predicate = (!icmp_ln151)> <Delay = 0.00>
ST_3 : Operation 75 [1/1] (0.00ns)   --->   "%specpipeline_ln153 = specpipeline void @_ssdm_op_SpecPipeline, i32 1, i32 0, i32 0, i32 0, void @empty" [/users/arashs/U280_CRC_Accelerator/src/kernel.cpp:153]   --->   Operation 75 'specpipeline' 'specpipeline_ln153' <Predicate = (!icmp_ln151)> <Delay = 0.00>
ST_3 : Operation 76 [1/1] (0.00ns)   --->   "%speclooptripcount_ln75 = speclooptripcount void @_ssdm_op_SpecLoopTripCount, i64 64, i64 64, i64 64" [/users/arashs/U280_CRC_Accelerator/src/kernel.cpp:75->/users/arashs/U280_CRC_Accelerator/src/kernel.cpp:154]   --->   Operation 76 'speclooptripcount' 'speclooptripcount_ln75' <Predicate = (!icmp_ln151)> <Delay = 0.00>
ST_3 : Operation 77 [1/1] (0.00ns)   --->   "%specloopname_ln151 = specloopname void @_ssdm_op_SpecLoopName, void @empty_17" [/users/arashs/U280_CRC_Accelerator/src/kernel.cpp:151]   --->   Operation 77 'specloopname' 'specloopname_ln151' <Predicate = (!icmp_ln151)> <Delay = 0.00>
ST_3 : Operation 78 [1/1] (0.00ns) (grouped into LUT with out node xor_ln154_3)   --->   "%lshr_ln54_4 = partselect i26 @_ssdm_op_PartSelect.i26.i32.i32.i32, i32 %f_2, i32 6, i32 31" [/users/arashs/U280_CRC_Accelerator/src/kernel.cpp:54->/users/arashs/U280_CRC_Accelerator/src/kernel.cpp:78->/users/arashs/U280_CRC_Accelerator/src/kernel.cpp:154]   --->   Operation 78 'partselect' 'lshr_ln54_4' <Predicate = (!icmp_ln151)> <Delay = 0.00>
ST_3 : Operation 79 [1/1] (0.00ns) (grouped into LUT with out node xor_ln154_3)   --->   "%trunc_ln54 = trunc i32 %f_2" [/users/arashs/U280_CRC_Accelerator/src/kernel.cpp:54->/users/arashs/U280_CRC_Accelerator/src/kernel.cpp:78->/users/arashs/U280_CRC_Accelerator/src/kernel.cpp:154]   --->   Operation 79 'trunc' 'trunc_ln54' <Predicate = (!icmp_ln151)> <Delay = 0.00>
ST_3 : Operation 80 [1/1] (0.00ns) (grouped into LUT with out node xor_ln154_3)   --->   "%lshr_ln54_5 = partselect i21 @_ssdm_op_PartSelect.i21.i32.i32.i32, i32 %f_2, i32 11, i32 31" [/users/arashs/U280_CRC_Accelerator/src/kernel.cpp:54->/users/arashs/U280_CRC_Accelerator/src/kernel.cpp:78->/users/arashs/U280_CRC_Accelerator/src/kernel.cpp:154]   --->   Operation 80 'partselect' 'lshr_ln54_5' <Predicate = (!icmp_ln151)> <Delay = 0.00>
ST_3 : Operation 81 [1/1] (0.00ns) (grouped into LUT with out node xor_ln154_3)   --->   "%trunc_ln54_1 = trunc i32 %f_2" [/users/arashs/U280_CRC_Accelerator/src/kernel.cpp:54->/users/arashs/U280_CRC_Accelerator/src/kernel.cpp:78->/users/arashs/U280_CRC_Accelerator/src/kernel.cpp:154]   --->   Operation 81 'trunc' 'trunc_ln54_1' <Predicate = (!icmp_ln151)> <Delay = 0.00>
ST_3 : Operation 82 [1/1] (0.00ns) (grouped into LUT with out node xor_ln154_3)   --->   "%lshr_ln54_6 = partselect i7 @_ssdm_op_PartSelect.i7.i32.i32.i32, i32 %f_2, i32 25, i32 31" [/users/arashs/U280_CRC_Accelerator/src/kernel.cpp:54->/users/arashs/U280_CRC_Accelerator/src/kernel.cpp:78->/users/arashs/U280_CRC_Accelerator/src/kernel.cpp:154]   --->   Operation 82 'partselect' 'lshr_ln54_6' <Predicate = (!icmp_ln151)> <Delay = 0.00>
ST_3 : Operation 83 [1/1] (0.00ns) (grouped into LUT with out node xor_ln154_3)   --->   "%trunc_ln54_2 = trunc i32 %f_2" [/users/arashs/U280_CRC_Accelerator/src/kernel.cpp:54->/users/arashs/U280_CRC_Accelerator/src/kernel.cpp:78->/users/arashs/U280_CRC_Accelerator/src/kernel.cpp:154]   --->   Operation 83 'trunc' 'trunc_ln54_2' <Predicate = (!icmp_ln151)> <Delay = 0.00>
ST_3 : Operation 84 [1/1] (0.00ns) (grouped into LUT with out node xor_ln154_1)   --->   "%xor_ln154 = xor i32 %f_2, i32 4294967295" [/users/arashs/U280_CRC_Accelerator/src/kernel.cpp:154]   --->   Operation 84 'xor' 'xor_ln154' <Predicate = (!icmp_ln151)> <Delay = 0.00> <CoreInst = "LogicGate">   --->   Core 74 'LogicGate' <Latency = 0> <II = 1> <Delay = 0.21> <FuncUnit> <Opcode : 'and' 'or' 'xor'> <InPorts = 2> <OutPorts = 1>
ST_3 : Operation 85 [1/1] (0.00ns) (grouped into LUT with out node xor_ln154_3)   --->   "%or_ln1 = bitconcatenate i32 @_ssdm_op_BitConcatenate.i32.i6.i26, i6 %trunc_ln54, i26 %lshr_ln54_4" [/users/arashs/U280_CRC_Accelerator/src/kernel.cpp:154]   --->   Operation 85 'bitconcatenate' 'or_ln1' <Predicate = (!icmp_ln151)> <Delay = 0.00>
ST_3 : Operation 86 [1/1] (0.00ns) (grouped into LUT with out node xor_ln154_3)   --->   "%or_ln154_1 = bitconcatenate i32 @_ssdm_op_BitConcatenate.i32.i11.i21, i11 %trunc_ln54_1, i21 %lshr_ln54_5" [/users/arashs/U280_CRC_Accelerator/src/kernel.cpp:154]   --->   Operation 86 'bitconcatenate' 'or_ln154_1' <Predicate = (!icmp_ln151)> <Delay = 0.00>
ST_3 : Operation 87 [1/1] (0.00ns) (grouped into LUT with out node xor_ln154_1)   --->   "%and_ln154 = and i32 %f_3, i32 %f_2" [/users/arashs/U280_CRC_Accelerator/src/kernel.cpp:154]   --->   Operation 87 'and' 'and_ln154' <Predicate = (!icmp_ln151)> <Delay = 0.00> <CoreInst = "LogicGate">   --->   Core 74 'LogicGate' <Latency = 0> <II = 1> <Delay = 0.21> <FuncUnit> <Opcode : 'and' 'or' 'xor'> <InPorts = 2> <OutPorts = 1>
ST_3 : Operation 88 [1/1] (0.00ns) (grouped into LUT with out node xor_ln154_1)   --->   "%and_ln154_1 = and i32 %g_3, i32 %xor_ln154" [/users/arashs/U280_CRC_Accelerator/src/kernel.cpp:154]   --->   Operation 88 'and' 'and_ln154_1' <Predicate = (!icmp_ln151)> <Delay = 0.00> <CoreInst = "LogicGate">   --->   Core 74 'LogicGate' <Latency = 0> <II = 1> <Delay = 0.21> <FuncUnit> <Opcode : 'and' 'or' 'xor'> <InPorts = 2> <OutPorts = 1>
ST_3 : Operation 89 [1/1] (0.00ns) (grouped into LUT with out node xor_ln154_3)   --->   "%or_ln154_2 = bitconcatenate i32 @_ssdm_op_BitConcatenate.i32.i25.i7, i25 %trunc_ln54_2, i7 %lshr_ln54_6" [/users/arashs/U280_CRC_Accelerator/src/kernel.cpp:154]   --->   Operation 89 'bitconcatenate' 'or_ln154_2' <Predicate = (!icmp_ln151)> <Delay = 0.00>
ST_3 : Operation 90 [1/1] (0.21ns) (out node of the LUT)   --->   "%xor_ln154_1 = xor i32 %and_ln154_1, i32 %and_ln154" [/users/arashs/U280_CRC_Accelerator/src/kernel.cpp:154]   --->   Operation 90 'xor' 'xor_ln154_1' <Predicate = (!icmp_ln151)> <Delay = 0.21> <CoreInst = "LogicGate">   --->   Core 74 'LogicGate' <Latency = 0> <II = 1> <Delay = 0.21> <FuncUnit> <Opcode : 'and' 'or' 'xor'> <InPorts = 2> <OutPorts = 1>
ST_3 : Operation 91 [1/1] (0.00ns) (grouped into LUT with out node xor_ln154_3)   --->   "%xor_ln154_2 = xor i32 %or_ln1, i32 %or_ln154_1" [/users/arashs/U280_CRC_Accelerator/src/kernel.cpp:154]   --->   Operation 91 'xor' 'xor_ln154_2' <Predicate = (!icmp_ln151)> <Delay = 0.00> <CoreInst = "LogicGate">   --->   Core 74 'LogicGate' <Latency = 0> <II = 1> <Delay = 0.21> <FuncUnit> <Opcode : 'and' 'or' 'xor'> <InPorts = 2> <OutPorts = 1>
ST_3 : Operation 92 [1/1] (0.21ns) (out node of the LUT)   --->   "%xor_ln154_3 = xor i32 %xor_ln154_2, i32 %or_ln154_2" [/users/arashs/U280_CRC_Accelerator/src/kernel.cpp:154]   --->   Operation 92 'xor' 'xor_ln154_3' <Predicate = (!icmp_ln151)> <Delay = 0.21> <CoreInst = "LogicGate">   --->   Core 74 'LogicGate' <Latency = 0> <II = 1> <Delay = 0.21> <FuncUnit> <Opcode : 'and' 'or' 'xor'> <InPorts = 2> <OutPorts = 1>
ST_3 : Operation 93 [1/1] (0.00ns) (grouped into TernaryAdder)   --->   "%add_ln154 = add i32 %SHA256_K_load, i32 %h_load" [/users/arashs/U280_CRC_Accelerator/src/kernel.cpp:154]   --->   Operation 93 'add' 'add_ln154' <Predicate = (!icmp_ln151)> <Delay = 0.00> <CoreInst = "TAddSub">   --->   Core 10 'TAddSub' <Latency = 0> <II = 1> <Delay = 0.36> <IPBlock> <Opcode : '<invalid operator> ' 'add' 'sub'> <InPorts = 3> <OutPorts = 1> <Sync> <CReg>
ST_3 : Operation 94 [1/1] (0.00ns) (grouped into TernaryAdder)   --->   "%add_ln154_1 = add i32 %tmp_8, i32 %xor_ln154_3" [/users/arashs/U280_CRC_Accelerator/src/kernel.cpp:154]   --->   Operation 94 'add' 'add_ln154_1' <Predicate = (!icmp_ln151)> <Delay = 0.00> <CoreInst = "TAddSub">   --->   Core 10 'TAddSub' <Latency = 0> <II = 1> <Delay = 0.36> <IPBlock> <Opcode : '<invalid operator> ' 'add' 'sub'> <InPorts = 3> <OutPorts = 1> <Sync> <CReg>
ST_3 : Operation 95 [1/1] (0.73ns) (root node of TernaryAdder)   --->   "%add_ln154_2 = add i32 %add_ln154_1, i32 %xor_ln154_1" [/users/arashs/U280_CRC_Accelerator/src/kernel.cpp:154]   --->   Operation 95 'add' 'add_ln154_2' <Predicate = (!icmp_ln151)> <Delay = 0.73> <CoreInst = "TAddSub">   --->   Core 10 'TAddSub' <Latency = 0> <II = 1> <Delay = 0.36> <IPBlock> <Opcode : '<invalid operator> ' 'add' 'sub'> <InPorts = 3> <OutPorts = 1> <Sync> <CReg>
ST_3 : Operation 96 [1/1] (0.73ns) (root node of TernaryAdder)   --->   "%t1 = add i32 %add_ln154_2, i32 %add_ln154" [/users/arashs/U280_CRC_Accelerator/src/kernel.cpp:154]   --->   Operation 96 'add' 't1' <Predicate = (!icmp_ln151)> <Delay = 0.73> <CoreInst = "TAddSub">   --->   Core 10 'TAddSub' <Latency = 0> <II = 1> <Delay = 0.36> <IPBlock> <Opcode : '<invalid operator> ' 'add' 'sub'> <InPorts = 3> <OutPorts = 1> <Sync> <CReg>
ST_3 : Operation 97 [1/1] (0.00ns) (grouped into LUT with out node xor_ln164_3)   --->   "%lshr_ln54_7 = partselect i30 @_ssdm_op_PartSelect.i30.i32.i32.i32, i32 %a_2, i32 2, i32 31" [/users/arashs/U280_CRC_Accelerator/src/kernel.cpp:54->/users/arashs/U280_CRC_Accelerator/src/kernel.cpp:72->/users/arashs/U280_CRC_Accelerator/src/kernel.cpp:155]   --->   Operation 97 'partselect' 'lshr_ln54_7' <Predicate = (!icmp_ln151)> <Delay = 0.00>
ST_3 : Operation 98 [1/1] (0.00ns) (grouped into LUT with out node xor_ln164_3)   --->   "%trunc_ln54_3 = trunc i32 %a_2" [/users/arashs/U280_CRC_Accelerator/src/kernel.cpp:54->/users/arashs/U280_CRC_Accelerator/src/kernel.cpp:72->/users/arashs/U280_CRC_Accelerator/src/kernel.cpp:155]   --->   Operation 98 'trunc' 'trunc_ln54_3' <Predicate = (!icmp_ln151)> <Delay = 0.00>
ST_3 : Operation 99 [1/1] (0.00ns) (grouped into LUT with out node xor_ln164_3)   --->   "%lshr_ln54_8 = partselect i19 @_ssdm_op_PartSelect.i19.i32.i32.i32, i32 %a_2, i32 13, i32 31" [/users/arashs/U280_CRC_Accelerator/src/kernel.cpp:54->/users/arashs/U280_CRC_Accelerator/src/kernel.cpp:72->/users/arashs/U280_CRC_Accelerator/src/kernel.cpp:155]   --->   Operation 99 'partselect' 'lshr_ln54_8' <Predicate = (!icmp_ln151)> <Delay = 0.00>
ST_3 : Operation 100 [1/1] (0.00ns) (grouped into LUT with out node xor_ln164_3)   --->   "%trunc_ln54_4 = trunc i32 %a_2" [/users/arashs/U280_CRC_Accelerator/src/kernel.cpp:54->/users/arashs/U280_CRC_Accelerator/src/kernel.cpp:72->/users/arashs/U280_CRC_Accelerator/src/kernel.cpp:155]   --->   Operation 100 'trunc' 'trunc_ln54_4' <Predicate = (!icmp_ln151)> <Delay = 0.00>
ST_3 : Operation 101 [1/1] (0.00ns) (grouped into LUT with out node xor_ln164_3)   --->   "%lshr_ln54_9 = partselect i10 @_ssdm_op_PartSelect.i10.i32.i32.i32, i32 %a_2, i32 22, i32 31" [/users/arashs/U280_CRC_Accelerator/src/kernel.cpp:54->/users/arashs/U280_CRC_Accelerator/src/kernel.cpp:72->/users/arashs/U280_CRC_Accelerator/src/kernel.cpp:155]   --->   Operation 101 'partselect' 'lshr_ln54_9' <Predicate = (!icmp_ln151)> <Delay = 0.00>
ST_3 : Operation 102 [1/1] (0.00ns) (grouped into LUT with out node xor_ln164_3)   --->   "%trunc_ln54_5 = trunc i32 %a_2" [/users/arashs/U280_CRC_Accelerator/src/kernel.cpp:54->/users/arashs/U280_CRC_Accelerator/src/kernel.cpp:72->/users/arashs/U280_CRC_Accelerator/src/kernel.cpp:155]   --->   Operation 102 'trunc' 'trunc_ln54_5' <Predicate = (!icmp_ln151)> <Delay = 0.00>
ST_3 : Operation 103 [1/1] (0.88ns)   --->   "%e_1 = add i32 %t1, i32 %d_load" [/users/arashs/U280_CRC_Accelerator/src/kernel.cpp:160]   --->   Operation 103 'add' 'e_1' <Predicate = (!icmp_ln151)> <Delay = 0.88> <CoreInst = "Adder">   --->   Core 1 'Adder' <Latency = 0> <II = 1> <Delay = 0.88> <FuncUnit> <Opcode : 'add' 'sub'> <InPorts = 2> <OutPorts = 1>
ST_3 : Operation 104 [1/1] (0.00ns) (grouped into LUT with out node xor_ln164_1)   --->   "%xor_ln164 = xor i32 %c_3, i32 %b_5" [/users/arashs/U280_CRC_Accelerator/src/kernel.cpp:164]   --->   Operation 104 'xor' 'xor_ln164' <Predicate = (!icmp_ln151)> <Delay = 0.00> <CoreInst = "LogicGate">   --->   Core 74 'LogicGate' <Latency = 0> <II = 1> <Delay = 0.21> <FuncUnit> <Opcode : 'and' 'or' 'xor'> <InPorts = 2> <OutPorts = 1>
ST_3 : Operation 105 [1/1] (0.00ns) (grouped into LUT with out node xor_ln164_1)   --->   "%and_ln164 = and i32 %xor_ln164, i32 %a_2" [/users/arashs/U280_CRC_Accelerator/src/kernel.cpp:164]   --->   Operation 105 'and' 'and_ln164' <Predicate = (!icmp_ln151)> <Delay = 0.00> <CoreInst = "LogicGate">   --->   Core 74 'LogicGate' <Latency = 0> <II = 1> <Delay = 0.21> <FuncUnit> <Opcode : 'and' 'or' 'xor'> <InPorts = 2> <OutPorts = 1>
ST_3 : Operation 106 [1/1] (0.00ns) (grouped into LUT with out node xor_ln164_1)   --->   "%and_ln164_1 = and i32 %c_3, i32 %b_5" [/users/arashs/U280_CRC_Accelerator/src/kernel.cpp:164]   --->   Operation 106 'and' 'and_ln164_1' <Predicate = (!icmp_ln151)> <Delay = 0.00> <CoreInst = "LogicGate">   --->   Core 74 'LogicGate' <Latency = 0> <II = 1> <Delay = 0.21> <FuncUnit> <Opcode : 'and' 'or' 'xor'> <InPorts = 2> <OutPorts = 1>
ST_3 : Operation 107 [1/1] (0.00ns) (grouped into LUT with out node xor_ln164_3)   --->   "%or_ln2 = bitconcatenate i32 @_ssdm_op_BitConcatenate.i32.i2.i30, i2 %trunc_ln54_3, i30 %lshr_ln54_7" [/users/arashs/U280_CRC_Accelerator/src/kernel.cpp:164]   --->   Operation 107 'bitconcatenate' 'or_ln2' <Predicate = (!icmp_ln151)> <Delay = 0.00>
ST_3 : Operation 108 [1/1] (0.00ns) (grouped into LUT with out node xor_ln164_3)   --->   "%or_ln164_1 = bitconcatenate i32 @_ssdm_op_BitConcatenate.i32.i13.i19, i13 %trunc_ln54_4, i19 %lshr_ln54_8" [/users/arashs/U280_CRC_Accelerator/src/kernel.cpp:164]   --->   Operation 108 'bitconcatenate' 'or_ln164_1' <Predicate = (!icmp_ln151)> <Delay = 0.00>
ST_3 : Operation 109 [1/1] (0.21ns) (out node of the LUT)   --->   "%xor_ln164_1 = xor i32 %and_ln164, i32 %and_ln164_1" [/users/arashs/U280_CRC_Accelerator/src/kernel.cpp:164]   --->   Operation 109 'xor' 'xor_ln164_1' <Predicate = (!icmp_ln151)> <Delay = 0.21> <CoreInst = "LogicGate">   --->   Core 74 'LogicGate' <Latency = 0> <II = 1> <Delay = 0.21> <FuncUnit> <Opcode : 'and' 'or' 'xor'> <InPorts = 2> <OutPorts = 1>
ST_3 : Operation 110 [1/1] (0.00ns) (grouped into LUT with out node xor_ln164_3)   --->   "%or_ln164_2 = bitconcatenate i32 @_ssdm_op_BitConcatenate.i32.i22.i10, i22 %trunc_ln54_5, i10 %lshr_ln54_9" [/users/arashs/U280_CRC_Accelerator/src/kernel.cpp:164]   --->   Operation 110 'bitconcatenate' 'or_ln164_2' <Predicate = (!icmp_ln151)> <Delay = 0.00>
ST_3 : Operation 111 [1/1] (0.00ns) (grouped into LUT with out node xor_ln164_3)   --->   "%xor_ln164_2 = xor i32 %or_ln2, i32 %or_ln164_1" [/users/arashs/U280_CRC_Accelerator/src/kernel.cpp:164]   --->   Operation 111 'xor' 'xor_ln164_2' <Predicate = (!icmp_ln151)> <Delay = 0.00> <CoreInst = "LogicGate">   --->   Core 74 'LogicGate' <Latency = 0> <II = 1> <Delay = 0.21> <FuncUnit> <Opcode : 'and' 'or' 'xor'> <InPorts = 2> <OutPorts = 1>
ST_3 : Operation 112 [1/1] (0.21ns) (out node of the LUT)   --->   "%xor_ln164_3 = xor i32 %xor_ln164_2, i32 %or_ln164_2" [/users/arashs/U280_CRC_Accelerator/src/kernel.cpp:164]   --->   Operation 112 'xor' 'xor_ln164_3' <Predicate = (!icmp_ln151)> <Delay = 0.21> <CoreInst = "LogicGate">   --->   Core 74 'LogicGate' <Latency = 0> <II = 1> <Delay = 0.21> <FuncUnit> <Opcode : 'and' 'or' 'xor'> <InPorts = 2> <OutPorts = 1>
ST_3 : Operation 113 [1/1] (0.00ns) (grouped into TernaryAdder)   --->   "%add_ln164 = add i32 %t1, i32 %xor_ln164_3" [/users/arashs/U280_CRC_Accelerator/src/kernel.cpp:164]   --->   Operation 113 'add' 'add_ln164' <Predicate = (!icmp_ln151)> <Delay = 0.00> <CoreInst = "TAddSub">   --->   Core 10 'TAddSub' <Latency = 0> <II = 1> <Delay = 0.36> <IPBlock> <Opcode : '<invalid operator> ' 'add' 'sub'> <InPorts = 3> <OutPorts = 1> <Sync> <CReg>
ST_3 : Operation 114 [1/1] (0.73ns) (root node of TernaryAdder)   --->   "%a = add i32 %add_ln164, i32 %xor_ln164_1" [/users/arashs/U280_CRC_Accelerator/src/kernel.cpp:164]   --->   Operation 114 'add' 'a' <Predicate = (!icmp_ln151)> <Delay = 0.73> <CoreInst = "TAddSub">   --->   Core 10 'TAddSub' <Latency = 0> <II = 1> <Delay = 0.36> <IPBlock> <Opcode : '<invalid operator> ' 'add' 'sub'> <InPorts = 3> <OutPorts = 1> <Sync> <CReg>
ST_3 : Operation 115 [1/1] (0.38ns)   --->   "%store_ln151 = store i32 %a, i32 %b" [/users/arashs/U280_CRC_Accelerator/src/kernel.cpp:151]   --->   Operation 115 'store' 'store_ln151' <Predicate = (!icmp_ln151)> <Delay = 0.38>
ST_3 : Operation 116 [1/1] (0.38ns)   --->   "%store_ln151 = store i32 %a_2, i32 %c" [/users/arashs/U280_CRC_Accelerator/src/kernel.cpp:151]   --->   Operation 116 'store' 'store_ln151' <Predicate = (!icmp_ln151)> <Delay = 0.38>
ST_3 : Operation 117 [1/1] (0.38ns)   --->   "%store_ln151 = store i32 %b_5, i32 %d_1" [/users/arashs/U280_CRC_Accelerator/src/kernel.cpp:151]   --->   Operation 117 'store' 'store_ln151' <Predicate = (!icmp_ln151)> <Delay = 0.38>
ST_3 : Operation 118 [1/1] (0.38ns)   --->   "%store_ln151 = store i32 %e_1, i32 %f" [/users/arashs/U280_CRC_Accelerator/src/kernel.cpp:151]   --->   Operation 118 'store' 'store_ln151' <Predicate = (!icmp_ln151)> <Delay = 0.38>
ST_3 : Operation 119 [1/1] (0.38ns)   --->   "%store_ln151 = store i32 %f_2, i32 %g" [/users/arashs/U280_CRC_Accelerator/src/kernel.cpp:151]   --->   Operation 119 'store' 'store_ln151' <Predicate = (!icmp_ln151)> <Delay = 0.38>
ST_3 : Operation 120 [1/1] (0.38ns)   --->   "%store_ln151 = store i32 %f_3, i32 %h_1" [/users/arashs/U280_CRC_Accelerator/src/kernel.cpp:151]   --->   Operation 120 'store' 'store_ln151' <Predicate = (!icmp_ln151)> <Delay = 0.38>
ST_3 : Operation 121 [1/1] (0.38ns)   --->   "%store_ln151 = store i32 %g_3, i32 %h" [/users/arashs/U280_CRC_Accelerator/src/kernel.cpp:151]   --->   Operation 121 'store' 'store_ln151' <Predicate = (!icmp_ln151)> <Delay = 0.38>
ST_3 : Operation 122 [1/1] (0.38ns)   --->   "%store_ln151 = store i32 %c_3, i32 %d" [/users/arashs/U280_CRC_Accelerator/src/kernel.cpp:151]   --->   Operation 122 'store' 'store_ln151' <Predicate = (!icmp_ln151)> <Delay = 0.38>
ST_3 : Operation 123 [1/1] (0.00ns)   --->   "%br_ln151 = br void %for.inc56" [/users/arashs/U280_CRC_Accelerator/src/kernel.cpp:151]   --->   Operation 123 'br' 'br_ln151' <Predicate = (!icmp_ln151)> <Delay = 0.00>
ST_3 : Operation 124 [1/1] (0.00ns)   --->   "%d_load_1 = load i32 %d"   --->   Operation 124 'load' 'd_load_1' <Predicate = (icmp_ln151)> <Delay = 0.00>
ST_3 : Operation 125 [1/1] (0.00ns)   --->   "%h_load_1 = load i32 %h"   --->   Operation 125 'load' 'h_load_1' <Predicate = (icmp_ln151)> <Delay = 0.00>
ST_3 : Operation 126 [1/1] (0.00ns)   --->   "%write_ln0 = write void @_ssdm_op_Write.ap_auto.i32P0A, i32 %h_out, i32 %h_load_1"   --->   Operation 126 'write' 'write_ln0' <Predicate = (icmp_ln151)> <Delay = 0.00>
ST_3 : Operation 127 [1/1] (0.00ns)   --->   "%write_ln54 = write void @_ssdm_op_Write.ap_auto.i32P0A, i32 %a_2_out, i32 %a_2" [/users/arashs/U280_CRC_Accelerator/src/kernel.cpp:54->/users/arashs/U280_CRC_Accelerator/src/kernel.cpp:72->/users/arashs/U280_CRC_Accelerator/src/kernel.cpp:155]   --->   Operation 127 'write' 'write_ln54' <Predicate = (icmp_ln151)> <Delay = 0.00>
ST_3 : Operation 128 [1/1] (0.00ns)   --->   "%write_ln164 = write void @_ssdm_op_Write.ap_auto.i32P0A, i32 %b_out, i32 %b_5" [/users/arashs/U280_CRC_Accelerator/src/kernel.cpp:164]   --->   Operation 128 'write' 'write_ln164' <Predicate = (icmp_ln151)> <Delay = 0.00>
ST_3 : Operation 129 [1/1] (0.00ns)   --->   "%write_ln164 = write void @_ssdm_op_Write.ap_auto.i32P0A, i32 %c_out, i32 %c_3" [/users/arashs/U280_CRC_Accelerator/src/kernel.cpp:164]   --->   Operation 129 'write' 'write_ln164' <Predicate = (icmp_ln151)> <Delay = 0.00>
ST_3 : Operation 130 [1/1] (0.00ns)   --->   "%write_ln0 = write void @_ssdm_op_Write.ap_auto.i32P0A, i32 %d_out, i32 %d_load_1"   --->   Operation 130 'write' 'write_ln0' <Predicate = (icmp_ln151)> <Delay = 0.00>
ST_3 : Operation 131 [1/1] (0.00ns)   --->   "%write_ln54 = write void @_ssdm_op_Write.ap_auto.i32P0A, i32 %f_1_out, i32 %f_2" [/users/arashs/U280_CRC_Accelerator/src/kernel.cpp:54->/users/arashs/U280_CRC_Accelerator/src/kernel.cpp:78->/users/arashs/U280_CRC_Accelerator/src/kernel.cpp:154]   --->   Operation 131 'write' 'write_ln54' <Predicate = (icmp_ln151)> <Delay = 0.00>
ST_3 : Operation 132 [1/1] (0.00ns)   --->   "%write_ln154 = write void @_ssdm_op_Write.ap_auto.i32P0A, i32 %f_out, i32 %f_3" [/users/arashs/U280_CRC_Accelerator/src/kernel.cpp:154]   --->   Operation 132 'write' 'write_ln154' <Predicate = (icmp_ln151)> <Delay = 0.00>
ST_3 : Operation 133 [1/1] (0.00ns)   --->   "%write_ln154 = write void @_ssdm_op_Write.ap_auto.i32P0A, i32 %g_1_out, i32 %g_3" [/users/arashs/U280_CRC_Accelerator/src/kernel.cpp:154]   --->   Operation 133 'write' 'write_ln154' <Predicate = (icmp_ln151)> <Delay = 0.00>
ST_3 : Operation 134 [1/1] (0.00ns)   --->   "%ret_ln0 = ret"   --->   Operation 134 'ret' 'ret_ln0' <Predicate = (icmp_ln151)> <Delay = 0.00>


============================================================
+ Verbose Summary: Binding
============================================================
STG Binding: 
---------------- STG Properties BEGIN ----------------
- Is combinational: 0
- Is one-state seq: 0
- Is datapath-only: 0
- Is pipelined: 0
- Is top level: 0
Port [ Return ] is wired: 1; IO mode=ap_ctrl_hs:ce=0
Port [ state_7_read]:  wired=1; compound=0; hidden=0; nouse=0; global=0; static=0; extern=0; dir=0; type=0; pingpong=0; private_global=0; IO mode=ap_none:ce=0
Port [ state_0_read]:  wired=1; compound=0; hidden=0; nouse=0; global=0; static=0; extern=0; dir=0; type=0; pingpong=0; private_global=0; IO mode=ap_none:ce=0
Port [ state_1_read]:  wired=1; compound=0; hidden=0; nouse=0; global=0; static=0; extern=0; dir=0; type=0; pingpong=0; private_global=0; IO mode=ap_none:ce=0
Port [ state_2_read]:  wired=1; compound=0; hidden=0; nouse=0; global=0; static=0; extern=0; dir=0; type=0; pingpong=0; private_global=0; IO mode=ap_none:ce=0
Port [ state_3_read]:  wired=1; compound=0; hidden=0; nouse=0; global=0; static=0; extern=0; dir=0; type=0; pingpong=0; private_global=0; IO mode=ap_none:ce=0
Port [ state_4_read]:  wired=1; compound=0; hidden=0; nouse=0; global=0; static=0; extern=0; dir=0; type=0; pingpong=0; private_global=0; IO mode=ap_none:ce=0
Port [ state_5_read]:  wired=1; compound=0; hidden=0; nouse=0; global=0; static=0; extern=0; dir=0; type=0; pingpong=0; private_global=0; IO mode=ap_none:ce=0
Port [ state_6_read]:  wired=1; compound=0; hidden=0; nouse=0; global=0; static=0; extern=0; dir=0; type=0; pingpong=0; private_global=0; IO mode=ap_none:ce=0
Port [ w]:  wired=1; compound=1; hidden=0; nouse=0; global=0; static=0; extern=0; dir=0; type=1; pingpong=0; private_global=0; MemPort=[13333333333333333]; IO mode=ap_memory:ce=0
Port [ w_1]:  wired=1; compound=1; hidden=0; nouse=0; global=0; static=0; extern=0; dir=0; type=1; pingpong=0; private_global=0; MemPort=[13333333333333333]; IO mode=ap_memory:ce=0
Port [ w_2]:  wired=1; compound=1; hidden=0; nouse=0; global=0; static=0; extern=0; dir=0; type=1; pingpong=0; private_global=0; MemPort=[13333333333333333]; IO mode=ap_memory:ce=0
Port [ h_out]:  wired=1; compound=0; hidden=0; nouse=0; global=0; static=0; extern=0; dir=1; type=0; pingpong=0; private_global=0; IO mode=ap_vld:ce=0
Port [ a_2_out]:  wired=1; compound=0; hidden=0; nouse=0; global=0; static=0; extern=0; dir=1; type=0; pingpong=0; private_global=0; IO mode=ap_vld:ce=0
Port [ b_out]:  wired=1; compound=0; hidden=0; nouse=0; global=0; static=0; extern=0; dir=1; type=0; pingpong=0; private_global=0; IO mode=ap_vld:ce=0
Port [ c_out]:  wired=1; compound=0; hidden=0; nouse=0; global=0; static=0; extern=0; dir=1; type=0; pingpong=0; private_global=0; IO mode=ap_vld:ce=0
Port [ d_out]:  wired=1; compound=0; hidden=0; nouse=0; global=0; static=0; extern=0; dir=1; type=0; pingpong=0; private_global=0; IO mode=ap_vld:ce=0
Port [ f_1_out]:  wired=1; compound=0; hidden=0; nouse=0; global=0; static=0; extern=0; dir=1; type=0; pingpong=0; private_global=0; IO mode=ap_vld:ce=0
Port [ f_out]:  wired=1; compound=0; hidden=0; nouse=0; global=0; static=0; extern=0; dir=1; type=0; pingpong=0; private_global=0; IO mode=ap_vld:ce=0
Port [ g_1_out]:  wired=1; compound=0; hidden=0; nouse=0; global=0; static=0; extern=0; dir=1; type=0; pingpong=0; private_global=0; IO mode=ap_vld:ce=0
Port [ SHA256_K]:  wired=0; compound=1; hidden=1; nouse=0; global=1; static=1; extern=0; dir=0; type=1; pingpong=0; private_global=1; MemPort=[1]; IO mode=ap_memory:ce=0
---------------- STG Properties END ------------------

---------------- Datapath Model BEGIN ----------------

<LifeTime>
<method=bitvector/>
phi_urem147            (alloca           ) [ 0110]
phi_mul145             (alloca           ) [ 0100]
d                      (alloca           ) [ 0111]
h                      (alloca           ) [ 0111]
i                      (alloca           ) [ 0100]
h_1                    (alloca           ) [ 0111]
g                      (alloca           ) [ 0111]
f                      (alloca           ) [ 0111]
d_1                    (alloca           ) [ 0111]
c                      (alloca           ) [ 0111]
b                      (alloca           ) [ 0111]
state_6_read_1         (read             ) [ 0000]
state_5_read_1         (read             ) [ 0000]
state_4_read_1         (read             ) [ 0000]
state_3_read_1         (read             ) [ 0000]
state_2_read_1         (read             ) [ 0000]
state_1_read_1         (read             ) [ 0000]
state_0_read_1         (read             ) [ 0000]
state_7_read_1         (read             ) [ 0000]
store_ln0              (store            ) [ 0000]
store_ln0              (store            ) [ 0000]
store_ln0              (store            ) [ 0000]
store_ln0              (store            ) [ 0000]
store_ln0              (store            ) [ 0000]
store_ln0              (store            ) [ 0000]
store_ln0              (store            ) [ 0000]
store_ln0              (store            ) [ 0000]
store_ln0              (store            ) [ 0000]
store_ln0              (store            ) [ 0000]
store_ln0              (store            ) [ 0000]
br_ln0                 (br               ) [ 0000]
i_5                    (load             ) [ 0000]
icmp_ln151             (icmp             ) [ 0111]
add_ln151              (add              ) [ 0000]
br_ln151               (br               ) [ 0000]
phi_mul145_load        (load             ) [ 0000]
zext_ln151             (zext             ) [ 0000]
add_ln75               (add              ) [ 0000]
tmp                    (partselect       ) [ 0000]
zext_ln75              (zext             ) [ 0000]
SHA256_K_addr          (getelementptr    ) [ 0110]
w_addr                 (getelementptr    ) [ 0110]
w_1_addr               (getelementptr    ) [ 0110]
w_2_addr               (getelementptr    ) [ 0110]
store_ln151            (store            ) [ 0000]
store_ln151            (store            ) [ 0000]
phi_urem147_load       (load             ) [ 0000]
add_ln151_1            (add              ) [ 0000]
icmp_ln151_1           (icmp             ) [ 0000]
select_ln151           (select           ) [ 0000]
trunc_ln75             (trunc            ) [ 0000]
SHA256_K_load          (load             ) [ 0101]
w_load                 (load             ) [ 0000]
w_1_load               (load             ) [ 0000]
w_2_load               (load             ) [ 0000]
tmp_8                  (mux              ) [ 0101]
store_ln151            (store            ) [ 0000]
g_3                    (load             ) [ 0000]
f_3                    (load             ) [ 0000]
f_2                    (load             ) [ 0000]
c_3                    (load             ) [ 0000]
b_5                    (load             ) [ 0000]
a_2                    (load             ) [ 0000]
d_load                 (load             ) [ 0000]
h_load                 (load             ) [ 0000]
specpipeline_ln153     (specpipeline     ) [ 0000]
speclooptripcount_ln75 (speclooptripcount) [ 0000]
specloopname_ln151     (specloopname     ) [ 0000]
lshr_ln54_4            (partselect       ) [ 0000]
trunc_ln54             (trunc            ) [ 0000]
lshr_ln54_5            (partselect       ) [ 0000]
trunc_ln54_1           (trunc            ) [ 0000]
lshr_ln54_6            (partselect       ) [ 0000]
trunc_ln54_2           (trunc            ) [ 0000]
xor_ln154              (xor              ) [ 0000]
or_ln1                 (bitconcatenate   ) [ 0000]
or_ln154_1             (bitconcatenate   ) [ 0000]
and_ln154              (and              ) [ 0000]
and_ln154_1            (and              ) [ 0000]
or_ln154_2             (bitconcatenate   ) [ 0000]
xor_ln154_1            (xor              ) [ 0000]
xor_ln154_2            (xor              ) [ 0000]
xor_ln154_3            (xor              ) [ 0000]
add_ln154              (add              ) [ 0000]
add_ln154_1            (add              ) [ 0000]
add_ln154_2            (add              ) [ 0000]
t1                     (add              ) [ 0000]
lshr_ln54_7            (partselect       ) [ 0000]
trunc_ln54_3           (trunc            ) [ 0000]
lshr_ln54_8            (partselect       ) [ 0000]
trunc_ln54_4           (trunc            ) [ 0000]
lshr_ln54_9            (partselect       ) [ 0000]
trunc_ln54_5           (trunc            ) [ 0000]
e_1                    (add              ) [ 0000]
xor_ln164              (xor              ) [ 0000]
and_ln164              (and              ) [ 0000]
and_ln164_1            (and              ) [ 0000]
or_ln2                 (bitconcatenate   ) [ 0000]
or_ln164_1             (bitconcatenate   ) [ 0000]
xor_ln164_1            (xor              ) [ 0000]
or_ln164_2             (bitconcatenate   ) [ 0000]
xor_ln164_2            (xor              ) [ 0000]
xor_ln164_3            (xor              ) [ 0000]
add_ln164              (add              ) [ 0000]
a                      (add              ) [ 0000]
store_ln151            (store            ) [ 0000]
store_ln151            (store            ) [ 0000]
store_ln151            (store            ) [ 0000]
store_ln151            (store            ) [ 0000]
store_ln151            (store            ) [ 0000]
store_ln151            (store            ) [ 0000]
store_ln151            (store            ) [ 0000]
store_ln151            (store            ) [ 0000]
br_ln151               (br               ) [ 0000]
d_load_1               (load             ) [ 0000]
h_load_1               (load             ) [ 0000]
write_ln0              (write            ) [ 0000]
write_ln54             (write            ) [ 0000]
write_ln164            (write            ) [ 0000]
write_ln164            (write            ) [ 0000]
write_ln0              (write            ) [ 0000]
write_ln54             (write            ) [ 0000]
write_ln154            (write            ) [ 0000]
write_ln154            (write            ) [ 0000]
ret_ln0                (ret              ) [ 0000]
</LifeTime>

<model>

<comp_list>
<comp id="0" class="1000" name="state_7_read">
<pin_list>
<pin id="1" dir="1" index="0" bw="1" slack="0"/>
</pin_list>
<bind>
<StgValue><ssdm name="state_7_read"/></StgValue>
</bind>
</comp>

<comp id="2" class="1000" name="state_0_read">
<pin_list>
<pin id="3" dir="1" index="0" bw="1" slack="0"/>
</pin_list>
<bind>
<StgValue><ssdm name="state_0_read"/></StgValue>
</bind>
</comp>

<comp id="4" class="1000" name="state_1_read">
<pin_list>
<pin id="5" dir="1" index="0" bw="1" slack="0"/>
</pin_list>
<bind>
<StgValue><ssdm name="state_1_read"/></StgValue>
</bind>
</comp>

<comp id="6" class="1000" name="state_2_read">
<pin_list>
<pin id="7" dir="1" index="0" bw="1" slack="0"/>
</pin_list>
<bind>
<StgValue><ssdm name="state_2_read"/></StgValue>
</bind>
</comp>

<comp id="8" class="1000" name="state_3_read">
<pin_list>
<pin id="9" dir="1" index="0" bw="1" slack="0"/>
</pin_list>
<bind>
<StgValue><ssdm name="state_3_read"/></StgValue>
</bind>
</comp>

<comp id="10" class="1000" name="state_4_read">
<pin_list>
<pin id="11" dir="1" index="0" bw="1" slack="0"/>
</pin_list>
<bind>
<StgValue><ssdm name="state_4_read"/></StgValue>
</bind>
</comp>

<comp id="12" class="1000" name="state_5_read">
<pin_list>
<pin id="13" dir="1" index="0" bw="1" slack="0"/>
</pin_list>
<bind>
<StgValue><ssdm name="state_5_read"/></StgValue>
</bind>
</comp>

<comp id="14" class="1000" name="state_6_read">
<pin_list>
<pin id="15" dir="1" index="0" bw="1" slack="0"/>
</pin_list>
<bind>
<StgValue><ssdm name="state_6_read"/></StgValue>
</bind>
</comp>

<comp id="16" class="1000" name="w">
<pin_list>
<pin id="17" dir="1" index="0" bw="1" slack="0"/>
</pin_list>
<bind>
<StgValue><ssdm name="w"/><MemPortTyVec>1 3 3 3 3 3 3 3 3 3 3 3 3 3 3 3 3 </MemPortTyVec>
</StgValue>
</bind>
</comp>

<comp id="18" class="1000" name="w_1">
<pin_list>
<pin id="19" dir="1" index="0" bw="1" slack="0"/>
</pin_list>
<bind>
<StgValue><ssdm name="w_1"/><MemPortTyVec>1 3 3 3 3 3 3 3 3 3 3 3 3 3 3 3 3 </MemPortTyVec>
</StgValue>
</bind>
</comp>

<comp id="20" class="1000" name="w_2">
<pin_list>
<pin id="21" dir="1" index="0" bw="1" slack="0"/>
</pin_list>
<bind>
<StgValue><ssdm name="w_2"/><MemPortTyVec>1 3 3 3 3 3 3 3 3 3 3 3 3 3 3 3 3 </MemPortTyVec>
</StgValue>
</bind>
</comp>

<comp id="22" class="1000" name="h_out">
<pin_list>
<pin id="23" dir="1" index="0" bw="1" slack="0"/>
</pin_list>
<bind>
<StgValue><ssdm name="h_out"/></StgValue>
</bind>
</comp>

<comp id="24" class="1000" name="a_2_out">
<pin_list>
<pin id="25" dir="1" index="0" bw="1" slack="0"/>
</pin_list>
<bind>
<StgValue><ssdm name="a_2_out"/></StgValue>
</bind>
</comp>

<comp id="26" class="1000" name="b_out">
<pin_list>
<pin id="27" dir="1" index="0" bw="1" slack="0"/>
</pin_list>
<bind>
<StgValue><ssdm name="b_out"/></StgValue>
</bind>
</comp>

<comp id="28" class="1000" name="c_out">
<pin_list>
<pin id="29" dir="1" index="0" bw="1" slack="0"/>
</pin_list>
<bind>
<StgValue><ssdm name="c_out"/></StgValue>
</bind>
</comp>

<comp id="30" class="1000" name="d_out">
<pin_list>
<pin id="31" dir="1" index="0" bw="1" slack="0"/>
</pin_list>
<bind>
<StgValue><ssdm name="d_out"/></StgValue>
</bind>
</comp>

<comp id="32" class="1000" name="f_1_out">
<pin_list>
<pin id="33" dir="1" index="0" bw="1" slack="0"/>
</pin_list>
<bind>
<StgValue><ssdm name="f_1_out"/></StgValue>
</bind>
</comp>

<comp id="34" class="1000" name="f_out">
<pin_list>
<pin id="35" dir="1" index="0" bw="1" slack="0"/>
</pin_list>
<bind>
<StgValue><ssdm name="f_out"/></StgValue>
</bind>
</comp>

<comp id="36" class="1000" name="g_1_out">
<pin_list>
<pin id="37" dir="1" index="0" bw="1" slack="0"/>
</pin_list>
<bind>
<StgValue><ssdm name="g_1_out"/></StgValue>
</bind>
</comp>

<comp id="38" class="1000" name="SHA256_K">
<pin_list>
<pin id="39" dir="1" index="0" bw="1" slack="0"/>
</pin_list>
<bind>
<StgValue><ssdm name="SHA256_K"/><MemPortTyVec>1 </MemPortTyVec>
</StgValue>
</bind>
</comp>

<comp id="40" class="1001" name="const_40">
<pin_list>
<pin id="41" dir="1" index="0" bw="1" slack="0"/>
</pin_list>
<bind>
<StgValue><ssdm name=""/></StgValue>
</bind>
</comp>

<comp id="42" class="1001" name="const_42">
<pin_list>
<pin id="43" dir="1" index="0" bw="1" slack="0"/>
</pin_list>
<bind>
<StgValue><ssdm name="_ssdm_op_Read.ap_auto.i32"/></StgValue>
</bind>
</comp>

<comp id="44" class="1001" name="const_44">
<pin_list>
<pin id="45" dir="1" index="0" bw="1" slack="0"/>
</pin_list>
<bind>
<StgValue><ssdm name=""/></StgValue>
</bind>
</comp>

<comp id="46" class="1001" name="const_46">
<pin_list>
<pin id="47" dir="1" index="0" bw="1" slack="0"/>
</pin_list>
<bind>
<StgValue><ssdm name=""/></StgValue>
</bind>
</comp>

<comp id="48" class="1001" name="const_48">
<pin_list>
<pin id="49" dir="1" index="0" bw="1" slack="0"/>
</pin_list>
<bind>
<StgValue><ssdm name=""/></StgValue>
</bind>
</comp>

<comp id="50" class="1001" name="const_50">
<pin_list>
<pin id="51" dir="1" index="0" bw="1" slack="0"/>
</pin_list>
<bind>
<StgValue><ssdm name=""/></StgValue>
</bind>
</comp>

<comp id="52" class="1001" name="const_52">
<pin_list>
<pin id="53" dir="1" index="0" bw="1" slack="0"/>
</pin_list>
<bind>
<StgValue><ssdm name=""/></StgValue>
</bind>
</comp>

<comp id="54" class="1001" name="const_54">
<pin_list>
<pin id="55" dir="1" index="0" bw="1" slack="0"/>
</pin_list>
<bind>
<StgValue><ssdm name="_ssdm_op_PartSelect.i5.i14.i32.i32"/></StgValue>
</bind>
</comp>

<comp id="56" class="1001" name="const_56">
<pin_list>
<pin id="57" dir="1" index="0" bw="1" slack="0"/>
</pin_list>
<bind>
<StgValue><ssdm name=""/></StgValue>
</bind>
</comp>

<comp id="58" class="1001" name="const_58">
<pin_list>
<pin id="59" dir="1" index="0" bw="1" slack="0"/>
</pin_list>
<bind>
<StgValue><ssdm name=""/></StgValue>
</bind>
</comp>

<comp id="60" class="1001" name="const_60">
<pin_list>
<pin id="61" dir="1" index="0" bw="1" slack="0"/>
</pin_list>
<bind>
<StgValue><ssdm name=""/></StgValue>
</bind>
</comp>

<comp id="62" class="1001" name="const_62">
<pin_list>
<pin id="63" dir="1" index="0" bw="1" slack="0"/>
</pin_list>
<bind>
<StgValue><ssdm name=""/></StgValue>
</bind>
</comp>

<comp id="64" class="1001" name="const_64">
<pin_list>
<pin id="65" dir="1" index="0" bw="1" slack="0"/>
</pin_list>
<bind>
<StgValue><ssdm name="_ssdm_op_Mux.ap_auto.3i32.i2"/></StgValue>
</bind>
</comp>

<comp id="66" class="1001" name="const_66">
<pin_list>
<pin id="67" dir="1" index="0" bw="1" slack="2147483647"/>
</pin_list>
<bind>
<StgValue><ssdm name="_ssdm_op_SpecPipeline"/></StgValue>
</bind>
</comp>

<comp id="68" class="1001" name="const_68">
<pin_list>
<pin id="69" dir="1" index="0" bw="1" slack="2147483647"/>
</pin_list>
<bind>
<StgValue><ssdm name=""/></StgValue>
</bind>
</comp>

<comp id="70" class="1001" name="const_70">
<pin_list>
<pin id="71" dir="1" index="0" bw="1" slack="2147483647"/>
</pin_list>
<bind>
<StgValue><ssdm name="empty"/></StgValue>
</bind>
</comp>

<comp id="72" class="1001" name="const_72">
<pin_list>
<pin id="73" dir="1" index="0" bw="1" slack="2147483647"/>
</pin_list>
<bind>
<StgValue><ssdm name="_ssdm_op_SpecLoopTripCount"/></StgValue>
</bind>
</comp>

<comp id="74" class="1001" name="const_74">
<pin_list>
<pin id="75" dir="1" index="0" bw="1" slack="2147483647"/>
</pin_list>
<bind>
<StgValue><ssdm name=""/></StgValue>
</bind>
</comp>

<comp id="76" class="1001" name="const_76">
<pin_list>
<pin id="77" dir="1" index="0" bw="1" slack="2147483647"/>
</pin_list>
<bind>
<StgValue><ssdm name="_ssdm_op_SpecLoopName"/></StgValue>
</bind>
</comp>

<comp id="78" class="1001" name="const_78">
<pin_list>
<pin id="79" dir="1" index="0" bw="1" slack="2147483647"/>
</pin_list>
<bind>
<StgValue><ssdm name="empty_17"/></StgValue>
</bind>
</comp>

<comp id="80" class="1001" name="const_80">
<pin_list>
<pin id="81" dir="1" index="0" bw="1" slack="0"/>
</pin_list>
<bind>
<StgValue><ssdm name="_ssdm_op_PartSelect.i26.i32.i32.i32"/></StgValue>
</bind>
</comp>

<comp id="82" class="1001" name="const_82">
<pin_list>
<pin id="83" dir="1" index="0" bw="1" slack="0"/>
</pin_list>
<bind>
<StgValue><ssdm name=""/></StgValue>
</bind>
</comp>

<comp id="84" class="1001" name="const_84">
<pin_list>
<pin id="85" dir="1" index="0" bw="1" slack="0"/>
</pin_list>
<bind>
<StgValue><ssdm name=""/></StgValue>
</bind>
</comp>

<comp id="86" class="1001" name="const_86">
<pin_list>
<pin id="87" dir="1" index="0" bw="1" slack="0"/>
</pin_list>
<bind>
<StgValue><ssdm name="_ssdm_op_PartSelect.i21.i32.i32.i32"/></StgValue>
</bind>
</comp>

<comp id="88" class="1001" name="const_88">
<pin_list>
<pin id="89" dir="1" index="0" bw="1" slack="0"/>
</pin_list>
<bind>
<StgValue><ssdm name=""/></StgValue>
</bind>
</comp>

<comp id="90" class="1001" name="const_90">
<pin_list>
<pin id="91" dir="1" index="0" bw="1" slack="0"/>
</pin_list>
<bind>
<StgValue><ssdm name="_ssdm_op_PartSelect.i7.i32.i32.i32"/></StgValue>
</bind>
</comp>

<comp id="92" class="1001" name="const_92">
<pin_list>
<pin id="93" dir="1" index="0" bw="1" slack="0"/>
</pin_list>
<bind>
<StgValue><ssdm name=""/></StgValue>
</bind>
</comp>

<comp id="94" class="1001" name="const_94">
<pin_list>
<pin id="95" dir="1" index="0" bw="1" slack="0"/>
</pin_list>
<bind>
<StgValue><ssdm name=""/></StgValue>
</bind>
</comp>

<comp id="96" class="1001" name="const_96">
<pin_list>
<pin id="97" dir="1" index="0" bw="1" slack="0"/>
</pin_list>
<bind>
<StgValue><ssdm name="_ssdm_op_BitConcatenate.i32.i6.i26"/></StgValue>
</bind>
</comp>

<comp id="98" class="1001" name="const_98">
<pin_list>
<pin id="99" dir="1" index="0" bw="1" slack="0"/>
</pin_list>
<bind>
<StgValue><ssdm name="_ssdm_op_BitConcatenate.i32.i11.i21"/></StgValue>
</bind>
</comp>

<comp id="100" class="1001" name="const_100">
<pin_list>
<pin id="101" dir="1" index="0" bw="1" slack="0"/>
</pin_list>
<bind>
<StgValue><ssdm name="_ssdm_op_BitConcatenate.i32.i25.i7"/></StgValue>
</bind>
</comp>

<comp id="102" class="1001" name="const_102">
<pin_list>
<pin id="103" dir="1" index="0" bw="1" slack="0"/>
</pin_list>
<bind>
<StgValue><ssdm name="_ssdm_op_PartSelect.i30.i32.i32.i32"/></StgValue>
</bind>
</comp>

<comp id="104" class="1001" name="const_104">
<pin_list>
<pin id="105" dir="1" index="0" bw="1" slack="0"/>
</pin_list>
<bind>
<StgValue><ssdm name=""/></StgValue>
</bind>
</comp>

<comp id="106" class="1001" name="const_106">
<pin_list>
<pin id="107" dir="1" index="0" bw="1" slack="0"/>
</pin_list>
<bind>
<StgValue><ssdm name="_ssdm_op_PartSelect.i19.i32.i32.i32"/></StgValue>
</bind>
</comp>

<comp id="108" class="1001" name="const_108">
<pin_list>
<pin id="109" dir="1" index="0" bw="1" slack="0"/>
</pin_list>
<bind>
<StgValue><ssdm name="_ssdm_op_PartSelect.i10.i32.i32.i32"/></StgValue>
</bind>
</comp>

<comp id="110" class="1001" name="const_110">
<pin_list>
<pin id="111" dir="1" index="0" bw="1" slack="0"/>
</pin_list>
<bind>
<StgValue><ssdm name=""/></StgValue>
</bind>
</comp>

<comp id="112" class="1001" name="const_112">
<pin_list>
<pin id="113" dir="1" index="0" bw="1" slack="0"/>
</pin_list>
<bind>
<StgValue><ssdm name="_ssdm_op_BitConcatenate.i32.i2.i30"/></StgValue>
</bind>
</comp>

<comp id="114" class="1001" name="const_114">
<pin_list>
<pin id="115" dir="1" index="0" bw="1" slack="0"/>
</pin_list>
<bind>
<StgValue><ssdm name="_ssdm_op_BitConcatenate.i32.i13.i19"/></StgValue>
</bind>
</comp>

<comp id="116" class="1001" name="const_116">
<pin_list>
<pin id="117" dir="1" index="0" bw="1" slack="0"/>
</pin_list>
<bind>
<StgValue><ssdm name="_ssdm_op_BitConcatenate.i32.i22.i10"/></StgValue>
</bind>
</comp>

<comp id="118" class="1001" name="const_118">
<pin_list>
<pin id="119" dir="1" index="0" bw="1" slack="0"/>
</pin_list>
<bind>
<StgValue><ssdm name="_ssdm_op_Write.ap_auto.i32P0A"/></StgValue>
</bind>
</comp>

<comp id="120" class="1004" name="phi_urem147_fu_120">
<pin_list>
<pin id="121" dir="0" index="0" bw="1" slack="0"/>
<pin id="122" dir="1" index="1" bw="7" slack="0"/>
</pin_list>
<bind>
<opcode="alloca(26) " fcode="alloca"/>
<opset="phi_urem147/1 "/>
</bind>
</comp>

<comp id="124" class="1004" name="phi_mul145_fu_124">
<pin_list>
<pin id="125" dir="0" index="0" bw="1" slack="0"/>
<pin id="126" dir="1" index="1" bw="14" slack="0"/>
</pin_list>
<bind>
<opcode="alloca(26) " fcode="alloca"/>
<opset="phi_mul145/1 "/>
</bind>
</comp>

<comp id="128" class="1004" name="d_fu_128">
<pin_list>
<pin id="129" dir="0" index="0" bw="1" slack="0"/>
<pin id="130" dir="1" index="1" bw="32" slack="0"/>
</pin_list>
<bind>
<opcode="alloca(26) " fcode="alloca"/>
<opset="d/1 "/>
</bind>
</comp>

<comp id="132" class="1004" name="h_fu_132">
<pin_list>
<pin id="133" dir="0" index="0" bw="1" slack="0"/>
<pin id="134" dir="1" index="1" bw="32" slack="0"/>
</pin_list>
<bind>
<opcode="alloca(26) " fcode="alloca"/>
<opset="h/1 "/>
</bind>
</comp>

<comp id="136" class="1004" name="i_fu_136">
<pin_list>
<pin id="137" dir="0" index="0" bw="1" slack="0"/>
<pin id="138" dir="1" index="1" bw="7" slack="0"/>
</pin_list>
<bind>
<opcode="alloca(26) " fcode="alloca"/>
<opset="i/1 "/>
</bind>
</comp>

<comp id="140" class="1004" name="h_1_fu_140">
<pin_list>
<pin id="141" dir="0" index="0" bw="1" slack="0"/>
<pin id="142" dir="1" index="1" bw="32" slack="0"/>
</pin_list>
<bind>
<opcode="alloca(26) " fcode="alloca"/>
<opset="h_1/1 "/>
</bind>
</comp>

<comp id="144" class="1004" name="g_fu_144">
<pin_list>
<pin id="145" dir="0" index="0" bw="1" slack="0"/>
<pin id="146" dir="1" index="1" bw="32" slack="0"/>
</pin_list>
<bind>
<opcode="alloca(26) " fcode="alloca"/>
<opset="g/1 "/>
</bind>
</comp>

<comp id="148" class="1004" name="f_fu_148">
<pin_list>
<pin id="149" dir="0" index="0" bw="1" slack="0"/>
<pin id="150" dir="1" index="1" bw="32" slack="0"/>
</pin_list>
<bind>
<opcode="alloca(26) " fcode="alloca"/>
<opset="f/1 "/>
</bind>
</comp>

<comp id="152" class="1004" name="d_1_fu_152">
<pin_list>
<pin id="153" dir="0" index="0" bw="1" slack="0"/>
<pin id="154" dir="1" index="1" bw="32" slack="0"/>
</pin_list>
<bind>
<opcode="alloca(26) " fcode="alloca"/>
<opset="d_1/1 "/>
</bind>
</comp>

<comp id="156" class="1004" name="c_fu_156">
<pin_list>
<pin id="157" dir="0" index="0" bw="1" slack="0"/>
<pin id="158" dir="1" index="1" bw="32" slack="0"/>
</pin_list>
<bind>
<opcode="alloca(26) " fcode="alloca"/>
<opset="c/1 "/>
</bind>
</comp>

<comp id="160" class="1004" name="b_fu_160">
<pin_list>
<pin id="161" dir="0" index="0" bw="1" slack="0"/>
<pin id="162" dir="1" index="1" bw="32" slack="0"/>
</pin_list>
<bind>
<opcode="alloca(26) " fcode="alloca"/>
<opset="b/1 "/>
</bind>
</comp>

<comp id="164" class="1004" name="state_6_read_1_read_fu_164">
<pin_list>
<pin id="165" dir="0" index="0" bw="32" slack="0"/>
<pin id="166" dir="0" index="1" bw="32" slack="0"/>
<pin id="167" dir="1" index="2" bw="32" slack="0"/>
</pin_list>
<bind>
<opcode="read(1150) " fcode="read"/>
<opset="state_6_read_1/1 "/>
</bind>
</comp>

<comp id="170" class="1004" name="state_5_read_1_read_fu_170">
<pin_list>
<pin id="171" dir="0" index="0" bw="32" slack="0"/>
<pin id="172" dir="0" index="1" bw="32" slack="0"/>
<pin id="173" dir="1" index="2" bw="32" slack="0"/>
</pin_list>
<bind>
<opcode="read(1150) " fcode="read"/>
<opset="state_5_read_1/1 "/>
</bind>
</comp>

<comp id="176" class="1004" name="state_4_read_1_read_fu_176">
<pin_list>
<pin id="177" dir="0" index="0" bw="32" slack="0"/>
<pin id="178" dir="0" index="1" bw="32" slack="0"/>
<pin id="179" dir="1" index="2" bw="32" slack="0"/>
</pin_list>
<bind>
<opcode="read(1150) " fcode="read"/>
<opset="state_4_read_1/1 "/>
</bind>
</comp>

<comp id="182" class="1004" name="state_3_read_1_read_fu_182">
<pin_list>
<pin id="183" dir="0" index="0" bw="32" slack="0"/>
<pin id="184" dir="0" index="1" bw="32" slack="0"/>
<pin id="185" dir="1" index="2" bw="32" slack="0"/>
</pin_list>
<bind>
<opcode="read(1150) " fcode="read"/>
<opset="state_3_read_1/1 "/>
</bind>
</comp>

<comp id="188" class="1004" name="state_2_read_1_read_fu_188">
<pin_list>
<pin id="189" dir="0" index="0" bw="32" slack="0"/>
<pin id="190" dir="0" index="1" bw="32" slack="0"/>
<pin id="191" dir="1" index="2" bw="32" slack="0"/>
</pin_list>
<bind>
<opcode="read(1150) " fcode="read"/>
<opset="state_2_read_1/1 "/>
</bind>
</comp>

<comp id="194" class="1004" name="state_1_read_1_read_fu_194">
<pin_list>
<pin id="195" dir="0" index="0" bw="32" slack="0"/>
<pin id="196" dir="0" index="1" bw="32" slack="0"/>
<pin id="197" dir="1" index="2" bw="32" slack="0"/>
</pin_list>
<bind>
<opcode="read(1150) " fcode="read"/>
<opset="state_1_read_1/1 "/>
</bind>
</comp>

<comp id="200" class="1004" name="state_0_read_1_read_fu_200">
<pin_list>
<pin id="201" dir="0" index="0" bw="32" slack="0"/>
<pin id="202" dir="0" index="1" bw="32" slack="0"/>
<pin id="203" dir="1" index="2" bw="32" slack="0"/>
</pin_list>
<bind>
<opcode="read(1150) " fcode="read"/>
<opset="state_0_read_1/1 "/>
</bind>
</comp>

<comp id="206" class="1004" name="state_7_read_1_read_fu_206">
<pin_list>
<pin id="207" dir="0" index="0" bw="32" slack="0"/>
<pin id="208" dir="0" index="1" bw="32" slack="0"/>
<pin id="209" dir="1" index="2" bw="32" slack="0"/>
</pin_list>
<bind>
<opcode="read(1150) " fcode="read"/>
<opset="state_7_read_1/1 "/>
</bind>
</comp>

<comp id="212" class="1004" name="write_ln0_write_fu_212">
<pin_list>
<pin id="213" dir="0" index="0" bw="0" slack="0"/>
<pin id="214" dir="0" index="1" bw="32" slack="0"/>
<pin id="215" dir="0" index="2" bw="32" slack="0"/>
<pin id="216" dir="1" index="3" bw="0" slack="2147483647"/>
</pin_list>
<bind>
<opcode="write(1151) " fcode="write"/>
<opset="write_ln0/3 "/>
</bind>
</comp>

<comp id="219" class="1004" name="write_ln54_write_fu_219">
<pin_list>
<pin id="220" dir="0" index="0" bw="0" slack="0"/>
<pin id="221" dir="0" index="1" bw="32" slack="0"/>
<pin id="222" dir="0" index="2" bw="32" slack="0"/>
<pin id="223" dir="1" index="3" bw="0" slack="2147483647"/>
</pin_list>
<bind>
<opcode="write(1151) " fcode="write"/>
<opset="write_ln54/3 "/>
</bind>
</comp>

<comp id="226" class="1004" name="write_ln164_write_fu_226">
<pin_list>
<pin id="227" dir="0" index="0" bw="0" slack="0"/>
<pin id="228" dir="0" index="1" bw="32" slack="0"/>
<pin id="229" dir="0" index="2" bw="32" slack="0"/>
<pin id="230" dir="1" index="3" bw="0" slack="2147483647"/>
</pin_list>
<bind>
<opcode="write(1151) " fcode="write"/>
<opset="write_ln164/3 "/>
</bind>
</comp>

<comp id="233" class="1004" name="write_ln164_write_fu_233">
<pin_list>
<pin id="234" dir="0" index="0" bw="0" slack="0"/>
<pin id="235" dir="0" index="1" bw="32" slack="0"/>
<pin id="236" dir="0" index="2" bw="32" slack="0"/>
<pin id="237" dir="1" index="3" bw="0" slack="2147483647"/>
</pin_list>
<bind>
<opcode="write(1151) " fcode="write"/>
<opset="write_ln164/3 "/>
</bind>
</comp>

<comp id="240" class="1004" name="write_ln0_write_fu_240">
<pin_list>
<pin id="241" dir="0" index="0" bw="0" slack="0"/>
<pin id="242" dir="0" index="1" bw="32" slack="0"/>
<pin id="243" dir="0" index="2" bw="32" slack="0"/>
<pin id="244" dir="1" index="3" bw="0" slack="2147483647"/>
</pin_list>
<bind>
<opcode="write(1151) " fcode="write"/>
<opset="write_ln0/3 "/>
</bind>
</comp>

<comp id="247" class="1004" name="write_ln54_write_fu_247">
<pin_list>
<pin id="248" dir="0" index="0" bw="0" slack="0"/>
<pin id="249" dir="0" index="1" bw="32" slack="0"/>
<pin id="250" dir="0" index="2" bw="32" slack="0"/>
<pin id="251" dir="1" index="3" bw="0" slack="2147483647"/>
</pin_list>
<bind>
<opcode="write(1151) " fcode="write"/>
<opset="write_ln54/3 "/>
</bind>
</comp>

<comp id="254" class="1004" name="write_ln154_write_fu_254">
<pin_list>
<pin id="255" dir="0" index="0" bw="0" slack="0"/>
<pin id="256" dir="0" index="1" bw="32" slack="0"/>
<pin id="257" dir="0" index="2" bw="32" slack="0"/>
<pin id="258" dir="1" index="3" bw="0" slack="2147483647"/>
</pin_list>
<bind>
<opcode="write(1151) " fcode="write"/>
<opset="write_ln154/3 "/>
</bind>
</comp>

<comp id="261" class="1004" name="write_ln154_write_fu_261">
<pin_list>
<pin id="262" dir="0" index="0" bw="0" slack="0"/>
<pin id="263" dir="0" index="1" bw="32" slack="0"/>
<pin id="264" dir="0" index="2" bw="32" slack="0"/>
<pin id="265" dir="1" index="3" bw="0" slack="2147483647"/>
</pin_list>
<bind>
<opcode="write(1151) " fcode="write"/>
<opset="write_ln154/3 "/>
</bind>
</comp>

<comp id="268" class="1004" name="SHA256_K_addr_gep_fu_268">
<pin_list>
<pin id="269" dir="0" index="0" bw="32" slack="0"/>
<pin id="270" dir="0" index="1" bw="1" slack="0"/>
<pin id="271" dir="0" index="2" bw="7" slack="0"/>
<pin id="272" dir="1" index="3" bw="6" slack="0"/>
</pin_list>
<bind>
<opcode="getelementptr(29) " fcode="getelementptr"/>
<opset="SHA256_K_addr/1 "/>
</bind>
</comp>

<comp id="275" class="1004" name="grp_access_fu_275">
<pin_list>
<pin id="276" dir="0" index="0" bw="6" slack="0"/>
<pin id="277" dir="0" index="1" bw="32" slack="2147483647"/>
<pin id="278" dir="0" index="2" bw="0" slack="2147483647"/>
<pin id="279" dir="1" index="3" bw="32" slack="1"/>
</pin_list>
<bind>
<opcode="load(27) " fcode="load"/>
<opset="SHA256_K_load/1 "/>
</bind>
</comp>

<comp id="281" class="1004" name="w_addr_gep_fu_281">
<pin_list>
<pin id="282" dir="0" index="0" bw="32" slack="0"/>
<pin id="283" dir="0" index="1" bw="1" slack="0"/>
<pin id="284" dir="0" index="2" bw="5" slack="0"/>
<pin id="285" dir="1" index="3" bw="5" slack="0"/>
</pin_list>
<bind>
<opcode="getelementptr(29) " fcode="getelementptr"/>
<opset="w_addr/1 "/>
</bind>
</comp>

<comp id="288" class="1004" name="w_1_addr_gep_fu_288">
<pin_list>
<pin id="289" dir="0" index="0" bw="32" slack="0"/>
<pin id="290" dir="0" index="1" bw="1" slack="0"/>
<pin id="291" dir="0" index="2" bw="5" slack="0"/>
<pin id="292" dir="1" index="3" bw="5" slack="0"/>
</pin_list>
<bind>
<opcode="getelementptr(29) " fcode="getelementptr"/>
<opset="w_1_addr/1 "/>
</bind>
</comp>

<comp id="295" class="1004" name="w_2_addr_gep_fu_295">
<pin_list>
<pin id="296" dir="0" index="0" bw="32" slack="0"/>
<pin id="297" dir="0" index="1" bw="1" slack="0"/>
<pin id="298" dir="0" index="2" bw="5" slack="0"/>
<pin id="299" dir="1" index="3" bw="5" slack="0"/>
</pin_list>
<bind>
<opcode="getelementptr(29) " fcode="getelementptr"/>
<opset="w_2_addr/1 "/>
</bind>
</comp>

<comp id="302" class="1004" name="grp_access_fu_302">
<pin_list>
<pin id="303" dir="0" index="0" bw="5" slack="0"/>
<pin id="304" dir="0" index="1" bw="32" slack="2147483647"/>
<pin id="305" dir="0" index="2" bw="0" slack="2147483647"/>
<pin id="306" dir="1" index="3" bw="32" slack="0"/>
</pin_list>
<bind>
<opcode="load(27) " fcode="load"/>
<opset="w_load/1 "/>
</bind>
</comp>

<comp id="308" class="1004" name="grp_access_fu_308">
<pin_list>
<pin id="309" dir="0" index="0" bw="5" slack="0"/>
<pin id="310" dir="0" index="1" bw="32" slack="2147483647"/>
<pin id="311" dir="0" index="2" bw="0" slack="2147483647"/>
<pin id="312" dir="1" index="3" bw="32" slack="0"/>
</pin_list>
<bind>
<opcode="load(27) " fcode="load"/>
<opset="w_1_load/1 "/>
</bind>
</comp>

<comp id="314" class="1004" name="grp_access_fu_314">
<pin_list>
<pin id="315" dir="0" index="0" bw="5" slack="0"/>
<pin id="316" dir="0" index="1" bw="32" slack="2147483647"/>
<pin id="317" dir="0" index="2" bw="0" slack="2147483647"/>
<pin id="318" dir="1" index="3" bw="32" slack="0"/>
</pin_list>
<bind>
<opcode="load(27) " fcode="load"/>
<opset="w_2_load/1 "/>
</bind>
</comp>

<comp id="320" class="1004" name="store_ln0_store_fu_320">
<pin_list>
<pin id="321" dir="0" index="0" bw="32" slack="0"/>
<pin id="322" dir="0" index="1" bw="32" slack="0"/>
<pin id="323" dir="1" index="2" bw="0" slack="2147483647"/>
</pin_list>
<bind>
<opcode="store(28) " fcode="store"/>
<opset="store_ln0/1 "/>
</bind>
</comp>

<comp id="325" class="1004" name="store_ln0_store_fu_325">
<pin_list>
<pin id="326" dir="0" index="0" bw="32" slack="0"/>
<pin id="327" dir="0" index="1" bw="32" slack="0"/>
<pin id="328" dir="1" index="2" bw="0" slack="2147483647"/>
</pin_list>
<bind>
<opcode="store(28) " fcode="store"/>
<opset="store_ln0/1 "/>
</bind>
</comp>

<comp id="330" class="1004" name="store_ln0_store_fu_330">
<pin_list>
<pin id="331" dir="0" index="0" bw="32" slack="0"/>
<pin id="332" dir="0" index="1" bw="32" slack="0"/>
<pin id="333" dir="1" index="2" bw="0" slack="2147483647"/>
</pin_list>
<bind>
<opcode="store(28) " fcode="store"/>
<opset="store_ln0/1 "/>
</bind>
</comp>

<comp id="335" class="1004" name="store_ln0_store_fu_335">
<pin_list>
<pin id="336" dir="0" index="0" bw="32" slack="0"/>
<pin id="337" dir="0" index="1" bw="32" slack="0"/>
<pin id="338" dir="1" index="2" bw="0" slack="2147483647"/>
</pin_list>
<bind>
<opcode="store(28) " fcode="store"/>
<opset="store_ln0/1 "/>
</bind>
</comp>

<comp id="340" class="1004" name="store_ln0_store_fu_340">
<pin_list>
<pin id="341" dir="0" index="0" bw="32" slack="0"/>
<pin id="342" dir="0" index="1" bw="32" slack="0"/>
<pin id="343" dir="1" index="2" bw="0" slack="2147483647"/>
</pin_list>
<bind>
<opcode="store(28) " fcode="store"/>
<opset="store_ln0/1 "/>
</bind>
</comp>

<comp id="345" class="1004" name="store_ln0_store_fu_345">
<pin_list>
<pin id="346" dir="0" index="0" bw="32" slack="0"/>
<pin id="347" dir="0" index="1" bw="32" slack="0"/>
<pin id="348" dir="1" index="2" bw="0" slack="2147483647"/>
</pin_list>
<bind>
<opcode="store(28) " fcode="store"/>
<opset="store_ln0/1 "/>
</bind>
</comp>

<comp id="350" class="1004" name="store_ln0_store_fu_350">
<pin_list>
<pin id="351" dir="0" index="0" bw="1" slack="0"/>
<pin id="352" dir="0" index="1" bw="7" slack="0"/>
<pin id="353" dir="1" index="2" bw="0" slack="2147483647"/>
</pin_list>
<bind>
<opcode="store(28) " fcode="store"/>
<opset="store_ln0/1 "/>
</bind>
</comp>

<comp id="355" class="1004" name="store_ln0_store_fu_355">
<pin_list>
<pin id="356" dir="0" index="0" bw="32" slack="0"/>
<pin id="357" dir="0" index="1" bw="32" slack="0"/>
<pin id="358" dir="1" index="2" bw="0" slack="2147483647"/>
</pin_list>
<bind>
<opcode="store(28) " fcode="store"/>
<opset="store_ln0/1 "/>
</bind>
</comp>

<comp id="360" class="1004" name="store_ln0_store_fu_360">
<pin_list>
<pin id="361" dir="0" index="0" bw="32" slack="0"/>
<pin id="362" dir="0" index="1" bw="32" slack="0"/>
<pin id="363" dir="1" index="2" bw="0" slack="2147483647"/>
</pin_list>
<bind>
<opcode="store(28) " fcode="store"/>
<opset="store_ln0/1 "/>
</bind>
</comp>

<comp id="365" class="1004" name="store_ln0_store_fu_365">
<pin_list>
<pin id="366" dir="0" index="0" bw="1" slack="0"/>
<pin id="367" dir="0" index="1" bw="14" slack="0"/>
<pin id="368" dir="1" index="2" bw="0" slack="2147483647"/>
</pin_list>
<bind>
<opcode="store(28) " fcode="store"/>
<opset="store_ln0/1 "/>
</bind>
</comp>

<comp id="370" class="1004" name="store_ln0_store_fu_370">
<pin_list>
<pin id="371" dir="0" index="0" bw="1" slack="0"/>
<pin id="372" dir="0" index="1" bw="7" slack="0"/>
<pin id="373" dir="1" index="2" bw="0" slack="2147483647"/>
</pin_list>
<bind>
<opcode="store(28) " fcode="store"/>
<opset="store_ln0/1 "/>
</bind>
</comp>

<comp id="375" class="1004" name="i_5_load_fu_375">
<pin_list>
<pin id="376" dir="0" index="0" bw="7" slack="0"/>
<pin id="377" dir="1" index="1" bw="7" slack="0"/>
</pin_list>
<bind>
<opcode="load(27) " fcode="load"/>
<opset="i_5/1 "/>
</bind>
</comp>

<comp id="378" class="1004" name="icmp_ln151_fu_378">
<pin_list>
<pin id="379" dir="0" index="0" bw="7" slack="0"/>
<pin id="380" dir="0" index="1" bw="7" slack="0"/>
<pin id="381" dir="1" index="2" bw="1" slack="1"/>
</pin_list>
<bind>
<opcode="icmp(45) " fcode="icmp"/>
<opset="icmp_ln151/1 "/>
</bind>
</comp>

<comp id="384" class="1004" name="add_ln151_fu_384">
<pin_list>
<pin id="385" dir="0" index="0" bw="7" slack="0"/>
<pin id="386" dir="0" index="1" bw="1" slack="0"/>
<pin id="387" dir="1" index="2" bw="7" slack="0"/>
</pin_list>
<bind>
<opcode="add(8) " fcode="add"/>
<opset="add_ln151/1 "/>
</bind>
</comp>

<comp id="390" class="1004" name="phi_mul145_load_load_fu_390">
<pin_list>
<pin id="391" dir="0" index="0" bw="14" slack="0"/>
<pin id="392" dir="1" index="1" bw="14" slack="0"/>
</pin_list>
<bind>
<opcode="load(27) " fcode="load"/>
<opset="phi_mul145_load/1 "/>
</bind>
</comp>

<comp id="393" class="1004" name="zext_ln151_fu_393">
<pin_list>
<pin id="394" dir="0" index="0" bw="7" slack="0"/>
<pin id="395" dir="1" index="1" bw="64" slack="0"/>
</pin_list>
<bind>
<opcode="zext(34) " fcode="zext"/>
<opset="zext_ln151/1 "/>
</bind>
</comp>

<comp id="398" class="1004" name="add_ln75_fu_398">
<pin_list>
<pin id="399" dir="0" index="0" bw="14" slack="0"/>
<pin id="400" dir="0" index="1" bw="9" slack="0"/>
<pin id="401" dir="1" index="2" bw="14" slack="0"/>
</pin_list>
<bind>
<opcode="add(8) " fcode="add"/>
<opset="add_ln75/1 "/>
</bind>
</comp>

<comp id="404" class="1004" name="tmp_fu_404">
<pin_list>
<pin id="405" dir="0" index="0" bw="5" slack="0"/>
<pin id="406" dir="0" index="1" bw="14" slack="0"/>
<pin id="407" dir="0" index="2" bw="5" slack="0"/>
<pin id="408" dir="0" index="3" bw="5" slack="0"/>
<pin id="409" dir="1" index="4" bw="5" slack="0"/>
</pin_list>
<bind>
<opcode="partselect(1002) " fcode="partselect"/>
<opset="tmp/1 "/>
</bind>
</comp>

<comp id="414" class="1004" name="zext_ln75_fu_414">
<pin_list>
<pin id="415" dir="0" index="0" bw="5" slack="0"/>
<pin id="416" dir="1" index="1" bw="64" slack="0"/>
</pin_list>
<bind>
<opcode="zext(34) " fcode="zext"/>
<opset="zext_ln75/1 "/>
</bind>
</comp>

<comp id="421" class="1004" name="store_ln151_store_fu_421">
<pin_list>
<pin id="422" dir="0" index="0" bw="7" slack="0"/>
<pin id="423" dir="0" index="1" bw="7" slack="0"/>
<pin id="424" dir="1" index="2" bw="0" slack="2147483647"/>
</pin_list>
<bind>
<opcode="store(28) " fcode="store"/>
<opset="store_ln151/1 "/>
</bind>
</comp>

<comp id="426" class="1004" name="store_ln151_store_fu_426">
<pin_list>
<pin id="427" dir="0" index="0" bw="14" slack="0"/>
<pin id="428" dir="0" index="1" bw="14" slack="0"/>
<pin id="429" dir="1" index="2" bw="0" slack="2147483647"/>
</pin_list>
<bind>
<opcode="store(28) " fcode="store"/>
<opset="store_ln151/1 "/>
</bind>
</comp>

<comp id="431" class="1004" name="phi_urem147_load_load_fu_431">
<pin_list>
<pin id="432" dir="0" index="0" bw="7" slack="1"/>
<pin id="433" dir="1" index="1" bw="7" slack="0"/>
</pin_list>
<bind>
<opcode="load(27) " fcode="load"/>
<opset="phi_urem147_load/2 "/>
</bind>
</comp>

<comp id="434" class="1004" name="add_ln151_1_fu_434">
<pin_list>
<pin id="435" dir="0" index="0" bw="7" slack="0"/>
<pin id="436" dir="0" index="1" bw="1" slack="0"/>
<pin id="437" dir="1" index="2" bw="7" slack="0"/>
</pin_list>
<bind>
<opcode="add(8) " fcode="add"/>
<opset="add_ln151_1/2 "/>
</bind>
</comp>

<comp id="440" class="1004" name="icmp_ln151_1_fu_440">
<pin_list>
<pin id="441" dir="0" index="0" bw="7" slack="0"/>
<pin id="442" dir="0" index="1" bw="7" slack="0"/>
<pin id="443" dir="1" index="2" bw="1" slack="0"/>
</pin_list>
<bind>
<opcode="icmp(45) " fcode="icmp"/>
<opset="icmp_ln151_1/2 "/>
</bind>
</comp>

<comp id="446" class="1004" name="select_ln151_fu_446">
<pin_list>
<pin id="447" dir="0" index="0" bw="1" slack="0"/>
<pin id="448" dir="0" index="1" bw="7" slack="0"/>
<pin id="449" dir="0" index="2" bw="7" slack="0"/>
<pin id="450" dir="1" index="3" bw="7" slack="0"/>
</pin_list>
<bind>
<opcode="select(49) " fcode="select"/>
<opset="select_ln151/2 "/>
</bind>
</comp>

<comp id="454" class="1004" name="trunc_ln75_fu_454">
<pin_list>
<pin id="455" dir="0" index="0" bw="7" slack="0"/>
<pin id="456" dir="1" index="1" bw="2" slack="0"/>
</pin_list>
<bind>
<opcode="trunc(33) " fcode="trunc"/>
<opset="trunc_ln75/2 "/>
</bind>
</comp>

<comp id="458" class="1004" name="tmp_8_fu_458">
<pin_list>
<pin id="459" dir="0" index="0" bw="32" slack="0"/>
<pin id="460" dir="0" index="1" bw="32" slack="0"/>
<pin id="461" dir="0" index="2" bw="32" slack="0"/>
<pin id="462" dir="0" index="3" bw="32" slack="0"/>
<pin id="463" dir="0" index="4" bw="2" slack="0"/>
<pin id="464" dir="1" index="5" bw="32" slack="1"/>
</pin_list>
<bind>
<opcode="mux(1196) " fcode="mux"/>
<opset="tmp_8/2 "/>
</bind>
</comp>

<comp id="470" class="1004" name="store_ln151_store_fu_470">
<pin_list>
<pin id="471" dir="0" index="0" bw="7" slack="0"/>
<pin id="472" dir="0" index="1" bw="7" slack="1"/>
<pin id="473" dir="1" index="2" bw="0" slack="2147483647"/>
</pin_list>
<bind>
<opcode="store(28) " fcode="store"/>
<opset="store_ln151/2 "/>
</bind>
</comp>

<comp id="475" class="1004" name="g_3_load_fu_475">
<pin_list>
<pin id="476" dir="0" index="0" bw="32" slack="2"/>
<pin id="477" dir="1" index="1" bw="32" slack="0"/>
</pin_list>
<bind>
<opcode="load(27) " fcode="load"/>
<opset="g_3/3 "/>
</bind>
</comp>

<comp id="479" class="1004" name="f_3_load_fu_479">
<pin_list>
<pin id="480" dir="0" index="0" bw="32" slack="2"/>
<pin id="481" dir="1" index="1" bw="32" slack="0"/>
</pin_list>
<bind>
<opcode="load(27) " fcode="load"/>
<opset="f_3/3 "/>
</bind>
</comp>

<comp id="483" class="1004" name="f_2_load_fu_483">
<pin_list>
<pin id="484" dir="0" index="0" bw="32" slack="2"/>
<pin id="485" dir="1" index="1" bw="32" slack="0"/>
</pin_list>
<bind>
<opcode="load(27) " fcode="load"/>
<opset="f_2/3 "/>
</bind>
</comp>

<comp id="487" class="1004" name="c_3_load_fu_487">
<pin_list>
<pin id="488" dir="0" index="0" bw="32" slack="2"/>
<pin id="489" dir="1" index="1" bw="32" slack="0"/>
</pin_list>
<bind>
<opcode="load(27) " fcode="load"/>
<opset="c_3/3 "/>
</bind>
</comp>

<comp id="491" class="1004" name="b_5_load_fu_491">
<pin_list>
<pin id="492" dir="0" index="0" bw="32" slack="2"/>
<pin id="493" dir="1" index="1" bw="32" slack="0"/>
</pin_list>
<bind>
<opcode="load(27) " fcode="load"/>
<opset="b_5/3 "/>
</bind>
</comp>

<comp id="495" class="1004" name="a_2_load_fu_495">
<pin_list>
<pin id="496" dir="0" index="0" bw="32" slack="2"/>
<pin id="497" dir="1" index="1" bw="32" slack="0"/>
</pin_list>
<bind>
<opcode="load(27) " fcode="load"/>
<opset="a_2/3 "/>
</bind>
</comp>

<comp id="499" class="1004" name="d_load_load_fu_499">
<pin_list>
<pin id="500" dir="0" index="0" bw="32" slack="2"/>
<pin id="501" dir="1" index="1" bw="32" slack="0"/>
</pin_list>
<bind>
<opcode="load(27) " fcode="load"/>
<opset="d_load/3 "/>
</bind>
</comp>

<comp id="502" class="1004" name="h_load_load_fu_502">
<pin_list>
<pin id="503" dir="0" index="0" bw="32" slack="2"/>
<pin id="504" dir="1" index="1" bw="32" slack="0"/>
</pin_list>
<bind>
<opcode="load(27) " fcode="load"/>
<opset="h_load/3 "/>
</bind>
</comp>

<comp id="505" class="1004" name="lshr_ln54_4_fu_505">
<pin_list>
<pin id="506" dir="0" index="0" bw="26" slack="0"/>
<pin id="507" dir="0" index="1" bw="32" slack="0"/>
<pin id="508" dir="0" index="2" bw="4" slack="0"/>
<pin id="509" dir="0" index="3" bw="6" slack="0"/>
<pin id="510" dir="1" index="4" bw="26" slack="0"/>
</pin_list>
<bind>
<opcode="partselect(1002) " fcode="partselect"/>
<opset="lshr_ln54_4/3 "/>
</bind>
</comp>

<comp id="515" class="1004" name="trunc_ln54_fu_515">
<pin_list>
<pin id="516" dir="0" index="0" bw="32" slack="0"/>
<pin id="517" dir="1" index="1" bw="6" slack="0"/>
</pin_list>
<bind>
<opcode="trunc(33) " fcode="trunc"/>
<opset="trunc_ln54/3 "/>
</bind>
</comp>

<comp id="519" class="1004" name="lshr_ln54_5_fu_519">
<pin_list>
<pin id="520" dir="0" index="0" bw="21" slack="0"/>
<pin id="521" dir="0" index="1" bw="32" slack="0"/>
<pin id="522" dir="0" index="2" bw="5" slack="0"/>
<pin id="523" dir="0" index="3" bw="6" slack="0"/>
<pin id="524" dir="1" index="4" bw="21" slack="0"/>
</pin_list>
<bind>
<opcode="partselect(1002) " fcode="partselect"/>
<opset="lshr_ln54_5/3 "/>
</bind>
</comp>

<comp id="529" class="1004" name="trunc_ln54_1_fu_529">
<pin_list>
<pin id="530" dir="0" index="0" bw="32" slack="0"/>
<pin id="531" dir="1" index="1" bw="11" slack="0"/>
</pin_list>
<bind>
<opcode="trunc(33) " fcode="trunc"/>
<opset="trunc_ln54_1/3 "/>
</bind>
</comp>

<comp id="533" class="1004" name="lshr_ln54_6_fu_533">
<pin_list>
<pin id="534" dir="0" index="0" bw="7" slack="0"/>
<pin id="535" dir="0" index="1" bw="32" slack="0"/>
<pin id="536" dir="0" index="2" bw="6" slack="0"/>
<pin id="537" dir="0" index="3" bw="6" slack="0"/>
<pin id="538" dir="1" index="4" bw="7" slack="0"/>
</pin_list>
<bind>
<opcode="partselect(1002) " fcode="partselect"/>
<opset="lshr_ln54_6/3 "/>
</bind>
</comp>

<comp id="543" class="1004" name="trunc_ln54_2_fu_543">
<pin_list>
<pin id="544" dir="0" index="0" bw="32" slack="0"/>
<pin id="545" dir="1" index="1" bw="25" slack="0"/>
</pin_list>
<bind>
<opcode="trunc(33) " fcode="trunc"/>
<opset="trunc_ln54_2/3 "/>
</bind>
</comp>

<comp id="547" class="1004" name="xor_ln154_fu_547">
<pin_list>
<pin id="548" dir="0" index="0" bw="32" slack="0"/>
<pin id="549" dir="0" index="1" bw="32" slack="0"/>
<pin id="550" dir="1" index="2" bw="32" slack="0"/>
</pin_list>
<bind>
<opcode="xor(25) " fcode="xor"/>
<opset="xor_ln154/3 "/>
</bind>
</comp>

<comp id="553" class="1004" name="or_ln1_fu_553">
<pin_list>
<pin id="554" dir="0" index="0" bw="32" slack="0"/>
<pin id="555" dir="0" index="1" bw="6" slack="0"/>
<pin id="556" dir="0" index="2" bw="26" slack="0"/>
<pin id="557" dir="1" index="3" bw="32" slack="0"/>
</pin_list>
<bind>
<opcode="bitconcatenate(1004) " fcode="bitconcatenate"/>
<opset="or_ln1/3 "/>
</bind>
</comp>

<comp id="561" class="1004" name="or_ln154_1_fu_561">
<pin_list>
<pin id="562" dir="0" index="0" bw="32" slack="0"/>
<pin id="563" dir="0" index="1" bw="11" slack="0"/>
<pin id="564" dir="0" index="2" bw="21" slack="0"/>
<pin id="565" dir="1" index="3" bw="32" slack="0"/>
</pin_list>
<bind>
<opcode="bitconcatenate(1004) " fcode="bitconcatenate"/>
<opset="or_ln154_1/3 "/>
</bind>
</comp>

<comp id="569" class="1004" name="and_ln154_fu_569">
<pin_list>
<pin id="570" dir="0" index="0" bw="32" slack="0"/>
<pin id="571" dir="0" index="1" bw="32" slack="0"/>
<pin id="572" dir="1" index="2" bw="32" slack="0"/>
</pin_list>
<bind>
<opcode="and(23) " fcode="and"/>
<opset="and_ln154/3 "/>
</bind>
</comp>

<comp id="575" class="1004" name="and_ln154_1_fu_575">
<pin_list>
<pin id="576" dir="0" index="0" bw="32" slack="0"/>
<pin id="577" dir="0" index="1" bw="32" slack="0"/>
<pin id="578" dir="1" index="2" bw="32" slack="0"/>
</pin_list>
<bind>
<opcode="and(23) " fcode="and"/>
<opset="and_ln154_1/3 "/>
</bind>
</comp>

<comp id="581" class="1004" name="or_ln154_2_fu_581">
<pin_list>
<pin id="582" dir="0" index="0" bw="32" slack="0"/>
<pin id="583" dir="0" index="1" bw="25" slack="0"/>
<pin id="584" dir="0" index="2" bw="7" slack="0"/>
<pin id="585" dir="1" index="3" bw="32" slack="0"/>
</pin_list>
<bind>
<opcode="bitconcatenate(1004) " fcode="bitconcatenate"/>
<opset="or_ln154_2/3 "/>
</bind>
</comp>

<comp id="589" class="1004" name="xor_ln154_1_fu_589">
<pin_list>
<pin id="590" dir="0" index="0" bw="32" slack="0"/>
<pin id="591" dir="0" index="1" bw="32" slack="0"/>
<pin id="592" dir="1" index="2" bw="32" slack="0"/>
</pin_list>
<bind>
<opcode="xor(25) " fcode="xor"/>
<opset="xor_ln154_1/3 "/>
</bind>
</comp>

<comp id="595" class="1004" name="xor_ln154_2_fu_595">
<pin_list>
<pin id="596" dir="0" index="0" bw="32" slack="0"/>
<pin id="597" dir="0" index="1" bw="32" slack="0"/>
<pin id="598" dir="1" index="2" bw="32" slack="0"/>
</pin_list>
<bind>
<opcode="xor(25) " fcode="xor"/>
<opset="xor_ln154_2/3 "/>
</bind>
</comp>

<comp id="601" class="1004" name="xor_ln154_3_fu_601">
<pin_list>
<pin id="602" dir="0" index="0" bw="32" slack="0"/>
<pin id="603" dir="0" index="1" bw="32" slack="0"/>
<pin id="604" dir="1" index="2" bw="32" slack="0"/>
</pin_list>
<bind>
<opcode="xor(25) " fcode="xor"/>
<opset="xor_ln154_3/3 "/>
</bind>
</comp>

<comp id="607" class="1004" name="add_ln154_fu_607">
<pin_list>
<pin id="608" dir="0" index="0" bw="32" slack="1"/>
<pin id="609" dir="0" index="1" bw="32" slack="0"/>
<pin id="610" dir="1" index="2" bw="32" slack="0"/>
</pin_list>
<bind>
<opcode="add(8) " fcode="add"/>
<opset="add_ln154/3 "/>
</bind>
</comp>

<comp id="612" class="1004" name="add_ln154_1_fu_612">
<pin_list>
<pin id="613" dir="0" index="0" bw="32" slack="1"/>
<pin id="614" dir="0" index="1" bw="32" slack="0"/>
<pin id="615" dir="1" index="2" bw="32" slack="0"/>
</pin_list>
<bind>
<opcode="add(8) " fcode="add"/>
<opset="add_ln154_1/3 "/>
</bind>
</comp>

<comp id="617" class="1004" name="add_ln154_2_fu_617">
<pin_list>
<pin id="618" dir="0" index="0" bw="32" slack="0"/>
<pin id="619" dir="0" index="1" bw="32" slack="0"/>
<pin id="620" dir="1" index="2" bw="32" slack="0"/>
</pin_list>
<bind>
<opcode="add(8) " fcode="add"/>
<opset="add_ln154_2/3 "/>
</bind>
</comp>

<comp id="623" class="1004" name="t1_fu_623">
<pin_list>
<pin id="624" dir="0" index="0" bw="32" slack="0"/>
<pin id="625" dir="0" index="1" bw="32" slack="0"/>
<pin id="626" dir="1" index="2" bw="32" slack="0"/>
</pin_list>
<bind>
<opcode="add(8) " fcode="add"/>
<opset="t1/3 "/>
</bind>
</comp>

<comp id="629" class="1004" name="lshr_ln54_7_fu_629">
<pin_list>
<pin id="630" dir="0" index="0" bw="30" slack="0"/>
<pin id="631" dir="0" index="1" bw="32" slack="0"/>
<pin id="632" dir="0" index="2" bw="3" slack="0"/>
<pin id="633" dir="0" index="3" bw="6" slack="0"/>
<pin id="634" dir="1" index="4" bw="30" slack="0"/>
</pin_list>
<bind>
<opcode="partselect(1002) " fcode="partselect"/>
<opset="lshr_ln54_7/3 "/>
</bind>
</comp>

<comp id="639" class="1004" name="trunc_ln54_3_fu_639">
<pin_list>
<pin id="640" dir="0" index="0" bw="32" slack="0"/>
<pin id="641" dir="1" index="1" bw="2" slack="0"/>
</pin_list>
<bind>
<opcode="trunc(33) " fcode="trunc"/>
<opset="trunc_ln54_3/3 "/>
</bind>
</comp>

<comp id="643" class="1004" name="lshr_ln54_8_fu_643">
<pin_list>
<pin id="644" dir="0" index="0" bw="19" slack="0"/>
<pin id="645" dir="0" index="1" bw="32" slack="0"/>
<pin id="646" dir="0" index="2" bw="5" slack="0"/>
<pin id="647" dir="0" index="3" bw="6" slack="0"/>
<pin id="648" dir="1" index="4" bw="19" slack="0"/>
</pin_list>
<bind>
<opcode="partselect(1002) " fcode="partselect"/>
<opset="lshr_ln54_8/3 "/>
</bind>
</comp>

<comp id="653" class="1004" name="trunc_ln54_4_fu_653">
<pin_list>
<pin id="654" dir="0" index="0" bw="32" slack="0"/>
<pin id="655" dir="1" index="1" bw="13" slack="0"/>
</pin_list>
<bind>
<opcode="trunc(33) " fcode="trunc"/>
<opset="trunc_ln54_4/3 "/>
</bind>
</comp>

<comp id="657" class="1004" name="lshr_ln54_9_fu_657">
<pin_list>
<pin id="658" dir="0" index="0" bw="10" slack="0"/>
<pin id="659" dir="0" index="1" bw="32" slack="0"/>
<pin id="660" dir="0" index="2" bw="6" slack="0"/>
<pin id="661" dir="0" index="3" bw="6" slack="0"/>
<pin id="662" dir="1" index="4" bw="10" slack="0"/>
</pin_list>
<bind>
<opcode="partselect(1002) " fcode="partselect"/>
<opset="lshr_ln54_9/3 "/>
</bind>
</comp>

<comp id="667" class="1004" name="trunc_ln54_5_fu_667">
<pin_list>
<pin id="668" dir="0" index="0" bw="32" slack="0"/>
<pin id="669" dir="1" index="1" bw="22" slack="0"/>
</pin_list>
<bind>
<opcode="trunc(33) " fcode="trunc"/>
<opset="trunc_ln54_5/3 "/>
</bind>
</comp>

<comp id="671" class="1004" name="e_1_fu_671">
<pin_list>
<pin id="672" dir="0" index="0" bw="32" slack="0"/>
<pin id="673" dir="0" index="1" bw="32" slack="0"/>
<pin id="674" dir="1" index="2" bw="32" slack="0"/>
</pin_list>
<bind>
<opcode="add(8) " fcode="add"/>
<opset="e_1/3 "/>
</bind>
</comp>

<comp id="677" class="1004" name="xor_ln164_fu_677">
<pin_list>
<pin id="678" dir="0" index="0" bw="32" slack="0"/>
<pin id="679" dir="0" index="1" bw="32" slack="0"/>
<pin id="680" dir="1" index="2" bw="32" slack="0"/>
</pin_list>
<bind>
<opcode="xor(25) " fcode="xor"/>
<opset="xor_ln164/3 "/>
</bind>
</comp>

<comp id="683" class="1004" name="and_ln164_fu_683">
<pin_list>
<pin id="684" dir="0" index="0" bw="32" slack="0"/>
<pin id="685" dir="0" index="1" bw="32" slack="0"/>
<pin id="686" dir="1" index="2" bw="32" slack="0"/>
</pin_list>
<bind>
<opcode="and(23) " fcode="and"/>
<opset="and_ln164/3 "/>
</bind>
</comp>

<comp id="689" class="1004" name="and_ln164_1_fu_689">
<pin_list>
<pin id="690" dir="0" index="0" bw="32" slack="0"/>
<pin id="691" dir="0" index="1" bw="32" slack="0"/>
<pin id="692" dir="1" index="2" bw="32" slack="0"/>
</pin_list>
<bind>
<opcode="and(23) " fcode="and"/>
<opset="and_ln164_1/3 "/>
</bind>
</comp>

<comp id="695" class="1004" name="or_ln2_fu_695">
<pin_list>
<pin id="696" dir="0" index="0" bw="32" slack="0"/>
<pin id="697" dir="0" index="1" bw="2" slack="0"/>
<pin id="698" dir="0" index="2" bw="30" slack="0"/>
<pin id="699" dir="1" index="3" bw="32" slack="0"/>
</pin_list>
<bind>
<opcode="bitconcatenate(1004) " fcode="bitconcatenate"/>
<opset="or_ln2/3 "/>
</bind>
</comp>

<comp id="703" class="1004" name="or_ln164_1_fu_703">
<pin_list>
<pin id="704" dir="0" index="0" bw="32" slack="0"/>
<pin id="705" dir="0" index="1" bw="13" slack="0"/>
<pin id="706" dir="0" index="2" bw="19" slack="0"/>
<pin id="707" dir="1" index="3" bw="32" slack="0"/>
</pin_list>
<bind>
<opcode="bitconcatenate(1004) " fcode="bitconcatenate"/>
<opset="or_ln164_1/3 "/>
</bind>
</comp>

<comp id="711" class="1004" name="xor_ln164_1_fu_711">
<pin_list>
<pin id="712" dir="0" index="0" bw="32" slack="0"/>
<pin id="713" dir="0" index="1" bw="32" slack="0"/>
<pin id="714" dir="1" index="2" bw="32" slack="0"/>
</pin_list>
<bind>
<opcode="xor(25) " fcode="xor"/>
<opset="xor_ln164_1/3 "/>
</bind>
</comp>

<comp id="717" class="1004" name="or_ln164_2_fu_717">
<pin_list>
<pin id="718" dir="0" index="0" bw="32" slack="0"/>
<pin id="719" dir="0" index="1" bw="22" slack="0"/>
<pin id="720" dir="0" index="2" bw="10" slack="0"/>
<pin id="721" dir="1" index="3" bw="32" slack="0"/>
</pin_list>
<bind>
<opcode="bitconcatenate(1004) " fcode="bitconcatenate"/>
<opset="or_ln164_2/3 "/>
</bind>
</comp>

<comp id="725" class="1004" name="xor_ln164_2_fu_725">
<pin_list>
<pin id="726" dir="0" index="0" bw="32" slack="0"/>
<pin id="727" dir="0" index="1" bw="32" slack="0"/>
<pin id="728" dir="1" index="2" bw="32" slack="0"/>
</pin_list>
<bind>
<opcode="xor(25) " fcode="xor"/>
<opset="xor_ln164_2/3 "/>
</bind>
</comp>

<comp id="731" class="1004" name="xor_ln164_3_fu_731">
<pin_list>
<pin id="732" dir="0" index="0" bw="32" slack="0"/>
<pin id="733" dir="0" index="1" bw="32" slack="0"/>
<pin id="734" dir="1" index="2" bw="32" slack="0"/>
</pin_list>
<bind>
<opcode="xor(25) " fcode="xor"/>
<opset="xor_ln164_3/3 "/>
</bind>
</comp>

<comp id="737" class="1004" name="add_ln164_fu_737">
<pin_list>
<pin id="738" dir="0" index="0" bw="32" slack="0"/>
<pin id="739" dir="0" index="1" bw="32" slack="0"/>
<pin id="740" dir="1" index="2" bw="32" slack="0"/>
</pin_list>
<bind>
<opcode="add(8) " fcode="add"/>
<opset="add_ln164/3 "/>
</bind>
</comp>

<comp id="743" class="1004" name="a_fu_743">
<pin_list>
<pin id="744" dir="0" index="0" bw="32" slack="0"/>
<pin id="745" dir="0" index="1" bw="32" slack="0"/>
<pin id="746" dir="1" index="2" bw="32" slack="0"/>
</pin_list>
<bind>
<opcode="add(8) " fcode="add"/>
<opset="a/3 "/>
</bind>
</comp>

<comp id="749" class="1004" name="store_ln151_store_fu_749">
<pin_list>
<pin id="750" dir="0" index="0" bw="32" slack="0"/>
<pin id="751" dir="0" index="1" bw="32" slack="2"/>
<pin id="752" dir="1" index="2" bw="0" slack="2147483647"/>
</pin_list>
<bind>
<opcode="store(28) " fcode="store"/>
<opset="store_ln151/3 "/>
</bind>
</comp>

<comp id="754" class="1004" name="store_ln151_store_fu_754">
<pin_list>
<pin id="755" dir="0" index="0" bw="32" slack="0"/>
<pin id="756" dir="0" index="1" bw="32" slack="2"/>
<pin id="757" dir="1" index="2" bw="0" slack="2147483647"/>
</pin_list>
<bind>
<opcode="store(28) " fcode="store"/>
<opset="store_ln151/3 "/>
</bind>
</comp>

<comp id="759" class="1004" name="store_ln151_store_fu_759">
<pin_list>
<pin id="760" dir="0" index="0" bw="32" slack="0"/>
<pin id="761" dir="0" index="1" bw="32" slack="2"/>
<pin id="762" dir="1" index="2" bw="0" slack="2147483647"/>
</pin_list>
<bind>
<opcode="store(28) " fcode="store"/>
<opset="store_ln151/3 "/>
</bind>
</comp>

<comp id="764" class="1004" name="store_ln151_store_fu_764">
<pin_list>
<pin id="765" dir="0" index="0" bw="32" slack="0"/>
<pin id="766" dir="0" index="1" bw="32" slack="2"/>
<pin id="767" dir="1" index="2" bw="0" slack="2147483647"/>
</pin_list>
<bind>
<opcode="store(28) " fcode="store"/>
<opset="store_ln151/3 "/>
</bind>
</comp>

<comp id="769" class="1004" name="store_ln151_store_fu_769">
<pin_list>
<pin id="770" dir="0" index="0" bw="32" slack="0"/>
<pin id="771" dir="0" index="1" bw="32" slack="2"/>
<pin id="772" dir="1" index="2" bw="0" slack="2147483647"/>
</pin_list>
<bind>
<opcode="store(28) " fcode="store"/>
<opset="store_ln151/3 "/>
</bind>
</comp>

<comp id="774" class="1004" name="store_ln151_store_fu_774">
<pin_list>
<pin id="775" dir="0" index="0" bw="32" slack="0"/>
<pin id="776" dir="0" index="1" bw="32" slack="2"/>
<pin id="777" dir="1" index="2" bw="0" slack="2147483647"/>
</pin_list>
<bind>
<opcode="store(28) " fcode="store"/>
<opset="store_ln151/3 "/>
</bind>
</comp>

<comp id="779" class="1004" name="store_ln151_store_fu_779">
<pin_list>
<pin id="780" dir="0" index="0" bw="32" slack="0"/>
<pin id="781" dir="0" index="1" bw="32" slack="2"/>
<pin id="782" dir="1" index="2" bw="0" slack="2147483647"/>
</pin_list>
<bind>
<opcode="store(28) " fcode="store"/>
<opset="store_ln151/3 "/>
</bind>
</comp>

<comp id="784" class="1004" name="store_ln151_store_fu_784">
<pin_list>
<pin id="785" dir="0" index="0" bw="32" slack="0"/>
<pin id="786" dir="0" index="1" bw="32" slack="2"/>
<pin id="787" dir="1" index="2" bw="0" slack="2147483647"/>
</pin_list>
<bind>
<opcode="store(28) " fcode="store"/>
<opset="store_ln151/3 "/>
</bind>
</comp>

<comp id="789" class="1004" name="d_load_1_load_fu_789">
<pin_list>
<pin id="790" dir="0" index="0" bw="32" slack="2"/>
<pin id="791" dir="1" index="1" bw="32" slack="0"/>
</pin_list>
<bind>
<opcode="load(27) " fcode="load"/>
<opset="d_load_1/3 "/>
</bind>
</comp>

<comp id="793" class="1004" name="h_load_1_load_fu_793">
<pin_list>
<pin id="794" dir="0" index="0" bw="32" slack="2"/>
<pin id="795" dir="1" index="1" bw="32" slack="0"/>
</pin_list>
<bind>
<opcode="load(27) " fcode="load"/>
<opset="h_load_1/3 "/>
</bind>
</comp>

<comp id="797" class="1005" name="phi_urem147_reg_797">
<pin_list>
<pin id="798" dir="0" index="0" bw="7" slack="0"/>
<pin id="799" dir="1" index="1" bw="7" slack="0"/>
</pin_list>
<bind>
<opset="phi_urem147 "/>
</bind>
</comp>

<comp id="804" class="1005" name="phi_mul145_reg_804">
<pin_list>
<pin id="805" dir="0" index="0" bw="14" slack="0"/>
<pin id="806" dir="1" index="1" bw="14" slack="0"/>
</pin_list>
<bind>
<opset="phi_mul145 "/>
</bind>
</comp>

<comp id="811" class="1005" name="d_reg_811">
<pin_list>
<pin id="812" dir="0" index="0" bw="32" slack="0"/>
<pin id="813" dir="1" index="1" bw="32" slack="0"/>
</pin_list>
<bind>
<opset="d "/>
</bind>
</comp>

<comp id="819" class="1005" name="h_reg_819">
<pin_list>
<pin id="820" dir="0" index="0" bw="32" slack="0"/>
<pin id="821" dir="1" index="1" bw="32" slack="0"/>
</pin_list>
<bind>
<opset="h "/>
</bind>
</comp>

<comp id="827" class="1005" name="i_reg_827">
<pin_list>
<pin id="828" dir="0" index="0" bw="7" slack="0"/>
<pin id="829" dir="1" index="1" bw="7" slack="0"/>
</pin_list>
<bind>
<opset="i "/>
</bind>
</comp>

<comp id="834" class="1005" name="h_1_reg_834">
<pin_list>
<pin id="835" dir="0" index="0" bw="32" slack="0"/>
<pin id="836" dir="1" index="1" bw="32" slack="0"/>
</pin_list>
<bind>
<opset="h_1 "/>
</bind>
</comp>

<comp id="841" class="1005" name="g_reg_841">
<pin_list>
<pin id="842" dir="0" index="0" bw="32" slack="0"/>
<pin id="843" dir="1" index="1" bw="32" slack="0"/>
</pin_list>
<bind>
<opset="g "/>
</bind>
</comp>

<comp id="848" class="1005" name="f_reg_848">
<pin_list>
<pin id="849" dir="0" index="0" bw="32" slack="0"/>
<pin id="850" dir="1" index="1" bw="32" slack="0"/>
</pin_list>
<bind>
<opset="f "/>
</bind>
</comp>

<comp id="855" class="1005" name="d_1_reg_855">
<pin_list>
<pin id="856" dir="0" index="0" bw="32" slack="0"/>
<pin id="857" dir="1" index="1" bw="32" slack="0"/>
</pin_list>
<bind>
<opset="d_1 "/>
</bind>
</comp>

<comp id="862" class="1005" name="c_reg_862">
<pin_list>
<pin id="863" dir="0" index="0" bw="32" slack="0"/>
<pin id="864" dir="1" index="1" bw="32" slack="0"/>
</pin_list>
<bind>
<opset="c "/>
</bind>
</comp>

<comp id="869" class="1005" name="b_reg_869">
<pin_list>
<pin id="870" dir="0" index="0" bw="32" slack="0"/>
<pin id="871" dir="1" index="1" bw="32" slack="0"/>
</pin_list>
<bind>
<opset="b "/>
</bind>
</comp>

<comp id="876" class="1005" name="icmp_ln151_reg_876">
<pin_list>
<pin id="877" dir="0" index="0" bw="1" slack="1"/>
<pin id="878" dir="1" index="1" bw="1" slack="2147483647"/>
</pin_list>
<bind>
<opset="icmp_ln151 "/>
</bind>
</comp>

<comp id="880" class="1005" name="SHA256_K_addr_reg_880">
<pin_list>
<pin id="881" dir="0" index="0" bw="6" slack="1"/>
<pin id="882" dir="1" index="1" bw="6" slack="1"/>
</pin_list>
<bind>
<opset="SHA256_K_addr "/>
</bind>
</comp>

<comp id="885" class="1005" name="w_addr_reg_885">
<pin_list>
<pin id="886" dir="0" index="0" bw="5" slack="1"/>
<pin id="887" dir="1" index="1" bw="5" slack="1"/>
</pin_list>
<bind>
<opset="w_addr "/>
</bind>
</comp>

<comp id="890" class="1005" name="w_1_addr_reg_890">
<pin_list>
<pin id="891" dir="0" index="0" bw="5" slack="1"/>
<pin id="892" dir="1" index="1" bw="5" slack="1"/>
</pin_list>
<bind>
<opset="w_1_addr "/>
</bind>
</comp>

<comp id="895" class="1005" name="w_2_addr_reg_895">
<pin_list>
<pin id="896" dir="0" index="0" bw="5" slack="1"/>
<pin id="897" dir="1" index="1" bw="5" slack="1"/>
</pin_list>
<bind>
<opset="w_2_addr "/>
</bind>
</comp>

<comp id="900" class="1005" name="SHA256_K_load_reg_900">
<pin_list>
<pin id="901" dir="0" index="0" bw="32" slack="1"/>
<pin id="902" dir="1" index="1" bw="32" slack="1"/>
</pin_list>
<bind>
<opset="SHA256_K_load "/>
</bind>
</comp>

<comp id="905" class="1005" name="tmp_8_reg_905">
<pin_list>
<pin id="906" dir="0" index="0" bw="32" slack="1"/>
<pin id="907" dir="1" index="1" bw="32" slack="1"/>
</pin_list>
<bind>
<opset="tmp_8 "/>
</bind>
</comp>

</comp_list>

<net_list>
<net id="123"><net_src comp="40" pin="0"/><net_sink comp="120" pin=0"/></net>

<net id="127"><net_src comp="40" pin="0"/><net_sink comp="124" pin=0"/></net>

<net id="131"><net_src comp="40" pin="0"/><net_sink comp="128" pin=0"/></net>

<net id="135"><net_src comp="40" pin="0"/><net_sink comp="132" pin=0"/></net>

<net id="139"><net_src comp="40" pin="0"/><net_sink comp="136" pin=0"/></net>

<net id="143"><net_src comp="40" pin="0"/><net_sink comp="140" pin=0"/></net>

<net id="147"><net_src comp="40" pin="0"/><net_sink comp="144" pin=0"/></net>

<net id="151"><net_src comp="40" pin="0"/><net_sink comp="148" pin=0"/></net>

<net id="155"><net_src comp="40" pin="0"/><net_sink comp="152" pin=0"/></net>

<net id="159"><net_src comp="40" pin="0"/><net_sink comp="156" pin=0"/></net>

<net id="163"><net_src comp="40" pin="0"/><net_sink comp="160" pin=0"/></net>

<net id="168"><net_src comp="42" pin="0"/><net_sink comp="164" pin=0"/></net>

<net id="169"><net_src comp="14" pin="0"/><net_sink comp="164" pin=1"/></net>

<net id="174"><net_src comp="42" pin="0"/><net_sink comp="170" pin=0"/></net>

<net id="175"><net_src comp="12" pin="0"/><net_sink comp="170" pin=1"/></net>

<net id="180"><net_src comp="42" pin="0"/><net_sink comp="176" pin=0"/></net>

<net id="181"><net_src comp="10" pin="0"/><net_sink comp="176" pin=1"/></net>

<net id="186"><net_src comp="42" pin="0"/><net_sink comp="182" pin=0"/></net>

<net id="187"><net_src comp="8" pin="0"/><net_sink comp="182" pin=1"/></net>

<net id="192"><net_src comp="42" pin="0"/><net_sink comp="188" pin=0"/></net>

<net id="193"><net_src comp="6" pin="0"/><net_sink comp="188" pin=1"/></net>

<net id="198"><net_src comp="42" pin="0"/><net_sink comp="194" pin=0"/></net>

<net id="199"><net_src comp="4" pin="0"/><net_sink comp="194" pin=1"/></net>

<net id="204"><net_src comp="42" pin="0"/><net_sink comp="200" pin=0"/></net>

<net id="205"><net_src comp="2" pin="0"/><net_sink comp="200" pin=1"/></net>

<net id="210"><net_src comp="42" pin="0"/><net_sink comp="206" pin=0"/></net>

<net id="211"><net_src comp="0" pin="0"/><net_sink comp="206" pin=1"/></net>

<net id="217"><net_src comp="118" pin="0"/><net_sink comp="212" pin=0"/></net>

<net id="218"><net_src comp="22" pin="0"/><net_sink comp="212" pin=1"/></net>

<net id="224"><net_src comp="118" pin="0"/><net_sink comp="219" pin=0"/></net>

<net id="225"><net_src comp="24" pin="0"/><net_sink comp="219" pin=1"/></net>

<net id="231"><net_src comp="118" pin="0"/><net_sink comp="226" pin=0"/></net>

<net id="232"><net_src comp="26" pin="0"/><net_sink comp="226" pin=1"/></net>

<net id="238"><net_src comp="118" pin="0"/><net_sink comp="233" pin=0"/></net>

<net id="239"><net_src comp="28" pin="0"/><net_sink comp="233" pin=1"/></net>

<net id="245"><net_src comp="118" pin="0"/><net_sink comp="240" pin=0"/></net>

<net id="246"><net_src comp="30" pin="0"/><net_sink comp="240" pin=1"/></net>

<net id="252"><net_src comp="118" pin="0"/><net_sink comp="247" pin=0"/></net>

<net id="253"><net_src comp="32" pin="0"/><net_sink comp="247" pin=1"/></net>

<net id="259"><net_src comp="118" pin="0"/><net_sink comp="254" pin=0"/></net>

<net id="260"><net_src comp="34" pin="0"/><net_sink comp="254" pin=1"/></net>

<net id="266"><net_src comp="118" pin="0"/><net_sink comp="261" pin=0"/></net>

<net id="267"><net_src comp="36" pin="0"/><net_sink comp="261" pin=1"/></net>

<net id="273"><net_src comp="38" pin="0"/><net_sink comp="268" pin=0"/></net>

<net id="274"><net_src comp="60" pin="0"/><net_sink comp="268" pin=1"/></net>

<net id="280"><net_src comp="268" pin="3"/><net_sink comp="275" pin=0"/></net>

<net id="286"><net_src comp="16" pin="0"/><net_sink comp="281" pin=0"/></net>

<net id="287"><net_src comp="60" pin="0"/><net_sink comp="281" pin=1"/></net>

<net id="293"><net_src comp="18" pin="0"/><net_sink comp="288" pin=0"/></net>

<net id="294"><net_src comp="60" pin="0"/><net_sink comp="288" pin=1"/></net>

<net id="300"><net_src comp="20" pin="0"/><net_sink comp="295" pin=0"/></net>

<net id="301"><net_src comp="60" pin="0"/><net_sink comp="295" pin=1"/></net>

<net id="307"><net_src comp="281" pin="3"/><net_sink comp="302" pin=0"/></net>

<net id="313"><net_src comp="288" pin="3"/><net_sink comp="308" pin=0"/></net>

<net id="319"><net_src comp="295" pin="3"/><net_sink comp="314" pin=0"/></net>

<net id="324"><net_src comp="200" pin="2"/><net_sink comp="320" pin=0"/></net>

<net id="329"><net_src comp="194" pin="2"/><net_sink comp="325" pin=0"/></net>

<net id="334"><net_src comp="188" pin="2"/><net_sink comp="330" pin=0"/></net>

<net id="339"><net_src comp="176" pin="2"/><net_sink comp="335" pin=0"/></net>

<net id="344"><net_src comp="170" pin="2"/><net_sink comp="340" pin=0"/></net>

<net id="349"><net_src comp="164" pin="2"/><net_sink comp="345" pin=0"/></net>

<net id="354"><net_src comp="44" pin="0"/><net_sink comp="350" pin=0"/></net>

<net id="359"><net_src comp="206" pin="2"/><net_sink comp="355" pin=0"/></net>

<net id="364"><net_src comp="182" pin="2"/><net_sink comp="360" pin=0"/></net>

<net id="369"><net_src comp="46" pin="0"/><net_sink comp="365" pin=0"/></net>

<net id="374"><net_src comp="44" pin="0"/><net_sink comp="370" pin=0"/></net>

<net id="382"><net_src comp="375" pin="1"/><net_sink comp="378" pin=0"/></net>

<net id="383"><net_src comp="48" pin="0"/><net_sink comp="378" pin=1"/></net>

<net id="388"><net_src comp="375" pin="1"/><net_sink comp="384" pin=0"/></net>

<net id="389"><net_src comp="50" pin="0"/><net_sink comp="384" pin=1"/></net>

<net id="396"><net_src comp="375" pin="1"/><net_sink comp="393" pin=0"/></net>

<net id="397"><net_src comp="393" pin="1"/><net_sink comp="268" pin=2"/></net>

<net id="402"><net_src comp="390" pin="1"/><net_sink comp="398" pin=0"/></net>

<net id="403"><net_src comp="52" pin="0"/><net_sink comp="398" pin=1"/></net>

<net id="410"><net_src comp="54" pin="0"/><net_sink comp="404" pin=0"/></net>

<net id="411"><net_src comp="390" pin="1"/><net_sink comp="404" pin=1"/></net>

<net id="412"><net_src comp="56" pin="0"/><net_sink comp="404" pin=2"/></net>

<net id="413"><net_src comp="58" pin="0"/><net_sink comp="404" pin=3"/></net>

<net id="417"><net_src comp="404" pin="4"/><net_sink comp="414" pin=0"/></net>

<net id="418"><net_src comp="414" pin="1"/><net_sink comp="281" pin=2"/></net>

<net id="419"><net_src comp="414" pin="1"/><net_sink comp="288" pin=2"/></net>

<net id="420"><net_src comp="414" pin="1"/><net_sink comp="295" pin=2"/></net>

<net id="425"><net_src comp="384" pin="2"/><net_sink comp="421" pin=0"/></net>

<net id="430"><net_src comp="398" pin="2"/><net_sink comp="426" pin=0"/></net>

<net id="438"><net_src comp="431" pin="1"/><net_sink comp="434" pin=0"/></net>

<net id="439"><net_src comp="50" pin="0"/><net_sink comp="434" pin=1"/></net>

<net id="444"><net_src comp="434" pin="2"/><net_sink comp="440" pin=0"/></net>

<net id="445"><net_src comp="62" pin="0"/><net_sink comp="440" pin=1"/></net>

<net id="451"><net_src comp="440" pin="2"/><net_sink comp="446" pin=0"/></net>

<net id="452"><net_src comp="434" pin="2"/><net_sink comp="446" pin=1"/></net>

<net id="453"><net_src comp="44" pin="0"/><net_sink comp="446" pin=2"/></net>

<net id="457"><net_src comp="431" pin="1"/><net_sink comp="454" pin=0"/></net>

<net id="465"><net_src comp="64" pin="0"/><net_sink comp="458" pin=0"/></net>

<net id="466"><net_src comp="302" pin="3"/><net_sink comp="458" pin=1"/></net>

<net id="467"><net_src comp="308" pin="3"/><net_sink comp="458" pin=2"/></net>

<net id="468"><net_src comp="314" pin="3"/><net_sink comp="458" pin=3"/></net>

<net id="469"><net_src comp="454" pin="1"/><net_sink comp="458" pin=4"/></net>

<net id="474"><net_src comp="446" pin="3"/><net_sink comp="470" pin=0"/></net>

<net id="478"><net_src comp="475" pin="1"/><net_sink comp="261" pin=2"/></net>

<net id="482"><net_src comp="479" pin="1"/><net_sink comp="254" pin=2"/></net>

<net id="486"><net_src comp="483" pin="1"/><net_sink comp="247" pin=2"/></net>

<net id="490"><net_src comp="487" pin="1"/><net_sink comp="233" pin=2"/></net>

<net id="494"><net_src comp="491" pin="1"/><net_sink comp="226" pin=2"/></net>

<net id="498"><net_src comp="495" pin="1"/><net_sink comp="219" pin=2"/></net>

<net id="511"><net_src comp="80" pin="0"/><net_sink comp="505" pin=0"/></net>

<net id="512"><net_src comp="483" pin="1"/><net_sink comp="505" pin=1"/></net>

<net id="513"><net_src comp="82" pin="0"/><net_sink comp="505" pin=2"/></net>

<net id="514"><net_src comp="84" pin="0"/><net_sink comp="505" pin=3"/></net>

<net id="518"><net_src comp="483" pin="1"/><net_sink comp="515" pin=0"/></net>

<net id="525"><net_src comp="86" pin="0"/><net_sink comp="519" pin=0"/></net>

<net id="526"><net_src comp="483" pin="1"/><net_sink comp="519" pin=1"/></net>

<net id="527"><net_src comp="88" pin="0"/><net_sink comp="519" pin=2"/></net>

<net id="528"><net_src comp="84" pin="0"/><net_sink comp="519" pin=3"/></net>

<net id="532"><net_src comp="483" pin="1"/><net_sink comp="529" pin=0"/></net>

<net id="539"><net_src comp="90" pin="0"/><net_sink comp="533" pin=0"/></net>

<net id="540"><net_src comp="483" pin="1"/><net_sink comp="533" pin=1"/></net>

<net id="541"><net_src comp="92" pin="0"/><net_sink comp="533" pin=2"/></net>

<net id="542"><net_src comp="84" pin="0"/><net_sink comp="533" pin=3"/></net>

<net id="546"><net_src comp="483" pin="1"/><net_sink comp="543" pin=0"/></net>

<net id="551"><net_src comp="483" pin="1"/><net_sink comp="547" pin=0"/></net>

<net id="552"><net_src comp="94" pin="0"/><net_sink comp="547" pin=1"/></net>

<net id="558"><net_src comp="96" pin="0"/><net_sink comp="553" pin=0"/></net>

<net id="559"><net_src comp="515" pin="1"/><net_sink comp="553" pin=1"/></net>

<net id="560"><net_src comp="505" pin="4"/><net_sink comp="553" pin=2"/></net>

<net id="566"><net_src comp="98" pin="0"/><net_sink comp="561" pin=0"/></net>

<net id="567"><net_src comp="529" pin="1"/><net_sink comp="561" pin=1"/></net>

<net id="568"><net_src comp="519" pin="4"/><net_sink comp="561" pin=2"/></net>

<net id="573"><net_src comp="479" pin="1"/><net_sink comp="569" pin=0"/></net>

<net id="574"><net_src comp="483" pin="1"/><net_sink comp="569" pin=1"/></net>

<net id="579"><net_src comp="475" pin="1"/><net_sink comp="575" pin=0"/></net>

<net id="580"><net_src comp="547" pin="2"/><net_sink comp="575" pin=1"/></net>

<net id="586"><net_src comp="100" pin="0"/><net_sink comp="581" pin=0"/></net>

<net id="587"><net_src comp="543" pin="1"/><net_sink comp="581" pin=1"/></net>

<net id="588"><net_src comp="533" pin="4"/><net_sink comp="581" pin=2"/></net>

<net id="593"><net_src comp="575" pin="2"/><net_sink comp="589" pin=0"/></net>

<net id="594"><net_src comp="569" pin="2"/><net_sink comp="589" pin=1"/></net>

<net id="599"><net_src comp="553" pin="3"/><net_sink comp="595" pin=0"/></net>

<net id="600"><net_src comp="561" pin="3"/><net_sink comp="595" pin=1"/></net>

<net id="605"><net_src comp="595" pin="2"/><net_sink comp="601" pin=0"/></net>

<net id="606"><net_src comp="581" pin="3"/><net_sink comp="601" pin=1"/></net>

<net id="611"><net_src comp="502" pin="1"/><net_sink comp="607" pin=1"/></net>

<net id="616"><net_src comp="601" pin="2"/><net_sink comp="612" pin=1"/></net>

<net id="621"><net_src comp="612" pin="2"/><net_sink comp="617" pin=0"/></net>

<net id="622"><net_src comp="589" pin="2"/><net_sink comp="617" pin=1"/></net>

<net id="627"><net_src comp="617" pin="2"/><net_sink comp="623" pin=0"/></net>

<net id="628"><net_src comp="607" pin="2"/><net_sink comp="623" pin=1"/></net>

<net id="635"><net_src comp="102" pin="0"/><net_sink comp="629" pin=0"/></net>

<net id="636"><net_src comp="495" pin="1"/><net_sink comp="629" pin=1"/></net>

<net id="637"><net_src comp="104" pin="0"/><net_sink comp="629" pin=2"/></net>

<net id="638"><net_src comp="84" pin="0"/><net_sink comp="629" pin=3"/></net>

<net id="642"><net_src comp="495" pin="1"/><net_sink comp="639" pin=0"/></net>

<net id="649"><net_src comp="106" pin="0"/><net_sink comp="643" pin=0"/></net>

<net id="650"><net_src comp="495" pin="1"/><net_sink comp="643" pin=1"/></net>

<net id="651"><net_src comp="58" pin="0"/><net_sink comp="643" pin=2"/></net>

<net id="652"><net_src comp="84" pin="0"/><net_sink comp="643" pin=3"/></net>

<net id="656"><net_src comp="495" pin="1"/><net_sink comp="653" pin=0"/></net>

<net id="663"><net_src comp="108" pin="0"/><net_sink comp="657" pin=0"/></net>

<net id="664"><net_src comp="495" pin="1"/><net_sink comp="657" pin=1"/></net>

<net id="665"><net_src comp="110" pin="0"/><net_sink comp="657" pin=2"/></net>

<net id="666"><net_src comp="84" pin="0"/><net_sink comp="657" pin=3"/></net>

<net id="670"><net_src comp="495" pin="1"/><net_sink comp="667" pin=0"/></net>

<net id="675"><net_src comp="623" pin="2"/><net_sink comp="671" pin=0"/></net>

<net id="676"><net_src comp="499" pin="1"/><net_sink comp="671" pin=1"/></net>

<net id="681"><net_src comp="487" pin="1"/><net_sink comp="677" pin=0"/></net>

<net id="682"><net_src comp="491" pin="1"/><net_sink comp="677" pin=1"/></net>

<net id="687"><net_src comp="677" pin="2"/><net_sink comp="683" pin=0"/></net>

<net id="688"><net_src comp="495" pin="1"/><net_sink comp="683" pin=1"/></net>

<net id="693"><net_src comp="487" pin="1"/><net_sink comp="689" pin=0"/></net>

<net id="694"><net_src comp="491" pin="1"/><net_sink comp="689" pin=1"/></net>

<net id="700"><net_src comp="112" pin="0"/><net_sink comp="695" pin=0"/></net>

<net id="701"><net_src comp="639" pin="1"/><net_sink comp="695" pin=1"/></net>

<net id="702"><net_src comp="629" pin="4"/><net_sink comp="695" pin=2"/></net>

<net id="708"><net_src comp="114" pin="0"/><net_sink comp="703" pin=0"/></net>

<net id="709"><net_src comp="653" pin="1"/><net_sink comp="703" pin=1"/></net>

<net id="710"><net_src comp="643" pin="4"/><net_sink comp="703" pin=2"/></net>

<net id="715"><net_src comp="683" pin="2"/><net_sink comp="711" pin=0"/></net>

<net id="716"><net_src comp="689" pin="2"/><net_sink comp="711" pin=1"/></net>

<net id="722"><net_src comp="116" pin="0"/><net_sink comp="717" pin=0"/></net>

<net id="723"><net_src comp="667" pin="1"/><net_sink comp="717" pin=1"/></net>

<net id="724"><net_src comp="657" pin="4"/><net_sink comp="717" pin=2"/></net>

<net id="729"><net_src comp="695" pin="3"/><net_sink comp="725" pin=0"/></net>

<net id="730"><net_src comp="703" pin="3"/><net_sink comp="725" pin=1"/></net>

<net id="735"><net_src comp="725" pin="2"/><net_sink comp="731" pin=0"/></net>

<net id="736"><net_src comp="717" pin="3"/><net_sink comp="731" pin=1"/></net>

<net id="741"><net_src comp="623" pin="2"/><net_sink comp="737" pin=0"/></net>

<net id="742"><net_src comp="731" pin="2"/><net_sink comp="737" pin=1"/></net>

<net id="747"><net_src comp="737" pin="2"/><net_sink comp="743" pin=0"/></net>

<net id="748"><net_src comp="711" pin="2"/><net_sink comp="743" pin=1"/></net>

<net id="753"><net_src comp="743" pin="2"/><net_sink comp="749" pin=0"/></net>

<net id="758"><net_src comp="495" pin="1"/><net_sink comp="754" pin=0"/></net>

<net id="763"><net_src comp="491" pin="1"/><net_sink comp="759" pin=0"/></net>

<net id="768"><net_src comp="671" pin="2"/><net_sink comp="764" pin=0"/></net>

<net id="773"><net_src comp="483" pin="1"/><net_sink comp="769" pin=0"/></net>

<net id="778"><net_src comp="479" pin="1"/><net_sink comp="774" pin=0"/></net>

<net id="783"><net_src comp="475" pin="1"/><net_sink comp="779" pin=0"/></net>

<net id="788"><net_src comp="487" pin="1"/><net_sink comp="784" pin=0"/></net>

<net id="792"><net_src comp="789" pin="1"/><net_sink comp="240" pin=2"/></net>

<net id="796"><net_src comp="793" pin="1"/><net_sink comp="212" pin=2"/></net>

<net id="800"><net_src comp="120" pin="1"/><net_sink comp="797" pin=0"/></net>

<net id="801"><net_src comp="797" pin="1"/><net_sink comp="370" pin=1"/></net>

<net id="802"><net_src comp="797" pin="1"/><net_sink comp="431" pin=0"/></net>

<net id="803"><net_src comp="797" pin="1"/><net_sink comp="470" pin=1"/></net>

<net id="807"><net_src comp="124" pin="1"/><net_sink comp="804" pin=0"/></net>

<net id="808"><net_src comp="804" pin="1"/><net_sink comp="365" pin=1"/></net>

<net id="809"><net_src comp="804" pin="1"/><net_sink comp="390" pin=0"/></net>

<net id="810"><net_src comp="804" pin="1"/><net_sink comp="426" pin=1"/></net>

<net id="814"><net_src comp="128" pin="1"/><net_sink comp="811" pin=0"/></net>

<net id="815"><net_src comp="811" pin="1"/><net_sink comp="360" pin=1"/></net>

<net id="816"><net_src comp="811" pin="1"/><net_sink comp="499" pin=0"/></net>

<net id="817"><net_src comp="811" pin="1"/><net_sink comp="784" pin=1"/></net>

<net id="818"><net_src comp="811" pin="1"/><net_sink comp="789" pin=0"/></net>

<net id="822"><net_src comp="132" pin="1"/><net_sink comp="819" pin=0"/></net>

<net id="823"><net_src comp="819" pin="1"/><net_sink comp="355" pin=1"/></net>

<net id="824"><net_src comp="819" pin="1"/><net_sink comp="502" pin=0"/></net>

<net id="825"><net_src comp="819" pin="1"/><net_sink comp="779" pin=1"/></net>

<net id="826"><net_src comp="819" pin="1"/><net_sink comp="793" pin=0"/></net>

<net id="830"><net_src comp="136" pin="1"/><net_sink comp="827" pin=0"/></net>

<net id="831"><net_src comp="827" pin="1"/><net_sink comp="350" pin=1"/></net>

<net id="832"><net_src comp="827" pin="1"/><net_sink comp="375" pin=0"/></net>

<net id="833"><net_src comp="827" pin="1"/><net_sink comp="421" pin=1"/></net>

<net id="837"><net_src comp="140" pin="1"/><net_sink comp="834" pin=0"/></net>

<net id="838"><net_src comp="834" pin="1"/><net_sink comp="345" pin=1"/></net>

<net id="839"><net_src comp="834" pin="1"/><net_sink comp="475" pin=0"/></net>

<net id="840"><net_src comp="834" pin="1"/><net_sink comp="774" pin=1"/></net>

<net id="844"><net_src comp="144" pin="1"/><net_sink comp="841" pin=0"/></net>

<net id="845"><net_src comp="841" pin="1"/><net_sink comp="340" pin=1"/></net>

<net id="846"><net_src comp="841" pin="1"/><net_sink comp="479" pin=0"/></net>

<net id="847"><net_src comp="841" pin="1"/><net_sink comp="769" pin=1"/></net>

<net id="851"><net_src comp="148" pin="1"/><net_sink comp="848" pin=0"/></net>

<net id="852"><net_src comp="848" pin="1"/><net_sink comp="335" pin=1"/></net>

<net id="853"><net_src comp="848" pin="1"/><net_sink comp="483" pin=0"/></net>

<net id="854"><net_src comp="848" pin="1"/><net_sink comp="764" pin=1"/></net>

<net id="858"><net_src comp="152" pin="1"/><net_sink comp="855" pin=0"/></net>

<net id="859"><net_src comp="855" pin="1"/><net_sink comp="330" pin=1"/></net>

<net id="860"><net_src comp="855" pin="1"/><net_sink comp="487" pin=0"/></net>

<net id="861"><net_src comp="855" pin="1"/><net_sink comp="759" pin=1"/></net>

<net id="865"><net_src comp="156" pin="1"/><net_sink comp="862" pin=0"/></net>

<net id="866"><net_src comp="862" pin="1"/><net_sink comp="325" pin=1"/></net>

<net id="867"><net_src comp="862" pin="1"/><net_sink comp="491" pin=0"/></net>

<net id="868"><net_src comp="862" pin="1"/><net_sink comp="754" pin=1"/></net>

<net id="872"><net_src comp="160" pin="1"/><net_sink comp="869" pin=0"/></net>

<net id="873"><net_src comp="869" pin="1"/><net_sink comp="320" pin=1"/></net>

<net id="874"><net_src comp="869" pin="1"/><net_sink comp="495" pin=0"/></net>

<net id="875"><net_src comp="869" pin="1"/><net_sink comp="749" pin=1"/></net>

<net id="879"><net_src comp="378" pin="2"/><net_sink comp="876" pin=0"/></net>

<net id="883"><net_src comp="268" pin="3"/><net_sink comp="880" pin=0"/></net>

<net id="884"><net_src comp="880" pin="1"/><net_sink comp="275" pin=0"/></net>

<net id="888"><net_src comp="281" pin="3"/><net_sink comp="885" pin=0"/></net>

<net id="889"><net_src comp="885" pin="1"/><net_sink comp="302" pin=0"/></net>

<net id="893"><net_src comp="288" pin="3"/><net_sink comp="890" pin=0"/></net>

<net id="894"><net_src comp="890" pin="1"/><net_sink comp="308" pin=0"/></net>

<net id="898"><net_src comp="295" pin="3"/><net_sink comp="895" pin=0"/></net>

<net id="899"><net_src comp="895" pin="1"/><net_sink comp="314" pin=0"/></net>

<net id="903"><net_src comp="275" pin="3"/><net_sink comp="900" pin=0"/></net>

<net id="904"><net_src comp="900" pin="1"/><net_sink comp="607" pin=0"/></net>

<net id="908"><net_src comp="458" pin="5"/><net_sink comp="905" pin=0"/></net>

<net id="909"><net_src comp="905" pin="1"/><net_sink comp="612" pin=0"/></net>

</net_list>

</model> 
---------------- Datapath Model END ------------------

* FSMD analyzer results:
  - Output states:
	Port: h_out | {3 }
	Port: a_2_out | {3 }
	Port: b_out | {3 }
	Port: c_out | {3 }
	Port: d_out | {3 }
	Port: f_1_out | {3 }
	Port: f_out | {3 }
	Port: g_1_out | {3 }
	Port: SHA256_K | {}
 - Input state : 
	Port: sha256_compress_block_Pipeline_round_loop : state_7_read | {1 }
	Port: sha256_compress_block_Pipeline_round_loop : state_0_read | {1 }
	Port: sha256_compress_block_Pipeline_round_loop : state_1_read | {1 }
	Port: sha256_compress_block_Pipeline_round_loop : state_2_read | {1 }
	Port: sha256_compress_block_Pipeline_round_loop : state_3_read | {1 }
	Port: sha256_compress_block_Pipeline_round_loop : state_4_read | {1 }
	Port: sha256_compress_block_Pipeline_round_loop : state_5_read | {1 }
	Port: sha256_compress_block_Pipeline_round_loop : state_6_read | {1 }
	Port: sha256_compress_block_Pipeline_round_loop : w | {1 2 }
	Port: sha256_compress_block_Pipeline_round_loop : w_1 | {1 2 }
	Port: sha256_compress_block_Pipeline_round_loop : w_2 | {1 2 }
	Port: sha256_compress_block_Pipeline_round_loop : SHA256_K | {1 2 }
  - Chain level:
	State 1
		store_ln0 : 1
		store_ln0 : 1
		store_ln0 : 1
		i_5 : 1
		icmp_ln151 : 2
		add_ln151 : 2
		br_ln151 : 3
		phi_mul145_load : 1
		zext_ln151 : 2
		add_ln75 : 2
		tmp : 2
		zext_ln75 : 3
		SHA256_K_addr : 3
		SHA256_K_load : 4
		w_addr : 4
		w_1_addr : 4
		w_2_addr : 4
		w_load : 5
		w_1_load : 5
		w_2_load : 5
		store_ln151 : 3
		store_ln151 : 3
	State 2
		add_ln151_1 : 1
		icmp_ln151_1 : 2
		select_ln151 : 3
		trunc_ln75 : 1
		tmp_8 : 2
		store_ln151 : 4
	State 3
		lshr_ln54_4 : 1
		trunc_ln54 : 1
		lshr_ln54_5 : 1
		trunc_ln54_1 : 1
		lshr_ln54_6 : 1
		trunc_ln54_2 : 1
		xor_ln154 : 1
		or_ln1 : 2
		or_ln154_1 : 2
		and_ln154 : 1
		and_ln154_1 : 1
		or_ln154_2 : 2
		xor_ln154_1 : 1
		xor_ln154_2 : 3
		xor_ln154_3 : 3
		add_ln154 : 1
		add_ln154_1 : 3
		add_ln154_2 : 4
		t1 : 5
		lshr_ln54_7 : 1
		trunc_ln54_3 : 1
		lshr_ln54_8 : 1
		trunc_ln54_4 : 1
		lshr_ln54_9 : 1
		trunc_ln54_5 : 1
		e_1 : 6
		xor_ln164 : 1
		and_ln164 : 1
		and_ln164_1 : 1
		or_ln2 : 2
		or_ln164_1 : 2
		xor_ln164_1 : 1
		or_ln164_2 : 2
		xor_ln164_2 : 3
		xor_ln164_3 : 3
		add_ln164 : 6
		a : 7
		store_ln151 : 8
		store_ln151 : 1
		store_ln151 : 1
		store_ln151 : 7
		store_ln151 : 1
		store_ln151 : 1
		store_ln151 : 1
		store_ln151 : 1
		write_ln0 : 1
		write_ln54 : 1
		write_ln164 : 1
		write_ln164 : 1
		write_ln0 : 1
		write_ln54 : 1
		write_ln154 : 1
		write_ln154 : 1


============================================================
+ Verbose Summary: Datapath Resource usage 
============================================================

* Functional unit list:
|----------|----------------------------|---------|---------|
| Operation|       Functional Unit      |    FF   |   LUT   |
|----------|----------------------------|---------|---------|
|          |      add_ln151_fu_384      |    0    |    14   |
|          |       add_ln75_fu_398      |    0    |    21   |
|          |     add_ln151_1_fu_434     |    0    |    14   |
|          |      add_ln154_fu_607      |    0    |    32   |
|    add   |     add_ln154_1_fu_612     |    0    |    32   |
|          |     add_ln154_2_fu_617     |    0    |    32   |
|          |          t1_fu_623         |    0    |    32   |
|          |         e_1_fu_671         |    0    |    39   |
|          |      add_ln164_fu_737      |    0    |    32   |
|          |          a_fu_743          |    0    |    32   |
|----------|----------------------------|---------|---------|
|          |      xor_ln154_fu_547      |    0    |    32   |
|          |     xor_ln154_1_fu_589     |    0    |    32   |
|          |     xor_ln154_2_fu_595     |    0    |    32   |
|    xor   |     xor_ln154_3_fu_601     |    0    |    32   |
|          |      xor_ln164_fu_677      |    0    |    32   |
|          |     xor_ln164_1_fu_711     |    0    |    32   |
|          |     xor_ln164_2_fu_725     |    0    |    32   |
|          |     xor_ln164_3_fu_731     |    0    |    32   |
|----------|----------------------------|---------|---------|
|          |      and_ln154_fu_569      |    0    |    32   |
|    and   |     and_ln154_1_fu_575     |    0    |    32   |
|          |      and_ln164_fu_683      |    0    |    32   |
|          |     and_ln164_1_fu_689     |    0    |    32   |
|----------|----------------------------|---------|---------|
|   icmp   |      icmp_ln151_fu_378     |    0    |    14   |
|          |     icmp_ln151_1_fu_440    |    0    |    14   |
|----------|----------------------------|---------|---------|
|    mux   |        tmp_8_fu_458        |    0    |    14   |
|----------|----------------------------|---------|---------|
|  select  |     select_ln151_fu_446    |    0    |    7    |
|----------|----------------------------|---------|---------|
|          | state_6_read_1_read_fu_164 |    0    |    0    |
|          | state_5_read_1_read_fu_170 |    0    |    0    |
|          | state_4_read_1_read_fu_176 |    0    |    0    |
|   read   | state_3_read_1_read_fu_182 |    0    |    0    |
|          | state_2_read_1_read_fu_188 |    0    |    0    |
|          | state_1_read_1_read_fu_194 |    0    |    0    |
|          | state_0_read_1_read_fu_200 |    0    |    0    |
|          | state_7_read_1_read_fu_206 |    0    |    0    |
|----------|----------------------------|---------|---------|
|          |   write_ln0_write_fu_212   |    0    |    0    |
|          |   write_ln54_write_fu_219  |    0    |    0    |
|          |  write_ln164_write_fu_226  |    0    |    0    |
|   write  |  write_ln164_write_fu_233  |    0    |    0    |
|          |   write_ln0_write_fu_240   |    0    |    0    |
|          |   write_ln54_write_fu_247  |    0    |    0    |
|          |  write_ln154_write_fu_254  |    0    |    0    |
|          |  write_ln154_write_fu_261  |    0    |    0    |
|----------|----------------------------|---------|---------|
|   zext   |      zext_ln151_fu_393     |    0    |    0    |
|          |      zext_ln75_fu_414      |    0    |    0    |
|----------|----------------------------|---------|---------|
|          |         tmp_fu_404         |    0    |    0    |
|          |     lshr_ln54_4_fu_505     |    0    |    0    |
|          |     lshr_ln54_5_fu_519     |    0    |    0    |
|partselect|     lshr_ln54_6_fu_533     |    0    |    0    |
|          |     lshr_ln54_7_fu_629     |    0    |    0    |
|          |     lshr_ln54_8_fu_643     |    0    |    0    |
|          |     lshr_ln54_9_fu_657     |    0    |    0    |
|----------|----------------------------|---------|---------|
|          |      trunc_ln75_fu_454     |    0    |    0    |
|          |      trunc_ln54_fu_515     |    0    |    0    |
|          |     trunc_ln54_1_fu_529    |    0    |    0    |
|   trunc  |     trunc_ln54_2_fu_543    |    0    |    0    |
|          |     trunc_ln54_3_fu_639    |    0    |    0    |
|          |     trunc_ln54_4_fu_653    |    0    |    0    |
|          |     trunc_ln54_5_fu_667    |    0    |    0    |
|----------|----------------------------|---------|---------|
|          |        or_ln1_fu_553       |    0    |    0    |
|          |      or_ln154_1_fu_561     |    0    |    0    |
|bitconcatenate|      or_ln154_2_fu_581     |    0    |    0    |
|          |        or_ln2_fu_695       |    0    |    0    |
|          |      or_ln164_1_fu_703     |    0    |    0    |
|          |      or_ln164_2_fu_717     |    0    |    0    |
|----------|----------------------------|---------|---------|
|   Total  |                            |    0    |   713   |
|----------|----------------------------|---------|---------|

Memories:
N/A

* Register list:
+---------------------+--------+
|                     |   FF   |
+---------------------+--------+
|SHA256_K_addr_reg_880|    6   |
|SHA256_K_load_reg_900|   32   |
|      b_reg_869      |   32   |
|      c_reg_862      |   32   |
|     d_1_reg_855     |   32   |
|      d_reg_811      |   32   |
|      f_reg_848      |   32   |
|      g_reg_841      |   32   |
|     h_1_reg_834     |   32   |
|      h_reg_819      |   32   |
|      i_reg_827      |    7   |
|  icmp_ln151_reg_876 |    1   |
|  phi_mul145_reg_804 |   14   |
| phi_urem147_reg_797 |    7   |
|    tmp_8_reg_905    |   32   |
|   w_1_addr_reg_890  |    5   |
|   w_2_addr_reg_895  |    5   |
|    w_addr_reg_885   |    5   |
+---------------------+--------+
|        Total        |   370  |
+---------------------+--------+

* Multiplexer (MUX) list: 
|-------------------|------|------|------|--------||---------||---------|
|        Comp       |  Pin | Size |  BW  | S x BW ||  Delay  ||   LUT   |
|-------------------|------|------|------|--------||---------||---------|
| grp_access_fu_275 |  p0  |   2  |   6  |   12   ||    9    |
| grp_access_fu_302 |  p0  |   2  |   5  |   10   ||    9    |
| grp_access_fu_308 |  p0  |   2  |   5  |   10   ||    9    |
| grp_access_fu_314 |  p0  |   2  |   5  |   10   ||    9    |
|-------------------|------|------|------|--------||---------||---------|
|       Total       |      |      |      |   42   ||  1.548  ||    36   |
|-------------------|------|------|------|--------||---------||---------|



* Summary:
+-----------+--------+--------+--------+
|           |  Delay |   FF   |   LUT  |
+-----------+--------+--------+--------+
|  Function |    -   |    0   |   713  |
|   Memory  |    -   |    -   |    -   |
|Multiplexer|    1   |    -   |   36   |
|  Register |    -   |   370  |    -   |
+-----------+--------+--------+--------+
|   Total   |    1   |   370  |   749  |
+-----------+--------+--------+--------+
