

================================================================
== Vitis HLS Report for 'sha256_compress_block_Pipeline_round_loop'
================================================================
* Date:           Thu Apr  2 18:19:24 2026

* Version:        2022.1 (Build 3526262 on Mon Apr 18 15:47:01 MDT 2022)
* Project:        calculate_sha256
* Solution:       solution (Vitis Kernel Flow Target)
* Product family: virtexuplus
* Target device:  xcu280-fsvh2892-2L-e


================================================================
== Performance Estimates
================================================================
+ Timing: 
    * Summary: 
    +--------+---------+----------+------------+
    |  Clock |  Target | Estimated| Uncertainty|
    +--------+---------+----------+------------+
    |ap_clk  |  3.33 ns|  2.939 ns|     0.90 ns|
    +--------+---------+----------+------------+

+ Latency: 
    * Summary: 
    +---------+---------+----------+----------+-----+-----+---------+
    |  Latency (cycles) |  Latency (absolute) |  Interval | Pipeline|
    |   min   |   max   |    min   |    max   | min | max |   Type  |
    +---------+---------+----------+----------+-----+-----+---------+
    |       68|       68|  0.227 us|  0.227 us|   68|   68|       no|
    +---------+---------+----------+----------+-----+-----+---------+

    + Detail: 
        * Instance: 
        N/A

        * Loop: 
        +--------------+---------+---------+----------+-----------+-----------+------+----------+
        |              |  Latency (cycles) | Iteration|  Initiation Interval  | Trip |          |
        |   Loop Name  |   min   |   max   |  Latency |  achieved |   target  | Count| Pipelined|
        +--------------+---------+---------+----------+-----------+-----------+------+----------+
        |- round_loop  |       66|       66|         3|          1|          1|    64|       yes|
        +--------------+---------+---------+----------+-----------+-----------+------+----------+

============================================================
+ Verbose Summary: Synthesis Manager
============================================================
InlineROM: 1
ExposeGlobal: 0
============================================================
+ Verbose Summary: CDFG Model
============================================================
IsTopModel: 0
ResetActiveHigh: 1
IsCombinational: 0
IsDatapathOnly: 0
HasWiredReturn: 1
HasMFsm: 2
HasVarLatency: 1
IsPipeline: 0
IsRtlPipelined: 0
IsInstanceOverlapped: 0
IsDontTouch: 0
HasImplIP: 0
IsGatedGlobalClock: 0

+ Individual pipeline summary: 
  * Pipeline-0: initiation interval (II) = 1, depth = 3


============================================================
+ Verbose Summary: Schedule
============================================================
* Number of FSM states : 3
* Pipeline : 1
  Pipeline-0 : II = 1, D = 3, States = { 1 2 3 }
* Dataflow Pipeline: 0

* FSM state transitions: 
1 --> 2 
2 --> 3 
3 --> 

* FSM state operations: 

State 1 <SV = 0> <Delay = 1.09>
ST_1 : Operation 6 [1/1] (0.00ns)   --->   "%h = alloca i32 1"   --->   Operation 6 'alloca' 'h' <Predicate = true> <Delay = 0.00>
ST_1 : Operation 7 [1/1] (0.00ns)   --->   "%d = alloca i32 1"   --->   Operation 7 'alloca' 'd' <Predicate = true> <Delay = 0.00>
ST_1 : Operation 8 [1/1] (0.00ns)   --->   "%i = alloca i32 1"   --->   Operation 8 'alloca' 'i' <Predicate = true> <Delay = 0.00>
ST_1 : Operation 9 [1/1] (0.00ns)   --->   "%wbuf_16 = alloca i32 1"   --->   Operation 9 'alloca' 'wbuf_16' <Predicate = true> <Delay = 0.00>
ST_1 : Operation 10 [1/1] (0.00ns)   --->   "%wbuf_17 = alloca i32 1"   --->   Operation 10 'alloca' 'wbuf_17' <Predicate = true> <Delay = 0.00>
ST_1 : Operation 11 [1/1] (0.00ns)   --->   "%wbuf_18 = alloca i32 1"   --->   Operation 11 'alloca' 'wbuf_18' <Predicate = true> <Delay = 0.00>
ST_1 : Operation 12 [1/1] (0.00ns)   --->   "%wbuf_19 = alloca i32 1"   --->   Operation 12 'alloca' 'wbuf_19' <Predicate = true> <Delay = 0.00>
ST_1 : Operation 13 [1/1] (0.00ns)   --->   "%wbuf_20 = alloca i32 1"   --->   Operation 13 'alloca' 'wbuf_20' <Predicate = true> <Delay = 0.00>
ST_1 : Operation 14 [1/1] (0.00ns)   --->   "%wbuf_21 = alloca i32 1"   --->   Operation 14 'alloca' 'wbuf_21' <Predicate = true> <Delay = 0.00>
ST_1 : Operation 15 [1/1] (0.00ns)   --->   "%wbuf_22 = alloca i32 1"   --->   Operation 15 'alloca' 'wbuf_22' <Predicate = true> <Delay = 0.00>
ST_1 : Operation 16 [1/1] (0.00ns)   --->   "%wbuf_23 = alloca i32 1"   --->   Operation 16 'alloca' 'wbuf_23' <Predicate = true> <Delay = 0.00>
ST_1 : Operation 17 [1/1] (0.00ns)   --->   "%wbuf_24 = alloca i32 1"   --->   Operation 17 'alloca' 'wbuf_24' <Predicate = true> <Delay = 0.00>
ST_1 : Operation 18 [1/1] (0.00ns)   --->   "%wbuf_25 = alloca i32 1"   --->   Operation 18 'alloca' 'wbuf_25' <Predicate = true> <Delay = 0.00>
ST_1 : Operation 19 [1/1] (0.00ns)   --->   "%wbuf_26 = alloca i32 1"   --->   Operation 19 'alloca' 'wbuf_26' <Predicate = true> <Delay = 0.00>
ST_1 : Operation 20 [1/1] (0.00ns)   --->   "%wbuf_27 = alloca i32 1"   --->   Operation 20 'alloca' 'wbuf_27' <Predicate = true> <Delay = 0.00>
ST_1 : Operation 21 [1/1] (0.00ns)   --->   "%wbuf_28 = alloca i32 1"   --->   Operation 21 'alloca' 'wbuf_28' <Predicate = true> <Delay = 0.00>
ST_1 : Operation 22 [1/1] (0.00ns)   --->   "%wbuf_29 = alloca i32 1"   --->   Operation 22 'alloca' 'wbuf_29' <Predicate = true> <Delay = 0.00>
ST_1 : Operation 23 [1/1] (0.00ns)   --->   "%wbuf_30 = alloca i32 1"   --->   Operation 23 'alloca' 'wbuf_30' <Predicate = true> <Delay = 0.00>
ST_1 : Operation 24 [1/1] (0.00ns)   --->   "%wbuf_31 = alloca i32 1"   --->   Operation 24 'alloca' 'wbuf_31' <Predicate = true> <Delay = 0.00>
ST_1 : Operation 25 [1/1] (0.00ns)   --->   "%h_1 = alloca i32 1"   --->   Operation 25 'alloca' 'h_1' <Predicate = true> <Delay = 0.00>
ST_1 : Operation 26 [1/1] (0.00ns)   --->   "%g = alloca i32 1"   --->   Operation 26 'alloca' 'g' <Predicate = true> <Delay = 0.00>
ST_1 : Operation 27 [1/1] (0.00ns)   --->   "%f = alloca i32 1"   --->   Operation 27 'alloca' 'f' <Predicate = true> <Delay = 0.00>
ST_1 : Operation 28 [1/1] (0.00ns)   --->   "%d_1 = alloca i32 1"   --->   Operation 28 'alloca' 'd_1' <Predicate = true> <Delay = 0.00>
ST_1 : Operation 29 [1/1] (0.00ns)   --->   "%c = alloca i32 1"   --->   Operation 29 'alloca' 'c' <Predicate = true> <Delay = 0.00>
ST_1 : Operation 30 [1/1] (0.00ns)   --->   "%b = alloca i32 1"   --->   Operation 30 'alloca' 'b' <Predicate = true> <Delay = 0.00>
ST_1 : Operation 31 [1/1] (0.00ns)   --->   "%state_7_read_1 = read i32 @_ssdm_op_Read.ap_auto.i32, i32 %state_7_read"   --->   Operation 31 'read' 'state_7_read_1' <Predicate = true> <Delay = 0.00>
ST_1 : Operation 32 [1/1] (0.00ns)   --->   "%state_6_read_1 = read i32 @_ssdm_op_Read.ap_auto.i32, i32 %state_6_read"   --->   Operation 32 'read' 'state_6_read_1' <Predicate = true> <Delay = 0.00>
ST_1 : Operation 33 [1/1] (0.00ns)   --->   "%state_5_read_1 = read i32 @_ssdm_op_Read.ap_auto.i32, i32 %state_5_read"   --->   Operation 33 'read' 'state_5_read_1' <Predicate = true> <Delay = 0.00>
ST_1 : Operation 34 [1/1] (0.00ns)   --->   "%state_4_read_1 = read i32 @_ssdm_op_Read.ap_auto.i32, i32 %state_4_read"   --->   Operation 34 'read' 'state_4_read_1' <Predicate = true> <Delay = 0.00>
ST_1 : Operation 35 [1/1] (0.00ns)   --->   "%state_3_read_1 = read i32 @_ssdm_op_Read.ap_auto.i32, i32 %state_3_read"   --->   Operation 35 'read' 'state_3_read_1' <Predicate = true> <Delay = 0.00>
ST_1 : Operation 36 [1/1] (0.00ns)   --->   "%state_2_read_1 = read i32 @_ssdm_op_Read.ap_auto.i32, i32 %state_2_read"   --->   Operation 36 'read' 'state_2_read_1' <Predicate = true> <Delay = 0.00>
ST_1 : Operation 37 [1/1] (0.00ns)   --->   "%state_1_read_1 = read i32 @_ssdm_op_Read.ap_auto.i32, i32 %state_1_read"   --->   Operation 37 'read' 'state_1_read_1' <Predicate = true> <Delay = 0.00>
ST_1 : Operation 38 [1/1] (0.00ns)   --->   "%state_0_read_1 = read i32 @_ssdm_op_Read.ap_auto.i32, i32 %state_0_read"   --->   Operation 38 'read' 'state_0_read_1' <Predicate = true> <Delay = 0.00>
ST_1 : Operation 39 [1/1] (0.00ns)   --->   "%wbuf_read = read i32 @_ssdm_op_Read.ap_auto.i32, i32 %wbuf"   --->   Operation 39 'read' 'wbuf_read' <Predicate = true> <Delay = 0.00>
ST_1 : Operation 40 [1/1] (0.00ns)   --->   "%wbuf_1_read = read i32 @_ssdm_op_Read.ap_auto.i32, i32 %wbuf_1"   --->   Operation 40 'read' 'wbuf_1_read' <Predicate = true> <Delay = 0.00>
ST_1 : Operation 41 [1/1] (0.00ns)   --->   "%wbuf_2_read = read i32 @_ssdm_op_Read.ap_auto.i32, i32 %wbuf_2"   --->   Operation 41 'read' 'wbuf_2_read' <Predicate = true> <Delay = 0.00>
ST_1 : Operation 42 [1/1] (0.00ns)   --->   "%wbuf_3_read = read i32 @_ssdm_op_Read.ap_auto.i32, i32 %wbuf_3"   --->   Operation 42 'read' 'wbuf_3_read' <Predicate = true> <Delay = 0.00>
ST_1 : Operation 43 [1/1] (0.00ns)   --->   "%wbuf_4_read = read i32 @_ssdm_op_Read.ap_auto.i32, i32 %wbuf_4"   --->   Operation 43 'read' 'wbuf_4_read' <Predicate = true> <Delay = 0.00>
ST_1 : Operation 44 [1/1] (0.00ns)   --->   "%wbuf_5_read = read i32 @_ssdm_op_Read.ap_auto.i32, i32 %wbuf_5"   --->   Operation 44 'read' 'wbuf_5_read' <Predicate = true> <Delay = 0.00>
ST_1 : Operation 45 [1/1] (0.00ns)   --->   "%wbuf_6_read = read i32 @_ssdm_op_Read.ap_auto.i32, i32 %wbuf_6"   --->   Operation 45 'read' 'wbuf_6_read' <Predicate = true> <Delay = 0.00>
ST_1 : Operation 46 [1/1] (0.00ns)   --->   "%wbuf_7_read = read i32 @_ssdm_op_Read.ap_auto.i32, i32 %wbuf_7"   --->   Operation 46 'read' 'wbuf_7_read' <Predicate = true> <Delay = 0.00>
ST_1 : Operation 47 [1/1] (0.00ns)   --->   "%wbuf_8_read = read i32 @_ssdm_op_Read.ap_auto.i32, i32 %wbuf_8"   --->   Operation 47 'read' 'wbuf_8_read' <Predicate = true> <Delay = 0.00>
ST_1 : Operation 48 [1/1] (0.00ns)   --->   "%wbuf_9_read = read i32 @_ssdm_op_Read.ap_auto.i32, i32 %wbuf_9"   --->   Operation 48 'read' 'wbuf_9_read' <Predicate = true> <Delay = 0.00>
ST_1 : Operation 49 [1/1] (0.00ns)   --->   "%wbuf_10_read = read i32 @_ssdm_op_Read.ap_auto.i32, i32 %wbuf_10"   --->   Operation 49 'read' 'wbuf_10_read' <Predicate = true> <Delay = 0.00>
ST_1 : Operation 50 [1/1] (0.00ns)   --->   "%wbuf_11_read = read i32 @_ssdm_op_Read.ap_auto.i32, i32 %wbuf_11"   --->   Operation 50 'read' 'wbuf_11_read' <Predicate = true> <Delay = 0.00>
ST_1 : Operation 51 [1/1] (0.00ns)   --->   "%wbuf_12_read = read i32 @_ssdm_op_Read.ap_auto.i32, i32 %wbuf_12"   --->   Operation 51 'read' 'wbuf_12_read' <Predicate = true> <Delay = 0.00>
ST_1 : Operation 52 [1/1] (0.00ns)   --->   "%wbuf_13_read = read i32 @_ssdm_op_Read.ap_auto.i32, i32 %wbuf_13"   --->   Operation 52 'read' 'wbuf_13_read' <Predicate = true> <Delay = 0.00>
ST_1 : Operation 53 [1/1] (0.00ns)   --->   "%wbuf_14_read = read i32 @_ssdm_op_Read.ap_auto.i32, i32 %wbuf_14"   --->   Operation 53 'read' 'wbuf_14_read' <Predicate = true> <Delay = 0.00>
ST_1 : Operation 54 [1/1] (0.00ns)   --->   "%wbuf_15_read = read i32 @_ssdm_op_Read.ap_auto.i32, i32 %wbuf_15"   --->   Operation 54 'read' 'wbuf_15_read' <Predicate = true> <Delay = 0.00>
ST_1 : Operation 55 [1/1] (0.38ns)   --->   "%store_ln0 = store i32 %state_0_read_1, i32 %b"   --->   Operation 55 'store' 'store_ln0' <Predicate = true> <Delay = 0.38>
ST_1 : Operation 56 [1/1] (0.38ns)   --->   "%store_ln0 = store i32 %state_1_read_1, i32 %c"   --->   Operation 56 'store' 'store_ln0' <Predicate = true> <Delay = 0.38>
ST_1 : Operation 57 [1/1] (0.38ns)   --->   "%store_ln0 = store i32 %state_2_read_1, i32 %d_1"   --->   Operation 57 'store' 'store_ln0' <Predicate = true> <Delay = 0.38>
ST_1 : Operation 58 [1/1] (0.38ns)   --->   "%store_ln0 = store i32 %state_4_read_1, i32 %f"   --->   Operation 58 'store' 'store_ln0' <Predicate = true> <Delay = 0.38>
ST_1 : Operation 59 [1/1] (0.38ns)   --->   "%store_ln0 = store i32 %state_5_read_1, i32 %g"   --->   Operation 59 'store' 'store_ln0' <Predicate = true> <Delay = 0.38>
ST_1 : Operation 60 [1/1] (0.38ns)   --->   "%store_ln0 = store i32 %state_6_read_1, i32 %h_1"   --->   Operation 60 'store' 'store_ln0' <Predicate = true> <Delay = 0.38>
ST_1 : Operation 61 [1/1] (0.38ns)   --->   "%store_ln0 = store i32 %wbuf_15_read, i32 %wbuf_31"   --->   Operation 61 'store' 'store_ln0' <Predicate = true> <Delay = 0.38>
ST_1 : Operation 62 [1/1] (0.38ns)   --->   "%store_ln0 = store i32 %wbuf_14_read, i32 %wbuf_30"   --->   Operation 62 'store' 'store_ln0' <Predicate = true> <Delay = 0.38>
ST_1 : Operation 63 [1/1] (0.38ns)   --->   "%store_ln0 = store i32 %wbuf_13_read, i32 %wbuf_29"   --->   Operation 63 'store' 'store_ln0' <Predicate = true> <Delay = 0.38>
ST_1 : Operation 64 [1/1] (0.38ns)   --->   "%store_ln0 = store i32 %wbuf_12_read, i32 %wbuf_28"   --->   Operation 64 'store' 'store_ln0' <Predicate = true> <Delay = 0.38>
ST_1 : Operation 65 [1/1] (0.38ns)   --->   "%store_ln0 = store i32 %wbuf_11_read, i32 %wbuf_27"   --->   Operation 65 'store' 'store_ln0' <Predicate = true> <Delay = 0.38>
ST_1 : Operation 66 [1/1] (0.38ns)   --->   "%store_ln0 = store i32 %wbuf_10_read, i32 %wbuf_26"   --->   Operation 66 'store' 'store_ln0' <Predicate = true> <Delay = 0.38>
ST_1 : Operation 67 [1/1] (0.38ns)   --->   "%store_ln0 = store i32 %wbuf_9_read, i32 %wbuf_25"   --->   Operation 67 'store' 'store_ln0' <Predicate = true> <Delay = 0.38>
ST_1 : Operation 68 [1/1] (0.38ns)   --->   "%store_ln0 = store i32 %wbuf_8_read, i32 %wbuf_24"   --->   Operation 68 'store' 'store_ln0' <Predicate = true> <Delay = 0.38>
ST_1 : Operation 69 [1/1] (0.38ns)   --->   "%store_ln0 = store i32 %wbuf_7_read, i32 %wbuf_23"   --->   Operation 69 'store' 'store_ln0' <Predicate = true> <Delay = 0.38>
ST_1 : Operation 70 [1/1] (0.38ns)   --->   "%store_ln0 = store i32 %wbuf_6_read, i32 %wbuf_22"   --->   Operation 70 'store' 'store_ln0' <Predicate = true> <Delay = 0.38>
ST_1 : Operation 71 [1/1] (0.38ns)   --->   "%store_ln0 = store i32 %wbuf_5_read, i32 %wbuf_21"   --->   Operation 71 'store' 'store_ln0' <Predicate = true> <Delay = 0.38>
ST_1 : Operation 72 [1/1] (0.38ns)   --->   "%store_ln0 = store i32 %wbuf_4_read, i32 %wbuf_20"   --->   Operation 72 'store' 'store_ln0' <Predicate = true> <Delay = 0.38>
ST_1 : Operation 73 [1/1] (0.38ns)   --->   "%store_ln0 = store i32 %wbuf_3_read, i32 %wbuf_19"   --->   Operation 73 'store' 'store_ln0' <Predicate = true> <Delay = 0.38>
ST_1 : Operation 74 [1/1] (0.38ns)   --->   "%store_ln0 = store i32 %wbuf_2_read, i32 %wbuf_18"   --->   Operation 74 'store' 'store_ln0' <Predicate = true> <Delay = 0.38>
ST_1 : Operation 75 [1/1] (0.38ns)   --->   "%store_ln0 = store i32 %wbuf_1_read, i32 %wbuf_17"   --->   Operation 75 'store' 'store_ln0' <Predicate = true> <Delay = 0.38>
ST_1 : Operation 76 [1/1] (0.38ns)   --->   "%store_ln0 = store i32 %wbuf_read, i32 %wbuf_16"   --->   Operation 76 'store' 'store_ln0' <Predicate = true> <Delay = 0.38>
ST_1 : Operation 77 [1/1] (0.38ns)   --->   "%store_ln0 = store i7 0, i7 %i"   --->   Operation 77 'store' 'store_ln0' <Predicate = true> <Delay = 0.38>
ST_1 : Operation 78 [1/1] (0.38ns)   --->   "%store_ln0 = store i32 %state_3_read_1, i32 %d"   --->   Operation 78 'store' 'store_ln0' <Predicate = true> <Delay = 0.38>
ST_1 : Operation 79 [1/1] (0.38ns)   --->   "%store_ln0 = store i32 %state_7_read_1, i32 %h"   --->   Operation 79 'store' 'store_ln0' <Predicate = true> <Delay = 0.38>
ST_1 : Operation 80 [1/1] (0.00ns)   --->   "%br_ln0 = br void %for.body14"   --->   Operation 80 'br' 'br_ln0' <Predicate = true> <Delay = 0.00>
ST_1 : Operation 81 [1/1] (0.00ns)   --->   "%i_6 = load i7 %i" [/home/efrink/mled/split_cu/U280_CRC_Accelerator/src/kernel.cpp:158]   --->   Operation 81 'load' 'i_6' <Predicate = true> <Delay = 0.00>
ST_1 : Operation 82 [1/1] (0.59ns)   --->   "%icmp_ln147 = icmp_eq  i7 %i_6, i7 64" [/home/efrink/mled/split_cu/U280_CRC_Accelerator/src/kernel.cpp:147]   --->   Operation 82 'icmp' 'icmp_ln147' <Predicate = true> <Delay = 0.59> <CoreInst = "Cmp">   --->   Core 9 'Cmp' <Latency = 0> <II = 1> <Delay = 0.59> <FuncUnit> <Opcode : 'icmp'> <InPorts = 2> <OutPorts = 1>
ST_1 : Operation 83 [1/1] (0.70ns)   --->   "%add_ln147 = add i7 %i_6, i7 1" [/home/efrink/mled/split_cu/U280_CRC_Accelerator/src/kernel.cpp:147]   --->   Operation 83 'add' 'add_ln147' <Predicate = true> <Delay = 0.70> <CoreInst = "Adder">   --->   Core 1 'Adder' <Latency = 0> <II = 1> <Delay = 0.70> <FuncUnit> <Opcode : 'add' 'sub'> <InPorts = 2> <OutPorts = 1>
ST_1 : Operation 84 [1/1] (0.00ns)   --->   "%br_ln147 = br i1 %icmp_ln147, void %for.body14.split, void %for.end55.exitStub" [/home/efrink/mled/split_cu/U280_CRC_Accelerator/src/kernel.cpp:147]   --->   Operation 84 'br' 'br_ln147' <Predicate = true> <Delay = 0.00>
ST_1 : Operation 85 [1/1] (0.00ns)   --->   "%zext_ln147 = zext i7 %i_6" [/home/efrink/mled/split_cu/U280_CRC_Accelerator/src/kernel.cpp:147]   --->   Operation 85 'zext' 'zext_ln147' <Predicate = (!icmp_ln147)> <Delay = 0.00>
ST_1 : Operation 86 [1/1] (0.00ns)   --->   "%tmp = partselect i3 @_ssdm_op_PartSelect.i3.i7.i32.i32, i7 %i_6, i32 4, i32 6" [/home/efrink/mled/split_cu/U280_CRC_Accelerator/src/kernel.cpp:152]   --->   Operation 86 'partselect' 'tmp' <Predicate = (!icmp_ln147)> <Delay = 0.00>
ST_1 : Operation 87 [1/1] (0.49ns)   --->   "%icmp_ln152 = icmp_eq  i3 %tmp, i3 0" [/home/efrink/mled/split_cu/U280_CRC_Accelerator/src/kernel.cpp:152]   --->   Operation 87 'icmp' 'icmp_ln152' <Predicate = (!icmp_ln147)> <Delay = 0.49> <CoreInst = "Cmp">   --->   Core 9 'Cmp' <Latency = 0> <II = 1> <Delay = 0.49> <FuncUnit> <Opcode : 'icmp'> <InPorts = 2> <OutPorts = 1>
ST_1 : Operation 88 [1/1] (0.00ns)   --->   "%br_ln152 = br i1 %icmp_ln152, void %if.else, void %if.then" [/home/efrink/mled/split_cu/U280_CRC_Accelerator/src/kernel.cpp:152]   --->   Operation 88 'br' 'br_ln152' <Predicate = (!icmp_ln147)> <Delay = 0.00>
ST_1 : Operation 89 [1/1] (0.00ns)   --->   "%idx = trunc i7 %i_6" [/home/efrink/mled/split_cu/U280_CRC_Accelerator/src/kernel.cpp:158]   --->   Operation 89 'trunc' 'idx' <Predicate = (!icmp_ln147 & !icmp_ln152)> <Delay = 0.00>
ST_1 : Operation 90 [1/1] (0.70ns)   --->   "%add_ln159 = add i4 %idx, i4 1" [/home/efrink/mled/split_cu/U280_CRC_Accelerator/src/kernel.cpp:159]   --->   Operation 90 'add' 'add_ln159' <Predicate = (!icmp_ln147 & !icmp_ln152)> <Delay = 0.70> <CoreInst = "Adder">   --->   Core 1 'Adder' <Latency = 0> <II = 1> <Delay = 0.70> <FuncUnit> <Opcode : 'add' 'sub'> <InPorts = 2> <OutPorts = 1>
ST_1 : Operation 91 [1/1] (0.70ns)   --->   "%add_ln160 = add i4 %idx, i4 14" [/home/efrink/mled/split_cu/U280_CRC_Accelerator/src/kernel.cpp:160]   --->   Operation 91 'add' 'add_ln160' <Predicate = (!icmp_ln147 & !icmp_ln152)> <Delay = 0.70> <CoreInst = "Adder">   --->   Core 1 'Adder' <Latency = 0> <II = 1> <Delay = 0.70> <FuncUnit> <Opcode : 'add' 'sub'> <InPorts = 2> <OutPorts = 1>
ST_1 : Operation 92 [1/1] (0.34ns)   --->   "%switch_ln162 = switch i4 %idx, void %arrayidx36.case.15, i4 0, void %if.else.for.inc53_crit_edge, i4 1, void %if.else.for.inc53_crit_edge40, i4 2, void %arrayidx36.case.2, i4 3, void %arrayidx36.case.3, i4 4, void %arrayidx36.case.4, i4 5, void %arrayidx36.case.5, i4 6, void %arrayidx36.case.6, i4 7, void %arrayidx36.case.7, i4 8, void %arrayidx36.case.8, i4 9, void %arrayidx36.case.9, i4 10, void %arrayidx36.case.10, i4 11, void %arrayidx36.case.11, i4 12, void %arrayidx36.case.12, i4 13, void %arrayidx36.case.13, i4 14, void %arrayidx36.case.14" [/home/efrink/mled/split_cu/U280_CRC_Accelerator/src/kernel.cpp:162]   --->   Operation 92 'switch' 'switch_ln162' <Predicate = (!icmp_ln147 & !icmp_ln152)> <Delay = 0.34>
ST_1 : Operation 93 [1/1] (0.00ns)   --->   "%SHA256_K_addr = getelementptr i32 %SHA256_K, i64 0, i64 %zext_ln147" [/home/efrink/mled/split_cu/U280_CRC_Accelerator/src/kernel.cpp:165]   --->   Operation 93 'getelementptr' 'SHA256_K_addr' <Predicate = (!icmp_ln147)> <Delay = 0.00>
ST_1 : Operation 94 [2/2] (0.69ns)   --->   "%SHA256_K_load = load i6 %SHA256_K_addr" [/home/efrink/mled/split_cu/U280_CRC_Accelerator/src/kernel.cpp:165]   --->   Operation 94 'load' 'SHA256_K_load' <Predicate = (!icmp_ln147)> <Delay = 0.69> <CoreInst = "ROM">   --->   Core 101 'ROM' <Latency = 1> <II = 1> <Delay = 0.69> <Storage> <Opcode : 'load'> <Ports = 0> <Width = 32> <Depth = 64> <ROM>
ST_1 : Operation 95 [1/1] (0.38ns)   --->   "%store_ln147 = store i7 %add_ln147, i7 %i" [/home/efrink/mled/split_cu/U280_CRC_Accelerator/src/kernel.cpp:147]   --->   Operation 95 'store' 'store_ln147' <Predicate = (!icmp_ln147)> <Delay = 0.38>

State 2 <SV = 1> <Delay = 2.49>
ST_2 : Operation 96 [1/1] (0.00ns)   --->   "%specpipeline_ln149 = specpipeline void @_ssdm_op_SpecPipeline, i32 1, i32 0, i32 0, i32 0, void @empty" [/home/efrink/mled/split_cu/U280_CRC_Accelerator/src/kernel.cpp:149]   --->   Operation 96 'specpipeline' 'specpipeline_ln149' <Predicate = (!icmp_ln147)> <Delay = 0.00>
ST_2 : Operation 97 [1/1] (0.00ns)   --->   "%specloopname_ln126 = specloopname void @_ssdm_op_SpecLoopName, void @empty_14" [/home/efrink/mled/split_cu/U280_CRC_Accelerator/src/kernel.cpp:126]   --->   Operation 97 'specloopname' 'specloopname_ln126' <Predicate = (!icmp_ln147)> <Delay = 0.00>
ST_2 : Operation 98 [1/1] (0.00ns)   --->   "%wbuf_16_load = load i32 %wbuf_16" [/home/efrink/mled/split_cu/U280_CRC_Accelerator/src/kernel.cpp:154]   --->   Operation 98 'load' 'wbuf_16_load' <Predicate = (!icmp_ln147)> <Delay = 0.00>
ST_2 : Operation 99 [1/1] (0.00ns)   --->   "%wbuf_17_load = load i32 %wbuf_17" [/home/efrink/mled/split_cu/U280_CRC_Accelerator/src/kernel.cpp:154]   --->   Operation 99 'load' 'wbuf_17_load' <Predicate = (!icmp_ln147)> <Delay = 0.00>
ST_2 : Operation 100 [1/1] (0.00ns)   --->   "%wbuf_18_load = load i32 %wbuf_18" [/home/efrink/mled/split_cu/U280_CRC_Accelerator/src/kernel.cpp:154]   --->   Operation 100 'load' 'wbuf_18_load' <Predicate = (!icmp_ln147)> <Delay = 0.00>
ST_2 : Operation 101 [1/1] (0.00ns)   --->   "%wbuf_19_load = load i32 %wbuf_19" [/home/efrink/mled/split_cu/U280_CRC_Accelerator/src/kernel.cpp:154]   --->   Operation 101 'load' 'wbuf_19_load' <Predicate = (!icmp_ln147)> <Delay = 0.00>
ST_2 : Operation 102 [1/1] (0.00ns)   --->   "%wbuf_20_load = load i32 %wbuf_20" [/home/efrink/mled/split_cu/U280_CRC_Accelerator/src/kernel.cpp:154]   --->   Operation 102 'load' 'wbuf_20_load' <Predicate = (!icmp_ln147)> <Delay = 0.00>
ST_2 : Operation 103 [1/1] (0.00ns)   --->   "%wbuf_21_load = load i32 %wbuf_21" [/home/efrink/mled/split_cu/U280_CRC_Accelerator/src/kernel.cpp:154]   --->   Operation 103 'load' 'wbuf_21_load' <Predicate = (!icmp_ln147)> <Delay = 0.00>
ST_2 : Operation 104 [1/1] (0.00ns)   --->   "%wbuf_22_load = load i32 %wbuf_22" [/home/efrink/mled/split_cu/U280_CRC_Accelerator/src/kernel.cpp:154]   --->   Operation 104 'load' 'wbuf_22_load' <Predicate = (!icmp_ln147)> <Delay = 0.00>
ST_2 : Operation 105 [1/1] (0.00ns)   --->   "%wbuf_23_load = load i32 %wbuf_23" [/home/efrink/mled/split_cu/U280_CRC_Accelerator/src/kernel.cpp:154]   --->   Operation 105 'load' 'wbuf_23_load' <Predicate = (!icmp_ln147)> <Delay = 0.00>
ST_2 : Operation 106 [1/1] (0.00ns)   --->   "%wbuf_24_load = load i32 %wbuf_24" [/home/efrink/mled/split_cu/U280_CRC_Accelerator/src/kernel.cpp:154]   --->   Operation 106 'load' 'wbuf_24_load' <Predicate = (!icmp_ln147)> <Delay = 0.00>
ST_2 : Operation 107 [1/1] (0.00ns)   --->   "%wbuf_25_load = load i32 %wbuf_25" [/home/efrink/mled/split_cu/U280_CRC_Accelerator/src/kernel.cpp:154]   --->   Operation 107 'load' 'wbuf_25_load' <Predicate = (!icmp_ln147)> <Delay = 0.00>
ST_2 : Operation 108 [1/1] (0.00ns)   --->   "%wbuf_26_load = load i32 %wbuf_26" [/home/efrink/mled/split_cu/U280_CRC_Accelerator/src/kernel.cpp:154]   --->   Operation 108 'load' 'wbuf_26_load' <Predicate = (!icmp_ln147)> <Delay = 0.00>
ST_2 : Operation 109 [1/1] (0.00ns)   --->   "%wbuf_27_load = load i32 %wbuf_27" [/home/efrink/mled/split_cu/U280_CRC_Accelerator/src/kernel.cpp:154]   --->   Operation 109 'load' 'wbuf_27_load' <Predicate = (!icmp_ln147)> <Delay = 0.00>
ST_2 : Operation 110 [1/1] (0.00ns)   --->   "%wbuf_28_load = load i32 %wbuf_28" [/home/efrink/mled/split_cu/U280_CRC_Accelerator/src/kernel.cpp:154]   --->   Operation 110 'load' 'wbuf_28_load' <Predicate = (!icmp_ln147)> <Delay = 0.00>
ST_2 : Operation 111 [1/1] (0.00ns)   --->   "%wbuf_29_load = load i32 %wbuf_29" [/home/efrink/mled/split_cu/U280_CRC_Accelerator/src/kernel.cpp:154]   --->   Operation 111 'load' 'wbuf_29_load' <Predicate = (!icmp_ln147)> <Delay = 0.00>
ST_2 : Operation 112 [1/1] (0.00ns)   --->   "%wbuf_30_load = load i32 %wbuf_30" [/home/efrink/mled/split_cu/U280_CRC_Accelerator/src/kernel.cpp:154]   --->   Operation 112 'load' 'wbuf_30_load' <Predicate = (!icmp_ln147)> <Delay = 0.00>
ST_2 : Operation 113 [1/1] (0.00ns)   --->   "%wbuf_31_load = load i32 %wbuf_31" [/home/efrink/mled/split_cu/U280_CRC_Accelerator/src/kernel.cpp:154]   --->   Operation 113 'load' 'wbuf_31_load' <Predicate = (!icmp_ln147)> <Delay = 0.00>
ST_2 : Operation 114 [1/1] (0.49ns)   --->   "%x_assign = mux i32 @_ssdm_op_Mux.ap_auto.16i32.i4, i32 %wbuf_16_load, i32 %wbuf_17_load, i32 %wbuf_18_load, i32 %wbuf_19_load, i32 %wbuf_20_load, i32 %wbuf_21_load, i32 %wbuf_22_load, i32 %wbuf_23_load, i32 %wbuf_24_load, i32 %wbuf_25_load, i32 %wbuf_26_load, i32 %wbuf_27_load, i32 %wbuf_28_load, i32 %wbuf_29_load, i32 %wbuf_30_load, i32 %wbuf_31_load, i4 %add_ln159" [/home/efrink/mled/split_cu/U280_CRC_Accelerator/src/kernel.cpp:159]   --->   Operation 114 'mux' 'x_assign' <Predicate = (!icmp_ln147 & !icmp_ln152)> <Delay = 0.49> <CoreInst = "Multiplexer">   --->   Core 76 'Multiplexer' <Latency = 0> <II = 1> <Delay = 0.49> <FuncUnit> <Opcode : 'mux'> <InPorts = 2> <OutPorts = 1>
ST_2 : Operation 115 [1/1] (0.00ns) (grouped into LUT with out node s0)   --->   "%lshr_ln = partselect i25 @_ssdm_op_PartSelect.i25.i32.i32.i32, i32 %x_assign, i32 7, i32 31" [/home/efrink/mled/split_cu/U280_CRC_Accelerator/src/kernel.cpp:55]   --->   Operation 115 'partselect' 'lshr_ln' <Predicate = (!icmp_ln147 & !icmp_ln152)> <Delay = 0.00>
ST_2 : Operation 116 [1/1] (0.00ns) (grouped into LUT with out node s0)   --->   "%trunc_ln55 = trunc i32 %x_assign" [/home/efrink/mled/split_cu/U280_CRC_Accelerator/src/kernel.cpp:55]   --->   Operation 116 'trunc' 'trunc_ln55' <Predicate = (!icmp_ln147 & !icmp_ln152)> <Delay = 0.00>
ST_2 : Operation 117 [1/1] (0.00ns) (grouped into LUT with out node s0)   --->   "%or_ln = bitconcatenate i32 @_ssdm_op_BitConcatenate.i32.i7.i25, i7 %trunc_ln55, i25 %lshr_ln" [/home/efrink/mled/split_cu/U280_CRC_Accelerator/src/kernel.cpp:55]   --->   Operation 117 'bitconcatenate' 'or_ln' <Predicate = (!icmp_ln147 & !icmp_ln152)> <Delay = 0.00>
ST_2 : Operation 118 [1/1] (0.00ns) (grouped into LUT with out node s0)   --->   "%lshr_ln55_1 = partselect i14 @_ssdm_op_PartSelect.i14.i32.i32.i32, i32 %x_assign, i32 18, i32 31" [/home/efrink/mled/split_cu/U280_CRC_Accelerator/src/kernel.cpp:55]   --->   Operation 118 'partselect' 'lshr_ln55_1' <Predicate = (!icmp_ln147 & !icmp_ln152)> <Delay = 0.00>
ST_2 : Operation 119 [1/1] (0.00ns) (grouped into LUT with out node s0)   --->   "%trunc_ln55_1 = trunc i32 %x_assign" [/home/efrink/mled/split_cu/U280_CRC_Accelerator/src/kernel.cpp:55]   --->   Operation 119 'trunc' 'trunc_ln55_1' <Predicate = (!icmp_ln147 & !icmp_ln152)> <Delay = 0.00>
ST_2 : Operation 120 [1/1] (0.00ns) (grouped into LUT with out node s0)   --->   "%or_ln55_1 = bitconcatenate i32 @_ssdm_op_BitConcatenate.i32.i18.i14, i18 %trunc_ln55_1, i14 %lshr_ln55_1" [/home/efrink/mled/split_cu/U280_CRC_Accelerator/src/kernel.cpp:55]   --->   Operation 120 'bitconcatenate' 'or_ln55_1' <Predicate = (!icmp_ln147 & !icmp_ln152)> <Delay = 0.00>
ST_2 : Operation 121 [1/1] (0.00ns) (grouped into LUT with out node s0)   --->   "%lshr_ln1 = partselect i29 @_ssdm_op_PartSelect.i29.i32.i32.i32, i32 %x_assign, i32 3, i32 31" [/home/efrink/mled/split_cu/U280_CRC_Accelerator/src/kernel.cpp:85]   --->   Operation 121 'partselect' 'lshr_ln1' <Predicate = (!icmp_ln147 & !icmp_ln152)> <Delay = 0.00>
ST_2 : Operation 122 [1/1] (0.00ns) (grouped into LUT with out node s0)   --->   "%zext_ln85 = zext i29 %lshr_ln1" [/home/efrink/mled/split_cu/U280_CRC_Accelerator/src/kernel.cpp:85]   --->   Operation 122 'zext' 'zext_ln85' <Predicate = (!icmp_ln147 & !icmp_ln152)> <Delay = 0.00>
ST_2 : Operation 123 [1/1] (0.00ns) (grouped into LUT with out node s0)   --->   "%xor_ln85 = xor i32 %zext_ln85, i32 %or_ln55_1" [/home/efrink/mled/split_cu/U280_CRC_Accelerator/src/kernel.cpp:85]   --->   Operation 123 'xor' 'xor_ln85' <Predicate = (!icmp_ln147 & !icmp_ln152)> <Delay = 0.00> <CoreInst = "LogicGate">   --->   Core 74 'LogicGate' <Latency = 0> <II = 1> <Delay = 0.21> <FuncUnit> <Opcode : 'and' 'or' 'xor'> <InPorts = 2> <OutPorts = 1>
ST_2 : Operation 124 [1/1] (0.21ns) (out node of the LUT)   --->   "%s0 = xor i32 %xor_ln85, i32 %or_ln" [/home/efrink/mled/split_cu/U280_CRC_Accelerator/src/kernel.cpp:85]   --->   Operation 124 'xor' 's0' <Predicate = (!icmp_ln147 & !icmp_ln152)> <Delay = 0.21> <CoreInst = "LogicGate">   --->   Core 74 'LogicGate' <Latency = 0> <II = 1> <Delay = 0.21> <FuncUnit> <Opcode : 'and' 'or' 'xor'> <InPorts = 2> <OutPorts = 1>
ST_2 : Operation 125 [1/1] (0.49ns)   --->   "%x_assign_1 = mux i32 @_ssdm_op_Mux.ap_auto.16i32.i4, i32 %wbuf_16_load, i32 %wbuf_17_load, i32 %wbuf_18_load, i32 %wbuf_19_load, i32 %wbuf_20_load, i32 %wbuf_21_load, i32 %wbuf_22_load, i32 %wbuf_23_load, i32 %wbuf_24_load, i32 %wbuf_25_load, i32 %wbuf_26_load, i32 %wbuf_27_load, i32 %wbuf_28_load, i32 %wbuf_29_load, i32 %wbuf_30_load, i32 %wbuf_31_load, i4 %add_ln160" [/home/efrink/mled/split_cu/U280_CRC_Accelerator/src/kernel.cpp:160]   --->   Operation 125 'mux' 'x_assign_1' <Predicate = (!icmp_ln147 & !icmp_ln152)> <Delay = 0.49> <CoreInst = "Multiplexer">   --->   Core 76 'Multiplexer' <Latency = 0> <II = 1> <Delay = 0.49> <FuncUnit> <Opcode : 'mux'> <InPorts = 2> <OutPorts = 1>
ST_2 : Operation 126 [1/1] (0.00ns) (grouped into LUT with out node add_ln161_2)   --->   "%lshr_ln55_2 = partselect i15 @_ssdm_op_PartSelect.i15.i32.i32.i32, i32 %x_assign_1, i32 17, i32 31" [/home/efrink/mled/split_cu/U280_CRC_Accelerator/src/kernel.cpp:55]   --->   Operation 126 'partselect' 'lshr_ln55_2' <Predicate = (!icmp_ln147 & !icmp_ln152)> <Delay = 0.00>
ST_2 : Operation 127 [1/1] (0.00ns) (grouped into LUT with out node add_ln161_2)   --->   "%trunc_ln55_2 = trunc i32 %x_assign_1" [/home/efrink/mled/split_cu/U280_CRC_Accelerator/src/kernel.cpp:55]   --->   Operation 127 'trunc' 'trunc_ln55_2' <Predicate = (!icmp_ln147 & !icmp_ln152)> <Delay = 0.00>
ST_2 : Operation 128 [1/1] (0.00ns) (grouped into LUT with out node add_ln161_2)   --->   "%or_ln55_2 = bitconcatenate i32 @_ssdm_op_BitConcatenate.i32.i17.i15, i17 %trunc_ln55_2, i15 %lshr_ln55_2" [/home/efrink/mled/split_cu/U280_CRC_Accelerator/src/kernel.cpp:55]   --->   Operation 128 'bitconcatenate' 'or_ln55_2' <Predicate = (!icmp_ln147 & !icmp_ln152)> <Delay = 0.00>
ST_2 : Operation 129 [1/1] (0.00ns) (grouped into LUT with out node add_ln161_2)   --->   "%lshr_ln55_3 = partselect i13 @_ssdm_op_PartSelect.i13.i32.i32.i32, i32 %x_assign_1, i32 19, i32 31" [/home/efrink/mled/split_cu/U280_CRC_Accelerator/src/kernel.cpp:55]   --->   Operation 129 'partselect' 'lshr_ln55_3' <Predicate = (!icmp_ln147 & !icmp_ln152)> <Delay = 0.00>
ST_2 : Operation 130 [1/1] (0.00ns) (grouped into LUT with out node add_ln161_2)   --->   "%trunc_ln55_3 = trunc i32 %x_assign_1" [/home/efrink/mled/split_cu/U280_CRC_Accelerator/src/kernel.cpp:55]   --->   Operation 130 'trunc' 'trunc_ln55_3' <Predicate = (!icmp_ln147 & !icmp_ln152)> <Delay = 0.00>
ST_2 : Operation 131 [1/1] (0.00ns) (grouped into LUT with out node add_ln161_2)   --->   "%or_ln55_3 = bitconcatenate i32 @_ssdm_op_BitConcatenate.i32.i19.i13, i19 %trunc_ln55_3, i13 %lshr_ln55_3" [/home/efrink/mled/split_cu/U280_CRC_Accelerator/src/kernel.cpp:55]   --->   Operation 131 'bitconcatenate' 'or_ln55_3' <Predicate = (!icmp_ln147 & !icmp_ln152)> <Delay = 0.00>
ST_2 : Operation 132 [1/1] (0.00ns) (grouped into LUT with out node add_ln161_2)   --->   "%lshr_ln2 = partselect i22 @_ssdm_op_PartSelect.i22.i32.i32.i32, i32 %x_assign_1, i32 10, i32 31" [/home/efrink/mled/split_cu/U280_CRC_Accelerator/src/kernel.cpp:91]   --->   Operation 132 'partselect' 'lshr_ln2' <Predicate = (!icmp_ln147 & !icmp_ln152)> <Delay = 0.00>
ST_2 : Operation 133 [1/1] (0.00ns) (grouped into LUT with out node add_ln161_2)   --->   "%zext_ln91 = zext i22 %lshr_ln2" [/home/efrink/mled/split_cu/U280_CRC_Accelerator/src/kernel.cpp:91]   --->   Operation 133 'zext' 'zext_ln91' <Predicate = (!icmp_ln147 & !icmp_ln152)> <Delay = 0.00>
ST_2 : Operation 134 [1/1] (0.00ns) (grouped into LUT with out node add_ln161_2)   --->   "%xor_ln91 = xor i32 %or_ln55_2, i32 %zext_ln91" [/home/efrink/mled/split_cu/U280_CRC_Accelerator/src/kernel.cpp:91]   --->   Operation 134 'xor' 'xor_ln91' <Predicate = (!icmp_ln147 & !icmp_ln152)> <Delay = 0.00> <CoreInst = "LogicGate">   --->   Core 74 'LogicGate' <Latency = 0> <II = 1> <Delay = 0.21> <FuncUnit> <Opcode : 'and' 'or' 'xor'> <InPorts = 2> <OutPorts = 1>
ST_2 : Operation 135 [1/1] (0.00ns) (grouped into LUT with out node add_ln161_2)   --->   "%s1 = xor i32 %xor_ln91, i32 %or_ln55_3" [/home/efrink/mled/split_cu/U280_CRC_Accelerator/src/kernel.cpp:91]   --->   Operation 135 'xor' 's1' <Predicate = (!icmp_ln147 & !icmp_ln152)> <Delay = 0.00> <CoreInst = "LogicGate">   --->   Core 74 'LogicGate' <Latency = 0> <II = 1> <Delay = 0.21> <FuncUnit> <Opcode : 'and' 'or' 'xor'> <InPorts = 2> <OutPorts = 1>
ST_2 : Operation 136 [1/1] (0.70ns)   --->   "%add_ln161 = add i4 %idx, i4 9" [/home/efrink/mled/split_cu/U280_CRC_Accelerator/src/kernel.cpp:161]   --->   Operation 136 'add' 'add_ln161' <Predicate = (!icmp_ln147 & !icmp_ln152)> <Delay = 0.70> <CoreInst = "Adder">   --->   Core 1 'Adder' <Latency = 0> <II = 1> <Delay = 0.70> <FuncUnit> <Opcode : 'add' 'sub'> <InPorts = 2> <OutPorts = 1>
ST_2 : Operation 137 [1/1] (0.49ns)   --->   "%tmp_s = mux i32 @_ssdm_op_Mux.ap_auto.16i32.i4, i32 %wbuf_16_load, i32 %wbuf_17_load, i32 %wbuf_18_load, i32 %wbuf_19_load, i32 %wbuf_20_load, i32 %wbuf_21_load, i32 %wbuf_22_load, i32 %wbuf_23_load, i32 %wbuf_24_load, i32 %wbuf_25_load, i32 %wbuf_26_load, i32 %wbuf_27_load, i32 %wbuf_28_load, i32 %wbuf_29_load, i32 %wbuf_30_load, i32 %wbuf_31_load, i4 %add_ln161" [/home/efrink/mled/split_cu/U280_CRC_Accelerator/src/kernel.cpp:161]   --->   Operation 137 'mux' 'tmp_s' <Predicate = (!icmp_ln147 & !icmp_ln152)> <Delay = 0.49> <CoreInst = "Multiplexer">   --->   Core 76 'Multiplexer' <Latency = 0> <II = 1> <Delay = 0.49> <FuncUnit> <Opcode : 'mux'> <InPorts = 2> <OutPorts = 1>
ST_2 : Operation 138 [1/1] (0.49ns)   --->   "%tmp_1 = mux i32 @_ssdm_op_Mux.ap_auto.16i32.i4, i32 %wbuf_16_load, i32 %wbuf_17_load, i32 %wbuf_18_load, i32 %wbuf_19_load, i32 %wbuf_20_load, i32 %wbuf_21_load, i32 %wbuf_22_load, i32 %wbuf_23_load, i32 %wbuf_24_load, i32 %wbuf_25_load, i32 %wbuf_26_load, i32 %wbuf_27_load, i32 %wbuf_28_load, i32 %wbuf_29_load, i32 %wbuf_30_load, i32 %wbuf_31_load, i4 %idx" [/home/efrink/mled/split_cu/U280_CRC_Accelerator/src/kernel.cpp:161]   --->   Operation 138 'mux' 'tmp_1' <Predicate = (!icmp_ln147 & !icmp_ln152)> <Delay = 0.49> <CoreInst = "Multiplexer">   --->   Core 76 'Multiplexer' <Latency = 0> <II = 1> <Delay = 0.49> <FuncUnit> <Opcode : 'mux'> <InPorts = 2> <OutPorts = 1>
ST_2 : Operation 139 [1/1] (0.00ns) (grouped into TernaryAdder)   --->   "%add_ln161_1 = add i32 %tmp_s, i32 %s0" [/home/efrink/mled/split_cu/U280_CRC_Accelerator/src/kernel.cpp:161]   --->   Operation 139 'add' 'add_ln161_1' <Predicate = (!icmp_ln147 & !icmp_ln152)> <Delay = 0.00> <CoreInst = "TAddSub">   --->   Core 10 'TAddSub' <Latency = 0> <II = 1> <Delay = 0.36> <IPBlock> <Opcode : 'add' 'sub'> <InPorts = 3> <OutPorts = 1> <Sync> <CReg>
ST_2 : Operation 140 [1/1] (0.88ns) (out node of the LUT)   --->   "%add_ln161_2 = add i32 %s1, i32 %tmp_1" [/home/efrink/mled/split_cu/U280_CRC_Accelerator/src/kernel.cpp:161]   --->   Operation 140 'add' 'add_ln161_2' <Predicate = (!icmp_ln147 & !icmp_ln152)> <Delay = 0.88> <CoreInst = "Adder">   --->   Core 1 'Adder' <Latency = 0> <II = 1> <Delay = 0.88> <FuncUnit> <Opcode : 'add' 'sub'> <InPorts = 2> <OutPorts = 1>
ST_2 : Operation 141 [1/1] (0.73ns) (root node of TernaryAdder)   --->   "%wbuf_33 = add i32 %add_ln161_2, i32 %add_ln161_1" [/home/efrink/mled/split_cu/U280_CRC_Accelerator/src/kernel.cpp:161]   --->   Operation 141 'add' 'wbuf_33' <Predicate = (!icmp_ln147 & !icmp_ln152)> <Delay = 0.73> <CoreInst = "TAddSub">   --->   Core 10 'TAddSub' <Latency = 0> <II = 1> <Delay = 0.36> <IPBlock> <Opcode : 'add' 'sub'> <InPorts = 3> <OutPorts = 1> <Sync> <CReg>
ST_2 : Operation 142 [1/1] (0.38ns)   --->   "%store_ln162 = store i32 %wbuf_33, i32 %wbuf_30" [/home/efrink/mled/split_cu/U280_CRC_Accelerator/src/kernel.cpp:162]   --->   Operation 142 'store' 'store_ln162' <Predicate = (!icmp_ln147 & !icmp_ln152 & idx == 14)> <Delay = 0.38>
ST_2 : Operation 143 [1/1] (0.38ns)   --->   "%br_ln162 = br void %for.inc53" [/home/efrink/mled/split_cu/U280_CRC_Accelerator/src/kernel.cpp:162]   --->   Operation 143 'br' 'br_ln162' <Predicate = (!icmp_ln147 & !icmp_ln152 & idx == 14)> <Delay = 0.38>
ST_2 : Operation 144 [1/1] (0.38ns)   --->   "%store_ln162 = store i32 %wbuf_33, i32 %wbuf_29" [/home/efrink/mled/split_cu/U280_CRC_Accelerator/src/kernel.cpp:162]   --->   Operation 144 'store' 'store_ln162' <Predicate = (!icmp_ln147 & !icmp_ln152 & idx == 13)> <Delay = 0.38>
ST_2 : Operation 145 [1/1] (0.38ns)   --->   "%br_ln162 = br void %for.inc53" [/home/efrink/mled/split_cu/U280_CRC_Accelerator/src/kernel.cpp:162]   --->   Operation 145 'br' 'br_ln162' <Predicate = (!icmp_ln147 & !icmp_ln152 & idx == 13)> <Delay = 0.38>
ST_2 : Operation 146 [1/1] (0.38ns)   --->   "%store_ln162 = store i32 %wbuf_33, i32 %wbuf_28" [/home/efrink/mled/split_cu/U280_CRC_Accelerator/src/kernel.cpp:162]   --->   Operation 146 'store' 'store_ln162' <Predicate = (!icmp_ln147 & !icmp_ln152 & idx == 12)> <Delay = 0.38>
ST_2 : Operation 147 [1/1] (0.38ns)   --->   "%br_ln162 = br void %for.inc53" [/home/efrink/mled/split_cu/U280_CRC_Accelerator/src/kernel.cpp:162]   --->   Operation 147 'br' 'br_ln162' <Predicate = (!icmp_ln147 & !icmp_ln152 & idx == 12)> <Delay = 0.38>
ST_2 : Operation 148 [1/1] (0.38ns)   --->   "%store_ln162 = store i32 %wbuf_33, i32 %wbuf_27" [/home/efrink/mled/split_cu/U280_CRC_Accelerator/src/kernel.cpp:162]   --->   Operation 148 'store' 'store_ln162' <Predicate = (!icmp_ln147 & !icmp_ln152 & idx == 11)> <Delay = 0.38>
ST_2 : Operation 149 [1/1] (0.38ns)   --->   "%br_ln162 = br void %for.inc53" [/home/efrink/mled/split_cu/U280_CRC_Accelerator/src/kernel.cpp:162]   --->   Operation 149 'br' 'br_ln162' <Predicate = (!icmp_ln147 & !icmp_ln152 & idx == 11)> <Delay = 0.38>
ST_2 : Operation 150 [1/1] (0.38ns)   --->   "%store_ln162 = store i32 %wbuf_33, i32 %wbuf_26" [/home/efrink/mled/split_cu/U280_CRC_Accelerator/src/kernel.cpp:162]   --->   Operation 150 'store' 'store_ln162' <Predicate = (!icmp_ln147 & !icmp_ln152 & idx == 10)> <Delay = 0.38>
ST_2 : Operation 151 [1/1] (0.38ns)   --->   "%br_ln162 = br void %for.inc53" [/home/efrink/mled/split_cu/U280_CRC_Accelerator/src/kernel.cpp:162]   --->   Operation 151 'br' 'br_ln162' <Predicate = (!icmp_ln147 & !icmp_ln152 & idx == 10)> <Delay = 0.38>
ST_2 : Operation 152 [1/1] (0.38ns)   --->   "%store_ln162 = store i32 %wbuf_33, i32 %wbuf_25" [/home/efrink/mled/split_cu/U280_CRC_Accelerator/src/kernel.cpp:162]   --->   Operation 152 'store' 'store_ln162' <Predicate = (!icmp_ln147 & !icmp_ln152 & idx == 9)> <Delay = 0.38>
ST_2 : Operation 153 [1/1] (0.38ns)   --->   "%br_ln162 = br void %for.inc53" [/home/efrink/mled/split_cu/U280_CRC_Accelerator/src/kernel.cpp:162]   --->   Operation 153 'br' 'br_ln162' <Predicate = (!icmp_ln147 & !icmp_ln152 & idx == 9)> <Delay = 0.38>
ST_2 : Operation 154 [1/1] (0.38ns)   --->   "%store_ln162 = store i32 %wbuf_33, i32 %wbuf_24" [/home/efrink/mled/split_cu/U280_CRC_Accelerator/src/kernel.cpp:162]   --->   Operation 154 'store' 'store_ln162' <Predicate = (!icmp_ln147 & !icmp_ln152 & idx == 8)> <Delay = 0.38>
ST_2 : Operation 155 [1/1] (0.38ns)   --->   "%br_ln162 = br void %for.inc53" [/home/efrink/mled/split_cu/U280_CRC_Accelerator/src/kernel.cpp:162]   --->   Operation 155 'br' 'br_ln162' <Predicate = (!icmp_ln147 & !icmp_ln152 & idx == 8)> <Delay = 0.38>
ST_2 : Operation 156 [1/1] (0.38ns)   --->   "%store_ln162 = store i32 %wbuf_33, i32 %wbuf_23" [/home/efrink/mled/split_cu/U280_CRC_Accelerator/src/kernel.cpp:162]   --->   Operation 156 'store' 'store_ln162' <Predicate = (!icmp_ln147 & !icmp_ln152 & idx == 7)> <Delay = 0.38>
ST_2 : Operation 157 [1/1] (0.38ns)   --->   "%br_ln162 = br void %for.inc53" [/home/efrink/mled/split_cu/U280_CRC_Accelerator/src/kernel.cpp:162]   --->   Operation 157 'br' 'br_ln162' <Predicate = (!icmp_ln147 & !icmp_ln152 & idx == 7)> <Delay = 0.38>
ST_2 : Operation 158 [1/1] (0.38ns)   --->   "%store_ln162 = store i32 %wbuf_33, i32 %wbuf_22" [/home/efrink/mled/split_cu/U280_CRC_Accelerator/src/kernel.cpp:162]   --->   Operation 158 'store' 'store_ln162' <Predicate = (!icmp_ln147 & !icmp_ln152 & idx == 6)> <Delay = 0.38>
ST_2 : Operation 159 [1/1] (0.38ns)   --->   "%br_ln162 = br void %for.inc53" [/home/efrink/mled/split_cu/U280_CRC_Accelerator/src/kernel.cpp:162]   --->   Operation 159 'br' 'br_ln162' <Predicate = (!icmp_ln147 & !icmp_ln152 & idx == 6)> <Delay = 0.38>
ST_2 : Operation 160 [1/1] (0.38ns)   --->   "%store_ln162 = store i32 %wbuf_33, i32 %wbuf_21" [/home/efrink/mled/split_cu/U280_CRC_Accelerator/src/kernel.cpp:162]   --->   Operation 160 'store' 'store_ln162' <Predicate = (!icmp_ln147 & !icmp_ln152 & idx == 5)> <Delay = 0.38>
ST_2 : Operation 161 [1/1] (0.38ns)   --->   "%br_ln162 = br void %for.inc53" [/home/efrink/mled/split_cu/U280_CRC_Accelerator/src/kernel.cpp:162]   --->   Operation 161 'br' 'br_ln162' <Predicate = (!icmp_ln147 & !icmp_ln152 & idx == 5)> <Delay = 0.38>
ST_2 : Operation 162 [1/1] (0.38ns)   --->   "%store_ln162 = store i32 %wbuf_33, i32 %wbuf_20" [/home/efrink/mled/split_cu/U280_CRC_Accelerator/src/kernel.cpp:162]   --->   Operation 162 'store' 'store_ln162' <Predicate = (!icmp_ln147 & !icmp_ln152 & idx == 4)> <Delay = 0.38>
ST_2 : Operation 163 [1/1] (0.38ns)   --->   "%br_ln162 = br void %for.inc53" [/home/efrink/mled/split_cu/U280_CRC_Accelerator/src/kernel.cpp:162]   --->   Operation 163 'br' 'br_ln162' <Predicate = (!icmp_ln147 & !icmp_ln152 & idx == 4)> <Delay = 0.38>
ST_2 : Operation 164 [1/1] (0.38ns)   --->   "%store_ln162 = store i32 %wbuf_33, i32 %wbuf_19" [/home/efrink/mled/split_cu/U280_CRC_Accelerator/src/kernel.cpp:162]   --->   Operation 164 'store' 'store_ln162' <Predicate = (!icmp_ln147 & !icmp_ln152 & idx == 3)> <Delay = 0.38>
ST_2 : Operation 165 [1/1] (0.38ns)   --->   "%br_ln162 = br void %for.inc53" [/home/efrink/mled/split_cu/U280_CRC_Accelerator/src/kernel.cpp:162]   --->   Operation 165 'br' 'br_ln162' <Predicate = (!icmp_ln147 & !icmp_ln152 & idx == 3)> <Delay = 0.38>
ST_2 : Operation 166 [1/1] (0.38ns)   --->   "%store_ln162 = store i32 %wbuf_33, i32 %wbuf_18" [/home/efrink/mled/split_cu/U280_CRC_Accelerator/src/kernel.cpp:162]   --->   Operation 166 'store' 'store_ln162' <Predicate = (!icmp_ln147 & !icmp_ln152 & idx == 2)> <Delay = 0.38>
ST_2 : Operation 167 [1/1] (0.38ns)   --->   "%br_ln162 = br void %for.inc53" [/home/efrink/mled/split_cu/U280_CRC_Accelerator/src/kernel.cpp:162]   --->   Operation 167 'br' 'br_ln162' <Predicate = (!icmp_ln147 & !icmp_ln152 & idx == 2)> <Delay = 0.38>
ST_2 : Operation 168 [1/1] (0.38ns)   --->   "%store_ln162 = store i32 %wbuf_33, i32 %wbuf_17" [/home/efrink/mled/split_cu/U280_CRC_Accelerator/src/kernel.cpp:162]   --->   Operation 168 'store' 'store_ln162' <Predicate = (!icmp_ln147 & !icmp_ln152 & idx == 1)> <Delay = 0.38>
ST_2 : Operation 169 [1/1] (0.38ns)   --->   "%br_ln162 = br void %for.inc53" [/home/efrink/mled/split_cu/U280_CRC_Accelerator/src/kernel.cpp:162]   --->   Operation 169 'br' 'br_ln162' <Predicate = (!icmp_ln147 & !icmp_ln152 & idx == 1)> <Delay = 0.38>
ST_2 : Operation 170 [1/1] (0.38ns)   --->   "%store_ln162 = store i32 %wbuf_33, i32 %wbuf_16" [/home/efrink/mled/split_cu/U280_CRC_Accelerator/src/kernel.cpp:162]   --->   Operation 170 'store' 'store_ln162' <Predicate = (!icmp_ln147 & !icmp_ln152 & idx == 0)> <Delay = 0.38>
ST_2 : Operation 171 [1/1] (0.38ns)   --->   "%br_ln162 = br void %for.inc53" [/home/efrink/mled/split_cu/U280_CRC_Accelerator/src/kernel.cpp:162]   --->   Operation 171 'br' 'br_ln162' <Predicate = (!icmp_ln147 & !icmp_ln152 & idx == 0)> <Delay = 0.38>
ST_2 : Operation 172 [1/1] (0.38ns)   --->   "%store_ln162 = store i32 %wbuf_33, i32 %wbuf_31" [/home/efrink/mled/split_cu/U280_CRC_Accelerator/src/kernel.cpp:162]   --->   Operation 172 'store' 'store_ln162' <Predicate = (!icmp_ln147 & !icmp_ln152 & idx == 15)> <Delay = 0.38>
ST_2 : Operation 173 [1/1] (0.38ns)   --->   "%br_ln162 = br void %for.inc53" [/home/efrink/mled/split_cu/U280_CRC_Accelerator/src/kernel.cpp:162]   --->   Operation 173 'br' 'br_ln162' <Predicate = (!icmp_ln147 & !icmp_ln152 & idx == 15)> <Delay = 0.38>
ST_2 : Operation 174 [1/1] (0.49ns)   --->   "%wt = mux i32 @_ssdm_op_Mux.ap_auto.16i32.i7, i32 %wbuf_16_load, i32 %wbuf_17_load, i32 %wbuf_18_load, i32 %wbuf_19_load, i32 %wbuf_20_load, i32 %wbuf_21_load, i32 %wbuf_22_load, i32 %wbuf_23_load, i32 %wbuf_24_load, i32 %wbuf_25_load, i32 %wbuf_26_load, i32 %wbuf_27_load, i32 %wbuf_28_load, i32 %wbuf_29_load, i32 %wbuf_30_load, i32 %wbuf_31_load, i7 %i_6" [/home/efrink/mled/split_cu/U280_CRC_Accelerator/src/kernel.cpp:154]   --->   Operation 174 'mux' 'wt' <Predicate = (!icmp_ln147 & icmp_ln152)> <Delay = 0.49> <CoreInst = "Multiplexer">   --->   Core 76 'Multiplexer' <Latency = 0> <II = 1> <Delay = 0.49> <FuncUnit> <Opcode : 'mux'> <InPorts = 2> <OutPorts = 1>
ST_2 : Operation 175 [1/1] (0.38ns)   --->   "%br_ln155 = br void %for.inc53" [/home/efrink/mled/split_cu/U280_CRC_Accelerator/src/kernel.cpp:155]   --->   Operation 175 'br' 'br_ln155' <Predicate = (!icmp_ln147 & icmp_ln152)> <Delay = 0.38>
ST_2 : Operation 176 [1/2] (0.69ns)   --->   "%SHA256_K_load = load i6 %SHA256_K_addr" [/home/efrink/mled/split_cu/U280_CRC_Accelerator/src/kernel.cpp:165]   --->   Operation 176 'load' 'SHA256_K_load' <Predicate = (!icmp_ln147)> <Delay = 0.69> <CoreInst = "ROM">   --->   Core 101 'ROM' <Latency = 1> <II = 1> <Delay = 0.69> <Storage> <Opcode : 'load'> <Ports = 0> <Width = 32> <Depth = 64> <ROM>

State 3 <SV = 2> <Delay = 2.93>
ST_3 : Operation 177 [1/1] (0.00ns)   --->   "%h_2 = load i32 %h_1" [/home/efrink/mled/split_cu/U280_CRC_Accelerator/src/kernel.cpp:61]   --->   Operation 177 'load' 'h_2' <Predicate = true> <Delay = 0.00>
ST_3 : Operation 178 [1/1] (0.00ns)   --->   "%g_2 = load i32 %g" [/home/efrink/mled/split_cu/U280_CRC_Accelerator/src/kernel.cpp:61]   --->   Operation 178 'load' 'g_2' <Predicate = true> <Delay = 0.00>
ST_3 : Operation 179 [1/1] (0.00ns)   --->   "%f_2 = load i32 %f" [/home/efrink/mled/split_cu/U280_CRC_Accelerator/src/kernel.cpp:55]   --->   Operation 179 'load' 'f_2' <Predicate = true> <Delay = 0.00>
ST_3 : Operation 180 [1/1] (0.00ns)   --->   "%d_2 = load i32 %d_1" [/home/efrink/mled/split_cu/U280_CRC_Accelerator/src/kernel.cpp:67]   --->   Operation 180 'load' 'd_2' <Predicate = true> <Delay = 0.00>
ST_3 : Operation 181 [1/1] (0.00ns)   --->   "%c_2 = load i32 %c" [/home/efrink/mled/split_cu/U280_CRC_Accelerator/src/kernel.cpp:67]   --->   Operation 181 'load' 'c_2' <Predicate = true> <Delay = 0.00>
ST_3 : Operation 182 [1/1] (0.00ns)   --->   "%b_5 = load i32 %b" [/home/efrink/mled/split_cu/U280_CRC_Accelerator/src/kernel.cpp:55]   --->   Operation 182 'load' 'b_5' <Predicate = true> <Delay = 0.00>
ST_3 : Operation 183 [1/1] (0.00ns)   --->   "%empty = speclooptripcount i32 @_ssdm_op_SpecLoopTripCount, i64 64, i64 64, i64 64"   --->   Operation 183 'speclooptripcount' 'empty' <Predicate = true> <Delay = 0.00>
ST_3 : Operation 184 [1/1] (0.00ns)   --->   "%wt_2 = phi i32 %wt, void %if.then, i32 %wbuf_33, void %arrayidx36.case.15, i32 %wbuf_33, void %arrayidx36.case.14, i32 %wbuf_33, void %arrayidx36.case.13, i32 %wbuf_33, void %arrayidx36.case.12, i32 %wbuf_33, void %arrayidx36.case.11, i32 %wbuf_33, void %arrayidx36.case.10, i32 %wbuf_33, void %arrayidx36.case.9, i32 %wbuf_33, void %arrayidx36.case.8, i32 %wbuf_33, void %arrayidx36.case.7, i32 %wbuf_33, void %arrayidx36.case.6, i32 %wbuf_33, void %arrayidx36.case.5, i32 %wbuf_33, void %arrayidx36.case.4, i32 %wbuf_33, void %arrayidx36.case.3, i32 %wbuf_33, void %arrayidx36.case.2, i32 %wbuf_33, void %if.else.for.inc53_crit_edge, i32 %wbuf_33, void %if.else.for.inc53_crit_edge40"   --->   Operation 184 'phi' 'wt_2' <Predicate = (!icmp_ln147)> <Delay = 0.00>
ST_3 : Operation 185 [1/1] (0.00ns)   --->   "%h_load = load i32 %h" [/home/efrink/mled/split_cu/U280_CRC_Accelerator/src/kernel.cpp:165]   --->   Operation 185 'load' 'h_load' <Predicate = (!icmp_ln147)> <Delay = 0.00>
ST_3 : Operation 186 [1/1] (0.00ns)   --->   "%d_load = load i32 %d" [/home/efrink/mled/split_cu/U280_CRC_Accelerator/src/kernel.cpp:171]   --->   Operation 186 'load' 'd_load' <Predicate = (!icmp_ln147)> <Delay = 0.00>
ST_3 : Operation 187 [1/1] (0.00ns) (grouped into LUT with out node xor_ln79_1)   --->   "%lshr_ln55_4 = partselect i26 @_ssdm_op_PartSelect.i26.i32.i32.i32, i32 %f_2, i32 6, i32 31" [/home/efrink/mled/split_cu/U280_CRC_Accelerator/src/kernel.cpp:55]   --->   Operation 187 'partselect' 'lshr_ln55_4' <Predicate = (!icmp_ln147)> <Delay = 0.00>
ST_3 : Operation 188 [1/1] (0.00ns) (grouped into LUT with out node xor_ln79_1)   --->   "%trunc_ln55_4 = trunc i32 %f_2" [/home/efrink/mled/split_cu/U280_CRC_Accelerator/src/kernel.cpp:55]   --->   Operation 188 'trunc' 'trunc_ln55_4' <Predicate = (!icmp_ln147)> <Delay = 0.00>
ST_3 : Operation 189 [1/1] (0.00ns) (grouped into LUT with out node xor_ln79_1)   --->   "%or_ln55_4 = bitconcatenate i32 @_ssdm_op_BitConcatenate.i32.i6.i26, i6 %trunc_ln55_4, i26 %lshr_ln55_4" [/home/efrink/mled/split_cu/U280_CRC_Accelerator/src/kernel.cpp:55]   --->   Operation 189 'bitconcatenate' 'or_ln55_4' <Predicate = (!icmp_ln147)> <Delay = 0.00>
ST_3 : Operation 190 [1/1] (0.00ns) (grouped into LUT with out node xor_ln79_1)   --->   "%lshr_ln55_5 = partselect i21 @_ssdm_op_PartSelect.i21.i32.i32.i32, i32 %f_2, i32 11, i32 31" [/home/efrink/mled/split_cu/U280_CRC_Accelerator/src/kernel.cpp:55]   --->   Operation 190 'partselect' 'lshr_ln55_5' <Predicate = (!icmp_ln147)> <Delay = 0.00>
ST_3 : Operation 191 [1/1] (0.00ns) (grouped into LUT with out node xor_ln79_1)   --->   "%trunc_ln55_5 = trunc i32 %f_2" [/home/efrink/mled/split_cu/U280_CRC_Accelerator/src/kernel.cpp:55]   --->   Operation 191 'trunc' 'trunc_ln55_5' <Predicate = (!icmp_ln147)> <Delay = 0.00>
ST_3 : Operation 192 [1/1] (0.00ns) (grouped into LUT with out node xor_ln79_1)   --->   "%or_ln55_5 = bitconcatenate i32 @_ssdm_op_BitConcatenate.i32.i11.i21, i11 %trunc_ln55_5, i21 %lshr_ln55_5" [/home/efrink/mled/split_cu/U280_CRC_Accelerator/src/kernel.cpp:55]   --->   Operation 192 'bitconcatenate' 'or_ln55_5' <Predicate = (!icmp_ln147)> <Delay = 0.00>
ST_3 : Operation 193 [1/1] (0.00ns) (grouped into LUT with out node xor_ln79_1)   --->   "%lshr_ln55_6 = partselect i7 @_ssdm_op_PartSelect.i7.i32.i32.i32, i32 %f_2, i32 25, i32 31" [/home/efrink/mled/split_cu/U280_CRC_Accelerator/src/kernel.cpp:55]   --->   Operation 193 'partselect' 'lshr_ln55_6' <Predicate = (!icmp_ln147)> <Delay = 0.00>
ST_3 : Operation 194 [1/1] (0.00ns) (grouped into LUT with out node xor_ln79_1)   --->   "%trunc_ln55_6 = trunc i32 %f_2" [/home/efrink/mled/split_cu/U280_CRC_Accelerator/src/kernel.cpp:55]   --->   Operation 194 'trunc' 'trunc_ln55_6' <Predicate = (!icmp_ln147)> <Delay = 0.00>
ST_3 : Operation 195 [1/1] (0.00ns) (grouped into LUT with out node xor_ln79_1)   --->   "%or_ln55_6 = bitconcatenate i32 @_ssdm_op_BitConcatenate.i32.i25.i7, i25 %trunc_ln55_6, i7 %lshr_ln55_6" [/home/efrink/mled/split_cu/U280_CRC_Accelerator/src/kernel.cpp:55]   --->   Operation 195 'bitconcatenate' 'or_ln55_6' <Predicate = (!icmp_ln147)> <Delay = 0.00>
ST_3 : Operation 196 [1/1] (0.00ns) (grouped into LUT with out node xor_ln79_1)   --->   "%xor_ln79 = xor i32 %or_ln55_4, i32 %or_ln55_5" [/home/efrink/mled/split_cu/U280_CRC_Accelerator/src/kernel.cpp:79]   --->   Operation 196 'xor' 'xor_ln79' <Predicate = (!icmp_ln147)> <Delay = 0.00> <CoreInst = "LogicGate">   --->   Core 74 'LogicGate' <Latency = 0> <II = 1> <Delay = 0.21> <FuncUnit> <Opcode : 'and' 'or' 'xor'> <InPorts = 2> <OutPorts = 1>
ST_3 : Operation 197 [1/1] (0.21ns) (out node of the LUT)   --->   "%xor_ln79_1 = xor i32 %xor_ln79, i32 %or_ln55_6" [/home/efrink/mled/split_cu/U280_CRC_Accelerator/src/kernel.cpp:79]   --->   Operation 197 'xor' 'xor_ln79_1' <Predicate = (!icmp_ln147)> <Delay = 0.21> <CoreInst = "LogicGate">   --->   Core 74 'LogicGate' <Latency = 0> <II = 1> <Delay = 0.21> <FuncUnit> <Opcode : 'and' 'or' 'xor'> <InPorts = 2> <OutPorts = 1>
ST_3 : Operation 198 [1/1] (0.00ns) (grouped into LUT with out node xor_ln61_1)   --->   "%and_ln61 = and i32 %g_2, i32 %f_2" [/home/efrink/mled/split_cu/U280_CRC_Accelerator/src/kernel.cpp:61]   --->   Operation 198 'and' 'and_ln61' <Predicate = (!icmp_ln147)> <Delay = 0.00> <CoreInst = "LogicGate">   --->   Core 74 'LogicGate' <Latency = 0> <II = 1> <Delay = 0.21> <FuncUnit> <Opcode : 'and' 'or' 'xor'> <InPorts = 2> <OutPorts = 1>
ST_3 : Operation 199 [1/1] (0.00ns) (grouped into LUT with out node xor_ln61_1)   --->   "%xor_ln61 = xor i32 %f_2, i32 4294967295" [/home/efrink/mled/split_cu/U280_CRC_Accelerator/src/kernel.cpp:61]   --->   Operation 199 'xor' 'xor_ln61' <Predicate = (!icmp_ln147)> <Delay = 0.00> <CoreInst = "LogicGate">   --->   Core 74 'LogicGate' <Latency = 0> <II = 1> <Delay = 0.21> <FuncUnit> <Opcode : 'and' 'or' 'xor'> <InPorts = 2> <OutPorts = 1>
ST_3 : Operation 200 [1/1] (0.00ns) (grouped into LUT with out node xor_ln61_1)   --->   "%and_ln61_1 = and i32 %h_2, i32 %xor_ln61" [/home/efrink/mled/split_cu/U280_CRC_Accelerator/src/kernel.cpp:61]   --->   Operation 200 'and' 'and_ln61_1' <Predicate = (!icmp_ln147)> <Delay = 0.00> <CoreInst = "LogicGate">   --->   Core 74 'LogicGate' <Latency = 0> <II = 1> <Delay = 0.21> <FuncUnit> <Opcode : 'and' 'or' 'xor'> <InPorts = 2> <OutPorts = 1>
ST_3 : Operation 201 [1/1] (0.21ns) (out node of the LUT)   --->   "%xor_ln61_1 = xor i32 %and_ln61_1, i32 %and_ln61" [/home/efrink/mled/split_cu/U280_CRC_Accelerator/src/kernel.cpp:61]   --->   Operation 201 'xor' 'xor_ln61_1' <Predicate = (!icmp_ln147)> <Delay = 0.21> <CoreInst = "LogicGate">   --->   Core 74 'LogicGate' <Latency = 0> <II = 1> <Delay = 0.21> <FuncUnit> <Opcode : 'and' 'or' 'xor'> <InPorts = 2> <OutPorts = 1>
ST_3 : Operation 202 [1/1] (0.00ns) (grouped into TernaryAdder)   --->   "%add_ln165 = add i32 %SHA256_K_load, i32 %xor_ln61_1" [/home/efrink/mled/split_cu/U280_CRC_Accelerator/src/kernel.cpp:165]   --->   Operation 202 'add' 'add_ln165' <Predicate = (!icmp_ln147)> <Delay = 0.00> <CoreInst = "TAddSub">   --->   Core 10 'TAddSub' <Latency = 0> <II = 1> <Delay = 0.36> <IPBlock> <Opcode : 'add' 'sub'> <InPorts = 3> <OutPorts = 1> <Sync> <CReg>
ST_3 : Operation 203 [1/1] (0.00ns) (grouped into TernaryAdder)   --->   "%add_ln165_1 = add i32 %h_load, i32 %xor_ln79_1" [/home/efrink/mled/split_cu/U280_CRC_Accelerator/src/kernel.cpp:165]   --->   Operation 203 'add' 'add_ln165_1' <Predicate = (!icmp_ln147)> <Delay = 0.00> <CoreInst = "TAddSub">   --->   Core 10 'TAddSub' <Latency = 0> <II = 1> <Delay = 0.36> <IPBlock> <Opcode : 'add' 'sub'> <InPorts = 3> <OutPorts = 1> <Sync> <CReg>
ST_3 : Operation 204 [1/1] (0.73ns) (root node of TernaryAdder)   --->   "%add_ln165_2 = add i32 %wt_2, i32 %add_ln165_1" [/home/efrink/mled/split_cu/U280_CRC_Accelerator/src/kernel.cpp:165]   --->   Operation 204 'add' 'add_ln165_2' <Predicate = (!icmp_ln147)> <Delay = 0.73> <CoreInst = "TAddSub">   --->   Core 10 'TAddSub' <Latency = 0> <II = 1> <Delay = 0.36> <IPBlock> <Opcode : 'add' 'sub'> <InPorts = 3> <OutPorts = 1> <Sync> <CReg>
ST_3 : Operation 205 [1/1] (0.73ns) (root node of TernaryAdder)   --->   "%t1 = add i32 %add_ln165_2, i32 %add_ln165" [/home/efrink/mled/split_cu/U280_CRC_Accelerator/src/kernel.cpp:165]   --->   Operation 205 'add' 't1' <Predicate = (!icmp_ln147)> <Delay = 0.73> <CoreInst = "TAddSub">   --->   Core 10 'TAddSub' <Latency = 0> <II = 1> <Delay = 0.36> <IPBlock> <Opcode : 'add' 'sub'> <InPorts = 3> <OutPorts = 1> <Sync> <CReg>
ST_3 : Operation 206 [1/1] (0.00ns) (grouped into LUT with out node xor_ln73_1)   --->   "%lshr_ln55_7 = partselect i30 @_ssdm_op_PartSelect.i30.i32.i32.i32, i32 %b_5, i32 2, i32 31" [/home/efrink/mled/split_cu/U280_CRC_Accelerator/src/kernel.cpp:55]   --->   Operation 206 'partselect' 'lshr_ln55_7' <Predicate = (!icmp_ln147)> <Delay = 0.00>
ST_3 : Operation 207 [1/1] (0.00ns) (grouped into LUT with out node xor_ln73_1)   --->   "%trunc_ln55_7 = trunc i32 %b_5" [/home/efrink/mled/split_cu/U280_CRC_Accelerator/src/kernel.cpp:55]   --->   Operation 207 'trunc' 'trunc_ln55_7' <Predicate = (!icmp_ln147)> <Delay = 0.00>
ST_3 : Operation 208 [1/1] (0.00ns) (grouped into LUT with out node xor_ln73_1)   --->   "%or_ln55_7 = bitconcatenate i32 @_ssdm_op_BitConcatenate.i32.i2.i30, i2 %trunc_ln55_7, i30 %lshr_ln55_7" [/home/efrink/mled/split_cu/U280_CRC_Accelerator/src/kernel.cpp:55]   --->   Operation 208 'bitconcatenate' 'or_ln55_7' <Predicate = (!icmp_ln147)> <Delay = 0.00>
ST_3 : Operation 209 [1/1] (0.00ns) (grouped into LUT with out node xor_ln73_1)   --->   "%lshr_ln55_8 = partselect i19 @_ssdm_op_PartSelect.i19.i32.i32.i32, i32 %b_5, i32 13, i32 31" [/home/efrink/mled/split_cu/U280_CRC_Accelerator/src/kernel.cpp:55]   --->   Operation 209 'partselect' 'lshr_ln55_8' <Predicate = (!icmp_ln147)> <Delay = 0.00>
ST_3 : Operation 210 [1/1] (0.00ns) (grouped into LUT with out node xor_ln73_1)   --->   "%trunc_ln55_8 = trunc i32 %b_5" [/home/efrink/mled/split_cu/U280_CRC_Accelerator/src/kernel.cpp:55]   --->   Operation 210 'trunc' 'trunc_ln55_8' <Predicate = (!icmp_ln147)> <Delay = 0.00>
ST_3 : Operation 211 [1/1] (0.00ns) (grouped into LUT with out node xor_ln73_1)   --->   "%or_ln55_8 = bitconcatenate i32 @_ssdm_op_BitConcatenate.i32.i13.i19, i13 %trunc_ln55_8, i19 %lshr_ln55_8" [/home/efrink/mled/split_cu/U280_CRC_Accelerator/src/kernel.cpp:55]   --->   Operation 211 'bitconcatenate' 'or_ln55_8' <Predicate = (!icmp_ln147)> <Delay = 0.00>
ST_3 : Operation 212 [1/1] (0.00ns) (grouped into LUT with out node xor_ln73_1)   --->   "%lshr_ln55_9 = partselect i10 @_ssdm_op_PartSelect.i10.i32.i32.i32, i32 %b_5, i32 22, i32 31" [/home/efrink/mled/split_cu/U280_CRC_Accelerator/src/kernel.cpp:55]   --->   Operation 212 'partselect' 'lshr_ln55_9' <Predicate = (!icmp_ln147)> <Delay = 0.00>
ST_3 : Operation 213 [1/1] (0.00ns) (grouped into LUT with out node xor_ln73_1)   --->   "%trunc_ln55_9 = trunc i32 %b_5" [/home/efrink/mled/split_cu/U280_CRC_Accelerator/src/kernel.cpp:55]   --->   Operation 213 'trunc' 'trunc_ln55_9' <Predicate = (!icmp_ln147)> <Delay = 0.00>
ST_3 : Operation 214 [1/1] (0.00ns) (grouped into LUT with out node xor_ln73_1)   --->   "%or_ln55_9 = bitconcatenate i32 @_ssdm_op_BitConcatenate.i32.i22.i10, i22 %trunc_ln55_9, i10 %lshr_ln55_9" [/home/efrink/mled/split_cu/U280_CRC_Accelerator/src/kernel.cpp:55]   --->   Operation 214 'bitconcatenate' 'or_ln55_9' <Predicate = (!icmp_ln147)> <Delay = 0.00>
ST_3 : Operation 215 [1/1] (0.00ns) (grouped into LUT with out node xor_ln73_1)   --->   "%xor_ln73 = xor i32 %or_ln55_7, i32 %or_ln55_8" [/home/efrink/mled/split_cu/U280_CRC_Accelerator/src/kernel.cpp:73]   --->   Operation 215 'xor' 'xor_ln73' <Predicate = (!icmp_ln147)> <Delay = 0.00> <CoreInst = "LogicGate">   --->   Core 74 'LogicGate' <Latency = 0> <II = 1> <Delay = 0.21> <FuncUnit> <Opcode : 'and' 'or' 'xor'> <InPorts = 2> <OutPorts = 1>
ST_3 : Operation 216 [1/1] (0.21ns) (out node of the LUT)   --->   "%xor_ln73_1 = xor i32 %xor_ln73, i32 %or_ln55_9" [/home/efrink/mled/split_cu/U280_CRC_Accelerator/src/kernel.cpp:73]   --->   Operation 216 'xor' 'xor_ln73_1' <Predicate = (!icmp_ln147)> <Delay = 0.21> <CoreInst = "LogicGate">   --->   Core 74 'LogicGate' <Latency = 0> <II = 1> <Delay = 0.21> <FuncUnit> <Opcode : 'and' 'or' 'xor'> <InPorts = 2> <OutPorts = 1>
ST_3 : Operation 217 [1/1] (0.00ns) (grouped into LUT with out node xor_ln67_1)   --->   "%xor_ln67 = xor i32 %d_2, i32 %c_2" [/home/efrink/mled/split_cu/U280_CRC_Accelerator/src/kernel.cpp:67]   --->   Operation 217 'xor' 'xor_ln67' <Predicate = (!icmp_ln147)> <Delay = 0.00> <CoreInst = "LogicGate">   --->   Core 74 'LogicGate' <Latency = 0> <II = 1> <Delay = 0.21> <FuncUnit> <Opcode : 'and' 'or' 'xor'> <InPorts = 2> <OutPorts = 1>
ST_3 : Operation 218 [1/1] (0.00ns) (grouped into LUT with out node xor_ln67_1)   --->   "%and_ln67 = and i32 %xor_ln67, i32 %b_5" [/home/efrink/mled/split_cu/U280_CRC_Accelerator/src/kernel.cpp:67]   --->   Operation 218 'and' 'and_ln67' <Predicate = (!icmp_ln147)> <Delay = 0.00> <CoreInst = "LogicGate">   --->   Core 74 'LogicGate' <Latency = 0> <II = 1> <Delay = 0.21> <FuncUnit> <Opcode : 'and' 'or' 'xor'> <InPorts = 2> <OutPorts = 1>
ST_3 : Operation 219 [1/1] (0.00ns) (grouped into LUT with out node xor_ln67_1)   --->   "%and_ln67_1 = and i32 %d_2, i32 %c_2" [/home/efrink/mled/split_cu/U280_CRC_Accelerator/src/kernel.cpp:67]   --->   Operation 219 'and' 'and_ln67_1' <Predicate = (!icmp_ln147)> <Delay = 0.00> <CoreInst = "LogicGate">   --->   Core 74 'LogicGate' <Latency = 0> <II = 1> <Delay = 0.21> <FuncUnit> <Opcode : 'and' 'or' 'xor'> <InPorts = 2> <OutPorts = 1>
ST_3 : Operation 220 [1/1] (0.21ns) (out node of the LUT)   --->   "%xor_ln67_1 = xor i32 %and_ln67, i32 %and_ln67_1" [/home/efrink/mled/split_cu/U280_CRC_Accelerator/src/kernel.cpp:67]   --->   Operation 220 'xor' 'xor_ln67_1' <Predicate = (!icmp_ln147)> <Delay = 0.21> <CoreInst = "LogicGate">   --->   Core 74 'LogicGate' <Latency = 0> <II = 1> <Delay = 0.21> <FuncUnit> <Opcode : 'and' 'or' 'xor'> <InPorts = 2> <OutPorts = 1>
ST_3 : Operation 221 [1/1] (0.88ns)   --->   "%e = add i32 %t1, i32 %d_load" [/home/efrink/mled/split_cu/U280_CRC_Accelerator/src/kernel.cpp:171]   --->   Operation 221 'add' 'e' <Predicate = (!icmp_ln147)> <Delay = 0.88> <CoreInst = "Adder">   --->   Core 1 'Adder' <Latency = 0> <II = 1> <Delay = 0.88> <FuncUnit> <Opcode : 'add' 'sub'> <InPorts = 2> <OutPorts = 1>
ST_3 : Operation 222 [1/1] (0.00ns) (grouped into TernaryAdder)   --->   "%add_ln175 = add i32 %t1, i32 %xor_ln73_1" [/home/efrink/mled/split_cu/U280_CRC_Accelerator/src/kernel.cpp:175]   --->   Operation 222 'add' 'add_ln175' <Predicate = (!icmp_ln147)> <Delay = 0.00> <CoreInst = "TAddSub">   --->   Core 10 'TAddSub' <Latency = 0> <II = 1> <Delay = 0.36> <IPBlock> <Opcode : 'add' 'sub'> <InPorts = 3> <OutPorts = 1> <Sync> <CReg>
ST_3 : Operation 223 [1/1] (0.73ns) (root node of TernaryAdder)   --->   "%a = add i32 %add_ln175, i32 %xor_ln67_1" [/home/efrink/mled/split_cu/U280_CRC_Accelerator/src/kernel.cpp:175]   --->   Operation 223 'add' 'a' <Predicate = (!icmp_ln147)> <Delay = 0.73> <CoreInst = "TAddSub">   --->   Core 10 'TAddSub' <Latency = 0> <II = 1> <Delay = 0.36> <IPBlock> <Opcode : 'add' 'sub'> <InPorts = 3> <OutPorts = 1> <Sync> <CReg>
ST_3 : Operation 224 [1/1] (0.38ns)   --->   "%store_ln147 = store i32 %a, i32 %b" [/home/efrink/mled/split_cu/U280_CRC_Accelerator/src/kernel.cpp:147]   --->   Operation 224 'store' 'store_ln147' <Predicate = (!icmp_ln147)> <Delay = 0.38>
ST_3 : Operation 225 [1/1] (0.38ns)   --->   "%store_ln147 = store i32 %b_5, i32 %c" [/home/efrink/mled/split_cu/U280_CRC_Accelerator/src/kernel.cpp:147]   --->   Operation 225 'store' 'store_ln147' <Predicate = (!icmp_ln147)> <Delay = 0.38>
ST_3 : Operation 226 [1/1] (0.38ns)   --->   "%store_ln147 = store i32 %c_2, i32 %d_1" [/home/efrink/mled/split_cu/U280_CRC_Accelerator/src/kernel.cpp:147]   --->   Operation 226 'store' 'store_ln147' <Predicate = (!icmp_ln147)> <Delay = 0.38>
ST_3 : Operation 227 [1/1] (0.38ns)   --->   "%store_ln147 = store i32 %e, i32 %f" [/home/efrink/mled/split_cu/U280_CRC_Accelerator/src/kernel.cpp:147]   --->   Operation 227 'store' 'store_ln147' <Predicate = (!icmp_ln147)> <Delay = 0.38>
ST_3 : Operation 228 [1/1] (0.38ns)   --->   "%store_ln147 = store i32 %f_2, i32 %g" [/home/efrink/mled/split_cu/U280_CRC_Accelerator/src/kernel.cpp:147]   --->   Operation 228 'store' 'store_ln147' <Predicate = (!icmp_ln147)> <Delay = 0.38>
ST_3 : Operation 229 [1/1] (0.38ns)   --->   "%store_ln147 = store i32 %g_2, i32 %h_1" [/home/efrink/mled/split_cu/U280_CRC_Accelerator/src/kernel.cpp:147]   --->   Operation 229 'store' 'store_ln147' <Predicate = (!icmp_ln147)> <Delay = 0.38>
ST_3 : Operation 230 [1/1] (0.38ns)   --->   "%store_ln147 = store i32 %d_2, i32 %d" [/home/efrink/mled/split_cu/U280_CRC_Accelerator/src/kernel.cpp:147]   --->   Operation 230 'store' 'store_ln147' <Predicate = (!icmp_ln147)> <Delay = 0.38>
ST_3 : Operation 231 [1/1] (0.38ns)   --->   "%store_ln147 = store i32 %h_2, i32 %h" [/home/efrink/mled/split_cu/U280_CRC_Accelerator/src/kernel.cpp:147]   --->   Operation 231 'store' 'store_ln147' <Predicate = (!icmp_ln147)> <Delay = 0.38>
ST_3 : Operation 232 [1/1] (0.00ns)   --->   "%br_ln147 = br void %for.body14" [/home/efrink/mled/split_cu/U280_CRC_Accelerator/src/kernel.cpp:147]   --->   Operation 232 'br' 'br_ln147' <Predicate = (!icmp_ln147)> <Delay = 0.00>
ST_3 : Operation 233 [1/1] (0.00ns)   --->   "%h_load_1 = load i32 %h"   --->   Operation 233 'load' 'h_load_1' <Predicate = (icmp_ln147)> <Delay = 0.00>
ST_3 : Operation 234 [1/1] (0.00ns)   --->   "%d_load_1 = load i32 %d"   --->   Operation 234 'load' 'd_load_1' <Predicate = (icmp_ln147)> <Delay = 0.00>
ST_3 : Operation 235 [1/1] (0.00ns)   --->   "%write_ln55 = write void @_ssdm_op_Write.ap_auto.i32P0A, i32 %a_2_out, i32 %b_5" [/home/efrink/mled/split_cu/U280_CRC_Accelerator/src/kernel.cpp:55]   --->   Operation 235 'write' 'write_ln55' <Predicate = (icmp_ln147)> <Delay = 0.00>
ST_3 : Operation 236 [1/1] (0.00ns)   --->   "%write_ln67 = write void @_ssdm_op_Write.ap_auto.i32P0A, i32 %b_out, i32 %c_2" [/home/efrink/mled/split_cu/U280_CRC_Accelerator/src/kernel.cpp:67]   --->   Operation 236 'write' 'write_ln67' <Predicate = (icmp_ln147)> <Delay = 0.00>
ST_3 : Operation 237 [1/1] (0.00ns)   --->   "%write_ln67 = write void @_ssdm_op_Write.ap_auto.i32P0A, i32 %c_out, i32 %d_2" [/home/efrink/mled/split_cu/U280_CRC_Accelerator/src/kernel.cpp:67]   --->   Operation 237 'write' 'write_ln67' <Predicate = (icmp_ln147)> <Delay = 0.00>
ST_3 : Operation 238 [1/1] (0.00ns)   --->   "%write_ln0 = write void @_ssdm_op_Write.ap_auto.i32P0A, i32 %d_out, i32 %d_load_1"   --->   Operation 238 'write' 'write_ln0' <Predicate = (icmp_ln147)> <Delay = 0.00>
ST_3 : Operation 239 [1/1] (0.00ns)   --->   "%write_ln55 = write void @_ssdm_op_Write.ap_auto.i32P0A, i32 %e_2_out, i32 %f_2" [/home/efrink/mled/split_cu/U280_CRC_Accelerator/src/kernel.cpp:55]   --->   Operation 239 'write' 'write_ln55' <Predicate = (icmp_ln147)> <Delay = 0.00>
ST_3 : Operation 240 [1/1] (0.00ns)   --->   "%write_ln61 = write void @_ssdm_op_Write.ap_auto.i32P0A, i32 %f_out, i32 %g_2" [/home/efrink/mled/split_cu/U280_CRC_Accelerator/src/kernel.cpp:61]   --->   Operation 240 'write' 'write_ln61' <Predicate = (icmp_ln147)> <Delay = 0.00>
ST_3 : Operation 241 [1/1] (0.00ns)   --->   "%write_ln61 = write void @_ssdm_op_Write.ap_auto.i32P0A, i32 %g_out, i32 %h_2" [/home/efrink/mled/split_cu/U280_CRC_Accelerator/src/kernel.cpp:61]   --->   Operation 241 'write' 'write_ln61' <Predicate = (icmp_ln147)> <Delay = 0.00>
ST_3 : Operation 242 [1/1] (0.00ns)   --->   "%write_ln0 = write void @_ssdm_op_Write.ap_auto.i32P0A, i32 %h_out, i32 %h_load_1"   --->   Operation 242 'write' 'write_ln0' <Predicate = (icmp_ln147)> <Delay = 0.00>
ST_3 : Operation 243 [1/1] (0.00ns)   --->   "%ret_ln0 = ret"   --->   Operation 243 'ret' 'ret_ln0' <Predicate = (icmp_ln147)> <Delay = 0.00>


============================================================
+ Verbose Summary: Binding
============================================================
STG Binding: 
---------------- STG Properties BEGIN ----------------
- Is combinational: 0
- Is one-state seq: 0
- Is datapath-only: 0
- Is pipelined: 0
- Is top level: 0
Port [ Return ] is wired: 1; IO mode=ap_ctrl_hs:ce=0
Port [ wbuf_15]:  wired=1; compound=0; hidden=0; nouse=0; global=0; static=0; extern=0; dir=0; type=0; pingpong=0; private_global=0; IO mode=ap_none:ce=0
Port [ wbuf_14]:  wired=1; compound=0; hidden=0; nouse=0; global=0; static=0; extern=0; dir=0; type=0; pingpong=0; private_global=0; IO mode=ap_none:ce=0
Port [ wbuf_13]:  wired=1; compound=0; hidden=0; nouse=0; global=0; static=0; extern=0; dir=0; type=0; pingpong=0; private_global=0; IO mode=ap_none:ce=0
Port [ wbuf_12]:  wired=1; compound=0; hidden=0; nouse=0; global=0; static=0; extern=0; dir=0; type=0; pingpong=0; private_global=0; IO mode=ap_none:ce=0
Port [ wbuf_11]:  wired=1; compound=0; hidden=0; nouse=0; global=0; static=0; extern=0; dir=0; type=0; pingpong=0; private_global=0; IO mode=ap_none:ce=0
Port [ wbuf_10]:  wired=1; compound=0; hidden=0; nouse=0; global=0; static=0; extern=0; dir=0; type=0; pingpong=0; private_global=0; IO mode=ap_none:ce=0
Port [ wbuf_9]:  wired=1; compound=0; hidden=0; nouse=0; global=0; static=0; extern=0; dir=0; type=0; pingpong=0; private_global=0; IO mode=ap_none:ce=0
Port [ wbuf_8]:  wired=1; compound=0; hidden=0; nouse=0; global=0; static=0; extern=0; dir=0; type=0; pingpong=0; private_global=0; IO mode=ap_none:ce=0
Port [ wbuf_7]:  wired=1; compound=0; hidden=0; nouse=0; global=0; static=0; extern=0; dir=0; type=0; pingpong=0; private_global=0; IO mode=ap_none:ce=0
Port [ wbuf_6]:  wired=1; compound=0; hidden=0; nouse=0; global=0; static=0; extern=0; dir=0; type=0; pingpong=0; private_global=0; IO mode=ap_none:ce=0
Port [ wbuf_5]:  wired=1; compound=0; hidden=0; nouse=0; global=0; static=0; extern=0; dir=0; type=0; pingpong=0; private_global=0; IO mode=ap_none:ce=0
Port [ wbuf_4]:  wired=1; compound=0; hidden=0; nouse=0; global=0; static=0; extern=0; dir=0; type=0; pingpong=0; private_global=0; IO mode=ap_none:ce=0
Port [ wbuf_3]:  wired=1; compound=0; hidden=0; nouse=0; global=0; static=0; extern=0; dir=0; type=0; pingpong=0; private_global=0; IO mode=ap_none:ce=0
Port [ wbuf_2]:  wired=1; compound=0; hidden=0; nouse=0; global=0; static=0; extern=0; dir=0; type=0; pingpong=0; private_global=0; IO mode=ap_none:ce=0
Port [ wbuf_1]:  wired=1; compound=0; hidden=0; nouse=0; global=0; static=0; extern=0; dir=0; type=0; pingpong=0; private_global=0; IO mode=ap_none:ce=0
Port [ wbuf]:  wired=1; compound=0; hidden=0; nouse=0; global=0; static=0; extern=0; dir=0; type=0; pingpong=0; private_global=0; IO mode=ap_none:ce=0
Port [ state_0_read]:  wired=1; compound=0; hidden=0; nouse=0; global=0; static=0; extern=0; dir=0; type=0; pingpong=0; private_global=0; IO mode=ap_none:ce=0
Port [ state_1_read]:  wired=1; compound=0; hidden=0; nouse=0; global=0; static=0; extern=0; dir=0; type=0; pingpong=0; private_global=0; IO mode=ap_none:ce=0
Port [ state_2_read]:  wired=1; compound=0; hidden=0; nouse=0; global=0; static=0; extern=0; dir=0; type=0; pingpong=0; private_global=0; IO mode=ap_none:ce=0
Port [ state_3_read]:  wired=1; compound=0; hidden=0; nouse=0; global=0; static=0; extern=0; dir=0; type=0; pingpong=0; private_global=0; IO mode=ap_none:ce=0
Port [ state_4_read]:  wired=1; compound=0; hidden=0; nouse=0; global=0; static=0; extern=0; dir=0; type=0; pingpong=0; private_global=0; IO mode=ap_none:ce=0
Port [ state_5_read]:  wired=1; compound=0; hidden=0; nouse=0; global=0; static=0; extern=0; dir=0; type=0; pingpong=0; private_global=0; IO mode=ap_none:ce=0
Port [ state_6_read]:  wired=1; compound=0; hidden=0; nouse=0; global=0; static=0; extern=0; dir=0; type=0; pingpong=0; private_global=0; IO mode=ap_none:ce=0
Port [ state_7_read]:  wired=1; compound=0; hidden=0; nouse=0; global=0; static=0; extern=0; dir=0; type=0; pingpong=0; private_global=0; IO mode=ap_none:ce=0
Port [ a_2_out]:  wired=1; compound=0; hidden=0; nouse=0; global=0; static=0; extern=0; dir=1; type=0; pingpong=0; private_global=0; IO mode=ap_vld:ce=0
Port [ b_out]:  wired=1; compound=0; hidden=0; nouse=0; global=0; static=0; extern=0; dir=1; type=0; pingpong=0; private_global=0; IO mode=ap_vld:ce=0
Port [ c_out]:  wired=1; compound=0; hidden=0; nouse=0; global=0; static=0; extern=0; dir=1; type=0; pingpong=0; private_global=0; IO mode=ap_vld:ce=0
Port [ d_out]:  wired=1; compound=0; hidden=0; nouse=0; global=0; static=0; extern=0; dir=1; type=0; pingpong=0; private_global=0; IO mode=ap_vld:ce=0
Port [ e_2_out]:  wired=1; compound=0; hidden=0; nouse=0; global=0; static=0; extern=0; dir=1; type=0; pingpong=0; private_global=0; IO mode=ap_vld:ce=0
Port [ f_out]:  wired=1; compound=0; hidden=0; nouse=0; global=0; static=0; extern=0; dir=1; type=0; pingpong=0; private_global=0; IO mode=ap_vld:ce=0
Port [ g_out]:  wired=1; compound=0; hidden=0; nouse=0; global=0; static=0; extern=0; dir=1; type=0; pingpong=0; private_global=0; IO mode=ap_vld:ce=0
Port [ h_out]:  wired=1; compound=0; hidden=0; nouse=0; global=0; static=0; extern=0; dir=1; type=0; pingpong=0; private_global=0; IO mode=ap_vld:ce=0
Port [ SHA256_K]:  wired=0; compound=1; hidden=1; nouse=0; global=1; static=1; extern=0; dir=0; type=1; pingpong=0; private_global=1; MemPort=[1]; IO mode=ap_memory:ce=0
---------------- STG Properties END ------------------

---------------- Datapath Model BEGIN ----------------

<LifeTime>
<method=bitvector/>
h                  (alloca           ) [ 0111]
d                  (alloca           ) [ 0111]
i                  (alloca           ) [ 0100]
wbuf_16            (alloca           ) [ 0110]
wbuf_17            (alloca           ) [ 0110]
wbuf_18            (alloca           ) [ 0110]
wbuf_19            (alloca           ) [ 0110]
wbuf_20            (alloca           ) [ 0110]
wbuf_21            (alloca           ) [ 0110]
wbuf_22            (alloca           ) [ 0110]
wbuf_23            (alloca           ) [ 0110]
wbuf_24            (alloca           ) [ 0110]
wbuf_25            (alloca           ) [ 0110]
wbuf_26            (alloca           ) [ 0110]
wbuf_27            (alloca           ) [ 0110]
wbuf_28            (alloca           ) [ 0110]
wbuf_29            (alloca           ) [ 0110]
wbuf_30            (alloca           ) [ 0110]
wbuf_31            (alloca           ) [ 0110]
h_1                (alloca           ) [ 0111]
g                  (alloca           ) [ 0111]
f                  (alloca           ) [ 0111]
d_1                (alloca           ) [ 0111]
c                  (alloca           ) [ 0111]
b                  (alloca           ) [ 0111]
state_7_read_1     (read             ) [ 0000]
state_6_read_1     (read             ) [ 0000]
state_5_read_1     (read             ) [ 0000]
state_4_read_1     (read             ) [ 0000]
state_3_read_1     (read             ) [ 0000]
state_2_read_1     (read             ) [ 0000]
state_1_read_1     (read             ) [ 0000]
state_0_read_1     (read             ) [ 0000]
wbuf_read          (read             ) [ 0000]
wbuf_1_read        (read             ) [ 0000]
wbuf_2_read        (read             ) [ 0000]
wbuf_3_read        (read             ) [ 0000]
wbuf_4_read        (read             ) [ 0000]
wbuf_5_read        (read             ) [ 0000]
wbuf_6_read        (read             ) [ 0000]
wbuf_7_read        (read             ) [ 0000]
wbuf_8_read        (read             ) [ 0000]
wbuf_9_read        (read             ) [ 0000]
wbuf_10_read       (read             ) [ 0000]
wbuf_11_read       (read             ) [ 0000]
wbuf_12_read       (read             ) [ 0000]
wbuf_13_read       (read             ) [ 0000]
wbuf_14_read       (read             ) [ 0000]
wbuf_15_read       (read             ) [ 0000]
store_ln0          (store            ) [ 0000]
store_ln0          (store            ) [ 0000]
store_ln0          (store            ) [ 0000]
store_ln0          (store            ) [ 0000]
store_ln0          (store            ) [ 0000]
store_ln0          (store            ) [ 0000]
store_ln0          (store            ) [ 0000]
store_ln0          (store            ) [ 0000]
store_ln0          (store            ) [ 0000]
store_ln0          (store            ) [ 0000]
store_ln0          (store            ) [ 0000]
store_ln0          (store            ) [ 0000]
store_ln0          (store            ) [ 0000]
store_ln0          (store            ) [ 0000]
store_ln0          (store            ) [ 0000]
store_ln0          (store            ) [ 0000]
store_ln0          (store            ) [ 0000]
store_ln0          (store            ) [ 0000]
store_ln0          (store            ) [ 0000]
store_ln0          (store            ) [ 0000]
store_ln0          (store            ) [ 0000]
store_ln0          (store            ) [ 0000]
store_ln0          (store            ) [ 0000]
store_ln0          (store            ) [ 0000]
store_ln0          (store            ) [ 0000]
br_ln0             (br               ) [ 0000]
i_6                (load             ) [ 0110]
icmp_ln147         (icmp             ) [ 0111]
add_ln147          (add              ) [ 0000]
br_ln147           (br               ) [ 0000]
zext_ln147         (zext             ) [ 0000]
tmp                (partselect       ) [ 0000]
icmp_ln152         (icmp             ) [ 0111]
br_ln152           (br               ) [ 0000]
idx                (trunc            ) [ 0111]
add_ln159          (add              ) [ 0110]
add_ln160          (add              ) [ 0110]
switch_ln162       (switch           ) [ 0000]
SHA256_K_addr      (getelementptr    ) [ 0110]
store_ln147        (store            ) [ 0000]
specpipeline_ln149 (specpipeline     ) [ 0000]
specloopname_ln126 (specloopname     ) [ 0000]
wbuf_16_load       (load             ) [ 0000]
wbuf_17_load       (load             ) [ 0000]
wbuf_18_load       (load             ) [ 0000]
wbuf_19_load       (load             ) [ 0000]
wbuf_20_load       (load             ) [ 0000]
wbuf_21_load       (load             ) [ 0000]
wbuf_22_load       (load             ) [ 0000]
wbuf_23_load       (load             ) [ 0000]
wbuf_24_load       (load             ) [ 0000]
wbuf_25_load       (load             ) [ 0000]
wbuf_26_load       (load             ) [ 0000]
wbuf_27_load       (load             ) [ 0000]
wbuf_28_load       (load             ) [ 0000]
wbuf_29_load       (load             ) [ 0000]
wbuf_30_load       (load             ) [ 0000]
wbuf_31_load       (load             ) [ 0000]
x_assign           (mux              ) [ 0000]
lshr_ln            (partselect       ) [ 0000]
trunc_ln55         (trunc            ) [ 0000]
or_ln              (bitconcatenate   ) [ 0000]
lshr_ln55_1        (partselect       ) [ 0000]
trunc_ln55_1       (trunc            ) [ 0000]
or_ln55_1          (bitconcatenate   ) [ 0000]
lshr_ln1           (partselect       ) [ 0000]
zext_ln85          (zext             ) [ 0000]
xor_ln85           (xor              ) [ 0000]
s0                 (xor              ) [ 0000]
x_assign_1         (mux              ) [ 0000]
lshr_ln55_2        (partselect       ) [ 0000]
trunc_ln55_2       (trunc            ) [ 0000]
or_ln55_2          (bitconcatenate   ) [ 0000]
lshr_ln55_3        (partselect       ) [ 0000]
trunc_ln55_3       (trunc            ) [ 0000]
or_ln55_3          (bitconcatenate   ) [ 0000]
lshr_ln2           (partselect       ) [ 0000]
zext_ln91          (zext             ) [ 0000]
xor_ln91           (xor              ) [ 0000]
s1                 (xor              ) [ 0000]
add_ln161          (add              ) [ 0000]
tmp_s              (mux              ) [ 0000]
tmp_1              (mux              ) [ 0000]
add_ln161_1        (add              ) [ 0000]
add_ln161_2        (add              ) [ 0000]
wbuf_33            (add              ) [ 0111]
store_ln162        (store            ) [ 0000]
br_ln162           (br               ) [ 0111]
store_ln162        (store            ) [ 0000]
br_ln162           (br               ) [ 0111]
store_ln162        (store            ) [ 0000]
br_ln162           (br               ) [ 0111]
store_ln162        (store            ) [ 0000]
br_ln162           (br               ) [ 0111]
store_ln162        (store            ) [ 0000]
br_ln162           (br               ) [ 0111]
store_ln162        (store            ) [ 0000]
br_ln162           (br               ) [ 0111]
store_ln162        (store            ) [ 0000]
br_ln162           (br               ) [ 0111]
store_ln162        (store            ) [ 0000]
br_ln162           (br               ) [ 0111]
store_ln162        (store            ) [ 0000]
br_ln162           (br               ) [ 0111]
store_ln162        (store            ) [ 0000]
br_ln162           (br               ) [ 0111]
store_ln162        (store            ) [ 0000]
br_ln162           (br               ) [ 0111]
store_ln162        (store            ) [ 0000]
br_ln162           (br               ) [ 0111]
store_ln162        (store            ) [ 0000]
br_ln162           (br               ) [ 0111]
store_ln162        (store            ) [ 0000]
br_ln162           (br               ) [ 0111]
store_ln162        (store            ) [ 0000]
br_ln162           (br               ) [ 0111]
store_ln162        (store            ) [ 0000]
br_ln162           (br               ) [ 0111]
wt                 (mux              ) [ 0111]
br_ln155           (br               ) [ 0111]
SHA256_K_load      (load             ) [ 0101]
h_2                (load             ) [ 0000]
g_2                (load             ) [ 0000]
f_2                (load             ) [ 0000]
d_2                (load             ) [ 0000]
c_2                (load             ) [ 0000]
b_5                (load             ) [ 0000]
empty              (speclooptripcount) [ 0000]
wt_2               (phi              ) [ 0101]
h_load             (load             ) [ 0000]
d_load             (load             ) [ 0000]
lshr_ln55_4        (partselect       ) [ 0000]
trunc_ln55_4       (trunc            ) [ 0000]
or_ln55_4          (bitconcatenate   ) [ 0000]
lshr_ln55_5        (partselect       ) [ 0000]
trunc_ln55_5       (trunc            ) [ 0000]
or_ln55_5          (bitconcatenate   ) [ 0000]
lshr_ln55_6        (partselect       ) [ 0000]
trunc_ln55_6       (trunc            ) [ 0000]
or_ln55_6          (bitconcatenate   ) [ 0000]
xor_ln79           (xor              ) [ 0000]
xor_ln79_1         (xor              ) [ 0000]
and_ln61           (and              ) [ 0000]
xor_ln61           (xor              ) [ 0000]
and_ln61_1         (and              ) [ 0000]
xor_ln61_1         (xor              ) [ 0000]
add_ln165          (add              ) [ 0000]
add_ln165_1        (add              ) [ 0000]
add_ln165_2        (add              ) [ 0000]
t1                 (add              ) [ 0000]
lshr_ln55_7        (partselect       ) [ 0000]
trunc_ln55_7       (trunc            ) [ 0000]
or_ln55_7          (bitconcatenate   ) [ 0000]
lshr_ln55_8        (partselect       ) [ 0000]
trunc_ln55_8       (trunc            ) [ 0000]
or_ln55_8          (bitconcatenate   ) [ 0000]
lshr_ln55_9        (partselect       ) [ 0000]
trunc_ln55_9       (trunc            ) [ 0000]
or_ln55_9          (bitconcatenate   ) [ 0000]
xor_ln73           (xor              ) [ 0000]
xor_ln73_1         (xor              ) [ 0000]
xor_ln67           (xor              ) [ 0000]
and_ln67           (and              ) [ 0000]
and_ln67_1         (and              ) [ 0000]
xor_ln67_1         (xor              ) [ 0000]
e                  (add              ) [ 0000]
add_ln175          (add              ) [ 0000]
a                  (add              ) [ 0000]
store_ln147        (store            ) [ 0000]
store_ln147        (store            ) [ 0000]
store_ln147        (store            ) [ 0000]
store_ln147        (store            ) [ 0000]
store_ln147        (store            ) [ 0000]
store_ln147        (store            ) [ 0000]
store_ln147        (store            ) [ 0000]
store_ln147        (store            ) [ 0000]
br_ln147           (br               ) [ 0000]
h_load_1           (load             ) [ 0000]
d_load_1           (load             ) [ 0000]
write_ln55         (write            ) [ 0000]
write_ln67         (write            ) [ 0000]
write_ln67         (write            ) [ 0000]
write_ln0          (write            ) [ 0000]
write_ln55         (write            ) [ 0000]
write_ln61         (write            ) [ 0000]
write_ln61         (write            ) [ 0000]
write_ln0          (write            ) [ 0000]
ret_ln0            (ret              ) [ 0000]
</LifeTime>

<model>

<comp_list>
<comp id="0" class="1000" name="wbuf_15">
<pin_list>
<pin id="1" dir="1" index="0" bw="1" slack="0"/>
</pin_list>
<bind>
<StgValue><ssdm name="wbuf_15"/></StgValue>
</bind>
</comp>

<comp id="2" class="1000" name="wbuf_14">
<pin_list>
<pin id="3" dir="1" index="0" bw="1" slack="0"/>
</pin_list>
<bind>
<StgValue><ssdm name="wbuf_14"/></StgValue>
</bind>
</comp>

<comp id="4" class="1000" name="wbuf_13">
<pin_list>
<pin id="5" dir="1" index="0" bw="1" slack="0"/>
</pin_list>
<bind>
<StgValue><ssdm name="wbuf_13"/></StgValue>
</bind>
</comp>

<comp id="6" class="1000" name="wbuf_12">
<pin_list>
<pin id="7" dir="1" index="0" bw="1" slack="0"/>
</pin_list>
<bind>
<StgValue><ssdm name="wbuf_12"/></StgValue>
</bind>
</comp>

<comp id="8" class="1000" name="wbuf_11">
<pin_list>
<pin id="9" dir="1" index="0" bw="1" slack="0"/>
</pin_list>
<bind>
<StgValue><ssdm name="wbuf_11"/></StgValue>
</bind>
</comp>

<comp id="10" class="1000" name="wbuf_10">
<pin_list>
<pin id="11" dir="1" index="0" bw="1" slack="0"/>
</pin_list>
<bind>
<StgValue><ssdm name="wbuf_10"/></StgValue>
</bind>
</comp>

<comp id="12" class="1000" name="wbuf_9">
<pin_list>
<pin id="13" dir="1" index="0" bw="1" slack="0"/>
</pin_list>
<bind>
<StgValue><ssdm name="wbuf_9"/></StgValue>
</bind>
</comp>

<comp id="14" class="1000" name="wbuf_8">
<pin_list>
<pin id="15" dir="1" index="0" bw="1" slack="0"/>
</pin_list>
<bind>
<StgValue><ssdm name="wbuf_8"/></StgValue>
</bind>
</comp>

<comp id="16" class="1000" name="wbuf_7">
<pin_list>
<pin id="17" dir="1" index="0" bw="1" slack="0"/>
</pin_list>
<bind>
<StgValue><ssdm name="wbuf_7"/></StgValue>
</bind>
</comp>

<comp id="18" class="1000" name="wbuf_6">
<pin_list>
<pin id="19" dir="1" index="0" bw="1" slack="0"/>
</pin_list>
<bind>
<StgValue><ssdm name="wbuf_6"/></StgValue>
</bind>
</comp>

<comp id="20" class="1000" name="wbuf_5">
<pin_list>
<pin id="21" dir="1" index="0" bw="1" slack="0"/>
</pin_list>
<bind>
<StgValue><ssdm name="wbuf_5"/></StgValue>
</bind>
</comp>

<comp id="22" class="1000" name="wbuf_4">
<pin_list>
<pin id="23" dir="1" index="0" bw="1" slack="0"/>
</pin_list>
<bind>
<StgValue><ssdm name="wbuf_4"/></StgValue>
</bind>
</comp>

<comp id="24" class="1000" name="wbuf_3">
<pin_list>
<pin id="25" dir="1" index="0" bw="1" slack="0"/>
</pin_list>
<bind>
<StgValue><ssdm name="wbuf_3"/></StgValue>
</bind>
</comp>

<comp id="26" class="1000" name="wbuf_2">
<pin_list>
<pin id="27" dir="1" index="0" bw="1" slack="0"/>
</pin_list>
<bind>
<StgValue><ssdm name="wbuf_2"/></StgValue>
</bind>
</comp>

<comp id="28" class="1000" name="wbuf_1">
<pin_list>
<pin id="29" dir="1" index="0" bw="1" slack="0"/>
</pin_list>
<bind>
<StgValue><ssdm name="wbuf_1"/></StgValue>
</bind>
</comp>

<comp id="30" class="1000" name="wbuf">
<pin_list>
<pin id="31" dir="1" index="0" bw="1" slack="0"/>
</pin_list>
<bind>
<StgValue><ssdm name="wbuf"/></StgValue>
</bind>
</comp>

<comp id="32" class="1000" name="state_0_read">
<pin_list>
<pin id="33" dir="1" index="0" bw="1" slack="0"/>
</pin_list>
<bind>
<StgValue><ssdm name="state_0_read"/></StgValue>
</bind>
</comp>

<comp id="34" class="1000" name="state_1_read">
<pin_list>
<pin id="35" dir="1" index="0" bw="1" slack="0"/>
</pin_list>
<bind>
<StgValue><ssdm name="state_1_read"/></StgValue>
</bind>
</comp>

<comp id="36" class="1000" name="state_2_read">
<pin_list>
<pin id="37" dir="1" index="0" bw="1" slack="0"/>
</pin_list>
<bind>
<StgValue><ssdm name="state_2_read"/></StgValue>
</bind>
</comp>

<comp id="38" class="1000" name="state_3_read">
<pin_list>
<pin id="39" dir="1" index="0" bw="1" slack="0"/>
</pin_list>
<bind>
<StgValue><ssdm name="state_3_read"/></StgValue>
</bind>
</comp>

<comp id="40" class="1000" name="state_4_read">
<pin_list>
<pin id="41" dir="1" index="0" bw="1" slack="0"/>
</pin_list>
<bind>
<StgValue><ssdm name="state_4_read"/></StgValue>
</bind>
</comp>

<comp id="42" class="1000" name="state_5_read">
<pin_list>
<pin id="43" dir="1" index="0" bw="1" slack="0"/>
</pin_list>
<bind>
<StgValue><ssdm name="state_5_read"/></StgValue>
</bind>
</comp>

<comp id="44" class="1000" name="state_6_read">
<pin_list>
<pin id="45" dir="1" index="0" bw="1" slack="0"/>
</pin_list>
<bind>
<StgValue><ssdm name="state_6_read"/></StgValue>
</bind>
</comp>

<comp id="46" class="1000" name="state_7_read">
<pin_list>
<pin id="47" dir="1" index="0" bw="1" slack="0"/>
</pin_list>
<bind>
<StgValue><ssdm name="state_7_read"/></StgValue>
</bind>
</comp>

<comp id="48" class="1000" name="a_2_out">
<pin_list>
<pin id="49" dir="1" index="0" bw="1" slack="0"/>
</pin_list>
<bind>
<StgValue><ssdm name="a_2_out"/></StgValue>
</bind>
</comp>

<comp id="50" class="1000" name="b_out">
<pin_list>
<pin id="51" dir="1" index="0" bw="1" slack="0"/>
</pin_list>
<bind>
<StgValue><ssdm name="b_out"/></StgValue>
</bind>
</comp>

<comp id="52" class="1000" name="c_out">
<pin_list>
<pin id="53" dir="1" index="0" bw="1" slack="0"/>
</pin_list>
<bind>
<StgValue><ssdm name="c_out"/></StgValue>
</bind>
</comp>

<comp id="54" class="1000" name="d_out">
<pin_list>
<pin id="55" dir="1" index="0" bw="1" slack="0"/>
</pin_list>
<bind>
<StgValue><ssdm name="d_out"/></StgValue>
</bind>
</comp>

<comp id="56" class="1000" name="e_2_out">
<pin_list>
<pin id="57" dir="1" index="0" bw="1" slack="0"/>
</pin_list>
<bind>
<StgValue><ssdm name="e_2_out"/></StgValue>
</bind>
</comp>

<comp id="58" class="1000" name="f_out">
<pin_list>
<pin id="59" dir="1" index="0" bw="1" slack="0"/>
</pin_list>
<bind>
<StgValue><ssdm name="f_out"/></StgValue>
</bind>
</comp>

<comp id="60" class="1000" name="g_out">
<pin_list>
<pin id="61" dir="1" index="0" bw="1" slack="0"/>
</pin_list>
<bind>
<StgValue><ssdm name="g_out"/></StgValue>
</bind>
</comp>

<comp id="62" class="1000" name="h_out">
<pin_list>
<pin id="63" dir="1" index="0" bw="1" slack="0"/>
</pin_list>
<bind>
<StgValue><ssdm name="h_out"/></StgValue>
</bind>
</comp>

<comp id="64" class="1000" name="SHA256_K">
<pin_list>
<pin id="65" dir="1" index="0" bw="1" slack="0"/>
</pin_list>
<bind>
<StgValue><ssdm name="SHA256_K"/><MemPortTyVec>1 </MemPortTyVec>
</StgValue>
</bind>
</comp>

<comp id="66" class="1001" name="const_66">
<pin_list>
<pin id="67" dir="1" index="0" bw="1" slack="0"/>
</pin_list>
<bind>
<StgValue><ssdm name=""/></StgValue>
</bind>
</comp>

<comp id="68" class="1001" name="const_68">
<pin_list>
<pin id="69" dir="1" index="0" bw="1" slack="0"/>
</pin_list>
<bind>
<StgValue><ssdm name="_ssdm_op_Read.ap_auto.i32"/></StgValue>
</bind>
</comp>

<comp id="70" class="1001" name="const_70">
<pin_list>
<pin id="71" dir="1" index="0" bw="1" slack="0"/>
</pin_list>
<bind>
<StgValue><ssdm name=""/></StgValue>
</bind>
</comp>

<comp id="72" class="1001" name="const_72">
<pin_list>
<pin id="73" dir="1" index="0" bw="1" slack="0"/>
</pin_list>
<bind>
<StgValue><ssdm name=""/></StgValue>
</bind>
</comp>

<comp id="74" class="1001" name="const_74">
<pin_list>
<pin id="75" dir="1" index="0" bw="1" slack="0"/>
</pin_list>
<bind>
<StgValue><ssdm name=""/></StgValue>
</bind>
</comp>

<comp id="76" class="1001" name="const_76">
<pin_list>
<pin id="77" dir="1" index="0" bw="1" slack="0"/>
</pin_list>
<bind>
<StgValue><ssdm name="_ssdm_op_PartSelect.i3.i7.i32.i32"/></StgValue>
</bind>
</comp>

<comp id="78" class="1001" name="const_78">
<pin_list>
<pin id="79" dir="1" index="0" bw="1" slack="0"/>
</pin_list>
<bind>
<StgValue><ssdm name=""/></StgValue>
</bind>
</comp>

<comp id="80" class="1001" name="const_80">
<pin_list>
<pin id="81" dir="1" index="0" bw="1" slack="0"/>
</pin_list>
<bind>
<StgValue><ssdm name=""/></StgValue>
</bind>
</comp>

<comp id="82" class="1001" name="const_82">
<pin_list>
<pin id="83" dir="1" index="0" bw="1" slack="0"/>
</pin_list>
<bind>
<StgValue><ssdm name=""/></StgValue>
</bind>
</comp>

<comp id="84" class="1001" name="const_84">
<pin_list>
<pin id="85" dir="1" index="0" bw="1" slack="0"/>
</pin_list>
<bind>
<StgValue><ssdm name=""/></StgValue>
</bind>
</comp>

<comp id="86" class="1001" name="const_86">
<pin_list>
<pin id="87" dir="1" index="0" bw="1" slack="0"/>
</pin_list>
<bind>
<StgValue><ssdm name=""/></StgValue>
</bind>
</comp>

<comp id="88" class="1001" name="const_88">
<pin_list>
<pin id="89" dir="1" index="0" bw="1" slack="2147483647"/>
</pin_list>
<bind>
<StgValue><ssdm name=""/></StgValue>
</bind>
</comp>

<comp id="90" class="1001" name="const_90">
<pin_list>
<pin id="91" dir="1" index="0" bw="1" slack="2147483647"/>
</pin_list>
<bind>
<StgValue><ssdm name=""/></StgValue>
</bind>
</comp>

<comp id="92" class="1001" name="const_92">
<pin_list>
<pin id="93" dir="1" index="0" bw="1" slack="2147483647"/>
</pin_list>
<bind>
<StgValue><ssdm name=""/></StgValue>
</bind>
</comp>

<comp id="94" class="1001" name="const_94">
<pin_list>
<pin id="95" dir="1" index="0" bw="1" slack="2147483647"/>
</pin_list>
<bind>
<StgValue><ssdm name=""/></StgValue>
</bind>
</comp>

<comp id="96" class="1001" name="const_96">
<pin_list>
<pin id="97" dir="1" index="0" bw="1" slack="2147483647"/>
</pin_list>
<bind>
<StgValue><ssdm name=""/></StgValue>
</bind>
</comp>

<comp id="98" class="1001" name="const_98">
<pin_list>
<pin id="99" dir="1" index="0" bw="1" slack="2147483647"/>
</pin_list>
<bind>
<StgValue><ssdm name=""/></StgValue>
</bind>
</comp>

<comp id="100" class="1001" name="const_100">
<pin_list>
<pin id="101" dir="1" index="0" bw="1" slack="2147483647"/>
</pin_list>
<bind>
<StgValue><ssdm name=""/></StgValue>
</bind>
</comp>

<comp id="102" class="1001" name="const_102">
<pin_list>
<pin id="103" dir="1" index="0" bw="1" slack="2147483647"/>
</pin_list>
<bind>
<StgValue><ssdm name=""/></StgValue>
</bind>
</comp>

<comp id="104" class="1001" name="const_104">
<pin_list>
<pin id="105" dir="1" index="0" bw="1" slack="0"/>
</pin_list>
<bind>
<StgValue><ssdm name=""/></StgValue>
</bind>
</comp>

<comp id="106" class="1001" name="const_106">
<pin_list>
<pin id="107" dir="1" index="0" bw="1" slack="2147483647"/>
</pin_list>
<bind>
<StgValue><ssdm name=""/></StgValue>
</bind>
</comp>

<comp id="108" class="1001" name="const_108">
<pin_list>
<pin id="109" dir="1" index="0" bw="1" slack="2147483647"/>
</pin_list>
<bind>
<StgValue><ssdm name=""/></StgValue>
</bind>
</comp>

<comp id="110" class="1001" name="const_110">
<pin_list>
<pin id="111" dir="1" index="0" bw="1" slack="2147483647"/>
</pin_list>
<bind>
<StgValue><ssdm name=""/></StgValue>
</bind>
</comp>

<comp id="112" class="1001" name="const_112">
<pin_list>
<pin id="113" dir="1" index="0" bw="1" slack="2147483647"/>
</pin_list>
<bind>
<StgValue><ssdm name=""/></StgValue>
</bind>
</comp>

<comp id="114" class="1001" name="const_114">
<pin_list>
<pin id="115" dir="1" index="0" bw="1" slack="0"/>
</pin_list>
<bind>
<StgValue><ssdm name=""/></StgValue>
</bind>
</comp>

<comp id="116" class="1001" name="const_116">
<pin_list>
<pin id="117" dir="1" index="0" bw="1" slack="2147483647"/>
</pin_list>
<bind>
<StgValue><ssdm name="_ssdm_op_SpecPipeline"/></StgValue>
</bind>
</comp>

<comp id="118" class="1001" name="const_118">
<pin_list>
<pin id="119" dir="1" index="0" bw="1" slack="2147483647"/>
</pin_list>
<bind>
<StgValue><ssdm name=""/></StgValue>
</bind>
</comp>

<comp id="120" class="1001" name="const_120">
<pin_list>
<pin id="121" dir="1" index="0" bw="1" slack="2147483647"/>
</pin_list>
<bind>
<StgValue><ssdm name="empty"/></StgValue>
</bind>
</comp>

<comp id="122" class="1001" name="const_122">
<pin_list>
<pin id="123" dir="1" index="0" bw="1" slack="2147483647"/>
</pin_list>
<bind>
<StgValue><ssdm name="_ssdm_op_SpecLoopName"/></StgValue>
</bind>
</comp>

<comp id="124" class="1001" name="const_124">
<pin_list>
<pin id="125" dir="1" index="0" bw="1" slack="2147483647"/>
</pin_list>
<bind>
<StgValue><ssdm name="empty_14"/></StgValue>
</bind>
</comp>

<comp id="126" class="1001" name="const_126">
<pin_list>
<pin id="127" dir="1" index="0" bw="1" slack="0"/>
</pin_list>
<bind>
<StgValue><ssdm name="_ssdm_op_Mux.ap_auto.16i32.i4"/></StgValue>
</bind>
</comp>

<comp id="128" class="1001" name="const_128">
<pin_list>
<pin id="129" dir="1" index="0" bw="1" slack="0"/>
</pin_list>
<bind>
<StgValue><ssdm name="_ssdm_op_PartSelect.i25.i32.i32.i32"/></StgValue>
</bind>
</comp>

<comp id="130" class="1001" name="const_130">
<pin_list>
<pin id="131" dir="1" index="0" bw="1" slack="0"/>
</pin_list>
<bind>
<StgValue><ssdm name=""/></StgValue>
</bind>
</comp>

<comp id="132" class="1001" name="const_132">
<pin_list>
<pin id="133" dir="1" index="0" bw="1" slack="0"/>
</pin_list>
<bind>
<StgValue><ssdm name=""/></StgValue>
</bind>
</comp>

<comp id="134" class="1001" name="const_134">
<pin_list>
<pin id="135" dir="1" index="0" bw="1" slack="0"/>
</pin_list>
<bind>
<StgValue><ssdm name="_ssdm_op_BitConcatenate.i32.i7.i25"/></StgValue>
</bind>
</comp>

<comp id="136" class="1001" name="const_136">
<pin_list>
<pin id="137" dir="1" index="0" bw="1" slack="0"/>
</pin_list>
<bind>
<StgValue><ssdm name="_ssdm_op_PartSelect.i14.i32.i32.i32"/></StgValue>
</bind>
</comp>

<comp id="138" class="1001" name="const_138">
<pin_list>
<pin id="139" dir="1" index="0" bw="1" slack="0"/>
</pin_list>
<bind>
<StgValue><ssdm name=""/></StgValue>
</bind>
</comp>

<comp id="140" class="1001" name="const_140">
<pin_list>
<pin id="141" dir="1" index="0" bw="1" slack="0"/>
</pin_list>
<bind>
<StgValue><ssdm name="_ssdm_op_BitConcatenate.i32.i18.i14"/></StgValue>
</bind>
</comp>

<comp id="142" class="1001" name="const_142">
<pin_list>
<pin id="143" dir="1" index="0" bw="1" slack="0"/>
</pin_list>
<bind>
<StgValue><ssdm name="_ssdm_op_PartSelect.i29.i32.i32.i32"/></StgValue>
</bind>
</comp>

<comp id="144" class="1001" name="const_144">
<pin_list>
<pin id="145" dir="1" index="0" bw="1" slack="0"/>
</pin_list>
<bind>
<StgValue><ssdm name=""/></StgValue>
</bind>
</comp>

<comp id="146" class="1001" name="const_146">
<pin_list>
<pin id="147" dir="1" index="0" bw="1" slack="0"/>
</pin_list>
<bind>
<StgValue><ssdm name="_ssdm_op_PartSelect.i15.i32.i32.i32"/></StgValue>
</bind>
</comp>

<comp id="148" class="1001" name="const_148">
<pin_list>
<pin id="149" dir="1" index="0" bw="1" slack="0"/>
</pin_list>
<bind>
<StgValue><ssdm name=""/></StgValue>
</bind>
</comp>

<comp id="150" class="1001" name="const_150">
<pin_list>
<pin id="151" dir="1" index="0" bw="1" slack="0"/>
</pin_list>
<bind>
<StgValue><ssdm name="_ssdm_op_BitConcatenate.i32.i17.i15"/></StgValue>
</bind>
</comp>

<comp id="152" class="1001" name="const_152">
<pin_list>
<pin id="153" dir="1" index="0" bw="1" slack="0"/>
</pin_list>
<bind>
<StgValue><ssdm name="_ssdm_op_PartSelect.i13.i32.i32.i32"/></StgValue>
</bind>
</comp>

<comp id="154" class="1001" name="const_154">
<pin_list>
<pin id="155" dir="1" index="0" bw="1" slack="0"/>
</pin_list>
<bind>
<StgValue><ssdm name=""/></StgValue>
</bind>
</comp>

<comp id="156" class="1001" name="const_156">
<pin_list>
<pin id="157" dir="1" index="0" bw="1" slack="0"/>
</pin_list>
<bind>
<StgValue><ssdm name="_ssdm_op_BitConcatenate.i32.i19.i13"/></StgValue>
</bind>
</comp>

<comp id="158" class="1001" name="const_158">
<pin_list>
<pin id="159" dir="1" index="0" bw="1" slack="0"/>
</pin_list>
<bind>
<StgValue><ssdm name="_ssdm_op_PartSelect.i22.i32.i32.i32"/></StgValue>
</bind>
</comp>

<comp id="160" class="1001" name="const_160">
<pin_list>
<pin id="161" dir="1" index="0" bw="1" slack="0"/>
</pin_list>
<bind>
<StgValue><ssdm name=""/></StgValue>
</bind>
</comp>

<comp id="162" class="1001" name="const_162">
<pin_list>
<pin id="163" dir="1" index="0" bw="1" slack="0"/>
</pin_list>
<bind>
<StgValue><ssdm name="_ssdm_op_Mux.ap_auto.16i32.i7"/></StgValue>
</bind>
</comp>

<comp id="164" class="1001" name="const_164">
<pin_list>
<pin id="165" dir="1" index="0" bw="1" slack="2147483647"/>
</pin_list>
<bind>
<StgValue><ssdm name="_ssdm_op_SpecLoopTripCount"/></StgValue>
</bind>
</comp>

<comp id="166" class="1001" name="const_166">
<pin_list>
<pin id="167" dir="1" index="0" bw="1" slack="2147483647"/>
</pin_list>
<bind>
<StgValue><ssdm name=""/></StgValue>
</bind>
</comp>

<comp id="168" class="1001" name="const_168">
<pin_list>
<pin id="169" dir="1" index="0" bw="1" slack="0"/>
</pin_list>
<bind>
<StgValue><ssdm name="_ssdm_op_PartSelect.i26.i32.i32.i32"/></StgValue>
</bind>
</comp>

<comp id="170" class="1001" name="const_170">
<pin_list>
<pin id="171" dir="1" index="0" bw="1" slack="0"/>
</pin_list>
<bind>
<StgValue><ssdm name="_ssdm_op_BitConcatenate.i32.i6.i26"/></StgValue>
</bind>
</comp>

<comp id="172" class="1001" name="const_172">
<pin_list>
<pin id="173" dir="1" index="0" bw="1" slack="0"/>
</pin_list>
<bind>
<StgValue><ssdm name="_ssdm_op_PartSelect.i21.i32.i32.i32"/></StgValue>
</bind>
</comp>

<comp id="174" class="1001" name="const_174">
<pin_list>
<pin id="175" dir="1" index="0" bw="1" slack="0"/>
</pin_list>
<bind>
<StgValue><ssdm name=""/></StgValue>
</bind>
</comp>

<comp id="176" class="1001" name="const_176">
<pin_list>
<pin id="177" dir="1" index="0" bw="1" slack="0"/>
</pin_list>
<bind>
<StgValue><ssdm name="_ssdm_op_BitConcatenate.i32.i11.i21"/></StgValue>
</bind>
</comp>

<comp id="178" class="1001" name="const_178">
<pin_list>
<pin id="179" dir="1" index="0" bw="1" slack="0"/>
</pin_list>
<bind>
<StgValue><ssdm name="_ssdm_op_PartSelect.i7.i32.i32.i32"/></StgValue>
</bind>
</comp>

<comp id="180" class="1001" name="const_180">
<pin_list>
<pin id="181" dir="1" index="0" bw="1" slack="0"/>
</pin_list>
<bind>
<StgValue><ssdm name=""/></StgValue>
</bind>
</comp>

<comp id="182" class="1001" name="const_182">
<pin_list>
<pin id="183" dir="1" index="0" bw="1" slack="0"/>
</pin_list>
<bind>
<StgValue><ssdm name="_ssdm_op_BitConcatenate.i32.i25.i7"/></StgValue>
</bind>
</comp>

<comp id="184" class="1001" name="const_184">
<pin_list>
<pin id="185" dir="1" index="0" bw="1" slack="0"/>
</pin_list>
<bind>
<StgValue><ssdm name=""/></StgValue>
</bind>
</comp>

<comp id="186" class="1001" name="const_186">
<pin_list>
<pin id="187" dir="1" index="0" bw="1" slack="0"/>
</pin_list>
<bind>
<StgValue><ssdm name="_ssdm_op_PartSelect.i30.i32.i32.i32"/></StgValue>
</bind>
</comp>

<comp id="188" class="1001" name="const_188">
<pin_list>
<pin id="189" dir="1" index="0" bw="1" slack="0"/>
</pin_list>
<bind>
<StgValue><ssdm name=""/></StgValue>
</bind>
</comp>

<comp id="190" class="1001" name="const_190">
<pin_list>
<pin id="191" dir="1" index="0" bw="1" slack="0"/>
</pin_list>
<bind>
<StgValue><ssdm name="_ssdm_op_BitConcatenate.i32.i2.i30"/></StgValue>
</bind>
</comp>

<comp id="192" class="1001" name="const_192">
<pin_list>
<pin id="193" dir="1" index="0" bw="1" slack="0"/>
</pin_list>
<bind>
<StgValue><ssdm name="_ssdm_op_PartSelect.i19.i32.i32.i32"/></StgValue>
</bind>
</comp>

<comp id="194" class="1001" name="const_194">
<pin_list>
<pin id="195" dir="1" index="0" bw="1" slack="0"/>
</pin_list>
<bind>
<StgValue><ssdm name=""/></StgValue>
</bind>
</comp>

<comp id="196" class="1001" name="const_196">
<pin_list>
<pin id="197" dir="1" index="0" bw="1" slack="0"/>
</pin_list>
<bind>
<StgValue><ssdm name="_ssdm_op_BitConcatenate.i32.i13.i19"/></StgValue>
</bind>
</comp>

<comp id="198" class="1001" name="const_198">
<pin_list>
<pin id="199" dir="1" index="0" bw="1" slack="0"/>
</pin_list>
<bind>
<StgValue><ssdm name="_ssdm_op_PartSelect.i10.i32.i32.i32"/></StgValue>
</bind>
</comp>

<comp id="200" class="1001" name="const_200">
<pin_list>
<pin id="201" dir="1" index="0" bw="1" slack="0"/>
</pin_list>
<bind>
<StgValue><ssdm name=""/></StgValue>
</bind>
</comp>

<comp id="202" class="1001" name="const_202">
<pin_list>
<pin id="203" dir="1" index="0" bw="1" slack="0"/>
</pin_list>
<bind>
<StgValue><ssdm name="_ssdm_op_BitConcatenate.i32.i22.i10"/></StgValue>
</bind>
</comp>

<comp id="204" class="1001" name="const_204">
<pin_list>
<pin id="205" dir="1" index="0" bw="1" slack="0"/>
</pin_list>
<bind>
<StgValue><ssdm name="_ssdm_op_Write.ap_auto.i32P0A"/></StgValue>
</bind>
</comp>

<comp id="206" class="1004" name="h_fu_206">
<pin_list>
<pin id="207" dir="0" index="0" bw="1" slack="0"/>
<pin id="208" dir="1" index="1" bw="32" slack="0"/>
</pin_list>
<bind>
<opcode="alloca(26) " fcode="alloca"/>
<opset="h/1 "/>
</bind>
</comp>

<comp id="210" class="1004" name="d_fu_210">
<pin_list>
<pin id="211" dir="0" index="0" bw="1" slack="0"/>
<pin id="212" dir="1" index="1" bw="32" slack="0"/>
</pin_list>
<bind>
<opcode="alloca(26) " fcode="alloca"/>
<opset="d/1 "/>
</bind>
</comp>

<comp id="214" class="1004" name="i_fu_214">
<pin_list>
<pin id="215" dir="0" index="0" bw="1" slack="0"/>
<pin id="216" dir="1" index="1" bw="7" slack="0"/>
</pin_list>
<bind>
<opcode="alloca(26) " fcode="alloca"/>
<opset="i/1 "/>
</bind>
</comp>

<comp id="218" class="1004" name="wbuf_16_fu_218">
<pin_list>
<pin id="219" dir="0" index="0" bw="1" slack="0"/>
<pin id="220" dir="1" index="1" bw="32" slack="0"/>
</pin_list>
<bind>
<opcode="alloca(26) " fcode="alloca"/>
<opset="wbuf_16/1 "/>
</bind>
</comp>

<comp id="222" class="1004" name="wbuf_17_fu_222">
<pin_list>
<pin id="223" dir="0" index="0" bw="1" slack="0"/>
<pin id="224" dir="1" index="1" bw="32" slack="0"/>
</pin_list>
<bind>
<opcode="alloca(26) " fcode="alloca"/>
<opset="wbuf_17/1 "/>
</bind>
</comp>

<comp id="226" class="1004" name="wbuf_18_fu_226">
<pin_list>
<pin id="227" dir="0" index="0" bw="1" slack="0"/>
<pin id="228" dir="1" index="1" bw="32" slack="0"/>
</pin_list>
<bind>
<opcode="alloca(26) " fcode="alloca"/>
<opset="wbuf_18/1 "/>
</bind>
</comp>

<comp id="230" class="1004" name="wbuf_19_fu_230">
<pin_list>
<pin id="231" dir="0" index="0" bw="1" slack="0"/>
<pin id="232" dir="1" index="1" bw="32" slack="0"/>
</pin_list>
<bind>
<opcode="alloca(26) " fcode="alloca"/>
<opset="wbuf_19/1 "/>
</bind>
</comp>

<comp id="234" class="1004" name="wbuf_20_fu_234">
<pin_list>
<pin id="235" dir="0" index="0" bw="1" slack="0"/>
<pin id="236" dir="1" index="1" bw="32" slack="0"/>
</pin_list>
<bind>
<opcode="alloca(26) " fcode="alloca"/>
<opset="wbuf_20/1 "/>
</bind>
</comp>

<comp id="238" class="1004" name="wbuf_21_fu_238">
<pin_list>
<pin id="239" dir="0" index="0" bw="1" slack="0"/>
<pin id="240" dir="1" index="1" bw="32" slack="0"/>
</pin_list>
<bind>
<opcode="alloca(26) " fcode="alloca"/>
<opset="wbuf_21/1 "/>
</bind>
</comp>

<comp id="242" class="1004" name="wbuf_22_fu_242">
<pin_list>
<pin id="243" dir="0" index="0" bw="1" slack="0"/>
<pin id="244" dir="1" index="1" bw="32" slack="0"/>
</pin_list>
<bind>
<opcode="alloca(26) " fcode="alloca"/>
<opset="wbuf_22/1 "/>
</bind>
</comp>

<comp id="246" class="1004" name="wbuf_23_fu_246">
<pin_list>
<pin id="247" dir="0" index="0" bw="1" slack="0"/>
<pin id="248" dir="1" index="1" bw="32" slack="0"/>
</pin_list>
<bind>
<opcode="alloca(26) " fcode="alloca"/>
<opset="wbuf_23/1 "/>
</bind>
</comp>

<comp id="250" class="1004" name="wbuf_24_fu_250">
<pin_list>
<pin id="251" dir="0" index="0" bw="1" slack="0"/>
<pin id="252" dir="1" index="1" bw="32" slack="0"/>
</pin_list>
<bind>
<opcode="alloca(26) " fcode="alloca"/>
<opset="wbuf_24/1 "/>
</bind>
</comp>

<comp id="254" class="1004" name="wbuf_25_fu_254">
<pin_list>
<pin id="255" dir="0" index="0" bw="1" slack="0"/>
<pin id="256" dir="1" index="1" bw="32" slack="0"/>
</pin_list>
<bind>
<opcode="alloca(26) " fcode="alloca"/>
<opset="wbuf_25/1 "/>
</bind>
</comp>

<comp id="258" class="1004" name="wbuf_26_fu_258">
<pin_list>
<pin id="259" dir="0" index="0" bw="1" slack="0"/>
<pin id="260" dir="1" index="1" bw="32" slack="0"/>
</pin_list>
<bind>
<opcode="alloca(26) " fcode="alloca"/>
<opset="wbuf_26/1 "/>
</bind>
</comp>

<comp id="262" class="1004" name="wbuf_27_fu_262">
<pin_list>
<pin id="263" dir="0" index="0" bw="1" slack="0"/>
<pin id="264" dir="1" index="1" bw="32" slack="0"/>
</pin_list>
<bind>
<opcode="alloca(26) " fcode="alloca"/>
<opset="wbuf_27/1 "/>
</bind>
</comp>

<comp id="266" class="1004" name="wbuf_28_fu_266">
<pin_list>
<pin id="267" dir="0" index="0" bw="1" slack="0"/>
<pin id="268" dir="1" index="1" bw="32" slack="0"/>
</pin_list>
<bind>
<opcode="alloca(26) " fcode="alloca"/>
<opset="wbuf_28/1 "/>
</bind>
</comp>

<comp id="270" class="1004" name="wbuf_29_fu_270">
<pin_list>
<pin id="271" dir="0" index="0" bw="1" slack="0"/>
<pin id="272" dir="1" index="1" bw="32" slack="0"/>
</pin_list>
<bind>
<opcode="alloca(26) " fcode="alloca"/>
<opset="wbuf_29/1 "/>
</bind>
</comp>

<comp id="274" class="1004" name="wbuf_30_fu_274">
<pin_list>
<pin id="275" dir="0" index="0" bw="1" slack="0"/>
<pin id="276" dir="1" index="1" bw="32" slack="0"/>
</pin_list>
<bind>
<opcode="alloca(26) " fcode="alloca"/>
<opset="wbuf_30/1 "/>
</bind>
</comp>

<comp id="278" class="1004" name="wbuf_31_fu_278">
<pin_list>
<pin id="279" dir="0" index="0" bw="1" slack="0"/>
<pin id="280" dir="1" index="1" bw="32" slack="0"/>
</pin_list>
<bind>
<opcode="alloca(26) " fcode="alloca"/>
<opset="wbuf_31/1 "/>
</bind>
</comp>

<comp id="282" class="1004" name="h_1_fu_282">
<pin_list>
<pin id="283" dir="0" index="0" bw="1" slack="0"/>
<pin id="284" dir="1" index="1" bw="32" slack="0"/>
</pin_list>
<bind>
<opcode="alloca(26) " fcode="alloca"/>
<opset="h_1/1 "/>
</bind>
</comp>

<comp id="286" class="1004" name="g_fu_286">
<pin_list>
<pin id="287" dir="0" index="0" bw="1" slack="0"/>
<pin id="288" dir="1" index="1" bw="32" slack="0"/>
</pin_list>
<bind>
<opcode="alloca(26) " fcode="alloca"/>
<opset="g/1 "/>
</bind>
</comp>

<comp id="290" class="1004" name="f_fu_290">
<pin_list>
<pin id="291" dir="0" index="0" bw="1" slack="0"/>
<pin id="292" dir="1" index="1" bw="32" slack="0"/>
</pin_list>
<bind>
<opcode="alloca(26) " fcode="alloca"/>
<opset="f/1 "/>
</bind>
</comp>

<comp id="294" class="1004" name="d_1_fu_294">
<pin_list>
<pin id="295" dir="0" index="0" bw="1" slack="0"/>
<pin id="296" dir="1" index="1" bw="32" slack="0"/>
</pin_list>
<bind>
<opcode="alloca(26) " fcode="alloca"/>
<opset="d_1/1 "/>
</bind>
</comp>

<comp id="298" class="1004" name="c_fu_298">
<pin_list>
<pin id="299" dir="0" index="0" bw="1" slack="0"/>
<pin id="300" dir="1" index="1" bw="32" slack="0"/>
</pin_list>
<bind>
<opcode="alloca(26) " fcode="alloca"/>
<opset="c/1 "/>
</bind>
</comp>

<comp id="302" class="1004" name="b_fu_302">
<pin_list>
<pin id="303" dir="0" index="0" bw="1" slack="0"/>
<pin id="304" dir="1" index="1" bw="32" slack="0"/>
</pin_list>
<bind>
<opcode="alloca(26) " fcode="alloca"/>
<opset="b/1 "/>
</bind>
</comp>

<comp id="306" class="1004" name="state_7_read_1_read_fu_306">
<pin_list>
<pin id="307" dir="0" index="0" bw="32" slack="0"/>
<pin id="308" dir="0" index="1" bw="32" slack="0"/>
<pin id="309" dir="1" index="2" bw="32" slack="0"/>
</pin_list>
<bind>
<opcode="read(1150) " fcode="read"/>
<opset="state_7_read_1/1 "/>
</bind>
</comp>

<comp id="312" class="1004" name="state_6_read_1_read_fu_312">
<pin_list>
<pin id="313" dir="0" index="0" bw="32" slack="0"/>
<pin id="314" dir="0" index="1" bw="32" slack="0"/>
<pin id="315" dir="1" index="2" bw="32" slack="0"/>
</pin_list>
<bind>
<opcode="read(1150) " fcode="read"/>
<opset="state_6_read_1/1 "/>
</bind>
</comp>

<comp id="318" class="1004" name="state_5_read_1_read_fu_318">
<pin_list>
<pin id="319" dir="0" index="0" bw="32" slack="0"/>
<pin id="320" dir="0" index="1" bw="32" slack="0"/>
<pin id="321" dir="1" index="2" bw="32" slack="0"/>
</pin_list>
<bind>
<opcode="read(1150) " fcode="read"/>
<opset="state_5_read_1/1 "/>
</bind>
</comp>

<comp id="324" class="1004" name="state_4_read_1_read_fu_324">
<pin_list>
<pin id="325" dir="0" index="0" bw="32" slack="0"/>
<pin id="326" dir="0" index="1" bw="32" slack="0"/>
<pin id="327" dir="1" index="2" bw="32" slack="0"/>
</pin_list>
<bind>
<opcode="read(1150) " fcode="read"/>
<opset="state_4_read_1/1 "/>
</bind>
</comp>

<comp id="330" class="1004" name="state_3_read_1_read_fu_330">
<pin_list>
<pin id="331" dir="0" index="0" bw="32" slack="0"/>
<pin id="332" dir="0" index="1" bw="32" slack="0"/>
<pin id="333" dir="1" index="2" bw="32" slack="0"/>
</pin_list>
<bind>
<opcode="read(1150) " fcode="read"/>
<opset="state_3_read_1/1 "/>
</bind>
</comp>

<comp id="336" class="1004" name="state_2_read_1_read_fu_336">
<pin_list>
<pin id="337" dir="0" index="0" bw="32" slack="0"/>
<pin id="338" dir="0" index="1" bw="32" slack="0"/>
<pin id="339" dir="1" index="2" bw="32" slack="0"/>
</pin_list>
<bind>
<opcode="read(1150) " fcode="read"/>
<opset="state_2_read_1/1 "/>
</bind>
</comp>

<comp id="342" class="1004" name="state_1_read_1_read_fu_342">
<pin_list>
<pin id="343" dir="0" index="0" bw="32" slack="0"/>
<pin id="344" dir="0" index="1" bw="32" slack="0"/>
<pin id="345" dir="1" index="2" bw="32" slack="0"/>
</pin_list>
<bind>
<opcode="read(1150) " fcode="read"/>
<opset="state_1_read_1/1 "/>
</bind>
</comp>

<comp id="348" class="1004" name="state_0_read_1_read_fu_348">
<pin_list>
<pin id="349" dir="0" index="0" bw="32" slack="0"/>
<pin id="350" dir="0" index="1" bw="32" slack="0"/>
<pin id="351" dir="1" index="2" bw="32" slack="0"/>
</pin_list>
<bind>
<opcode="read(1150) " fcode="read"/>
<opset="state_0_read_1/1 "/>
</bind>
</comp>

<comp id="354" class="1004" name="wbuf_read_read_fu_354">
<pin_list>
<pin id="355" dir="0" index="0" bw="32" slack="0"/>
<pin id="356" dir="0" index="1" bw="32" slack="0"/>
<pin id="357" dir="1" index="2" bw="32" slack="0"/>
</pin_list>
<bind>
<opcode="read(1150) " fcode="read"/>
<opset="wbuf_read/1 "/>
</bind>
</comp>

<comp id="360" class="1004" name="wbuf_1_read_read_fu_360">
<pin_list>
<pin id="361" dir="0" index="0" bw="32" slack="0"/>
<pin id="362" dir="0" index="1" bw="32" slack="0"/>
<pin id="363" dir="1" index="2" bw="32" slack="0"/>
</pin_list>
<bind>
<opcode="read(1150) " fcode="read"/>
<opset="wbuf_1_read/1 "/>
</bind>
</comp>

<comp id="366" class="1004" name="wbuf_2_read_read_fu_366">
<pin_list>
<pin id="367" dir="0" index="0" bw="32" slack="0"/>
<pin id="368" dir="0" index="1" bw="32" slack="0"/>
<pin id="369" dir="1" index="2" bw="32" slack="0"/>
</pin_list>
<bind>
<opcode="read(1150) " fcode="read"/>
<opset="wbuf_2_read/1 "/>
</bind>
</comp>

<comp id="372" class="1004" name="wbuf_3_read_read_fu_372">
<pin_list>
<pin id="373" dir="0" index="0" bw="32" slack="0"/>
<pin id="374" dir="0" index="1" bw="32" slack="0"/>
<pin id="375" dir="1" index="2" bw="32" slack="0"/>
</pin_list>
<bind>
<opcode="read(1150) " fcode="read"/>
<opset="wbuf_3_read/1 "/>
</bind>
</comp>

<comp id="378" class="1004" name="wbuf_4_read_read_fu_378">
<pin_list>
<pin id="379" dir="0" index="0" bw="32" slack="0"/>
<pin id="380" dir="0" index="1" bw="32" slack="0"/>
<pin id="381" dir="1" index="2" bw="32" slack="0"/>
</pin_list>
<bind>
<opcode="read(1150) " fcode="read"/>
<opset="wbuf_4_read/1 "/>
</bind>
</comp>

<comp id="384" class="1004" name="wbuf_5_read_read_fu_384">
<pin_list>
<pin id="385" dir="0" index="0" bw="32" slack="0"/>
<pin id="386" dir="0" index="1" bw="32" slack="0"/>
<pin id="387" dir="1" index="2" bw="32" slack="0"/>
</pin_list>
<bind>
<opcode="read(1150) " fcode="read"/>
<opset="wbuf_5_read/1 "/>
</bind>
</comp>

<comp id="390" class="1004" name="wbuf_6_read_read_fu_390">
<pin_list>
<pin id="391" dir="0" index="0" bw="32" slack="0"/>
<pin id="392" dir="0" index="1" bw="32" slack="0"/>
<pin id="393" dir="1" index="2" bw="32" slack="0"/>
</pin_list>
<bind>
<opcode="read(1150) " fcode="read"/>
<opset="wbuf_6_read/1 "/>
</bind>
</comp>

<comp id="396" class="1004" name="wbuf_7_read_read_fu_396">
<pin_list>
<pin id="397" dir="0" index="0" bw="32" slack="0"/>
<pin id="398" dir="0" index="1" bw="32" slack="0"/>
<pin id="399" dir="1" index="2" bw="32" slack="0"/>
</pin_list>
<bind>
<opcode="read(1150) " fcode="read"/>
<opset="wbuf_7_read/1 "/>
</bind>
</comp>

<comp id="402" class="1004" name="wbuf_8_read_read_fu_402">
<pin_list>
<pin id="403" dir="0" index="0" bw="32" slack="0"/>
<pin id="404" dir="0" index="1" bw="32" slack="0"/>
<pin id="405" dir="1" index="2" bw="32" slack="0"/>
</pin_list>
<bind>
<opcode="read(1150) " fcode="read"/>
<opset="wbuf_8_read/1 "/>
</bind>
</comp>

<comp id="408" class="1004" name="wbuf_9_read_read_fu_408">
<pin_list>
<pin id="409" dir="0" index="0" bw="32" slack="0"/>
<pin id="410" dir="0" index="1" bw="32" slack="0"/>
<pin id="411" dir="1" index="2" bw="32" slack="0"/>
</pin_list>
<bind>
<opcode="read(1150) " fcode="read"/>
<opset="wbuf_9_read/1 "/>
</bind>
</comp>

<comp id="414" class="1004" name="wbuf_10_read_read_fu_414">
<pin_list>
<pin id="415" dir="0" index="0" bw="32" slack="0"/>
<pin id="416" dir="0" index="1" bw="32" slack="0"/>
<pin id="417" dir="1" index="2" bw="32" slack="0"/>
</pin_list>
<bind>
<opcode="read(1150) " fcode="read"/>
<opset="wbuf_10_read/1 "/>
</bind>
</comp>

<comp id="420" class="1004" name="wbuf_11_read_read_fu_420">
<pin_list>
<pin id="421" dir="0" index="0" bw="32" slack="0"/>
<pin id="422" dir="0" index="1" bw="32" slack="0"/>
<pin id="423" dir="1" index="2" bw="32" slack="0"/>
</pin_list>
<bind>
<opcode="read(1150) " fcode="read"/>
<opset="wbuf_11_read/1 "/>
</bind>
</comp>

<comp id="426" class="1004" name="wbuf_12_read_read_fu_426">
<pin_list>
<pin id="427" dir="0" index="0" bw="32" slack="0"/>
<pin id="428" dir="0" index="1" bw="32" slack="0"/>
<pin id="429" dir="1" index="2" bw="32" slack="0"/>
</pin_list>
<bind>
<opcode="read(1150) " fcode="read"/>
<opset="wbuf_12_read/1 "/>
</bind>
</comp>

<comp id="432" class="1004" name="wbuf_13_read_read_fu_432">
<pin_list>
<pin id="433" dir="0" index="0" bw="32" slack="0"/>
<pin id="434" dir="0" index="1" bw="32" slack="0"/>
<pin id="435" dir="1" index="2" bw="32" slack="0"/>
</pin_list>
<bind>
<opcode="read(1150) " fcode="read"/>
<opset="wbuf_13_read/1 "/>
</bind>
</comp>

<comp id="438" class="1004" name="wbuf_14_read_read_fu_438">
<pin_list>
<pin id="439" dir="0" index="0" bw="32" slack="0"/>
<pin id="440" dir="0" index="1" bw="32" slack="0"/>
<pin id="441" dir="1" index="2" bw="32" slack="0"/>
</pin_list>
<bind>
<opcode="read(1150) " fcode="read"/>
<opset="wbuf_14_read/1 "/>
</bind>
</comp>

<comp id="444" class="1004" name="wbuf_15_read_read_fu_444">
<pin_list>
<pin id="445" dir="0" index="0" bw="32" slack="0"/>
<pin id="446" dir="0" index="1" bw="32" slack="0"/>
<pin id="447" dir="1" index="2" bw="32" slack="0"/>
</pin_list>
<bind>
<opcode="read(1150) " fcode="read"/>
<opset="wbuf_15_read/1 "/>
</bind>
</comp>

<comp id="450" class="1004" name="write_ln55_write_fu_450">
<pin_list>
<pin id="451" dir="0" index="0" bw="0" slack="0"/>
<pin id="452" dir="0" index="1" bw="32" slack="0"/>
<pin id="453" dir="0" index="2" bw="32" slack="0"/>
<pin id="454" dir="1" index="3" bw="0" slack="2147483647"/>
</pin_list>
<bind>
<opcode="write(1151) " fcode="write"/>
<opset="write_ln55/3 "/>
</bind>
</comp>

<comp id="457" class="1004" name="write_ln67_write_fu_457">
<pin_list>
<pin id="458" dir="0" index="0" bw="0" slack="0"/>
<pin id="459" dir="0" index="1" bw="32" slack="0"/>
<pin id="460" dir="0" index="2" bw="32" slack="0"/>
<pin id="461" dir="1" index="3" bw="0" slack="2147483647"/>
</pin_list>
<bind>
<opcode="write(1151) " fcode="write"/>
<opset="write_ln67/3 "/>
</bind>
</comp>

<comp id="464" class="1004" name="write_ln67_write_fu_464">
<pin_list>
<pin id="465" dir="0" index="0" bw="0" slack="0"/>
<pin id="466" dir="0" index="1" bw="32" slack="0"/>
<pin id="467" dir="0" index="2" bw="32" slack="0"/>
<pin id="468" dir="1" index="3" bw="0" slack="2147483647"/>
</pin_list>
<bind>
<opcode="write(1151) " fcode="write"/>
<opset="write_ln67/3 "/>
</bind>
</comp>

<comp id="471" class="1004" name="write_ln0_write_fu_471">
<pin_list>
<pin id="472" dir="0" index="0" bw="0" slack="0"/>
<pin id="473" dir="0" index="1" bw="32" slack="0"/>
<pin id="474" dir="0" index="2" bw="32" slack="0"/>
<pin id="475" dir="1" index="3" bw="0" slack="2147483647"/>
</pin_list>
<bind>
<opcode="write(1151) " fcode="write"/>
<opset="write_ln0/3 "/>
</bind>
</comp>

<comp id="478" class="1004" name="write_ln55_write_fu_478">
<pin_list>
<pin id="479" dir="0" index="0" bw="0" slack="0"/>
<pin id="480" dir="0" index="1" bw="32" slack="0"/>
<pin id="481" dir="0" index="2" bw="32" slack="0"/>
<pin id="482" dir="1" index="3" bw="0" slack="2147483647"/>
</pin_list>
<bind>
<opcode="write(1151) " fcode="write"/>
<opset="write_ln55/3 "/>
</bind>
</comp>

<comp id="485" class="1004" name="write_ln61_write_fu_485">
<pin_list>
<pin id="486" dir="0" index="0" bw="0" slack="0"/>
<pin id="487" dir="0" index="1" bw="32" slack="0"/>
<pin id="488" dir="0" index="2" bw="32" slack="0"/>
<pin id="489" dir="1" index="3" bw="0" slack="2147483647"/>
</pin_list>
<bind>
<opcode="write(1151) " fcode="write"/>
<opset="write_ln61/3 "/>
</bind>
</comp>

<comp id="492" class="1004" name="write_ln61_write_fu_492">
<pin_list>
<pin id="493" dir="0" index="0" bw="0" slack="0"/>
<pin id="494" dir="0" index="1" bw="32" slack="0"/>
<pin id="495" dir="0" index="2" bw="32" slack="0"/>
<pin id="496" dir="1" index="3" bw="0" slack="2147483647"/>
</pin_list>
<bind>
<opcode="write(1151) " fcode="write"/>
<opset="write_ln61/3 "/>
</bind>
</comp>

<comp id="499" class="1004" name="write_ln0_write_fu_499">
<pin_list>
<pin id="500" dir="0" index="0" bw="0" slack="0"/>
<pin id="501" dir="0" index="1" bw="32" slack="0"/>
<pin id="502" dir="0" index="2" bw="32" slack="0"/>
<pin id="503" dir="1" index="3" bw="0" slack="2147483647"/>
</pin_list>
<bind>
<opcode="write(1151) " fcode="write"/>
<opset="write_ln0/3 "/>
</bind>
</comp>

<comp id="506" class="1004" name="SHA256_K_addr_gep_fu_506">
<pin_list>
<pin id="507" dir="0" index="0" bw="32" slack="0"/>
<pin id="508" dir="0" index="1" bw="1" slack="0"/>
<pin id="509" dir="0" index="2" bw="7" slack="0"/>
<pin id="510" dir="1" index="3" bw="6" slack="0"/>
</pin_list>
<bind>
<opcode="getelementptr(29) " fcode="getelementptr"/>
<opset="SHA256_K_addr/1 "/>
</bind>
</comp>

<comp id="513" class="1004" name="grp_access_fu_513">
<pin_list>
<pin id="514" dir="0" index="0" bw="6" slack="0"/>
<pin id="515" dir="0" index="1" bw="32" slack="2147483647"/>
<pin id="516" dir="0" index="2" bw="0" slack="2147483647"/>
<pin id="517" dir="1" index="3" bw="32" slack="1"/>
</pin_list>
<bind>
<opcode="load(27) " fcode="load"/>
<opset="SHA256_K_load/1 "/>
</bind>
</comp>

<comp id="519" class="1005" name="wt_2_reg_519">
<pin_list>
<pin id="520" dir="0" index="0" bw="32" slack="2147483647"/>
<pin id="521" dir="1" index="1" bw="32" slack="2147483647"/>
</pin_list>
<bind>
<opset="wt_2 (phireg) "/>
</bind>
</comp>

<comp id="522" class="1004" name="wt_2_phi_fu_522">
<pin_list>
<pin id="523" dir="0" index="0" bw="32" slack="1"/>
<pin id="524" dir="0" index="1" bw="0" slack="2147483647"/>
<pin id="525" dir="0" index="2" bw="32" slack="1"/>
<pin id="526" dir="0" index="3" bw="0" slack="2147483647"/>
<pin id="527" dir="0" index="4" bw="32" slack="1"/>
<pin id="528" dir="0" index="5" bw="0" slack="2147483647"/>
<pin id="529" dir="0" index="6" bw="32" slack="1"/>
<pin id="530" dir="0" index="7" bw="0" slack="2147483647"/>
<pin id="531" dir="0" index="8" bw="32" slack="1"/>
<pin id="532" dir="0" index="9" bw="0" slack="2147483647"/>
<pin id="533" dir="0" index="10" bw="32" slack="1"/>
<pin id="534" dir="0" index="11" bw="0" slack="2147483647"/>
<pin id="535" dir="0" index="12" bw="32" slack="1"/>
<pin id="536" dir="0" index="13" bw="0" slack="2147483647"/>
<pin id="537" dir="0" index="14" bw="32" slack="1"/>
<pin id="538" dir="0" index="15" bw="0" slack="2147483647"/>
<pin id="539" dir="0" index="16" bw="32" slack="1"/>
<pin id="540" dir="0" index="17" bw="0" slack="2147483647"/>
<pin id="541" dir="0" index="18" bw="32" slack="1"/>
<pin id="542" dir="0" index="19" bw="0" slack="2147483647"/>
<pin id="543" dir="0" index="20" bw="32" slack="1"/>
<pin id="544" dir="0" index="21" bw="0" slack="2147483647"/>
<pin id="545" dir="0" index="22" bw="32" slack="1"/>
<pin id="546" dir="0" index="23" bw="0" slack="2147483647"/>
<pin id="547" dir="0" index="24" bw="32" slack="1"/>
<pin id="548" dir="0" index="25" bw="0" slack="2147483647"/>
<pin id="549" dir="0" index="26" bw="32" slack="1"/>
<pin id="550" dir="0" index="27" bw="0" slack="2147483647"/>
<pin id="551" dir="0" index="28" bw="32" slack="1"/>
<pin id="552" dir="0" index="29" bw="0" slack="2147483647"/>
<pin id="553" dir="0" index="30" bw="32" slack="1"/>
<pin id="554" dir="0" index="31" bw="0" slack="2147483647"/>
<pin id="555" dir="0" index="32" bw="32" slack="1"/>
<pin id="556" dir="0" index="33" bw="0" slack="2147483647"/>
<pin id="557" dir="1" index="34" bw="32" slack="0"/>
</pin_list>
<bind>
<opcode="phi(47) " fcode="phi"/>
<opset="wt_2/3 "/>
</bind>
</comp>

<comp id="558" class="1004" name="store_ln0_store_fu_558">
<pin_list>
<pin id="559" dir="0" index="0" bw="32" slack="0"/>
<pin id="560" dir="0" index="1" bw="32" slack="0"/>
<pin id="561" dir="1" index="2" bw="0" slack="2147483647"/>
</pin_list>
<bind>
<opcode="store(28) " fcode="store"/>
<opset="store_ln0/1 "/>
</bind>
</comp>

<comp id="563" class="1004" name="store_ln0_store_fu_563">
<pin_list>
<pin id="564" dir="0" index="0" bw="32" slack="0"/>
<pin id="565" dir="0" index="1" bw="32" slack="0"/>
<pin id="566" dir="1" index="2" bw="0" slack="2147483647"/>
</pin_list>
<bind>
<opcode="store(28) " fcode="store"/>
<opset="store_ln0/1 "/>
</bind>
</comp>

<comp id="568" class="1004" name="store_ln0_store_fu_568">
<pin_list>
<pin id="569" dir="0" index="0" bw="32" slack="0"/>
<pin id="570" dir="0" index="1" bw="32" slack="0"/>
<pin id="571" dir="1" index="2" bw="0" slack="2147483647"/>
</pin_list>
<bind>
<opcode="store(28) " fcode="store"/>
<opset="store_ln0/1 "/>
</bind>
</comp>

<comp id="573" class="1004" name="store_ln0_store_fu_573">
<pin_list>
<pin id="574" dir="0" index="0" bw="32" slack="0"/>
<pin id="575" dir="0" index="1" bw="32" slack="0"/>
<pin id="576" dir="1" index="2" bw="0" slack="2147483647"/>
</pin_list>
<bind>
<opcode="store(28) " fcode="store"/>
<opset="store_ln0/1 "/>
</bind>
</comp>

<comp id="578" class="1004" name="store_ln0_store_fu_578">
<pin_list>
<pin id="579" dir="0" index="0" bw="32" slack="0"/>
<pin id="580" dir="0" index="1" bw="32" slack="0"/>
<pin id="581" dir="1" index="2" bw="0" slack="2147483647"/>
</pin_list>
<bind>
<opcode="store(28) " fcode="store"/>
<opset="store_ln0/1 "/>
</bind>
</comp>

<comp id="583" class="1004" name="store_ln0_store_fu_583">
<pin_list>
<pin id="584" dir="0" index="0" bw="32" slack="0"/>
<pin id="585" dir="0" index="1" bw="32" slack="0"/>
<pin id="586" dir="1" index="2" bw="0" slack="2147483647"/>
</pin_list>
<bind>
<opcode="store(28) " fcode="store"/>
<opset="store_ln0/1 "/>
</bind>
</comp>

<comp id="588" class="1004" name="store_ln0_store_fu_588">
<pin_list>
<pin id="589" dir="0" index="0" bw="32" slack="0"/>
<pin id="590" dir="0" index="1" bw="32" slack="0"/>
<pin id="591" dir="1" index="2" bw="0" slack="2147483647"/>
</pin_list>
<bind>
<opcode="store(28) " fcode="store"/>
<opset="store_ln0/1 "/>
</bind>
</comp>

<comp id="593" class="1004" name="store_ln0_store_fu_593">
<pin_list>
<pin id="594" dir="0" index="0" bw="32" slack="0"/>
<pin id="595" dir="0" index="1" bw="32" slack="0"/>
<pin id="596" dir="1" index="2" bw="0" slack="2147483647"/>
</pin_list>
<bind>
<opcode="store(28) " fcode="store"/>
<opset="store_ln0/1 "/>
</bind>
</comp>

<comp id="598" class="1004" name="store_ln0_store_fu_598">
<pin_list>
<pin id="599" dir="0" index="0" bw="32" slack="0"/>
<pin id="600" dir="0" index="1" bw="32" slack="0"/>
<pin id="601" dir="1" index="2" bw="0" slack="2147483647"/>
</pin_list>
<bind>
<opcode="store(28) " fcode="store"/>
<opset="store_ln0/1 "/>
</bind>
</comp>

<comp id="603" class="1004" name="store_ln0_store_fu_603">
<pin_list>
<pin id="604" dir="0" index="0" bw="32" slack="0"/>
<pin id="605" dir="0" index="1" bw="32" slack="0"/>
<pin id="606" dir="1" index="2" bw="0" slack="2147483647"/>
</pin_list>
<bind>
<opcode="store(28) " fcode="store"/>
<opset="store_ln0/1 "/>
</bind>
</comp>

<comp id="608" class="1004" name="store_ln0_store_fu_608">
<pin_list>
<pin id="609" dir="0" index="0" bw="32" slack="0"/>
<pin id="610" dir="0" index="1" bw="32" slack="0"/>
<pin id="611" dir="1" index="2" bw="0" slack="2147483647"/>
</pin_list>
<bind>
<opcode="store(28) " fcode="store"/>
<opset="store_ln0/1 "/>
</bind>
</comp>

<comp id="613" class="1004" name="store_ln0_store_fu_613">
<pin_list>
<pin id="614" dir="0" index="0" bw="32" slack="0"/>
<pin id="615" dir="0" index="1" bw="32" slack="0"/>
<pin id="616" dir="1" index="2" bw="0" slack="2147483647"/>
</pin_list>
<bind>
<opcode="store(28) " fcode="store"/>
<opset="store_ln0/1 "/>
</bind>
</comp>

<comp id="618" class="1004" name="store_ln0_store_fu_618">
<pin_list>
<pin id="619" dir="0" index="0" bw="32" slack="0"/>
<pin id="620" dir="0" index="1" bw="32" slack="0"/>
<pin id="621" dir="1" index="2" bw="0" slack="2147483647"/>
</pin_list>
<bind>
<opcode="store(28) " fcode="store"/>
<opset="store_ln0/1 "/>
</bind>
</comp>

<comp id="623" class="1004" name="store_ln0_store_fu_623">
<pin_list>
<pin id="624" dir="0" index="0" bw="32" slack="0"/>
<pin id="625" dir="0" index="1" bw="32" slack="0"/>
<pin id="626" dir="1" index="2" bw="0" slack="2147483647"/>
</pin_list>
<bind>
<opcode="store(28) " fcode="store"/>
<opset="store_ln0/1 "/>
</bind>
</comp>

<comp id="628" class="1004" name="store_ln0_store_fu_628">
<pin_list>
<pin id="629" dir="0" index="0" bw="32" slack="0"/>
<pin id="630" dir="0" index="1" bw="32" slack="0"/>
<pin id="631" dir="1" index="2" bw="0" slack="2147483647"/>
</pin_list>
<bind>
<opcode="store(28) " fcode="store"/>
<opset="store_ln0/1 "/>
</bind>
</comp>

<comp id="633" class="1004" name="store_ln0_store_fu_633">
<pin_list>
<pin id="634" dir="0" index="0" bw="32" slack="0"/>
<pin id="635" dir="0" index="1" bw="32" slack="0"/>
<pin id="636" dir="1" index="2" bw="0" slack="2147483647"/>
</pin_list>
<bind>
<opcode="store(28) " fcode="store"/>
<opset="store_ln0/1 "/>
</bind>
</comp>

<comp id="638" class="1004" name="store_ln0_store_fu_638">
<pin_list>
<pin id="639" dir="0" index="0" bw="32" slack="0"/>
<pin id="640" dir="0" index="1" bw="32" slack="0"/>
<pin id="641" dir="1" index="2" bw="0" slack="2147483647"/>
</pin_list>
<bind>
<opcode="store(28) " fcode="store"/>
<opset="store_ln0/1 "/>
</bind>
</comp>

<comp id="643" class="1004" name="store_ln0_store_fu_643">
<pin_list>
<pin id="644" dir="0" index="0" bw="32" slack="0"/>
<pin id="645" dir="0" index="1" bw="32" slack="0"/>
<pin id="646" dir="1" index="2" bw="0" slack="2147483647"/>
</pin_list>
<bind>
<opcode="store(28) " fcode="store"/>
<opset="store_ln0/1 "/>
</bind>
</comp>

<comp id="648" class="1004" name="store_ln0_store_fu_648">
<pin_list>
<pin id="649" dir="0" index="0" bw="32" slack="0"/>
<pin id="650" dir="0" index="1" bw="32" slack="0"/>
<pin id="651" dir="1" index="2" bw="0" slack="2147483647"/>
</pin_list>
<bind>
<opcode="store(28) " fcode="store"/>
<opset="store_ln0/1 "/>
</bind>
</comp>

<comp id="653" class="1004" name="store_ln0_store_fu_653">
<pin_list>
<pin id="654" dir="0" index="0" bw="32" slack="0"/>
<pin id="655" dir="0" index="1" bw="32" slack="0"/>
<pin id="656" dir="1" index="2" bw="0" slack="2147483647"/>
</pin_list>
<bind>
<opcode="store(28) " fcode="store"/>
<opset="store_ln0/1 "/>
</bind>
</comp>

<comp id="658" class="1004" name="store_ln0_store_fu_658">
<pin_list>
<pin id="659" dir="0" index="0" bw="32" slack="0"/>
<pin id="660" dir="0" index="1" bw="32" slack="0"/>
<pin id="661" dir="1" index="2" bw="0" slack="2147483647"/>
</pin_list>
<bind>
<opcode="store(28) " fcode="store"/>
<opset="store_ln0/1 "/>
</bind>
</comp>

<comp id="663" class="1004" name="store_ln0_store_fu_663">
<pin_list>
<pin id="664" dir="0" index="0" bw="32" slack="0"/>
<pin id="665" dir="0" index="1" bw="32" slack="0"/>
<pin id="666" dir="1" index="2" bw="0" slack="2147483647"/>
</pin_list>
<bind>
<opcode="store(28) " fcode="store"/>
<opset="store_ln0/1 "/>
</bind>
</comp>

<comp id="668" class="1004" name="store_ln0_store_fu_668">
<pin_list>
<pin id="669" dir="0" index="0" bw="1" slack="0"/>
<pin id="670" dir="0" index="1" bw="7" slack="0"/>
<pin id="671" dir="1" index="2" bw="0" slack="2147483647"/>
</pin_list>
<bind>
<opcode="store(28) " fcode="store"/>
<opset="store_ln0/1 "/>
</bind>
</comp>

<comp id="673" class="1004" name="store_ln0_store_fu_673">
<pin_list>
<pin id="674" dir="0" index="0" bw="32" slack="0"/>
<pin id="675" dir="0" index="1" bw="32" slack="0"/>
<pin id="676" dir="1" index="2" bw="0" slack="2147483647"/>
</pin_list>
<bind>
<opcode="store(28) " fcode="store"/>
<opset="store_ln0/1 "/>
</bind>
</comp>

<comp id="678" class="1004" name="store_ln0_store_fu_678">
<pin_list>
<pin id="679" dir="0" index="0" bw="32" slack="0"/>
<pin id="680" dir="0" index="1" bw="32" slack="0"/>
<pin id="681" dir="1" index="2" bw="0" slack="2147483647"/>
</pin_list>
<bind>
<opcode="store(28) " fcode="store"/>
<opset="store_ln0/1 "/>
</bind>
</comp>

<comp id="683" class="1004" name="i_6_load_fu_683">
<pin_list>
<pin id="684" dir="0" index="0" bw="7" slack="0"/>
<pin id="685" dir="1" index="1" bw="7" slack="0"/>
</pin_list>
<bind>
<opcode="load(27) " fcode="load"/>
<opset="i_6/1 "/>
</bind>
</comp>

<comp id="686" class="1004" name="icmp_ln147_fu_686">
<pin_list>
<pin id="687" dir="0" index="0" bw="7" slack="0"/>
<pin id="688" dir="0" index="1" bw="7" slack="0"/>
<pin id="689" dir="1" index="2" bw="1" slack="1"/>
</pin_list>
<bind>
<opcode="icmp(45) " fcode="icmp"/>
<opset="icmp_ln147/1 "/>
</bind>
</comp>

<comp id="692" class="1004" name="add_ln147_fu_692">
<pin_list>
<pin id="693" dir="0" index="0" bw="7" slack="0"/>
<pin id="694" dir="0" index="1" bw="1" slack="0"/>
<pin id="695" dir="1" index="2" bw="7" slack="0"/>
</pin_list>
<bind>
<opcode="add(8) " fcode="add"/>
<opset="add_ln147/1 "/>
</bind>
</comp>

<comp id="698" class="1004" name="zext_ln147_fu_698">
<pin_list>
<pin id="699" dir="0" index="0" bw="7" slack="0"/>
<pin id="700" dir="1" index="1" bw="64" slack="0"/>
</pin_list>
<bind>
<opcode="zext(34) " fcode="zext"/>
<opset="zext_ln147/1 "/>
</bind>
</comp>

<comp id="703" class="1004" name="tmp_fu_703">
<pin_list>
<pin id="704" dir="0" index="0" bw="3" slack="0"/>
<pin id="705" dir="0" index="1" bw="7" slack="0"/>
<pin id="706" dir="0" index="2" bw="4" slack="0"/>
<pin id="707" dir="0" index="3" bw="4" slack="0"/>
<pin id="708" dir="1" index="4" bw="3" slack="0"/>
</pin_list>
<bind>
<opcode="partselect(1002) " fcode="partselect"/>
<opset="tmp/1 "/>
</bind>
</comp>

<comp id="713" class="1004" name="icmp_ln152_fu_713">
<pin_list>
<pin id="714" dir="0" index="0" bw="3" slack="0"/>
<pin id="715" dir="0" index="1" bw="1" slack="0"/>
<pin id="716" dir="1" index="2" bw="1" slack="1"/>
</pin_list>
<bind>
<opcode="icmp(45) " fcode="icmp"/>
<opset="icmp_ln152/1 "/>
</bind>
</comp>

<comp id="719" class="1004" name="idx_fu_719">
<pin_list>
<pin id="720" dir="0" index="0" bw="7" slack="0"/>
<pin id="721" dir="1" index="1" bw="4" slack="0"/>
</pin_list>
<bind>
<opcode="trunc(33) " fcode="trunc"/>
<opset="idx/1 "/>
</bind>
</comp>

<comp id="723" class="1004" name="add_ln159_fu_723">
<pin_list>
<pin id="724" dir="0" index="0" bw="4" slack="0"/>
<pin id="725" dir="0" index="1" bw="1" slack="0"/>
<pin id="726" dir="1" index="2" bw="4" slack="1"/>
</pin_list>
<bind>
<opcode="add(8) " fcode="add"/>
<opset="add_ln159/1 "/>
</bind>
</comp>

<comp id="729" class="1004" name="add_ln160_fu_729">
<pin_list>
<pin id="730" dir="0" index="0" bw="4" slack="0"/>
<pin id="731" dir="0" index="1" bw="2" slack="0"/>
<pin id="732" dir="1" index="2" bw="4" slack="1"/>
</pin_list>
<bind>
<opcode="add(8) " fcode="add"/>
<opset="add_ln160/1 "/>
</bind>
</comp>

<comp id="735" class="1004" name="store_ln147_store_fu_735">
<pin_list>
<pin id="736" dir="0" index="0" bw="7" slack="0"/>
<pin id="737" dir="0" index="1" bw="7" slack="0"/>
<pin id="738" dir="1" index="2" bw="0" slack="2147483647"/>
</pin_list>
<bind>
<opcode="store(28) " fcode="store"/>
<opset="store_ln147/1 "/>
</bind>
</comp>

<comp id="740" class="1004" name="wbuf_16_load_load_fu_740">
<pin_list>
<pin id="741" dir="0" index="0" bw="32" slack="1"/>
<pin id="742" dir="1" index="1" bw="32" slack="0"/>
</pin_list>
<bind>
<opcode="load(27) " fcode="load"/>
<opset="wbuf_16_load/2 "/>
</bind>
</comp>

<comp id="743" class="1004" name="wbuf_17_load_load_fu_743">
<pin_list>
<pin id="744" dir="0" index="0" bw="32" slack="1"/>
<pin id="745" dir="1" index="1" bw="32" slack="0"/>
</pin_list>
<bind>
<opcode="load(27) " fcode="load"/>
<opset="wbuf_17_load/2 "/>
</bind>
</comp>

<comp id="746" class="1004" name="wbuf_18_load_load_fu_746">
<pin_list>
<pin id="747" dir="0" index="0" bw="32" slack="1"/>
<pin id="748" dir="1" index="1" bw="32" slack="0"/>
</pin_list>
<bind>
<opcode="load(27) " fcode="load"/>
<opset="wbuf_18_load/2 "/>
</bind>
</comp>

<comp id="749" class="1004" name="wbuf_19_load_load_fu_749">
<pin_list>
<pin id="750" dir="0" index="0" bw="32" slack="1"/>
<pin id="751" dir="1" index="1" bw="32" slack="0"/>
</pin_list>
<bind>
<opcode="load(27) " fcode="load"/>
<opset="wbuf_19_load/2 "/>
</bind>
</comp>

<comp id="752" class="1004" name="wbuf_20_load_load_fu_752">
<pin_list>
<pin id="753" dir="0" index="0" bw="32" slack="1"/>
<pin id="754" dir="1" index="1" bw="32" slack="0"/>
</pin_list>
<bind>
<opcode="load(27) " fcode="load"/>
<opset="wbuf_20_load/2 "/>
</bind>
</comp>

<comp id="755" class="1004" name="wbuf_21_load_load_fu_755">
<pin_list>
<pin id="756" dir="0" index="0" bw="32" slack="1"/>
<pin id="757" dir="1" index="1" bw="32" slack="0"/>
</pin_list>
<bind>
<opcode="load(27) " fcode="load"/>
<opset="wbuf_21_load/2 "/>
</bind>
</comp>

<comp id="758" class="1004" name="wbuf_22_load_load_fu_758">
<pin_list>
<pin id="759" dir="0" index="0" bw="32" slack="1"/>
<pin id="760" dir="1" index="1" bw="32" slack="0"/>
</pin_list>
<bind>
<opcode="load(27) " fcode="load"/>
<opset="wbuf_22_load/2 "/>
</bind>
</comp>

<comp id="761" class="1004" name="wbuf_23_load_load_fu_761">
<pin_list>
<pin id="762" dir="0" index="0" bw="32" slack="1"/>
<pin id="763" dir="1" index="1" bw="32" slack="0"/>
</pin_list>
<bind>
<opcode="load(27) " fcode="load"/>
<opset="wbuf_23_load/2 "/>
</bind>
</comp>

<comp id="764" class="1004" name="wbuf_24_load_load_fu_764">
<pin_list>
<pin id="765" dir="0" index="0" bw="32" slack="1"/>
<pin id="766" dir="1" index="1" bw="32" slack="0"/>
</pin_list>
<bind>
<opcode="load(27) " fcode="load"/>
<opset="wbuf_24_load/2 "/>
</bind>
</comp>

<comp id="767" class="1004" name="wbuf_25_load_load_fu_767">
<pin_list>
<pin id="768" dir="0" index="0" bw="32" slack="1"/>
<pin id="769" dir="1" index="1" bw="32" slack="0"/>
</pin_list>
<bind>
<opcode="load(27) " fcode="load"/>
<opset="wbuf_25_load/2 "/>
</bind>
</comp>

<comp id="770" class="1004" name="wbuf_26_load_load_fu_770">
<pin_list>
<pin id="771" dir="0" index="0" bw="32" slack="1"/>
<pin id="772" dir="1" index="1" bw="32" slack="0"/>
</pin_list>
<bind>
<opcode="load(27) " fcode="load"/>
<opset="wbuf_26_load/2 "/>
</bind>
</comp>

<comp id="773" class="1004" name="wbuf_27_load_load_fu_773">
<pin_list>
<pin id="774" dir="0" index="0" bw="32" slack="1"/>
<pin id="775" dir="1" index="1" bw="32" slack="0"/>
</pin_list>
<bind>
<opcode="load(27) " fcode="load"/>
<opset="wbuf_27_load/2 "/>
</bind>
</comp>

<comp id="776" class="1004" name="wbuf_28_load_load_fu_776">
<pin_list>
<pin id="777" dir="0" index="0" bw="32" slack="1"/>
<pin id="778" dir="1" index="1" bw="32" slack="0"/>
</pin_list>
<bind>
<opcode="load(27) " fcode="load"/>
<opset="wbuf_28_load/2 "/>
</bind>
</comp>

<comp id="779" class="1004" name="wbuf_29_load_load_fu_779">
<pin_list>
<pin id="780" dir="0" index="0" bw="32" slack="1"/>
<pin id="781" dir="1" index="1" bw="32" slack="0"/>
</pin_list>
<bind>
<opcode="load(27) " fcode="load"/>
<opset="wbuf_29_load/2 "/>
</bind>
</comp>

<comp id="782" class="1004" name="wbuf_30_load_load_fu_782">
<pin_list>
<pin id="783" dir="0" index="0" bw="32" slack="1"/>
<pin id="784" dir="1" index="1" bw="32" slack="0"/>
</pin_list>
<bind>
<opcode="load(27) " fcode="load"/>
<opset="wbuf_30_load/2 "/>
</bind>
</comp>

<comp id="785" class="1004" name="wbuf_31_load_load_fu_785">
<pin_list>
<pin id="786" dir="0" index="0" bw="32" slack="1"/>
<pin id="787" dir="1" index="1" bw="32" slack="0"/>
</pin_list>
<bind>
<opcode="load(27) " fcode="load"/>
<opset="wbuf_31_load/2 "/>
</bind>
</comp>

<comp id="788" class="1004" name="x_assign_fu_788">
<pin_list>
<pin id="789" dir="0" index="0" bw="32" slack="0"/>
<pin id="790" dir="0" index="1" bw="32" slack="0"/>
<pin id="791" dir="0" index="2" bw="32" slack="0"/>
<pin id="792" dir="0" index="3" bw="32" slack="0"/>
<pin id="793" dir="0" index="4" bw="32" slack="0"/>
<pin id="794" dir="0" index="5" bw="32" slack="0"/>
<pin id="795" dir="0" index="6" bw="32" slack="0"/>
<pin id="796" dir="0" index="7" bw="32" slack="0"/>
<pin id="797" dir="0" index="8" bw="32" slack="0"/>
<pin id="798" dir="0" index="9" bw="32" slack="0"/>
<pin id="799" dir="0" index="10" bw="32" slack="0"/>
<pin id="800" dir="0" index="11" bw="32" slack="0"/>
<pin id="801" dir="0" index="12" bw="32" slack="0"/>
<pin id="802" dir="0" index="13" bw="32" slack="0"/>
<pin id="803" dir="0" index="14" bw="32" slack="0"/>
<pin id="804" dir="0" index="15" bw="32" slack="0"/>
<pin id="805" dir="0" index="16" bw="32" slack="0"/>
<pin id="806" dir="0" index="17" bw="4" slack="1"/>
<pin id="807" dir="1" index="18" bw="32" slack="0"/>
</pin_list>
<bind>
<opcode="mux(1196) " fcode="mux"/>
<opset="x_assign/2 "/>
</bind>
</comp>

<comp id="825" class="1004" name="lshr_ln_fu_825">
<pin_list>
<pin id="826" dir="0" index="0" bw="25" slack="0"/>
<pin id="827" dir="0" index="1" bw="32" slack="0"/>
<pin id="828" dir="0" index="2" bw="4" slack="0"/>
<pin id="829" dir="0" index="3" bw="6" slack="0"/>
<pin id="830" dir="1" index="4" bw="25" slack="0"/>
</pin_list>
<bind>
<opcode="partselect(1002) " fcode="partselect"/>
<opset="lshr_ln/2 "/>
</bind>
</comp>

<comp id="835" class="1004" name="trunc_ln55_fu_835">
<pin_list>
<pin id="836" dir="0" index="0" bw="32" slack="0"/>
<pin id="837" dir="1" index="1" bw="7" slack="0"/>
</pin_list>
<bind>
<opcode="trunc(33) " fcode="trunc"/>
<opset="trunc_ln55/2 "/>
</bind>
</comp>

<comp id="839" class="1004" name="or_ln_fu_839">
<pin_list>
<pin id="840" dir="0" index="0" bw="32" slack="0"/>
<pin id="841" dir="0" index="1" bw="7" slack="0"/>
<pin id="842" dir="0" index="2" bw="25" slack="0"/>
<pin id="843" dir="1" index="3" bw="32" slack="0"/>
</pin_list>
<bind>
<opcode="bitconcatenate(1004) " fcode="bitconcatenate"/>
<opset="or_ln/2 "/>
</bind>
</comp>

<comp id="847" class="1004" name="lshr_ln55_1_fu_847">
<pin_list>
<pin id="848" dir="0" index="0" bw="14" slack="0"/>
<pin id="849" dir="0" index="1" bw="32" slack="0"/>
<pin id="850" dir="0" index="2" bw="6" slack="0"/>
<pin id="851" dir="0" index="3" bw="6" slack="0"/>
<pin id="852" dir="1" index="4" bw="14" slack="0"/>
</pin_list>
<bind>
<opcode="partselect(1002) " fcode="partselect"/>
<opset="lshr_ln55_1/2 "/>
</bind>
</comp>

<comp id="857" class="1004" name="trunc_ln55_1_fu_857">
<pin_list>
<pin id="858" dir="0" index="0" bw="32" slack="0"/>
<pin id="859" dir="1" index="1" bw="18" slack="0"/>
</pin_list>
<bind>
<opcode="trunc(33) " fcode="trunc"/>
<opset="trunc_ln55_1/2 "/>
</bind>
</comp>

<comp id="861" class="1004" name="or_ln55_1_fu_861">
<pin_list>
<pin id="862" dir="0" index="0" bw="32" slack="0"/>
<pin id="863" dir="0" index="1" bw="18" slack="0"/>
<pin id="864" dir="0" index="2" bw="14" slack="0"/>
<pin id="865" dir="1" index="3" bw="32" slack="0"/>
</pin_list>
<bind>
<opcode="bitconcatenate(1004) " fcode="bitconcatenate"/>
<opset="or_ln55_1/2 "/>
</bind>
</comp>

<comp id="869" class="1004" name="lshr_ln1_fu_869">
<pin_list>
<pin id="870" dir="0" index="0" bw="29" slack="0"/>
<pin id="871" dir="0" index="1" bw="32" slack="0"/>
<pin id="872" dir="0" index="2" bw="3" slack="0"/>
<pin id="873" dir="0" index="3" bw="6" slack="0"/>
<pin id="874" dir="1" index="4" bw="29" slack="0"/>
</pin_list>
<bind>
<opcode="partselect(1002) " fcode="partselect"/>
<opset="lshr_ln1/2 "/>
</bind>
</comp>

<comp id="879" class="1004" name="zext_ln85_fu_879">
<pin_list>
<pin id="880" dir="0" index="0" bw="29" slack="0"/>
<pin id="881" dir="1" index="1" bw="32" slack="0"/>
</pin_list>
<bind>
<opcode="zext(34) " fcode="zext"/>
<opset="zext_ln85/2 "/>
</bind>
</comp>

<comp id="883" class="1004" name="xor_ln85_fu_883">
<pin_list>
<pin id="884" dir="0" index="0" bw="29" slack="0"/>
<pin id="885" dir="0" index="1" bw="32" slack="0"/>
<pin id="886" dir="1" index="2" bw="32" slack="0"/>
</pin_list>
<bind>
<opcode="xor(25) " fcode="xor"/>
<opset="xor_ln85/2 "/>
</bind>
</comp>

<comp id="889" class="1004" name="s0_fu_889">
<pin_list>
<pin id="890" dir="0" index="0" bw="32" slack="0"/>
<pin id="891" dir="0" index="1" bw="32" slack="0"/>
<pin id="892" dir="1" index="2" bw="32" slack="0"/>
</pin_list>
<bind>
<opcode="xor(25) " fcode="xor"/>
<opset="s0/2 "/>
</bind>
</comp>

<comp id="895" class="1004" name="x_assign_1_fu_895">
<pin_list>
<pin id="896" dir="0" index="0" bw="32" slack="0"/>
<pin id="897" dir="0" index="1" bw="32" slack="0"/>
<pin id="898" dir="0" index="2" bw="32" slack="0"/>
<pin id="899" dir="0" index="3" bw="32" slack="0"/>
<pin id="900" dir="0" index="4" bw="32" slack="0"/>
<pin id="901" dir="0" index="5" bw="32" slack="0"/>
<pin id="902" dir="0" index="6" bw="32" slack="0"/>
<pin id="903" dir="0" index="7" bw="32" slack="0"/>
<pin id="904" dir="0" index="8" bw="32" slack="0"/>
<pin id="905" dir="0" index="9" bw="32" slack="0"/>
<pin id="906" dir="0" index="10" bw="32" slack="0"/>
<pin id="907" dir="0" index="11" bw="32" slack="0"/>
<pin id="908" dir="0" index="12" bw="32" slack="0"/>
<pin id="909" dir="0" index="13" bw="32" slack="0"/>
<pin id="910" dir="0" index="14" bw="32" slack="0"/>
<pin id="911" dir="0" index="15" bw="32" slack="0"/>
<pin id="912" dir="0" index="16" bw="32" slack="0"/>
<pin id="913" dir="0" index="17" bw="4" slack="1"/>
<pin id="914" dir="1" index="18" bw="32" slack="0"/>
</pin_list>
<bind>
<opcode="mux(1196) " fcode="mux"/>
<opset="x_assign_1/2 "/>
</bind>
</comp>

<comp id="932" class="1004" name="lshr_ln55_2_fu_932">
<pin_list>
<pin id="933" dir="0" index="0" bw="15" slack="0"/>
<pin id="934" dir="0" index="1" bw="32" slack="0"/>
<pin id="935" dir="0" index="2" bw="6" slack="0"/>
<pin id="936" dir="0" index="3" bw="6" slack="0"/>
<pin id="937" dir="1" index="4" bw="15" slack="0"/>
</pin_list>
<bind>
<opcode="partselect(1002) " fcode="partselect"/>
<opset="lshr_ln55_2/2 "/>
</bind>
</comp>

<comp id="942" class="1004" name="trunc_ln55_2_fu_942">
<pin_list>
<pin id="943" dir="0" index="0" bw="32" slack="0"/>
<pin id="944" dir="1" index="1" bw="17" slack="0"/>
</pin_list>
<bind>
<opcode="trunc(33) " fcode="trunc"/>
<opset="trunc_ln55_2/2 "/>
</bind>
</comp>

<comp id="946" class="1004" name="or_ln55_2_fu_946">
<pin_list>
<pin id="947" dir="0" index="0" bw="32" slack="0"/>
<pin id="948" dir="0" index="1" bw="17" slack="0"/>
<pin id="949" dir="0" index="2" bw="15" slack="0"/>
<pin id="950" dir="1" index="3" bw="32" slack="0"/>
</pin_list>
<bind>
<opcode="bitconcatenate(1004) " fcode="bitconcatenate"/>
<opset="or_ln55_2/2 "/>
</bind>
</comp>

<comp id="954" class="1004" name="lshr_ln55_3_fu_954">
<pin_list>
<pin id="955" dir="0" index="0" bw="13" slack="0"/>
<pin id="956" dir="0" index="1" bw="32" slack="0"/>
<pin id="957" dir="0" index="2" bw="6" slack="0"/>
<pin id="958" dir="0" index="3" bw="6" slack="0"/>
<pin id="959" dir="1" index="4" bw="13" slack="0"/>
</pin_list>
<bind>
<opcode="partselect(1002) " fcode="partselect"/>
<opset="lshr_ln55_3/2 "/>
</bind>
</comp>

<comp id="964" class="1004" name="trunc_ln55_3_fu_964">
<pin_list>
<pin id="965" dir="0" index="0" bw="32" slack="0"/>
<pin id="966" dir="1" index="1" bw="19" slack="0"/>
</pin_list>
<bind>
<opcode="trunc(33) " fcode="trunc"/>
<opset="trunc_ln55_3/2 "/>
</bind>
</comp>

<comp id="968" class="1004" name="or_ln55_3_fu_968">
<pin_list>
<pin id="969" dir="0" index="0" bw="32" slack="0"/>
<pin id="970" dir="0" index="1" bw="19" slack="0"/>
<pin id="971" dir="0" index="2" bw="13" slack="0"/>
<pin id="972" dir="1" index="3" bw="32" slack="0"/>
</pin_list>
<bind>
<opcode="bitconcatenate(1004) " fcode="bitconcatenate"/>
<opset="or_ln55_3/2 "/>
</bind>
</comp>

<comp id="976" class="1004" name="lshr_ln2_fu_976">
<pin_list>
<pin id="977" dir="0" index="0" bw="22" slack="0"/>
<pin id="978" dir="0" index="1" bw="32" slack="0"/>
<pin id="979" dir="0" index="2" bw="5" slack="0"/>
<pin id="980" dir="0" index="3" bw="6" slack="0"/>
<pin id="981" dir="1" index="4" bw="22" slack="0"/>
</pin_list>
<bind>
<opcode="partselect(1002) " fcode="partselect"/>
<opset="lshr_ln2/2 "/>
</bind>
</comp>

<comp id="986" class="1004" name="zext_ln91_fu_986">
<pin_list>
<pin id="987" dir="0" index="0" bw="22" slack="0"/>
<pin id="988" dir="1" index="1" bw="32" slack="0"/>
</pin_list>
<bind>
<opcode="zext(34) " fcode="zext"/>
<opset="zext_ln91/2 "/>
</bind>
</comp>

<comp id="990" class="1004" name="xor_ln91_fu_990">
<pin_list>
<pin id="991" dir="0" index="0" bw="32" slack="0"/>
<pin id="992" dir="0" index="1" bw="22" slack="0"/>
<pin id="993" dir="1" index="2" bw="32" slack="0"/>
</pin_list>
<bind>
<opcode="xor(25) " fcode="xor"/>
<opset="xor_ln91/2 "/>
</bind>
</comp>

<comp id="996" class="1004" name="s1_fu_996">
<pin_list>
<pin id="997" dir="0" index="0" bw="32" slack="0"/>
<pin id="998" dir="0" index="1" bw="32" slack="0"/>
<pin id="999" dir="1" index="2" bw="32" slack="0"/>
</pin_list>
<bind>
<opcode="xor(25) " fcode="xor"/>
<opset="s1/2 "/>
</bind>
</comp>

<comp id="1002" class="1004" name="add_ln161_fu_1002">
<pin_list>
<pin id="1003" dir="0" index="0" bw="4" slack="1"/>
<pin id="1004" dir="0" index="1" bw="4" slack="0"/>
<pin id="1005" dir="1" index="2" bw="4" slack="0"/>
</pin_list>
<bind>
<opcode="add(8) " fcode="add"/>
<opset="add_ln161/2 "/>
</bind>
</comp>

<comp id="1007" class="1004" name="tmp_s_fu_1007">
<pin_list>
<pin id="1008" dir="0" index="0" bw="32" slack="0"/>
<pin id="1009" dir="0" index="1" bw="32" slack="0"/>
<pin id="1010" dir="0" index="2" bw="32" slack="0"/>
<pin id="1011" dir="0" index="3" bw="32" slack="0"/>
<pin id="1012" dir="0" index="4" bw="32" slack="0"/>
<pin id="1013" dir="0" index="5" bw="32" slack="0"/>
<pin id="1014" dir="0" index="6" bw="32" slack="0"/>
<pin id="1015" dir="0" index="7" bw="32" slack="0"/>
<pin id="1016" dir="0" index="8" bw="32" slack="0"/>
<pin id="1017" dir="0" index="9" bw="32" slack="0"/>
<pin id="1018" dir="0" index="10" bw="32" slack="0"/>
<pin id="1019" dir="0" index="11" bw="32" slack="0"/>
<pin id="1020" dir="0" index="12" bw="32" slack="0"/>
<pin id="1021" dir="0" index="13" bw="32" slack="0"/>
<pin id="1022" dir="0" index="14" bw="32" slack="0"/>
<pin id="1023" dir="0" index="15" bw="32" slack="0"/>
<pin id="1024" dir="0" index="16" bw="32" slack="0"/>
<pin id="1025" dir="0" index="17" bw="4" slack="0"/>
<pin id="1026" dir="1" index="18" bw="32" slack="0"/>
</pin_list>
<bind>
<opcode="mux(1196) " fcode="mux"/>
<opset="tmp_s/2 "/>
</bind>
</comp>

<comp id="1045" class="1004" name="tmp_1_fu_1045">
<pin_list>
<pin id="1046" dir="0" index="0" bw="32" slack="0"/>
<pin id="1047" dir="0" index="1" bw="32" slack="0"/>
<pin id="1048" dir="0" index="2" bw="32" slack="0"/>
<pin id="1049" dir="0" index="3" bw="32" slack="0"/>
<pin id="1050" dir="0" index="4" bw="32" slack="0"/>
<pin id="1051" dir="0" index="5" bw="32" slack="0"/>
<pin id="1052" dir="0" index="6" bw="32" slack="0"/>
<pin id="1053" dir="0" index="7" bw="32" slack="0"/>
<pin id="1054" dir="0" index="8" bw="32" slack="0"/>
<pin id="1055" dir="0" index="9" bw="32" slack="0"/>
<pin id="1056" dir="0" index="10" bw="32" slack="0"/>
<pin id="1057" dir="0" index="11" bw="32" slack="0"/>
<pin id="1058" dir="0" index="12" bw="32" slack="0"/>
<pin id="1059" dir="0" index="13" bw="32" slack="0"/>
<pin id="1060" dir="0" index="14" bw="32" slack="0"/>
<pin id="1061" dir="0" index="15" bw="32" slack="0"/>
<pin id="1062" dir="0" index="16" bw="32" slack="0"/>
<pin id="1063" dir="0" index="17" bw="4" slack="1"/>
<pin id="1064" dir="1" index="18" bw="32" slack="0"/>
</pin_list>
<bind>
<opcode="mux(1196) " fcode="mux"/>
<opset="tmp_1/2 "/>
</bind>
</comp>

<comp id="1082" class="1004" name="add_ln161_1_fu_1082">
<pin_list>
<pin id="1083" dir="0" index="0" bw="32" slack="0"/>
<pin id="1084" dir="0" index="1" bw="32" slack="0"/>
<pin id="1085" dir="1" index="2" bw="32" slack="0"/>
</pin_list>
<bind>
<opcode="add(8) " fcode="add"/>
<opset="add_ln161_1/2 "/>
</bind>
</comp>

<comp id="1088" class="1004" name="add_ln161_2_fu_1088">
<pin_list>
<pin id="1089" dir="0" index="0" bw="32" slack="0"/>
<pin id="1090" dir="0" index="1" bw="32" slack="0"/>
<pin id="1091" dir="1" index="2" bw="32" slack="0"/>
</pin_list>
<bind>
<opcode="add(8) " fcode="add"/>
<opset="add_ln161_2/2 "/>
</bind>
</comp>

<comp id="1094" class="1004" name="wbuf_33_fu_1094">
<pin_list>
<pin id="1095" dir="0" index="0" bw="32" slack="0"/>
<pin id="1096" dir="0" index="1" bw="32" slack="0"/>
<pin id="1097" dir="1" index="2" bw="32" slack="0"/>
</pin_list>
<bind>
<opcode="add(8) " fcode="add"/>
<opset="wbuf_33/2 "/>
</bind>
</comp>

<comp id="1100" class="1004" name="store_ln162_store_fu_1100">
<pin_list>
<pin id="1101" dir="0" index="0" bw="32" slack="0"/>
<pin id="1102" dir="0" index="1" bw="32" slack="1"/>
<pin id="1103" dir="1" index="2" bw="0" slack="2147483647"/>
</pin_list>
<bind>
<opcode="store(28) " fcode="store"/>
<opset="store_ln162/2 "/>
</bind>
</comp>

<comp id="1105" class="1004" name="store_ln162_store_fu_1105">
<pin_list>
<pin id="1106" dir="0" index="0" bw="32" slack="0"/>
<pin id="1107" dir="0" index="1" bw="32" slack="1"/>
<pin id="1108" dir="1" index="2" bw="0" slack="2147483647"/>
</pin_list>
<bind>
<opcode="store(28) " fcode="store"/>
<opset="store_ln162/2 "/>
</bind>
</comp>

<comp id="1110" class="1004" name="store_ln162_store_fu_1110">
<pin_list>
<pin id="1111" dir="0" index="0" bw="32" slack="0"/>
<pin id="1112" dir="0" index="1" bw="32" slack="1"/>
<pin id="1113" dir="1" index="2" bw="0" slack="2147483647"/>
</pin_list>
<bind>
<opcode="store(28) " fcode="store"/>
<opset="store_ln162/2 "/>
</bind>
</comp>

<comp id="1115" class="1004" name="store_ln162_store_fu_1115">
<pin_list>
<pin id="1116" dir="0" index="0" bw="32" slack="0"/>
<pin id="1117" dir="0" index="1" bw="32" slack="1"/>
<pin id="1118" dir="1" index="2" bw="0" slack="2147483647"/>
</pin_list>
<bind>
<opcode="store(28) " fcode="store"/>
<opset="store_ln162/2 "/>
</bind>
</comp>

<comp id="1120" class="1004" name="store_ln162_store_fu_1120">
<pin_list>
<pin id="1121" dir="0" index="0" bw="32" slack="0"/>
<pin id="1122" dir="0" index="1" bw="32" slack="1"/>
<pin id="1123" dir="1" index="2" bw="0" slack="2147483647"/>
</pin_list>
<bind>
<opcode="store(28) " fcode="store"/>
<opset="store_ln162/2 "/>
</bind>
</comp>

<comp id="1125" class="1004" name="store_ln162_store_fu_1125">
<pin_list>
<pin id="1126" dir="0" index="0" bw="32" slack="0"/>
<pin id="1127" dir="0" index="1" bw="32" slack="1"/>
<pin id="1128" dir="1" index="2" bw="0" slack="2147483647"/>
</pin_list>
<bind>
<opcode="store(28) " fcode="store"/>
<opset="store_ln162/2 "/>
</bind>
</comp>

<comp id="1130" class="1004" name="store_ln162_store_fu_1130">
<pin_list>
<pin id="1131" dir="0" index="0" bw="32" slack="0"/>
<pin id="1132" dir="0" index="1" bw="32" slack="1"/>
<pin id="1133" dir="1" index="2" bw="0" slack="2147483647"/>
</pin_list>
<bind>
<opcode="store(28) " fcode="store"/>
<opset="store_ln162/2 "/>
</bind>
</comp>

<comp id="1135" class="1004" name="store_ln162_store_fu_1135">
<pin_list>
<pin id="1136" dir="0" index="0" bw="32" slack="0"/>
<pin id="1137" dir="0" index="1" bw="32" slack="1"/>
<pin id="1138" dir="1" index="2" bw="0" slack="2147483647"/>
</pin_list>
<bind>
<opcode="store(28) " fcode="store"/>
<opset="store_ln162/2 "/>
</bind>
</comp>

<comp id="1140" class="1004" name="store_ln162_store_fu_1140">
<pin_list>
<pin id="1141" dir="0" index="0" bw="32" slack="0"/>
<pin id="1142" dir="0" index="1" bw="32" slack="1"/>
<pin id="1143" dir="1" index="2" bw="0" slack="2147483647"/>
</pin_list>
<bind>
<opcode="store(28) " fcode="store"/>
<opset="store_ln162/2 "/>
</bind>
</comp>

<comp id="1145" class="1004" name="store_ln162_store_fu_1145">
<pin_list>
<pin id="1146" dir="0" index="0" bw="32" slack="0"/>
<pin id="1147" dir="0" index="1" bw="32" slack="1"/>
<pin id="1148" dir="1" index="2" bw="0" slack="2147483647"/>
</pin_list>
<bind>
<opcode="store(28) " fcode="store"/>
<opset="store_ln162/2 "/>
</bind>
</comp>

<comp id="1150" class="1004" name="store_ln162_store_fu_1150">
<pin_list>
<pin id="1151" dir="0" index="0" bw="32" slack="0"/>
<pin id="1152" dir="0" index="1" bw="32" slack="1"/>
<pin id="1153" dir="1" index="2" bw="0" slack="2147483647"/>
</pin_list>
<bind>
<opcode="store(28) " fcode="store"/>
<opset="store_ln162/2 "/>
</bind>
</comp>

<comp id="1155" class="1004" name="store_ln162_store_fu_1155">
<pin_list>
<pin id="1156" dir="0" index="0" bw="32" slack="0"/>
<pin id="1157" dir="0" index="1" bw="32" slack="1"/>
<pin id="1158" dir="1" index="2" bw="0" slack="2147483647"/>
</pin_list>
<bind>
<opcode="store(28) " fcode="store"/>
<opset="store_ln162/2 "/>
</bind>
</comp>

<comp id="1160" class="1004" name="store_ln162_store_fu_1160">
<pin_list>
<pin id="1161" dir="0" index="0" bw="32" slack="0"/>
<pin id="1162" dir="0" index="1" bw="32" slack="1"/>
<pin id="1163" dir="1" index="2" bw="0" slack="2147483647"/>
</pin_list>
<bind>
<opcode="store(28) " fcode="store"/>
<opset="store_ln162/2 "/>
</bind>
</comp>

<comp id="1165" class="1004" name="store_ln162_store_fu_1165">
<pin_list>
<pin id="1166" dir="0" index="0" bw="32" slack="0"/>
<pin id="1167" dir="0" index="1" bw="32" slack="1"/>
<pin id="1168" dir="1" index="2" bw="0" slack="2147483647"/>
</pin_list>
<bind>
<opcode="store(28) " fcode="store"/>
<opset="store_ln162/2 "/>
</bind>
</comp>

<comp id="1170" class="1004" name="store_ln162_store_fu_1170">
<pin_list>
<pin id="1171" dir="0" index="0" bw="32" slack="0"/>
<pin id="1172" dir="0" index="1" bw="32" slack="1"/>
<pin id="1173" dir="1" index="2" bw="0" slack="2147483647"/>
</pin_list>
<bind>
<opcode="store(28) " fcode="store"/>
<opset="store_ln162/2 "/>
</bind>
</comp>

<comp id="1175" class="1004" name="store_ln162_store_fu_1175">
<pin_list>
<pin id="1176" dir="0" index="0" bw="32" slack="0"/>
<pin id="1177" dir="0" index="1" bw="32" slack="1"/>
<pin id="1178" dir="1" index="2" bw="0" slack="2147483647"/>
</pin_list>
<bind>
<opcode="store(28) " fcode="store"/>
<opset="store_ln162/2 "/>
</bind>
</comp>

<comp id="1180" class="1004" name="wt_fu_1180">
<pin_list>
<pin id="1181" dir="0" index="0" bw="32" slack="0"/>
<pin id="1182" dir="0" index="1" bw="32" slack="0"/>
<pin id="1183" dir="0" index="2" bw="32" slack="0"/>
<pin id="1184" dir="0" index="3" bw="32" slack="0"/>
<pin id="1185" dir="0" index="4" bw="32" slack="0"/>
<pin id="1186" dir="0" index="5" bw="32" slack="0"/>
<pin id="1187" dir="0" index="6" bw="32" slack="0"/>
<pin id="1188" dir="0" index="7" bw="32" slack="0"/>
<pin id="1189" dir="0" index="8" bw="32" slack="0"/>
<pin id="1190" dir="0" index="9" bw="32" slack="0"/>
<pin id="1191" dir="0" index="10" bw="32" slack="0"/>
<pin id="1192" dir="0" index="11" bw="32" slack="0"/>
<pin id="1193" dir="0" index="12" bw="32" slack="0"/>
<pin id="1194" dir="0" index="13" bw="32" slack="0"/>
<pin id="1195" dir="0" index="14" bw="32" slack="0"/>
<pin id="1196" dir="0" index="15" bw="32" slack="0"/>
<pin id="1197" dir="0" index="16" bw="32" slack="0"/>
<pin id="1198" dir="0" index="17" bw="7" slack="1"/>
<pin id="1199" dir="1" index="18" bw="32" slack="1"/>
</pin_list>
<bind>
<opcode="mux(1196) " fcode="mux"/>
<opset="wt/2 "/>
</bind>
</comp>

<comp id="1217" class="1004" name="h_2_load_fu_1217">
<pin_list>
<pin id="1218" dir="0" index="0" bw="32" slack="2"/>
<pin id="1219" dir="1" index="1" bw="32" slack="0"/>
</pin_list>
<bind>
<opcode="load(27) " fcode="load"/>
<opset="h_2/3 "/>
</bind>
</comp>

<comp id="1221" class="1004" name="g_2_load_fu_1221">
<pin_list>
<pin id="1222" dir="0" index="0" bw="32" slack="2"/>
<pin id="1223" dir="1" index="1" bw="32" slack="0"/>
</pin_list>
<bind>
<opcode="load(27) " fcode="load"/>
<opset="g_2/3 "/>
</bind>
</comp>

<comp id="1225" class="1004" name="f_2_load_fu_1225">
<pin_list>
<pin id="1226" dir="0" index="0" bw="32" slack="2"/>
<pin id="1227" dir="1" index="1" bw="32" slack="0"/>
</pin_list>
<bind>
<opcode="load(27) " fcode="load"/>
<opset="f_2/3 "/>
</bind>
</comp>

<comp id="1229" class="1004" name="d_2_load_fu_1229">
<pin_list>
<pin id="1230" dir="0" index="0" bw="32" slack="2"/>
<pin id="1231" dir="1" index="1" bw="32" slack="0"/>
</pin_list>
<bind>
<opcode="load(27) " fcode="load"/>
<opset="d_2/3 "/>
</bind>
</comp>

<comp id="1233" class="1004" name="c_2_load_fu_1233">
<pin_list>
<pin id="1234" dir="0" index="0" bw="32" slack="2"/>
<pin id="1235" dir="1" index="1" bw="32" slack="0"/>
</pin_list>
<bind>
<opcode="load(27) " fcode="load"/>
<opset="c_2/3 "/>
</bind>
</comp>

<comp id="1237" class="1004" name="b_5_load_fu_1237">
<pin_list>
<pin id="1238" dir="0" index="0" bw="32" slack="2"/>
<pin id="1239" dir="1" index="1" bw="32" slack="0"/>
</pin_list>
<bind>
<opcode="load(27) " fcode="load"/>
<opset="b_5/3 "/>
</bind>
</comp>

<comp id="1241" class="1004" name="h_load_load_fu_1241">
<pin_list>
<pin id="1242" dir="0" index="0" bw="32" slack="2"/>
<pin id="1243" dir="1" index="1" bw="32" slack="0"/>
</pin_list>
<bind>
<opcode="load(27) " fcode="load"/>
<opset="h_load/3 "/>
</bind>
</comp>

<comp id="1244" class="1004" name="d_load_load_fu_1244">
<pin_list>
<pin id="1245" dir="0" index="0" bw="32" slack="2"/>
<pin id="1246" dir="1" index="1" bw="32" slack="0"/>
</pin_list>
<bind>
<opcode="load(27) " fcode="load"/>
<opset="d_load/3 "/>
</bind>
</comp>

<comp id="1247" class="1004" name="lshr_ln55_4_fu_1247">
<pin_list>
<pin id="1248" dir="0" index="0" bw="26" slack="0"/>
<pin id="1249" dir="0" index="1" bw="32" slack="0"/>
<pin id="1250" dir="0" index="2" bw="4" slack="0"/>
<pin id="1251" dir="0" index="3" bw="6" slack="0"/>
<pin id="1252" dir="1" index="4" bw="26" slack="0"/>
</pin_list>
<bind>
<opcode="partselect(1002) " fcode="partselect"/>
<opset="lshr_ln55_4/3 "/>
</bind>
</comp>

<comp id="1257" class="1004" name="trunc_ln55_4_fu_1257">
<pin_list>
<pin id="1258" dir="0" index="0" bw="32" slack="0"/>
<pin id="1259" dir="1" index="1" bw="6" slack="0"/>
</pin_list>
<bind>
<opcode="trunc(33) " fcode="trunc"/>
<opset="trunc_ln55_4/3 "/>
</bind>
</comp>

<comp id="1261" class="1004" name="or_ln55_4_fu_1261">
<pin_list>
<pin id="1262" dir="0" index="0" bw="32" slack="0"/>
<pin id="1263" dir="0" index="1" bw="6" slack="0"/>
<pin id="1264" dir="0" index="2" bw="26" slack="0"/>
<pin id="1265" dir="1" index="3" bw="32" slack="0"/>
</pin_list>
<bind>
<opcode="bitconcatenate(1004) " fcode="bitconcatenate"/>
<opset="or_ln55_4/3 "/>
</bind>
</comp>

<comp id="1269" class="1004" name="lshr_ln55_5_fu_1269">
<pin_list>
<pin id="1270" dir="0" index="0" bw="21" slack="0"/>
<pin id="1271" dir="0" index="1" bw="32" slack="0"/>
<pin id="1272" dir="0" index="2" bw="5" slack="0"/>
<pin id="1273" dir="0" index="3" bw="6" slack="0"/>
<pin id="1274" dir="1" index="4" bw="21" slack="0"/>
</pin_list>
<bind>
<opcode="partselect(1002) " fcode="partselect"/>
<opset="lshr_ln55_5/3 "/>
</bind>
</comp>

<comp id="1279" class="1004" name="trunc_ln55_5_fu_1279">
<pin_list>
<pin id="1280" dir="0" index="0" bw="32" slack="0"/>
<pin id="1281" dir="1" index="1" bw="11" slack="0"/>
</pin_list>
<bind>
<opcode="trunc(33) " fcode="trunc"/>
<opset="trunc_ln55_5/3 "/>
</bind>
</comp>

<comp id="1283" class="1004" name="or_ln55_5_fu_1283">
<pin_list>
<pin id="1284" dir="0" index="0" bw="32" slack="0"/>
<pin id="1285" dir="0" index="1" bw="11" slack="0"/>
<pin id="1286" dir="0" index="2" bw="21" slack="0"/>
<pin id="1287" dir="1" index="3" bw="32" slack="0"/>
</pin_list>
<bind>
<opcode="bitconcatenate(1004) " fcode="bitconcatenate"/>
<opset="or_ln55_5/3 "/>
</bind>
</comp>

<comp id="1291" class="1004" name="lshr_ln55_6_fu_1291">
<pin_list>
<pin id="1292" dir="0" index="0" bw="7" slack="0"/>
<pin id="1293" dir="0" index="1" bw="32" slack="0"/>
<pin id="1294" dir="0" index="2" bw="6" slack="0"/>
<pin id="1295" dir="0" index="3" bw="6" slack="0"/>
<pin id="1296" dir="1" index="4" bw="7" slack="0"/>
</pin_list>
<bind>
<opcode="partselect(1002) " fcode="partselect"/>
<opset="lshr_ln55_6/3 "/>
</bind>
</comp>

<comp id="1301" class="1004" name="trunc_ln55_6_fu_1301">
<pin_list>
<pin id="1302" dir="0" index="0" bw="32" slack="0"/>
<pin id="1303" dir="1" index="1" bw="25" slack="0"/>
</pin_list>
<bind>
<opcode="trunc(33) " fcode="trunc"/>
<opset="trunc_ln55_6/3 "/>
</bind>
</comp>

<comp id="1305" class="1004" name="or_ln55_6_fu_1305">
<pin_list>
<pin id="1306" dir="0" index="0" bw="32" slack="0"/>
<pin id="1307" dir="0" index="1" bw="25" slack="0"/>
<pin id="1308" dir="0" index="2" bw="7" slack="0"/>
<pin id="1309" dir="1" index="3" bw="32" slack="0"/>
</pin_list>
<bind>
<opcode="bitconcatenate(1004) " fcode="bitconcatenate"/>
<opset="or_ln55_6/3 "/>
</bind>
</comp>

<comp id="1313" class="1004" name="xor_ln79_fu_1313">
<pin_list>
<pin id="1314" dir="0" index="0" bw="32" slack="0"/>
<pin id="1315" dir="0" index="1" bw="32" slack="0"/>
<pin id="1316" dir="1" index="2" bw="32" slack="0"/>
</pin_list>
<bind>
<opcode="xor(25) " fcode="xor"/>
<opset="xor_ln79/3 "/>
</bind>
</comp>

<comp id="1319" class="1004" name="xor_ln79_1_fu_1319">
<pin_list>
<pin id="1320" dir="0" index="0" bw="32" slack="0"/>
<pin id="1321" dir="0" index="1" bw="32" slack="0"/>
<pin id="1322" dir="1" index="2" bw="32" slack="0"/>
</pin_list>
<bind>
<opcode="xor(25) " fcode="xor"/>
<opset="xor_ln79_1/3 "/>
</bind>
</comp>

<comp id="1325" class="1004" name="and_ln61_fu_1325">
<pin_list>
<pin id="1326" dir="0" index="0" bw="32" slack="0"/>
<pin id="1327" dir="0" index="1" bw="32" slack="0"/>
<pin id="1328" dir="1" index="2" bw="32" slack="0"/>
</pin_list>
<bind>
<opcode="and(23) " fcode="and"/>
<opset="and_ln61/3 "/>
</bind>
</comp>

<comp id="1331" class="1004" name="xor_ln61_fu_1331">
<pin_list>
<pin id="1332" dir="0" index="0" bw="32" slack="0"/>
<pin id="1333" dir="0" index="1" bw="1" slack="0"/>
<pin id="1334" dir="1" index="2" bw="32" slack="0"/>
</pin_list>
<bind>
<opcode="xor(25) " fcode="xor"/>
<opset="xor_ln61/3 "/>
</bind>
</comp>

<comp id="1337" class="1004" name="and_ln61_1_fu_1337">
<pin_list>
<pin id="1338" dir="0" index="0" bw="32" slack="0"/>
<pin id="1339" dir="0" index="1" bw="32" slack="0"/>
<pin id="1340" dir="1" index="2" bw="32" slack="0"/>
</pin_list>
<bind>
<opcode="and(23) " fcode="and"/>
<opset="and_ln61_1/3 "/>
</bind>
</comp>

<comp id="1343" class="1004" name="xor_ln61_1_fu_1343">
<pin_list>
<pin id="1344" dir="0" index="0" bw="32" slack="0"/>
<pin id="1345" dir="0" index="1" bw="32" slack="0"/>
<pin id="1346" dir="1" index="2" bw="32" slack="0"/>
</pin_list>
<bind>
<opcode="xor(25) " fcode="xor"/>
<opset="xor_ln61_1/3 "/>
</bind>
</comp>

<comp id="1349" class="1004" name="add_ln165_fu_1349">
<pin_list>
<pin id="1350" dir="0" index="0" bw="32" slack="1"/>
<pin id="1351" dir="0" index="1" bw="32" slack="0"/>
<pin id="1352" dir="1" index="2" bw="32" slack="0"/>
</pin_list>
<bind>
<opcode="add(8) " fcode="add"/>
<opset="add_ln165/3 "/>
</bind>
</comp>

<comp id="1354" class="1004" name="add_ln165_1_fu_1354">
<pin_list>
<pin id="1355" dir="0" index="0" bw="32" slack="0"/>
<pin id="1356" dir="0" index="1" bw="32" slack="0"/>
<pin id="1357" dir="1" index="2" bw="32" slack="0"/>
</pin_list>
<bind>
<opcode="add(8) " fcode="add"/>
<opset="add_ln165_1/3 "/>
</bind>
</comp>

<comp id="1360" class="1004" name="add_ln165_2_fu_1360">
<pin_list>
<pin id="1361" dir="0" index="0" bw="32" slack="0"/>
<pin id="1362" dir="0" index="1" bw="32" slack="0"/>
<pin id="1363" dir="1" index="2" bw="32" slack="0"/>
</pin_list>
<bind>
<opcode="add(8) " fcode="add"/>
<opset="add_ln165_2/3 "/>
</bind>
</comp>

<comp id="1366" class="1004" name="t1_fu_1366">
<pin_list>
<pin id="1367" dir="0" index="0" bw="32" slack="0"/>
<pin id="1368" dir="0" index="1" bw="32" slack="0"/>
<pin id="1369" dir="1" index="2" bw="32" slack="0"/>
</pin_list>
<bind>
<opcode="add(8) " fcode="add"/>
<opset="t1/3 "/>
</bind>
</comp>

<comp id="1372" class="1004" name="lshr_ln55_7_fu_1372">
<pin_list>
<pin id="1373" dir="0" index="0" bw="30" slack="0"/>
<pin id="1374" dir="0" index="1" bw="32" slack="0"/>
<pin id="1375" dir="0" index="2" bw="3" slack="0"/>
<pin id="1376" dir="0" index="3" bw="6" slack="0"/>
<pin id="1377" dir="1" index="4" bw="30" slack="0"/>
</pin_list>
<bind>
<opcode="partselect(1002) " fcode="partselect"/>
<opset="lshr_ln55_7/3 "/>
</bind>
</comp>

<comp id="1382" class="1004" name="trunc_ln55_7_fu_1382">
<pin_list>
<pin id="1383" dir="0" index="0" bw="32" slack="0"/>
<pin id="1384" dir="1" index="1" bw="2" slack="0"/>
</pin_list>
<bind>
<opcode="trunc(33) " fcode="trunc"/>
<opset="trunc_ln55_7/3 "/>
</bind>
</comp>

<comp id="1386" class="1004" name="or_ln55_7_fu_1386">
<pin_list>
<pin id="1387" dir="0" index="0" bw="32" slack="0"/>
<pin id="1388" dir="0" index="1" bw="2" slack="0"/>
<pin id="1389" dir="0" index="2" bw="30" slack="0"/>
<pin id="1390" dir="1" index="3" bw="32" slack="0"/>
</pin_list>
<bind>
<opcode="bitconcatenate(1004) " fcode="bitconcatenate"/>
<opset="or_ln55_7/3 "/>
</bind>
</comp>

<comp id="1394" class="1004" name="lshr_ln55_8_fu_1394">
<pin_list>
<pin id="1395" dir="0" index="0" bw="19" slack="0"/>
<pin id="1396" dir="0" index="1" bw="32" slack="0"/>
<pin id="1397" dir="0" index="2" bw="5" slack="0"/>
<pin id="1398" dir="0" index="3" bw="6" slack="0"/>
<pin id="1399" dir="1" index="4" bw="19" slack="0"/>
</pin_list>
<bind>
<opcode="partselect(1002) " fcode="partselect"/>
<opset="lshr_ln55_8/3 "/>
</bind>
</comp>

<comp id="1404" class="1004" name="trunc_ln55_8_fu_1404">
<pin_list>
<pin id="1405" dir="0" index="0" bw="32" slack="0"/>
<pin id="1406" dir="1" index="1" bw="13" slack="0"/>
</pin_list>
<bind>
<opcode="trunc(33) " fcode="trunc"/>
<opset="trunc_ln55_8/3 "/>
</bind>
</comp>

<comp id="1408" class="1004" name="or_ln55_8_fu_1408">
<pin_list>
<pin id="1409" dir="0" index="0" bw="32" slack="0"/>
<pin id="1410" dir="0" index="1" bw="13" slack="0"/>
<pin id="1411" dir="0" index="2" bw="19" slack="0"/>
<pin id="1412" dir="1" index="3" bw="32" slack="0"/>
</pin_list>
<bind>
<opcode="bitconcatenate(1004) " fcode="bitconcatenate"/>
<opset="or_ln55_8/3 "/>
</bind>
</comp>

<comp id="1416" class="1004" name="lshr_ln55_9_fu_1416">
<pin_list>
<pin id="1417" dir="0" index="0" bw="10" slack="0"/>
<pin id="1418" dir="0" index="1" bw="32" slack="0"/>
<pin id="1419" dir="0" index="2" bw="6" slack="0"/>
<pin id="1420" dir="0" index="3" bw="6" slack="0"/>
<pin id="1421" dir="1" index="4" bw="10" slack="0"/>
</pin_list>
<bind>
<opcode="partselect(1002) " fcode="partselect"/>
<opset="lshr_ln55_9/3 "/>
</bind>
</comp>

<comp id="1426" class="1004" name="trunc_ln55_9_fu_1426">
<pin_list>
<pin id="1427" dir="0" index="0" bw="32" slack="0"/>
<pin id="1428" dir="1" index="1" bw="22" slack="0"/>
</pin_list>
<bind>
<opcode="trunc(33) " fcode="trunc"/>
<opset="trunc_ln55_9/3 "/>
</bind>
</comp>

<comp id="1430" class="1004" name="or_ln55_9_fu_1430">
<pin_list>
<pin id="1431" dir="0" index="0" bw="32" slack="0"/>
<pin id="1432" dir="0" index="1" bw="22" slack="0"/>
<pin id="1433" dir="0" index="2" bw="10" slack="0"/>
<pin id="1434" dir="1" index="3" bw="32" slack="0"/>
</pin_list>
<bind>
<opcode="bitconcatenate(1004) " fcode="bitconcatenate"/>
<opset="or_ln55_9/3 "/>
</bind>
</comp>

<comp id="1438" class="1004" name="xor_ln73_fu_1438">
<pin_list>
<pin id="1439" dir="0" index="0" bw="32" slack="0"/>
<pin id="1440" dir="0" index="1" bw="32" slack="0"/>
<pin id="1441" dir="1" index="2" bw="32" slack="0"/>
</pin_list>
<bind>
<opcode="xor(25) " fcode="xor"/>
<opset="xor_ln73/3 "/>
</bind>
</comp>

<comp id="1444" class="1004" name="xor_ln73_1_fu_1444">
<pin_list>
<pin id="1445" dir="0" index="0" bw="32" slack="0"/>
<pin id="1446" dir="0" index="1" bw="32" slack="0"/>
<pin id="1447" dir="1" index="2" bw="32" slack="0"/>
</pin_list>
<bind>
<opcode="xor(25) " fcode="xor"/>
<opset="xor_ln73_1/3 "/>
</bind>
</comp>

<comp id="1450" class="1004" name="xor_ln67_fu_1450">
<pin_list>
<pin id="1451" dir="0" index="0" bw="32" slack="0"/>
<pin id="1452" dir="0" index="1" bw="32" slack="0"/>
<pin id="1453" dir="1" index="2" bw="32" slack="0"/>
</pin_list>
<bind>
<opcode="xor(25) " fcode="xor"/>
<opset="xor_ln67/3 "/>
</bind>
</comp>

<comp id="1456" class="1004" name="and_ln67_fu_1456">
<pin_list>
<pin id="1457" dir="0" index="0" bw="32" slack="0"/>
<pin id="1458" dir="0" index="1" bw="32" slack="0"/>
<pin id="1459" dir="1" index="2" bw="32" slack="0"/>
</pin_list>
<bind>
<opcode="and(23) " fcode="and"/>
<opset="and_ln67/3 "/>
</bind>
</comp>

<comp id="1462" class="1004" name="and_ln67_1_fu_1462">
<pin_list>
<pin id="1463" dir="0" index="0" bw="32" slack="0"/>
<pin id="1464" dir="0" index="1" bw="32" slack="0"/>
<pin id="1465" dir="1" index="2" bw="32" slack="0"/>
</pin_list>
<bind>
<opcode="and(23) " fcode="and"/>
<opset="and_ln67_1/3 "/>
</bind>
</comp>

<comp id="1468" class="1004" name="xor_ln67_1_fu_1468">
<pin_list>
<pin id="1469" dir="0" index="0" bw="32" slack="0"/>
<pin id="1470" dir="0" index="1" bw="32" slack="0"/>
<pin id="1471" dir="1" index="2" bw="32" slack="0"/>
</pin_list>
<bind>
<opcode="xor(25) " fcode="xor"/>
<opset="xor_ln67_1/3 "/>
</bind>
</comp>

<comp id="1474" class="1004" name="e_fu_1474">
<pin_list>
<pin id="1475" dir="0" index="0" bw="32" slack="0"/>
<pin id="1476" dir="0" index="1" bw="32" slack="0"/>
<pin id="1477" dir="1" index="2" bw="32" slack="0"/>
</pin_list>
<bind>
<opcode="add(8) " fcode="add"/>
<opset="e/3 "/>
</bind>
</comp>

<comp id="1480" class="1004" name="add_ln175_fu_1480">
<pin_list>
<pin id="1481" dir="0" index="0" bw="32" slack="0"/>
<pin id="1482" dir="0" index="1" bw="32" slack="0"/>
<pin id="1483" dir="1" index="2" bw="32" slack="0"/>
</pin_list>
<bind>
<opcode="add(8) " fcode="add"/>
<opset="add_ln175/3 "/>
</bind>
</comp>

<comp id="1486" class="1004" name="a_fu_1486">
<pin_list>
<pin id="1487" dir="0" index="0" bw="32" slack="0"/>
<pin id="1488" dir="0" index="1" bw="32" slack="0"/>
<pin id="1489" dir="1" index="2" bw="32" slack="0"/>
</pin_list>
<bind>
<opcode="add(8) " fcode="add"/>
<opset="a/3 "/>
</bind>
</comp>

<comp id="1492" class="1004" name="store_ln147_store_fu_1492">
<pin_list>
<pin id="1493" dir="0" index="0" bw="32" slack="0"/>
<pin id="1494" dir="0" index="1" bw="32" slack="2"/>
<pin id="1495" dir="1" index="2" bw="0" slack="2147483647"/>
</pin_list>
<bind>
<opcode="store(28) " fcode="store"/>
<opset="store_ln147/3 "/>
</bind>
</comp>

<comp id="1497" class="1004" name="store_ln147_store_fu_1497">
<pin_list>
<pin id="1498" dir="0" index="0" bw="32" slack="0"/>
<pin id="1499" dir="0" index="1" bw="32" slack="2"/>
<pin id="1500" dir="1" index="2" bw="0" slack="2147483647"/>
</pin_list>
<bind>
<opcode="store(28) " fcode="store"/>
<opset="store_ln147/3 "/>
</bind>
</comp>

<comp id="1502" class="1004" name="store_ln147_store_fu_1502">
<pin_list>
<pin id="1503" dir="0" index="0" bw="32" slack="0"/>
<pin id="1504" dir="0" index="1" bw="32" slack="2"/>
<pin id="1505" dir="1" index="2" bw="0" slack="2147483647"/>
</pin_list>
<bind>
<opcode="store(28) " fcode="store"/>
<opset="store_ln147/3 "/>
</bind>
</comp>

<comp id="1507" class="1004" name="store_ln147_store_fu_1507">
<pin_list>
<pin id="1508" dir="0" index="0" bw="32" slack="0"/>
<pin id="1509" dir="0" index="1" bw="32" slack="2"/>
<pin id="1510" dir="1" index="2" bw="0" slack="2147483647"/>
</pin_list>
<bind>
<opcode="store(28) " fcode="store"/>
<opset="store_ln147/3 "/>
</bind>
</comp>

<comp id="1512" class="1004" name="store_ln147_store_fu_1512">
<pin_list>
<pin id="1513" dir="0" index="0" bw="32" slack="0"/>
<pin id="1514" dir="0" index="1" bw="32" slack="2"/>
<pin id="1515" dir="1" index="2" bw="0" slack="2147483647"/>
</pin_list>
<bind>
<opcode="store(28) " fcode="store"/>
<opset="store_ln147/3 "/>
</bind>
</comp>

<comp id="1517" class="1004" name="store_ln147_store_fu_1517">
<pin_list>
<pin id="1518" dir="0" index="0" bw="32" slack="0"/>
<pin id="1519" dir="0" index="1" bw="32" slack="2"/>
<pin id="1520" dir="1" index="2" bw="0" slack="2147483647"/>
</pin_list>
<bind>
<opcode="store(28) " fcode="store"/>
<opset="store_ln147/3 "/>
</bind>
</comp>

<comp id="1522" class="1004" name="store_ln147_store_fu_1522">
<pin_list>
<pin id="1523" dir="0" index="0" bw="32" slack="0"/>
<pin id="1524" dir="0" index="1" bw="32" slack="2"/>
<pin id="1525" dir="1" index="2" bw="0" slack="2147483647"/>
</pin_list>
<bind>
<opcode="store(28) " fcode="store"/>
<opset="store_ln147/3 "/>
</bind>
</comp>

<comp id="1527" class="1004" name="store_ln147_store_fu_1527">
<pin_list>
<pin id="1528" dir="0" index="0" bw="32" slack="0"/>
<pin id="1529" dir="0" index="1" bw="32" slack="2"/>
<pin id="1530" dir="1" index="2" bw="0" slack="2147483647"/>
</pin_list>
<bind>
<opcode="store(28) " fcode="store"/>
<opset="store_ln147/3 "/>
</bind>
</comp>

<comp id="1532" class="1004" name="h_load_1_load_fu_1532">
<pin_list>
<pin id="1533" dir="0" index="0" bw="32" slack="2"/>
<pin id="1534" dir="1" index="1" bw="32" slack="0"/>
</pin_list>
<bind>
<opcode="load(27) " fcode="load"/>
<opset="h_load_1/3 "/>
</bind>
</comp>

<comp id="1536" class="1004" name="d_load_1_load_fu_1536">
<pin_list>
<pin id="1537" dir="0" index="0" bw="32" slack="2"/>
<pin id="1538" dir="1" index="1" bw="32" slack="0"/>
</pin_list>
<bind>
<opcode="load(27) " fcode="load"/>
<opset="d_load_1/3 "/>
</bind>
</comp>

<comp id="1540" class="1005" name="h_reg_1540">
<pin_list>
<pin id="1541" dir="0" index="0" bw="32" slack="0"/>
<pin id="1542" dir="1" index="1" bw="32" slack="0"/>
</pin_list>
<bind>
<opset="h "/>
</bind>
</comp>

<comp id="1548" class="1005" name="d_reg_1548">
<pin_list>
<pin id="1549" dir="0" index="0" bw="32" slack="0"/>
<pin id="1550" dir="1" index="1" bw="32" slack="0"/>
</pin_list>
<bind>
<opset="d "/>
</bind>
</comp>

<comp id="1556" class="1005" name="i_reg_1556">
<pin_list>
<pin id="1557" dir="0" index="0" bw="7" slack="0"/>
<pin id="1558" dir="1" index="1" bw="7" slack="0"/>
</pin_list>
<bind>
<opset="i "/>
</bind>
</comp>

<comp id="1563" class="1005" name="wbuf_16_reg_1563">
<pin_list>
<pin id="1564" dir="0" index="0" bw="32" slack="0"/>
<pin id="1565" dir="1" index="1" bw="32" slack="0"/>
</pin_list>
<bind>
<opset="wbuf_16 "/>
</bind>
</comp>

<comp id="1570" class="1005" name="wbuf_17_reg_1570">
<pin_list>
<pin id="1571" dir="0" index="0" bw="32" slack="0"/>
<pin id="1572" dir="1" index="1" bw="32" slack="0"/>
</pin_list>
<bind>
<opset="wbuf_17 "/>
</bind>
</comp>

<comp id="1577" class="1005" name="wbuf_18_reg_1577">
<pin_list>
<pin id="1578" dir="0" index="0" bw="32" slack="0"/>
<pin id="1579" dir="1" index="1" bw="32" slack="0"/>
</pin_list>
<bind>
<opset="wbuf_18 "/>
</bind>
</comp>

<comp id="1584" class="1005" name="wbuf_19_reg_1584">
<pin_list>
<pin id="1585" dir="0" index="0" bw="32" slack="0"/>
<pin id="1586" dir="1" index="1" bw="32" slack="0"/>
</pin_list>
<bind>
<opset="wbuf_19 "/>
</bind>
</comp>

<comp id="1591" class="1005" name="wbuf_20_reg_1591">
<pin_list>
<pin id="1592" dir="0" index="0" bw="32" slack="0"/>
<pin id="1593" dir="1" index="1" bw="32" slack="0"/>
</pin_list>
<bind>
<opset="wbuf_20 "/>
</bind>
</comp>

<comp id="1598" class="1005" name="wbuf_21_reg_1598">
<pin_list>
<pin id="1599" dir="0" index="0" bw="32" slack="0"/>
<pin id="1600" dir="1" index="1" bw="32" slack="0"/>
</pin_list>
<bind>
<opset="wbuf_21 "/>
</bind>
</comp>

<comp id="1605" class="1005" name="wbuf_22_reg_1605">
<pin_list>
<pin id="1606" dir="0" index="0" bw="32" slack="0"/>
<pin id="1607" dir="1" index="1" bw="32" slack="0"/>
</pin_list>
<bind>
<opset="wbuf_22 "/>
</bind>
</comp>

<comp id="1612" class="1005" name="wbuf_23_reg_1612">
<pin_list>
<pin id="1613" dir="0" index="0" bw="32" slack="0"/>
<pin id="1614" dir="1" index="1" bw="32" slack="0"/>
</pin_list>
<bind>
<opset="wbuf_23 "/>
</bind>
</comp>

<comp id="1619" class="1005" name="wbuf_24_reg_1619">
<pin_list>
<pin id="1620" dir="0" index="0" bw="32" slack="0"/>
<pin id="1621" dir="1" index="1" bw="32" slack="0"/>
</pin_list>
<bind>
<opset="wbuf_24 "/>
</bind>
</comp>

<comp id="1626" class="1005" name="wbuf_25_reg_1626">
<pin_list>
<pin id="1627" dir="0" index="0" bw="32" slack="0"/>
<pin id="1628" dir="1" index="1" bw="32" slack="0"/>
</pin_list>
<bind>
<opset="wbuf_25 "/>
</bind>
</comp>

<comp id="1633" class="1005" name="wbuf_26_reg_1633">
<pin_list>
<pin id="1634" dir="0" index="0" bw="32" slack="0"/>
<pin id="1635" dir="1" index="1" bw="32" slack="0"/>
</pin_list>
<bind>
<opset="wbuf_26 "/>
</bind>
</comp>

<comp id="1640" class="1005" name="wbuf_27_reg_1640">
<pin_list>
<pin id="1641" dir="0" index="0" bw="32" slack="0"/>
<pin id="1642" dir="1" index="1" bw="32" slack="0"/>
</pin_list>
<bind>
<opset="wbuf_27 "/>
</bind>
</comp>

<comp id="1647" class="1005" name="wbuf_28_reg_1647">
<pin_list>
<pin id="1648" dir="0" index="0" bw="32" slack="0"/>
<pin id="1649" dir="1" index="1" bw="32" slack="0"/>
</pin_list>
<bind>
<opset="wbuf_28 "/>
</bind>
</comp>

<comp id="1654" class="1005" name="wbuf_29_reg_1654">
<pin_list>
<pin id="1655" dir="0" index="0" bw="32" slack="0"/>
<pin id="1656" dir="1" index="1" bw="32" slack="0"/>
</pin_list>
<bind>
<opset="wbuf_29 "/>
</bind>
</comp>

<comp id="1661" class="1005" name="wbuf_30_reg_1661">
<pin_list>
<pin id="1662" dir="0" index="0" bw="32" slack="0"/>
<pin id="1663" dir="1" index="1" bw="32" slack="0"/>
</pin_list>
<bind>
<opset="wbuf_30 "/>
</bind>
</comp>

<comp id="1668" class="1005" name="wbuf_31_reg_1668">
<pin_list>
<pin id="1669" dir="0" index="0" bw="32" slack="0"/>
<pin id="1670" dir="1" index="1" bw="32" slack="0"/>
</pin_list>
<bind>
<opset="wbuf_31 "/>
</bind>
</comp>

<comp id="1675" class="1005" name="h_1_reg_1675">
<pin_list>
<pin id="1676" dir="0" index="0" bw="32" slack="0"/>
<pin id="1677" dir="1" index="1" bw="32" slack="0"/>
</pin_list>
<bind>
<opset="h_1 "/>
</bind>
</comp>

<comp id="1682" class="1005" name="g_reg_1682">
<pin_list>
<pin id="1683" dir="0" index="0" bw="32" slack="0"/>
<pin id="1684" dir="1" index="1" bw="32" slack="0"/>
</pin_list>
<bind>
<opset="g "/>
</bind>
</comp>

<comp id="1689" class="1005" name="f_reg_1689">
<pin_list>
<pin id="1690" dir="0" index="0" bw="32" slack="0"/>
<pin id="1691" dir="1" index="1" bw="32" slack="0"/>
</pin_list>
<bind>
<opset="f "/>
</bind>
</comp>

<comp id="1696" class="1005" name="d_1_reg_1696">
<pin_list>
<pin id="1697" dir="0" index="0" bw="32" slack="0"/>
<pin id="1698" dir="1" index="1" bw="32" slack="0"/>
</pin_list>
<bind>
<opset="d_1 "/>
</bind>
</comp>

<comp id="1703" class="1005" name="c_reg_1703">
<pin_list>
<pin id="1704" dir="0" index="0" bw="32" slack="0"/>
<pin id="1705" dir="1" index="1" bw="32" slack="0"/>
</pin_list>
<bind>
<opset="c "/>
</bind>
</comp>

<comp id="1710" class="1005" name="b_reg_1710">
<pin_list>
<pin id="1711" dir="0" index="0" bw="32" slack="0"/>
<pin id="1712" dir="1" index="1" bw="32" slack="0"/>
</pin_list>
<bind>
<opset="b "/>
</bind>
</comp>

<comp id="1717" class="1005" name="i_6_reg_1717">
<pin_list>
<pin id="1718" dir="0" index="0" bw="7" slack="1"/>
<pin id="1719" dir="1" index="1" bw="7" slack="1"/>
</pin_list>
<bind>
<opset="i_6 "/>
</bind>
</comp>

<comp id="1722" class="1005" name="icmp_ln147_reg_1722">
<pin_list>
<pin id="1723" dir="0" index="0" bw="1" slack="1"/>
<pin id="1724" dir="1" index="1" bw="1" slack="2147483647"/>
</pin_list>
<bind>
<opset="icmp_ln147 "/>
</bind>
</comp>

<comp id="1726" class="1005" name="icmp_ln152_reg_1726">
<pin_list>
<pin id="1727" dir="0" index="0" bw="1" slack="1"/>
<pin id="1728" dir="1" index="1" bw="1" slack="2147483647"/>
</pin_list>
<bind>
<opset="icmp_ln152 "/>
</bind>
</comp>

<comp id="1730" class="1005" name="idx_reg_1730">
<pin_list>
<pin id="1731" dir="0" index="0" bw="4" slack="1"/>
<pin id="1732" dir="1" index="1" bw="4" slack="1"/>
</pin_list>
<bind>
<opset="idx "/>
</bind>
</comp>

<comp id="1736" class="1005" name="add_ln159_reg_1736">
<pin_list>
<pin id="1737" dir="0" index="0" bw="4" slack="1"/>
<pin id="1738" dir="1" index="1" bw="4" slack="1"/>
</pin_list>
<bind>
<opset="add_ln159 "/>
</bind>
</comp>

<comp id="1741" class="1005" name="add_ln160_reg_1741">
<pin_list>
<pin id="1742" dir="0" index="0" bw="4" slack="1"/>
<pin id="1743" dir="1" index="1" bw="4" slack="1"/>
</pin_list>
<bind>
<opset="add_ln160 "/>
</bind>
</comp>

<comp id="1746" class="1005" name="SHA256_K_addr_reg_1746">
<pin_list>
<pin id="1747" dir="0" index="0" bw="6" slack="1"/>
<pin id="1748" dir="1" index="1" bw="6" slack="1"/>
</pin_list>
<bind>
<opset="SHA256_K_addr "/>
</bind>
</comp>

<comp id="1751" class="1005" name="wbuf_33_reg_1751">
<pin_list>
<pin id="1752" dir="0" index="0" bw="32" slack="1"/>
<pin id="1753" dir="1" index="1" bw="32" slack="1"/>
</pin_list>
<bind>
<opset="wbuf_33 "/>
</bind>
</comp>

<comp id="1771" class="1005" name="wt_reg_1771">
<pin_list>
<pin id="1772" dir="0" index="0" bw="32" slack="1"/>
<pin id="1773" dir="1" index="1" bw="32" slack="1"/>
</pin_list>
<bind>
<opset="wt "/>
</bind>
</comp>

<comp id="1776" class="1005" name="SHA256_K_load_reg_1776">
<pin_list>
<pin id="1777" dir="0" index="0" bw="32" slack="1"/>
<pin id="1778" dir="1" index="1" bw="32" slack="1"/>
</pin_list>
<bind>
<opset="SHA256_K_load "/>
</bind>
</comp>

</comp_list>

<net_list>
<net id="209"><net_src comp="66" pin="0"/><net_sink comp="206" pin=0"/></net>

<net id="213"><net_src comp="66" pin="0"/><net_sink comp="210" pin=0"/></net>

<net id="217"><net_src comp="66" pin="0"/><net_sink comp="214" pin=0"/></net>

<net id="221"><net_src comp="66" pin="0"/><net_sink comp="218" pin=0"/></net>

<net id="225"><net_src comp="66" pin="0"/><net_sink comp="222" pin=0"/></net>

<net id="229"><net_src comp="66" pin="0"/><net_sink comp="226" pin=0"/></net>

<net id="233"><net_src comp="66" pin="0"/><net_sink comp="230" pin=0"/></net>

<net id="237"><net_src comp="66" pin="0"/><net_sink comp="234" pin=0"/></net>

<net id="241"><net_src comp="66" pin="0"/><net_sink comp="238" pin=0"/></net>

<net id="245"><net_src comp="66" pin="0"/><net_sink comp="242" pin=0"/></net>

<net id="249"><net_src comp="66" pin="0"/><net_sink comp="246" pin=0"/></net>

<net id="253"><net_src comp="66" pin="0"/><net_sink comp="250" pin=0"/></net>

<net id="257"><net_src comp="66" pin="0"/><net_sink comp="254" pin=0"/></net>

<net id="261"><net_src comp="66" pin="0"/><net_sink comp="258" pin=0"/></net>

<net id="265"><net_src comp="66" pin="0"/><net_sink comp="262" pin=0"/></net>

<net id="269"><net_src comp="66" pin="0"/><net_sink comp="266" pin=0"/></net>

<net id="273"><net_src comp="66" pin="0"/><net_sink comp="270" pin=0"/></net>

<net id="277"><net_src comp="66" pin="0"/><net_sink comp="274" pin=0"/></net>

<net id="281"><net_src comp="66" pin="0"/><net_sink comp="278" pin=0"/></net>

<net id="285"><net_src comp="66" pin="0"/><net_sink comp="282" pin=0"/></net>

<net id="289"><net_src comp="66" pin="0"/><net_sink comp="286" pin=0"/></net>

<net id="293"><net_src comp="66" pin="0"/><net_sink comp="290" pin=0"/></net>

<net id="297"><net_src comp="66" pin="0"/><net_sink comp="294" pin=0"/></net>

<net id="301"><net_src comp="66" pin="0"/><net_sink comp="298" pin=0"/></net>

<net id="305"><net_src comp="66" pin="0"/><net_sink comp="302" pin=0"/></net>

<net id="310"><net_src comp="68" pin="0"/><net_sink comp="306" pin=0"/></net>

<net id="311"><net_src comp="46" pin="0"/><net_sink comp="306" pin=1"/></net>

<net id="316"><net_src comp="68" pin="0"/><net_sink comp="312" pin=0"/></net>

<net id="317"><net_src comp="44" pin="0"/><net_sink comp="312" pin=1"/></net>

<net id="322"><net_src comp="68" pin="0"/><net_sink comp="318" pin=0"/></net>

<net id="323"><net_src comp="42" pin="0"/><net_sink comp="318" pin=1"/></net>

<net id="328"><net_src comp="68" pin="0"/><net_sink comp="324" pin=0"/></net>

<net id="329"><net_src comp="40" pin="0"/><net_sink comp="324" pin=1"/></net>

<net id="334"><net_src comp="68" pin="0"/><net_sink comp="330" pin=0"/></net>

<net id="335"><net_src comp="38" pin="0"/><net_sink comp="330" pin=1"/></net>

<net id="340"><net_src comp="68" pin="0"/><net_sink comp="336" pin=0"/></net>

<net id="341"><net_src comp="36" pin="0"/><net_sink comp="336" pin=1"/></net>

<net id="346"><net_src comp="68" pin="0"/><net_sink comp="342" pin=0"/></net>

<net id="347"><net_src comp="34" pin="0"/><net_sink comp="342" pin=1"/></net>

<net id="352"><net_src comp="68" pin="0"/><net_sink comp="348" pin=0"/></net>

<net id="353"><net_src comp="32" pin="0"/><net_sink comp="348" pin=1"/></net>

<net id="358"><net_src comp="68" pin="0"/><net_sink comp="354" pin=0"/></net>

<net id="359"><net_src comp="30" pin="0"/><net_sink comp="354" pin=1"/></net>

<net id="364"><net_src comp="68" pin="0"/><net_sink comp="360" pin=0"/></net>

<net id="365"><net_src comp="28" pin="0"/><net_sink comp="360" pin=1"/></net>

<net id="370"><net_src comp="68" pin="0"/><net_sink comp="366" pin=0"/></net>

<net id="371"><net_src comp="26" pin="0"/><net_sink comp="366" pin=1"/></net>

<net id="376"><net_src comp="68" pin="0"/><net_sink comp="372" pin=0"/></net>

<net id="377"><net_src comp="24" pin="0"/><net_sink comp="372" pin=1"/></net>

<net id="382"><net_src comp="68" pin="0"/><net_sink comp="378" pin=0"/></net>

<net id="383"><net_src comp="22" pin="0"/><net_sink comp="378" pin=1"/></net>

<net id="388"><net_src comp="68" pin="0"/><net_sink comp="384" pin=0"/></net>

<net id="389"><net_src comp="20" pin="0"/><net_sink comp="384" pin=1"/></net>

<net id="394"><net_src comp="68" pin="0"/><net_sink comp="390" pin=0"/></net>

<net id="395"><net_src comp="18" pin="0"/><net_sink comp="390" pin=1"/></net>

<net id="400"><net_src comp="68" pin="0"/><net_sink comp="396" pin=0"/></net>

<net id="401"><net_src comp="16" pin="0"/><net_sink comp="396" pin=1"/></net>

<net id="406"><net_src comp="68" pin="0"/><net_sink comp="402" pin=0"/></net>

<net id="407"><net_src comp="14" pin="0"/><net_sink comp="402" pin=1"/></net>

<net id="412"><net_src comp="68" pin="0"/><net_sink comp="408" pin=0"/></net>

<net id="413"><net_src comp="12" pin="0"/><net_sink comp="408" pin=1"/></net>

<net id="418"><net_src comp="68" pin="0"/><net_sink comp="414" pin=0"/></net>

<net id="419"><net_src comp="10" pin="0"/><net_sink comp="414" pin=1"/></net>

<net id="424"><net_src comp="68" pin="0"/><net_sink comp="420" pin=0"/></net>

<net id="425"><net_src comp="8" pin="0"/><net_sink comp="420" pin=1"/></net>

<net id="430"><net_src comp="68" pin="0"/><net_sink comp="426" pin=0"/></net>

<net id="431"><net_src comp="6" pin="0"/><net_sink comp="426" pin=1"/></net>

<net id="436"><net_src comp="68" pin="0"/><net_sink comp="432" pin=0"/></net>

<net id="437"><net_src comp="4" pin="0"/><net_sink comp="432" pin=1"/></net>

<net id="442"><net_src comp="68" pin="0"/><net_sink comp="438" pin=0"/></net>

<net id="443"><net_src comp="2" pin="0"/><net_sink comp="438" pin=1"/></net>

<net id="448"><net_src comp="68" pin="0"/><net_sink comp="444" pin=0"/></net>

<net id="449"><net_src comp="0" pin="0"/><net_sink comp="444" pin=1"/></net>

<net id="455"><net_src comp="204" pin="0"/><net_sink comp="450" pin=0"/></net>

<net id="456"><net_src comp="48" pin="0"/><net_sink comp="450" pin=1"/></net>

<net id="462"><net_src comp="204" pin="0"/><net_sink comp="457" pin=0"/></net>

<net id="463"><net_src comp="50" pin="0"/><net_sink comp="457" pin=1"/></net>

<net id="469"><net_src comp="204" pin="0"/><net_sink comp="464" pin=0"/></net>

<net id="470"><net_src comp="52" pin="0"/><net_sink comp="464" pin=1"/></net>

<net id="476"><net_src comp="204" pin="0"/><net_sink comp="471" pin=0"/></net>

<net id="477"><net_src comp="54" pin="0"/><net_sink comp="471" pin=1"/></net>

<net id="483"><net_src comp="204" pin="0"/><net_sink comp="478" pin=0"/></net>

<net id="484"><net_src comp="56" pin="0"/><net_sink comp="478" pin=1"/></net>

<net id="490"><net_src comp="204" pin="0"/><net_sink comp="485" pin=0"/></net>

<net id="491"><net_src comp="58" pin="0"/><net_sink comp="485" pin=1"/></net>

<net id="497"><net_src comp="204" pin="0"/><net_sink comp="492" pin=0"/></net>

<net id="498"><net_src comp="60" pin="0"/><net_sink comp="492" pin=1"/></net>

<net id="504"><net_src comp="204" pin="0"/><net_sink comp="499" pin=0"/></net>

<net id="505"><net_src comp="62" pin="0"/><net_sink comp="499" pin=1"/></net>

<net id="511"><net_src comp="64" pin="0"/><net_sink comp="506" pin=0"/></net>

<net id="512"><net_src comp="114" pin="0"/><net_sink comp="506" pin=1"/></net>

<net id="518"><net_src comp="506" pin="3"/><net_sink comp="513" pin=0"/></net>

<net id="562"><net_src comp="348" pin="2"/><net_sink comp="558" pin=0"/></net>

<net id="567"><net_src comp="342" pin="2"/><net_sink comp="563" pin=0"/></net>

<net id="572"><net_src comp="336" pin="2"/><net_sink comp="568" pin=0"/></net>

<net id="577"><net_src comp="324" pin="2"/><net_sink comp="573" pin=0"/></net>

<net id="582"><net_src comp="318" pin="2"/><net_sink comp="578" pin=0"/></net>

<net id="587"><net_src comp="312" pin="2"/><net_sink comp="583" pin=0"/></net>

<net id="592"><net_src comp="444" pin="2"/><net_sink comp="588" pin=0"/></net>

<net id="597"><net_src comp="438" pin="2"/><net_sink comp="593" pin=0"/></net>

<net id="602"><net_src comp="432" pin="2"/><net_sink comp="598" pin=0"/></net>

<net id="607"><net_src comp="426" pin="2"/><net_sink comp="603" pin=0"/></net>

<net id="612"><net_src comp="420" pin="2"/><net_sink comp="608" pin=0"/></net>

<net id="617"><net_src comp="414" pin="2"/><net_sink comp="613" pin=0"/></net>

<net id="622"><net_src comp="408" pin="2"/><net_sink comp="618" pin=0"/></net>

<net id="627"><net_src comp="402" pin="2"/><net_sink comp="623" pin=0"/></net>

<net id="632"><net_src comp="396" pin="2"/><net_sink comp="628" pin=0"/></net>

<net id="637"><net_src comp="390" pin="2"/><net_sink comp="633" pin=0"/></net>

<net id="642"><net_src comp="384" pin="2"/><net_sink comp="638" pin=0"/></net>

<net id="647"><net_src comp="378" pin="2"/><net_sink comp="643" pin=0"/></net>

<net id="652"><net_src comp="372" pin="2"/><net_sink comp="648" pin=0"/></net>

<net id="657"><net_src comp="366" pin="2"/><net_sink comp="653" pin=0"/></net>

<net id="662"><net_src comp="360" pin="2"/><net_sink comp="658" pin=0"/></net>

<net id="667"><net_src comp="354" pin="2"/><net_sink comp="663" pin=0"/></net>

<net id="672"><net_src comp="70" pin="0"/><net_sink comp="668" pin=0"/></net>

<net id="677"><net_src comp="330" pin="2"/><net_sink comp="673" pin=0"/></net>

<net id="682"><net_src comp="306" pin="2"/><net_sink comp="678" pin=0"/></net>

<net id="690"><net_src comp="683" pin="1"/><net_sink comp="686" pin=0"/></net>

<net id="691"><net_src comp="72" pin="0"/><net_sink comp="686" pin=1"/></net>

<net id="696"><net_src comp="683" pin="1"/><net_sink comp="692" pin=0"/></net>

<net id="697"><net_src comp="74" pin="0"/><net_sink comp="692" pin=1"/></net>

<net id="701"><net_src comp="683" pin="1"/><net_sink comp="698" pin=0"/></net>

<net id="702"><net_src comp="698" pin="1"/><net_sink comp="506" pin=2"/></net>

<net id="709"><net_src comp="76" pin="0"/><net_sink comp="703" pin=0"/></net>

<net id="710"><net_src comp="683" pin="1"/><net_sink comp="703" pin=1"/></net>

<net id="711"><net_src comp="78" pin="0"/><net_sink comp="703" pin=2"/></net>

<net id="712"><net_src comp="80" pin="0"/><net_sink comp="703" pin=3"/></net>

<net id="717"><net_src comp="703" pin="4"/><net_sink comp="713" pin=0"/></net>

<net id="718"><net_src comp="82" pin="0"/><net_sink comp="713" pin=1"/></net>

<net id="722"><net_src comp="683" pin="1"/><net_sink comp="719" pin=0"/></net>

<net id="727"><net_src comp="719" pin="1"/><net_sink comp="723" pin=0"/></net>

<net id="728"><net_src comp="84" pin="0"/><net_sink comp="723" pin=1"/></net>

<net id="733"><net_src comp="719" pin="1"/><net_sink comp="729" pin=0"/></net>

<net id="734"><net_src comp="86" pin="0"/><net_sink comp="729" pin=1"/></net>

<net id="739"><net_src comp="692" pin="2"/><net_sink comp="735" pin=0"/></net>

<net id="808"><net_src comp="126" pin="0"/><net_sink comp="788" pin=0"/></net>

<net id="809"><net_src comp="740" pin="1"/><net_sink comp="788" pin=1"/></net>

<net id="810"><net_src comp="743" pin="1"/><net_sink comp="788" pin=2"/></net>

<net id="811"><net_src comp="746" pin="1"/><net_sink comp="788" pin=3"/></net>

<net id="812"><net_src comp="749" pin="1"/><net_sink comp="788" pin=4"/></net>

<net id="813"><net_src comp="752" pin="1"/><net_sink comp="788" pin=5"/></net>

<net id="814"><net_src comp="755" pin="1"/><net_sink comp="788" pin=6"/></net>

<net id="815"><net_src comp="758" pin="1"/><net_sink comp="788" pin=7"/></net>

<net id="816"><net_src comp="761" pin="1"/><net_sink comp="788" pin=8"/></net>

<net id="817"><net_src comp="764" pin="1"/><net_sink comp="788" pin=9"/></net>

<net id="818"><net_src comp="767" pin="1"/><net_sink comp="788" pin=10"/></net>

<net id="819"><net_src comp="770" pin="1"/><net_sink comp="788" pin=11"/></net>

<net id="820"><net_src comp="773" pin="1"/><net_sink comp="788" pin=12"/></net>

<net id="821"><net_src comp="776" pin="1"/><net_sink comp="788" pin=13"/></net>

<net id="822"><net_src comp="779" pin="1"/><net_sink comp="788" pin=14"/></net>

<net id="823"><net_src comp="782" pin="1"/><net_sink comp="788" pin=15"/></net>

<net id="824"><net_src comp="785" pin="1"/><net_sink comp="788" pin=16"/></net>

<net id="831"><net_src comp="128" pin="0"/><net_sink comp="825" pin=0"/></net>

<net id="832"><net_src comp="788" pin="18"/><net_sink comp="825" pin=1"/></net>

<net id="833"><net_src comp="130" pin="0"/><net_sink comp="825" pin=2"/></net>

<net id="834"><net_src comp="132" pin="0"/><net_sink comp="825" pin=3"/></net>

<net id="838"><net_src comp="788" pin="18"/><net_sink comp="835" pin=0"/></net>

<net id="844"><net_src comp="134" pin="0"/><net_sink comp="839" pin=0"/></net>

<net id="845"><net_src comp="835" pin="1"/><net_sink comp="839" pin=1"/></net>

<net id="846"><net_src comp="825" pin="4"/><net_sink comp="839" pin=2"/></net>

<net id="853"><net_src comp="136" pin="0"/><net_sink comp="847" pin=0"/></net>

<net id="854"><net_src comp="788" pin="18"/><net_sink comp="847" pin=1"/></net>

<net id="855"><net_src comp="138" pin="0"/><net_sink comp="847" pin=2"/></net>

<net id="856"><net_src comp="132" pin="0"/><net_sink comp="847" pin=3"/></net>

<net id="860"><net_src comp="788" pin="18"/><net_sink comp="857" pin=0"/></net>

<net id="866"><net_src comp="140" pin="0"/><net_sink comp="861" pin=0"/></net>

<net id="867"><net_src comp="857" pin="1"/><net_sink comp="861" pin=1"/></net>

<net id="868"><net_src comp="847" pin="4"/><net_sink comp="861" pin=2"/></net>

<net id="875"><net_src comp="142" pin="0"/><net_sink comp="869" pin=0"/></net>

<net id="876"><net_src comp="788" pin="18"/><net_sink comp="869" pin=1"/></net>

<net id="877"><net_src comp="144" pin="0"/><net_sink comp="869" pin=2"/></net>

<net id="878"><net_src comp="132" pin="0"/><net_sink comp="869" pin=3"/></net>

<net id="882"><net_src comp="869" pin="4"/><net_sink comp="879" pin=0"/></net>

<net id="887"><net_src comp="879" pin="1"/><net_sink comp="883" pin=0"/></net>

<net id="888"><net_src comp="861" pin="3"/><net_sink comp="883" pin=1"/></net>

<net id="893"><net_src comp="883" pin="2"/><net_sink comp="889" pin=0"/></net>

<net id="894"><net_src comp="839" pin="3"/><net_sink comp="889" pin=1"/></net>

<net id="915"><net_src comp="126" pin="0"/><net_sink comp="895" pin=0"/></net>

<net id="916"><net_src comp="740" pin="1"/><net_sink comp="895" pin=1"/></net>

<net id="917"><net_src comp="743" pin="1"/><net_sink comp="895" pin=2"/></net>

<net id="918"><net_src comp="746" pin="1"/><net_sink comp="895" pin=3"/></net>

<net id="919"><net_src comp="749" pin="1"/><net_sink comp="895" pin=4"/></net>

<net id="920"><net_src comp="752" pin="1"/><net_sink comp="895" pin=5"/></net>

<net id="921"><net_src comp="755" pin="1"/><net_sink comp="895" pin=6"/></net>

<net id="922"><net_src comp="758" pin="1"/><net_sink comp="895" pin=7"/></net>

<net id="923"><net_src comp="761" pin="1"/><net_sink comp="895" pin=8"/></net>

<net id="924"><net_src comp="764" pin="1"/><net_sink comp="895" pin=9"/></net>

<net id="925"><net_src comp="767" pin="1"/><net_sink comp="895" pin=10"/></net>

<net id="926"><net_src comp="770" pin="1"/><net_sink comp="895" pin=11"/></net>

<net id="927"><net_src comp="773" pin="1"/><net_sink comp="895" pin=12"/></net>

<net id="928"><net_src comp="776" pin="1"/><net_sink comp="895" pin=13"/></net>

<net id="929"><net_src comp="779" pin="1"/><net_sink comp="895" pin=14"/></net>

<net id="930"><net_src comp="782" pin="1"/><net_sink comp="895" pin=15"/></net>

<net id="931"><net_src comp="785" pin="1"/><net_sink comp="895" pin=16"/></net>

<net id="938"><net_src comp="146" pin="0"/><net_sink comp="932" pin=0"/></net>

<net id="939"><net_src comp="895" pin="18"/><net_sink comp="932" pin=1"/></net>

<net id="940"><net_src comp="148" pin="0"/><net_sink comp="932" pin=2"/></net>

<net id="941"><net_src comp="132" pin="0"/><net_sink comp="932" pin=3"/></net>

<net id="945"><net_src comp="895" pin="18"/><net_sink comp="942" pin=0"/></net>

<net id="951"><net_src comp="150" pin="0"/><net_sink comp="946" pin=0"/></net>

<net id="952"><net_src comp="942" pin="1"/><net_sink comp="946" pin=1"/></net>

<net id="953"><net_src comp="932" pin="4"/><net_sink comp="946" pin=2"/></net>

<net id="960"><net_src comp="152" pin="0"/><net_sink comp="954" pin=0"/></net>

<net id="961"><net_src comp="895" pin="18"/><net_sink comp="954" pin=1"/></net>

<net id="962"><net_src comp="154" pin="0"/><net_sink comp="954" pin=2"/></net>

<net id="963"><net_src comp="132" pin="0"/><net_sink comp="954" pin=3"/></net>

<net id="967"><net_src comp="895" pin="18"/><net_sink comp="964" pin=0"/></net>

<net id="973"><net_src comp="156" pin="0"/><net_sink comp="968" pin=0"/></net>

<net id="974"><net_src comp="964" pin="1"/><net_sink comp="968" pin=1"/></net>

<net id="975"><net_src comp="954" pin="4"/><net_sink comp="968" pin=2"/></net>

<net id="982"><net_src comp="158" pin="0"/><net_sink comp="976" pin=0"/></net>

<net id="983"><net_src comp="895" pin="18"/><net_sink comp="976" pin=1"/></net>

<net id="984"><net_src comp="160" pin="0"/><net_sink comp="976" pin=2"/></net>

<net id="985"><net_src comp="132" pin="0"/><net_sink comp="976" pin=3"/></net>

<net id="989"><net_src comp="976" pin="4"/><net_sink comp="986" pin=0"/></net>

<net id="994"><net_src comp="946" pin="3"/><net_sink comp="990" pin=0"/></net>

<net id="995"><net_src comp="986" pin="1"/><net_sink comp="990" pin=1"/></net>

<net id="1000"><net_src comp="990" pin="2"/><net_sink comp="996" pin=0"/></net>

<net id="1001"><net_src comp="968" pin="3"/><net_sink comp="996" pin=1"/></net>

<net id="1006"><net_src comp="104" pin="0"/><net_sink comp="1002" pin=1"/></net>

<net id="1027"><net_src comp="126" pin="0"/><net_sink comp="1007" pin=0"/></net>

<net id="1028"><net_src comp="740" pin="1"/><net_sink comp="1007" pin=1"/></net>

<net id="1029"><net_src comp="743" pin="1"/><net_sink comp="1007" pin=2"/></net>

<net id="1030"><net_src comp="746" pin="1"/><net_sink comp="1007" pin=3"/></net>

<net id="1031"><net_src comp="749" pin="1"/><net_sink comp="1007" pin=4"/></net>

<net id="1032"><net_src comp="752" pin="1"/><net_sink comp="1007" pin=5"/></net>

<net id="1033"><net_src comp="755" pin="1"/><net_sink comp="1007" pin=6"/></net>

<net id="1034"><net_src comp="758" pin="1"/><net_sink comp="1007" pin=7"/></net>

<net id="1035"><net_src comp="761" pin="1"/><net_sink comp="1007" pin=8"/></net>

<net id="1036"><net_src comp="764" pin="1"/><net_sink comp="1007" pin=9"/></net>

<net id="1037"><net_src comp="767" pin="1"/><net_sink comp="1007" pin=10"/></net>

<net id="1038"><net_src comp="770" pin="1"/><net_sink comp="1007" pin=11"/></net>

<net id="1039"><net_src comp="773" pin="1"/><net_sink comp="1007" pin=12"/></net>

<net id="1040"><net_src comp="776" pin="1"/><net_sink comp="1007" pin=13"/></net>

<net id="1041"><net_src comp="779" pin="1"/><net_sink comp="1007" pin=14"/></net>

<net id="1042"><net_src comp="782" pin="1"/><net_sink comp="1007" pin=15"/></net>

<net id="1043"><net_src comp="785" pin="1"/><net_sink comp="1007" pin=16"/></net>

<net id="1044"><net_src comp="1002" pin="2"/><net_sink comp="1007" pin=17"/></net>

<net id="1065"><net_src comp="126" pin="0"/><net_sink comp="1045" pin=0"/></net>

<net id="1066"><net_src comp="740" pin="1"/><net_sink comp="1045" pin=1"/></net>

<net id="1067"><net_src comp="743" pin="1"/><net_sink comp="1045" pin=2"/></net>

<net id="1068"><net_src comp="746" pin="1"/><net_sink comp="1045" pin=3"/></net>

<net id="1069"><net_src comp="749" pin="1"/><net_sink comp="1045" pin=4"/></net>

<net id="1070"><net_src comp="752" pin="1"/><net_sink comp="1045" pin=5"/></net>

<net id="1071"><net_src comp="755" pin="1"/><net_sink comp="1045" pin=6"/></net>

<net id="1072"><net_src comp="758" pin="1"/><net_sink comp="1045" pin=7"/></net>

<net id="1073"><net_src comp="761" pin="1"/><net_sink comp="1045" pin=8"/></net>

<net id="1074"><net_src comp="764" pin="1"/><net_sink comp="1045" pin=9"/></net>

<net id="1075"><net_src comp="767" pin="1"/><net_sink comp="1045" pin=10"/></net>

<net id="1076"><net_src comp="770" pin="1"/><net_sink comp="1045" pin=11"/></net>

<net id="1077"><net_src comp="773" pin="1"/><net_sink comp="1045" pin=12"/></net>

<net id="1078"><net_src comp="776" pin="1"/><net_sink comp="1045" pin=13"/></net>

<net id="1079"><net_src comp="779" pin="1"/><net_sink comp="1045" pin=14"/></net>

<net id="1080"><net_src comp="782" pin="1"/><net_sink comp="1045" pin=15"/></net>

<net id="1081"><net_src comp="785" pin="1"/><net_sink comp="1045" pin=16"/></net>

<net id="1086"><net_src comp="1007" pin="18"/><net_sink comp="1082" pin=0"/></net>

<net id="1087"><net_src comp="889" pin="2"/><net_sink comp="1082" pin=1"/></net>

<net id="1092"><net_src comp="996" pin="2"/><net_sink comp="1088" pin=0"/></net>

<net id="1093"><net_src comp="1045" pin="18"/><net_sink comp="1088" pin=1"/></net>

<net id="1098"><net_src comp="1088" pin="2"/><net_sink comp="1094" pin=0"/></net>

<net id="1099"><net_src comp="1082" pin="2"/><net_sink comp="1094" pin=1"/></net>

<net id="1104"><net_src comp="1094" pin="2"/><net_sink comp="1100" pin=0"/></net>

<net id="1109"><net_src comp="1094" pin="2"/><net_sink comp="1105" pin=0"/></net>

<net id="1114"><net_src comp="1094" pin="2"/><net_sink comp="1110" pin=0"/></net>

<net id="1119"><net_src comp="1094" pin="2"/><net_sink comp="1115" pin=0"/></net>

<net id="1124"><net_src comp="1094" pin="2"/><net_sink comp="1120" pin=0"/></net>

<net id="1129"><net_src comp="1094" pin="2"/><net_sink comp="1125" pin=0"/></net>

<net id="1134"><net_src comp="1094" pin="2"/><net_sink comp="1130" pin=0"/></net>

<net id="1139"><net_src comp="1094" pin="2"/><net_sink comp="1135" pin=0"/></net>

<net id="1144"><net_src comp="1094" pin="2"/><net_sink comp="1140" pin=0"/></net>

<net id="1149"><net_src comp="1094" pin="2"/><net_sink comp="1145" pin=0"/></net>

<net id="1154"><net_src comp="1094" pin="2"/><net_sink comp="1150" pin=0"/></net>

<net id="1159"><net_src comp="1094" pin="2"/><net_sink comp="1155" pin=0"/></net>

<net id="1164"><net_src comp="1094" pin="2"/><net_sink comp="1160" pin=0"/></net>

<net id="1169"><net_src comp="1094" pin="2"/><net_sink comp="1165" pin=0"/></net>

<net id="1174"><net_src comp="1094" pin="2"/><net_sink comp="1170" pin=0"/></net>

<net id="1179"><net_src comp="1094" pin="2"/><net_sink comp="1175" pin=0"/></net>

<net id="1200"><net_src comp="162" pin="0"/><net_sink comp="1180" pin=0"/></net>

<net id="1201"><net_src comp="740" pin="1"/><net_sink comp="1180" pin=1"/></net>

<net id="1202"><net_src comp="743" pin="1"/><net_sink comp="1180" pin=2"/></net>

<net id="1203"><net_src comp="746" pin="1"/><net_sink comp="1180" pin=3"/></net>

<net id="1204"><net_src comp="749" pin="1"/><net_sink comp="1180" pin=4"/></net>

<net id="1205"><net_src comp="752" pin="1"/><net_sink comp="1180" pin=5"/></net>

<net id="1206"><net_src comp="755" pin="1"/><net_sink comp="1180" pin=6"/></net>

<net id="1207"><net_src comp="758" pin="1"/><net_sink comp="1180" pin=7"/></net>

<net id="1208"><net_src comp="761" pin="1"/><net_sink comp="1180" pin=8"/></net>

<net id="1209"><net_src comp="764" pin="1"/><net_sink comp="1180" pin=9"/></net>

<net id="1210"><net_src comp="767" pin="1"/><net_sink comp="1180" pin=10"/></net>

<net id="1211"><net_src comp="770" pin="1"/><net_sink comp="1180" pin=11"/></net>

<net id="1212"><net_src comp="773" pin="1"/><net_sink comp="1180" pin=12"/></net>

<net id="1213"><net_src comp="776" pin="1"/><net_sink comp="1180" pin=13"/></net>

<net id="1214"><net_src comp="779" pin="1"/><net_sink comp="1180" pin=14"/></net>

<net id="1215"><net_src comp="782" pin="1"/><net_sink comp="1180" pin=15"/></net>

<net id="1216"><net_src comp="785" pin="1"/><net_sink comp="1180" pin=16"/></net>

<net id="1220"><net_src comp="1217" pin="1"/><net_sink comp="492" pin=2"/></net>

<net id="1224"><net_src comp="1221" pin="1"/><net_sink comp="485" pin=2"/></net>

<net id="1228"><net_src comp="1225" pin="1"/><net_sink comp="478" pin=2"/></net>

<net id="1232"><net_src comp="1229" pin="1"/><net_sink comp="464" pin=2"/></net>

<net id="1236"><net_src comp="1233" pin="1"/><net_sink comp="457" pin=2"/></net>

<net id="1240"><net_src comp="1237" pin="1"/><net_sink comp="450" pin=2"/></net>

<net id="1253"><net_src comp="168" pin="0"/><net_sink comp="1247" pin=0"/></net>

<net id="1254"><net_src comp="1225" pin="1"/><net_sink comp="1247" pin=1"/></net>

<net id="1255"><net_src comp="80" pin="0"/><net_sink comp="1247" pin=2"/></net>

<net id="1256"><net_src comp="132" pin="0"/><net_sink comp="1247" pin=3"/></net>

<net id="1260"><net_src comp="1225" pin="1"/><net_sink comp="1257" pin=0"/></net>

<net id="1266"><net_src comp="170" pin="0"/><net_sink comp="1261" pin=0"/></net>

<net id="1267"><net_src comp="1257" pin="1"/><net_sink comp="1261" pin=1"/></net>

<net id="1268"><net_src comp="1247" pin="4"/><net_sink comp="1261" pin=2"/></net>

<net id="1275"><net_src comp="172" pin="0"/><net_sink comp="1269" pin=0"/></net>

<net id="1276"><net_src comp="1225" pin="1"/><net_sink comp="1269" pin=1"/></net>

<net id="1277"><net_src comp="174" pin="0"/><net_sink comp="1269" pin=2"/></net>

<net id="1278"><net_src comp="132" pin="0"/><net_sink comp="1269" pin=3"/></net>

<net id="1282"><net_src comp="1225" pin="1"/><net_sink comp="1279" pin=0"/></net>

<net id="1288"><net_src comp="176" pin="0"/><net_sink comp="1283" pin=0"/></net>

<net id="1289"><net_src comp="1279" pin="1"/><net_sink comp="1283" pin=1"/></net>

<net id="1290"><net_src comp="1269" pin="4"/><net_sink comp="1283" pin=2"/></net>

<net id="1297"><net_src comp="178" pin="0"/><net_sink comp="1291" pin=0"/></net>

<net id="1298"><net_src comp="1225" pin="1"/><net_sink comp="1291" pin=1"/></net>

<net id="1299"><net_src comp="180" pin="0"/><net_sink comp="1291" pin=2"/></net>

<net id="1300"><net_src comp="132" pin="0"/><net_sink comp="1291" pin=3"/></net>

<net id="1304"><net_src comp="1225" pin="1"/><net_sink comp="1301" pin=0"/></net>

<net id="1310"><net_src comp="182" pin="0"/><net_sink comp="1305" pin=0"/></net>

<net id="1311"><net_src comp="1301" pin="1"/><net_sink comp="1305" pin=1"/></net>

<net id="1312"><net_src comp="1291" pin="4"/><net_sink comp="1305" pin=2"/></net>

<net id="1317"><net_src comp="1261" pin="3"/><net_sink comp="1313" pin=0"/></net>

<net id="1318"><net_src comp="1283" pin="3"/><net_sink comp="1313" pin=1"/></net>

<net id="1323"><net_src comp="1313" pin="2"/><net_sink comp="1319" pin=0"/></net>

<net id="1324"><net_src comp="1305" pin="3"/><net_sink comp="1319" pin=1"/></net>

<net id="1329"><net_src comp="1221" pin="1"/><net_sink comp="1325" pin=0"/></net>

<net id="1330"><net_src comp="1225" pin="1"/><net_sink comp="1325" pin=1"/></net>

<net id="1335"><net_src comp="1225" pin="1"/><net_sink comp="1331" pin=0"/></net>

<net id="1336"><net_src comp="184" pin="0"/><net_sink comp="1331" pin=1"/></net>

<net id="1341"><net_src comp="1217" pin="1"/><net_sink comp="1337" pin=0"/></net>

<net id="1342"><net_src comp="1331" pin="2"/><net_sink comp="1337" pin=1"/></net>

<net id="1347"><net_src comp="1337" pin="2"/><net_sink comp="1343" pin=0"/></net>

<net id="1348"><net_src comp="1325" pin="2"/><net_sink comp="1343" pin=1"/></net>

<net id="1353"><net_src comp="1343" pin="2"/><net_sink comp="1349" pin=1"/></net>

<net id="1358"><net_src comp="1241" pin="1"/><net_sink comp="1354" pin=0"/></net>

<net id="1359"><net_src comp="1319" pin="2"/><net_sink comp="1354" pin=1"/></net>

<net id="1364"><net_src comp="522" pin="34"/><net_sink comp="1360" pin=0"/></net>

<net id="1365"><net_src comp="1354" pin="2"/><net_sink comp="1360" pin=1"/></net>

<net id="1370"><net_src comp="1360" pin="2"/><net_sink comp="1366" pin=0"/></net>

<net id="1371"><net_src comp="1349" pin="2"/><net_sink comp="1366" pin=1"/></net>

<net id="1378"><net_src comp="186" pin="0"/><net_sink comp="1372" pin=0"/></net>

<net id="1379"><net_src comp="1237" pin="1"/><net_sink comp="1372" pin=1"/></net>

<net id="1380"><net_src comp="188" pin="0"/><net_sink comp="1372" pin=2"/></net>

<net id="1381"><net_src comp="132" pin="0"/><net_sink comp="1372" pin=3"/></net>

<net id="1385"><net_src comp="1237" pin="1"/><net_sink comp="1382" pin=0"/></net>

<net id="1391"><net_src comp="190" pin="0"/><net_sink comp="1386" pin=0"/></net>

<net id="1392"><net_src comp="1382" pin="1"/><net_sink comp="1386" pin=1"/></net>

<net id="1393"><net_src comp="1372" pin="4"/><net_sink comp="1386" pin=2"/></net>

<net id="1400"><net_src comp="192" pin="0"/><net_sink comp="1394" pin=0"/></net>

<net id="1401"><net_src comp="1237" pin="1"/><net_sink comp="1394" pin=1"/></net>

<net id="1402"><net_src comp="194" pin="0"/><net_sink comp="1394" pin=2"/></net>

<net id="1403"><net_src comp="132" pin="0"/><net_sink comp="1394" pin=3"/></net>

<net id="1407"><net_src comp="1237" pin="1"/><net_sink comp="1404" pin=0"/></net>

<net id="1413"><net_src comp="196" pin="0"/><net_sink comp="1408" pin=0"/></net>

<net id="1414"><net_src comp="1404" pin="1"/><net_sink comp="1408" pin=1"/></net>

<net id="1415"><net_src comp="1394" pin="4"/><net_sink comp="1408" pin=2"/></net>

<net id="1422"><net_src comp="198" pin="0"/><net_sink comp="1416" pin=0"/></net>

<net id="1423"><net_src comp="1237" pin="1"/><net_sink comp="1416" pin=1"/></net>

<net id="1424"><net_src comp="200" pin="0"/><net_sink comp="1416" pin=2"/></net>

<net id="1425"><net_src comp="132" pin="0"/><net_sink comp="1416" pin=3"/></net>

<net id="1429"><net_src comp="1237" pin="1"/><net_sink comp="1426" pin=0"/></net>

<net id="1435"><net_src comp="202" pin="0"/><net_sink comp="1430" pin=0"/></net>

<net id="1436"><net_src comp="1426" pin="1"/><net_sink comp="1430" pin=1"/></net>

<net id="1437"><net_src comp="1416" pin="4"/><net_sink comp="1430" pin=2"/></net>

<net id="1442"><net_src comp="1386" pin="3"/><net_sink comp="1438" pin=0"/></net>

<net id="1443"><net_src comp="1408" pin="3"/><net_sink comp="1438" pin=1"/></net>

<net id="1448"><net_src comp="1438" pin="2"/><net_sink comp="1444" pin=0"/></net>

<net id="1449"><net_src comp="1430" pin="3"/><net_sink comp="1444" pin=1"/></net>

<net id="1454"><net_src comp="1229" pin="1"/><net_sink comp="1450" pin=0"/></net>

<net id="1455"><net_src comp="1233" pin="1"/><net_sink comp="1450" pin=1"/></net>

<net id="1460"><net_src comp="1450" pin="2"/><net_sink comp="1456" pin=0"/></net>

<net id="1461"><net_src comp="1237" pin="1"/><net_sink comp="1456" pin=1"/></net>

<net id="1466"><net_src comp="1229" pin="1"/><net_sink comp="1462" pin=0"/></net>

<net id="1467"><net_src comp="1233" pin="1"/><net_sink comp="1462" pin=1"/></net>

<net id="1472"><net_src comp="1456" pin="2"/><net_sink comp="1468" pin=0"/></net>

<net id="1473"><net_src comp="1462" pin="2"/><net_sink comp="1468" pin=1"/></net>

<net id="1478"><net_src comp="1366" pin="2"/><net_sink comp="1474" pin=0"/></net>

<net id="1479"><net_src comp="1244" pin="1"/><net_sink comp="1474" pin=1"/></net>

<net id="1484"><net_src comp="1366" pin="2"/><net_sink comp="1480" pin=0"/></net>

<net id="1485"><net_src comp="1444" pin="2"/><net_sink comp="1480" pin=1"/></net>

<net id="1490"><net_src comp="1480" pin="2"/><net_sink comp="1486" pin=0"/></net>

<net id="1491"><net_src comp="1468" pin="2"/><net_sink comp="1486" pin=1"/></net>

<net id="1496"><net_src comp="1486" pin="2"/><net_sink comp="1492" pin=0"/></net>

<net id="1501"><net_src comp="1237" pin="1"/><net_sink comp="1497" pin=0"/></net>

<net id="1506"><net_src comp="1233" pin="1"/><net_sink comp="1502" pin=0"/></net>

<net id="1511"><net_src comp="1474" pin="2"/><net_sink comp="1507" pin=0"/></net>

<net id="1516"><net_src comp="1225" pin="1"/><net_sink comp="1512" pin=0"/></net>

<net id="1521"><net_src comp="1221" pin="1"/><net_sink comp="1517" pin=0"/></net>

<net id="1526"><net_src comp="1229" pin="1"/><net_sink comp="1522" pin=0"/></net>

<net id="1531"><net_src comp="1217" pin="1"/><net_sink comp="1527" pin=0"/></net>

<net id="1535"><net_src comp="1532" pin="1"/><net_sink comp="499" pin=2"/></net>

<net id="1539"><net_src comp="1536" pin="1"/><net_sink comp="471" pin=2"/></net>

<net id="1543"><net_src comp="206" pin="1"/><net_sink comp="1540" pin=0"/></net>

<net id="1544"><net_src comp="1540" pin="1"/><net_sink comp="678" pin=1"/></net>

<net id="1545"><net_src comp="1540" pin="1"/><net_sink comp="1241" pin=0"/></net>

<net id="1546"><net_src comp="1540" pin="1"/><net_sink comp="1527" pin=1"/></net>

<net id="1547"><net_src comp="1540" pin="1"/><net_sink comp="1532" pin=0"/></net>

<net id="1551"><net_src comp="210" pin="1"/><net_sink comp="1548" pin=0"/></net>

<net id="1552"><net_src comp="1548" pin="1"/><net_sink comp="673" pin=1"/></net>

<net id="1553"><net_src comp="1548" pin="1"/><net_sink comp="1244" pin=0"/></net>

<net id="1554"><net_src comp="1548" pin="1"/><net_sink comp="1522" pin=1"/></net>

<net id="1555"><net_src comp="1548" pin="1"/><net_sink comp="1536" pin=0"/></net>

<net id="1559"><net_src comp="214" pin="1"/><net_sink comp="1556" pin=0"/></net>

<net id="1560"><net_src comp="1556" pin="1"/><net_sink comp="668" pin=1"/></net>

<net id="1561"><net_src comp="1556" pin="1"/><net_sink comp="683" pin=0"/></net>

<net id="1562"><net_src comp="1556" pin="1"/><net_sink comp="735" pin=1"/></net>

<net id="1566"><net_src comp="218" pin="1"/><net_sink comp="1563" pin=0"/></net>

<net id="1567"><net_src comp="1563" pin="1"/><net_sink comp="663" pin=1"/></net>

<net id="1568"><net_src comp="1563" pin="1"/><net_sink comp="740" pin=0"/></net>

<net id="1569"><net_src comp="1563" pin="1"/><net_sink comp="1170" pin=1"/></net>

<net id="1573"><net_src comp="222" pin="1"/><net_sink comp="1570" pin=0"/></net>

<net id="1574"><net_src comp="1570" pin="1"/><net_sink comp="658" pin=1"/></net>

<net id="1575"><net_src comp="1570" pin="1"/><net_sink comp="743" pin=0"/></net>

<net id="1576"><net_src comp="1570" pin="1"/><net_sink comp="1165" pin=1"/></net>

<net id="1580"><net_src comp="226" pin="1"/><net_sink comp="1577" pin=0"/></net>

<net id="1581"><net_src comp="1577" pin="1"/><net_sink comp="653" pin=1"/></net>

<net id="1582"><net_src comp="1577" pin="1"/><net_sink comp="746" pin=0"/></net>

<net id="1583"><net_src comp="1577" pin="1"/><net_sink comp="1160" pin=1"/></net>

<net id="1587"><net_src comp="230" pin="1"/><net_sink comp="1584" pin=0"/></net>

<net id="1588"><net_src comp="1584" pin="1"/><net_sink comp="648" pin=1"/></net>

<net id="1589"><net_src comp="1584" pin="1"/><net_sink comp="749" pin=0"/></net>

<net id="1590"><net_src comp="1584" pin="1"/><net_sink comp="1155" pin=1"/></net>

<net id="1594"><net_src comp="234" pin="1"/><net_sink comp="1591" pin=0"/></net>

<net id="1595"><net_src comp="1591" pin="1"/><net_sink comp="643" pin=1"/></net>

<net id="1596"><net_src comp="1591" pin="1"/><net_sink comp="752" pin=0"/></net>

<net id="1597"><net_src comp="1591" pin="1"/><net_sink comp="1150" pin=1"/></net>

<net id="1601"><net_src comp="238" pin="1"/><net_sink comp="1598" pin=0"/></net>

<net id="1602"><net_src comp="1598" pin="1"/><net_sink comp="638" pin=1"/></net>

<net id="1603"><net_src comp="1598" pin="1"/><net_sink comp="755" pin=0"/></net>

<net id="1604"><net_src comp="1598" pin="1"/><net_sink comp="1145" pin=1"/></net>

<net id="1608"><net_src comp="242" pin="1"/><net_sink comp="1605" pin=0"/></net>

<net id="1609"><net_src comp="1605" pin="1"/><net_sink comp="633" pin=1"/></net>

<net id="1610"><net_src comp="1605" pin="1"/><net_sink comp="758" pin=0"/></net>

<net id="1611"><net_src comp="1605" pin="1"/><net_sink comp="1140" pin=1"/></net>

<net id="1615"><net_src comp="246" pin="1"/><net_sink comp="1612" pin=0"/></net>

<net id="1616"><net_src comp="1612" pin="1"/><net_sink comp="628" pin=1"/></net>

<net id="1617"><net_src comp="1612" pin="1"/><net_sink comp="761" pin=0"/></net>

<net id="1618"><net_src comp="1612" pin="1"/><net_sink comp="1135" pin=1"/></net>

<net id="1622"><net_src comp="250" pin="1"/><net_sink comp="1619" pin=0"/></net>

<net id="1623"><net_src comp="1619" pin="1"/><net_sink comp="623" pin=1"/></net>

<net id="1624"><net_src comp="1619" pin="1"/><net_sink comp="764" pin=0"/></net>

<net id="1625"><net_src comp="1619" pin="1"/><net_sink comp="1130" pin=1"/></net>

<net id="1629"><net_src comp="254" pin="1"/><net_sink comp="1626" pin=0"/></net>

<net id="1630"><net_src comp="1626" pin="1"/><net_sink comp="618" pin=1"/></net>

<net id="1631"><net_src comp="1626" pin="1"/><net_sink comp="767" pin=0"/></net>

<net id="1632"><net_src comp="1626" pin="1"/><net_sink comp="1125" pin=1"/></net>

<net id="1636"><net_src comp="258" pin="1"/><net_sink comp="1633" pin=0"/></net>

<net id="1637"><net_src comp="1633" pin="1"/><net_sink comp="613" pin=1"/></net>

<net id="1638"><net_src comp="1633" pin="1"/><net_sink comp="770" pin=0"/></net>

<net id="1639"><net_src comp="1633" pin="1"/><net_sink comp="1120" pin=1"/></net>

<net id="1643"><net_src comp="262" pin="1"/><net_sink comp="1640" pin=0"/></net>

<net id="1644"><net_src comp="1640" pin="1"/><net_sink comp="608" pin=1"/></net>

<net id="1645"><net_src comp="1640" pin="1"/><net_sink comp="773" pin=0"/></net>

<net id="1646"><net_src comp="1640" pin="1"/><net_sink comp="1115" pin=1"/></net>

<net id="1650"><net_src comp="266" pin="1"/><net_sink comp="1647" pin=0"/></net>

<net id="1651"><net_src comp="1647" pin="1"/><net_sink comp="603" pin=1"/></net>

<net id="1652"><net_src comp="1647" pin="1"/><net_sink comp="776" pin=0"/></net>

<net id="1653"><net_src comp="1647" pin="1"/><net_sink comp="1110" pin=1"/></net>

<net id="1657"><net_src comp="270" pin="1"/><net_sink comp="1654" pin=0"/></net>

<net id="1658"><net_src comp="1654" pin="1"/><net_sink comp="598" pin=1"/></net>

<net id="1659"><net_src comp="1654" pin="1"/><net_sink comp="779" pin=0"/></net>

<net id="1660"><net_src comp="1654" pin="1"/><net_sink comp="1105" pin=1"/></net>

<net id="1664"><net_src comp="274" pin="1"/><net_sink comp="1661" pin=0"/></net>

<net id="1665"><net_src comp="1661" pin="1"/><net_sink comp="593" pin=1"/></net>

<net id="1666"><net_src comp="1661" pin="1"/><net_sink comp="782" pin=0"/></net>

<net id="1667"><net_src comp="1661" pin="1"/><net_sink comp="1100" pin=1"/></net>

<net id="1671"><net_src comp="278" pin="1"/><net_sink comp="1668" pin=0"/></net>

<net id="1672"><net_src comp="1668" pin="1"/><net_sink comp="588" pin=1"/></net>

<net id="1673"><net_src comp="1668" pin="1"/><net_sink comp="785" pin=0"/></net>

<net id="1674"><net_src comp="1668" pin="1"/><net_sink comp="1175" pin=1"/></net>

<net id="1678"><net_src comp="282" pin="1"/><net_sink comp="1675" pin=0"/></net>

<net id="1679"><net_src comp="1675" pin="1"/><net_sink comp="583" pin=1"/></net>

<net id="1680"><net_src comp="1675" pin="1"/><net_sink comp="1217" pin=0"/></net>

<net id="1681"><net_src comp="1675" pin="1"/><net_sink comp="1517" pin=1"/></net>

<net id="1685"><net_src comp="286" pin="1"/><net_sink comp="1682" pin=0"/></net>

<net id="1686"><net_src comp="1682" pin="1"/><net_sink comp="578" pin=1"/></net>

<net id="1687"><net_src comp="1682" pin="1"/><net_sink comp="1221" pin=0"/></net>

<net id="1688"><net_src comp="1682" pin="1"/><net_sink comp="1512" pin=1"/></net>

<net id="1692"><net_src comp="290" pin="1"/><net_sink comp="1689" pin=0"/></net>

<net id="1693"><net_src comp="1689" pin="1"/><net_sink comp="573" pin=1"/></net>

<net id="1694"><net_src comp="1689" pin="1"/><net_sink comp="1225" pin=0"/></net>

<net id="1695"><net_src comp="1689" pin="1"/><net_sink comp="1507" pin=1"/></net>

<net id="1699"><net_src comp="294" pin="1"/><net_sink comp="1696" pin=0"/></net>

<net id="1700"><net_src comp="1696" pin="1"/><net_sink comp="568" pin=1"/></net>

<net id="1701"><net_src comp="1696" pin="1"/><net_sink comp="1229" pin=0"/></net>

<net id="1702"><net_src comp="1696" pin="1"/><net_sink comp="1502" pin=1"/></net>

<net id="1706"><net_src comp="298" pin="1"/><net_sink comp="1703" pin=0"/></net>

<net id="1707"><net_src comp="1703" pin="1"/><net_sink comp="563" pin=1"/></net>

<net id="1708"><net_src comp="1703" pin="1"/><net_sink comp="1233" pin=0"/></net>

<net id="1709"><net_src comp="1703" pin="1"/><net_sink comp="1497" pin=1"/></net>

<net id="1713"><net_src comp="302" pin="1"/><net_sink comp="1710" pin=0"/></net>

<net id="1714"><net_src comp="1710" pin="1"/><net_sink comp="558" pin=1"/></net>

<net id="1715"><net_src comp="1710" pin="1"/><net_sink comp="1237" pin=0"/></net>

<net id="1716"><net_src comp="1710" pin="1"/><net_sink comp="1492" pin=1"/></net>

<net id="1720"><net_src comp="683" pin="1"/><net_sink comp="1717" pin=0"/></net>

<net id="1721"><net_src comp="1717" pin="1"/><net_sink comp="1180" pin=17"/></net>

<net id="1725"><net_src comp="686" pin="2"/><net_sink comp="1722" pin=0"/></net>

<net id="1729"><net_src comp="713" pin="2"/><net_sink comp="1726" pin=0"/></net>

<net id="1733"><net_src comp="719" pin="1"/><net_sink comp="1730" pin=0"/></net>

<net id="1734"><net_src comp="1730" pin="1"/><net_sink comp="1002" pin=0"/></net>

<net id="1735"><net_src comp="1730" pin="1"/><net_sink comp="1045" pin=17"/></net>

<net id="1739"><net_src comp="723" pin="2"/><net_sink comp="1736" pin=0"/></net>

<net id="1740"><net_src comp="1736" pin="1"/><net_sink comp="788" pin=17"/></net>

<net id="1744"><net_src comp="729" pin="2"/><net_sink comp="1741" pin=0"/></net>

<net id="1745"><net_src comp="1741" pin="1"/><net_sink comp="895" pin=17"/></net>

<net id="1749"><net_src comp="506" pin="3"/><net_sink comp="1746" pin=0"/></net>

<net id="1750"><net_src comp="1746" pin="1"/><net_sink comp="513" pin=0"/></net>

<net id="1754"><net_src comp="1094" pin="2"/><net_sink comp="1751" pin=0"/></net>

<net id="1755"><net_src comp="1751" pin="1"/><net_sink comp="522" pin=2"/></net>

<net id="1756"><net_src comp="1751" pin="1"/><net_sink comp="522" pin=4"/></net>

<net id="1757"><net_src comp="1751" pin="1"/><net_sink comp="522" pin=6"/></net>

<net id="1758"><net_src comp="1751" pin="1"/><net_sink comp="522" pin=8"/></net>

<net id="1759"><net_src comp="1751" pin="1"/><net_sink comp="522" pin=10"/></net>

<net id="1760"><net_src comp="1751" pin="1"/><net_sink comp="522" pin=12"/></net>

<net id="1761"><net_src comp="1751" pin="1"/><net_sink comp="522" pin=14"/></net>

<net id="1762"><net_src comp="1751" pin="1"/><net_sink comp="522" pin=16"/></net>

<net id="1763"><net_src comp="1751" pin="1"/><net_sink comp="522" pin=18"/></net>

<net id="1764"><net_src comp="1751" pin="1"/><net_sink comp="522" pin=20"/></net>

<net id="1765"><net_src comp="1751" pin="1"/><net_sink comp="522" pin=22"/></net>

<net id="1766"><net_src comp="1751" pin="1"/><net_sink comp="522" pin=24"/></net>

<net id="1767"><net_src comp="1751" pin="1"/><net_sink comp="522" pin=26"/></net>

<net id="1768"><net_src comp="1751" pin="1"/><net_sink comp="522" pin=28"/></net>

<net id="1769"><net_src comp="1751" pin="1"/><net_sink comp="522" pin=30"/></net>

<net id="1770"><net_src comp="1751" pin="1"/><net_sink comp="522" pin=32"/></net>

<net id="1774"><net_src comp="1180" pin="18"/><net_sink comp="1771" pin=0"/></net>

<net id="1775"><net_src comp="1771" pin="1"/><net_sink comp="522" pin=0"/></net>

<net id="1779"><net_src comp="513" pin="3"/><net_sink comp="1776" pin=0"/></net>

<net id="1780"><net_src comp="1776" pin="1"/><net_sink comp="1349" pin=0"/></net>

</net_list>

</model> 
---------------- Datapath Model END ------------------

* FSMD analyzer results:
  - Output states:
	Port: a_2_out | {3 }
	Port: b_out | {3 }
	Port: c_out | {3 }
	Port: d_out | {3 }
	Port: e_2_out | {3 }
	Port: f_out | {3 }
	Port: g_out | {3 }
	Port: h_out | {3 }
 - Input state : 
	Port: sha256_compress_block_Pipeline_round_loop : wbuf_15 | {1 }
	Port: sha256_compress_block_Pipeline_round_loop : wbuf_14 | {1 }
	Port: sha256_compress_block_Pipeline_round_loop : wbuf_13 | {1 }
	Port: sha256_compress_block_Pipeline_round_loop : wbuf_12 | {1 }
	Port: sha256_compress_block_Pipeline_round_loop : wbuf_11 | {1 }
	Port: sha256_compress_block_Pipeline_round_loop : wbuf_10 | {1 }
	Port: sha256_compress_block_Pipeline_round_loop : wbuf_9 | {1 }
	Port: sha256_compress_block_Pipeline_round_loop : wbuf_8 | {1 }
	Port: sha256_compress_block_Pipeline_round_loop : wbuf_7 | {1 }
	Port: sha256_compress_block_Pipeline_round_loop : wbuf_6 | {1 }
	Port: sha256_compress_block_Pipeline_round_loop : wbuf_5 | {1 }
	Port: sha256_compress_block_Pipeline_round_loop : wbuf_4 | {1 }
	Port: sha256_compress_block_Pipeline_round_loop : wbuf_3 | {1 }
	Port: sha256_compress_block_Pipeline_round_loop : wbuf_2 | {1 }
	Port: sha256_compress_block_Pipeline_round_loop : wbuf_1 | {1 }
	Port: sha256_compress_block_Pipeline_round_loop : wbuf | {1 }
	Port: sha256_compress_block_Pipeline_round_loop : state_0_read | {1 }
	Port: sha256_compress_block_Pipeline_round_loop : state_1_read | {1 }
	Port: sha256_compress_block_Pipeline_round_loop : state_2_read | {1 }
	Port: sha256_compress_block_Pipeline_round_loop : state_3_read | {1 }
	Port: sha256_compress_block_Pipeline_round_loop : state_4_read | {1 }
	Port: sha256_compress_block_Pipeline_round_loop : state_5_read | {1 }
	Port: sha256_compress_block_Pipeline_round_loop : state_6_read | {1 }
	Port: sha256_compress_block_Pipeline_round_loop : state_7_read | {1 }
	Port: sha256_compress_block_Pipeline_round_loop : SHA256_K | {1 2 }
  - Chain level:
	State 1
		store_ln0 : 1
		i_6 : 1
		icmp_ln147 : 2
		add_ln147 : 2
		br_ln147 : 3
		zext_ln147 : 2
		tmp : 2
		icmp_ln152 : 3
		br_ln152 : 4
		idx : 2
		add_ln159 : 3
		add_ln160 : 3
		switch_ln162 : 3
		SHA256_K_addr : 3
		SHA256_K_load : 4
		store_ln147 : 3
	State 2
		x_assign : 1
		lshr_ln : 2
		trunc_ln55 : 2
		or_ln : 3
		lshr_ln55_1 : 2
		trunc_ln55_1 : 2
		or_ln55_1 : 3
		lshr_ln1 : 2
		zext_ln85 : 3
		xor_ln85 : 4
		s0 : 4
		x_assign_1 : 1
		lshr_ln55_2 : 2
		trunc_ln55_2 : 2
		or_ln55_2 : 3
		lshr_ln55_3 : 2
		trunc_ln55_3 : 2
		or_ln55_3 : 3
		lshr_ln2 : 2
		zext_ln91 : 3
		xor_ln91 : 4
		s1 : 4
		tmp_s : 1
		tmp_1 : 1
		add_ln161_1 : 4
		add_ln161_2 : 4
		wbuf_33 : 5
		store_ln162 : 6
		store_ln162 : 6
		store_ln162 : 6
		store_ln162 : 6
		store_ln162 : 6
		store_ln162 : 6
		store_ln162 : 6
		store_ln162 : 6
		store_ln162 : 6
		store_ln162 : 6
		store_ln162 : 6
		store_ln162 : 6
		store_ln162 : 6
		store_ln162 : 6
		store_ln162 : 6
		store_ln162 : 6
		wt : 1
	State 3
		lshr_ln55_4 : 1
		trunc_ln55_4 : 1
		or_ln55_4 : 2
		lshr_ln55_5 : 1
		trunc_ln55_5 : 1
		or_ln55_5 : 2
		lshr_ln55_6 : 1
		trunc_ln55_6 : 1
		or_ln55_6 : 2
		xor_ln79 : 3
		xor_ln79_1 : 3
		and_ln61 : 1
		xor_ln61 : 1
		and_ln61_1 : 1
		xor_ln61_1 : 1
		add_ln165 : 1
		add_ln165_1 : 3
		add_ln165_2 : 4
		t1 : 5
		lshr_ln55_7 : 1
		trunc_ln55_7 : 1
		or_ln55_7 : 2
		lshr_ln55_8 : 1
		trunc_ln55_8 : 1
		or_ln55_8 : 2
		lshr_ln55_9 : 1
		trunc_ln55_9 : 1
		or_ln55_9 : 2
		xor_ln73 : 3
		xor_ln73_1 : 3
		xor_ln67 : 1
		and_ln67 : 1
		and_ln67_1 : 1
		xor_ln67_1 : 1
		e : 6
		add_ln175 : 6
		a : 7
		store_ln147 : 8
		store_ln147 : 1
		store_ln147 : 1
		store_ln147 : 7
		store_ln147 : 1
		store_ln147 : 1
		store_ln147 : 1
		store_ln147 : 1
		write_ln55 : 1
		write_ln67 : 1
		write_ln67 : 1
		write_ln0 : 1
		write_ln55 : 1
		write_ln61 : 1
		write_ln61 : 1
		write_ln0 : 1


============================================================
+ Verbose Summary: Datapath Resource usage 
============================================================

* Functional unit list:
|----------|----------------------------|---------|---------|
| Operation|       Functional Unit      |    FF   |   LUT   |
|----------|----------------------------|---------|---------|
|          |      add_ln147_fu_692      |    0    |    14   |
|          |      add_ln159_fu_723      |    0    |    12   |
|          |      add_ln160_fu_729      |    0    |    12   |
|          |      add_ln161_fu_1002     |    0    |    12   |
|          |     add_ln161_1_fu_1082    |    0    |    32   |
|          |     add_ln161_2_fu_1088    |    0    |    39   |
|    add   |       wbuf_33_fu_1094      |    0    |    32   |
|          |      add_ln165_fu_1349     |    0    |    32   |
|          |     add_ln165_1_fu_1354    |    0    |    32   |
|          |     add_ln165_2_fu_1360    |    0    |    32   |
|          |         t1_fu_1366         |    0    |    32   |
|          |          e_fu_1474         |    0    |    39   |
|          |      add_ln175_fu_1480     |    0    |    32   |
|          |          a_fu_1486         |    0    |    32   |
|----------|----------------------------|---------|---------|
|          |       xor_ln85_fu_883      |    0    |    32   |
|          |          s0_fu_889         |    0    |    32   |
|          |       xor_ln91_fu_990      |    0    |    32   |
|          |          s1_fu_996         |    0    |    32   |
|          |      xor_ln79_fu_1313      |    0    |    32   |
|    xor   |     xor_ln79_1_fu_1319     |    0    |    32   |
|          |      xor_ln61_fu_1331      |    0    |    32   |
|          |     xor_ln61_1_fu_1343     |    0    |    32   |
|          |      xor_ln73_fu_1438      |    0    |    32   |
|          |     xor_ln73_1_fu_1444     |    0    |    32   |
|          |      xor_ln67_fu_1450      |    0    |    32   |
|          |     xor_ln67_1_fu_1468     |    0    |    32   |
|----------|----------------------------|---------|---------|
|          |       x_assign_fu_788      |    0    |    65   |
|          |      x_assign_1_fu_895     |    0    |    65   |
|    mux   |        tmp_s_fu_1007       |    0    |    65   |
|          |        tmp_1_fu_1045       |    0    |    65   |
|          |         wt_fu_1180         |    0    |    65   |
|----------|----------------------------|---------|---------|
|          |      and_ln61_fu_1325      |    0    |    32   |
|    and   |     and_ln61_1_fu_1337     |    0    |    32   |
|          |      and_ln67_fu_1456      |    0    |    32   |
|          |     and_ln67_1_fu_1462     |    0    |    32   |
|----------|----------------------------|---------|---------|
|   icmp   |      icmp_ln147_fu_686     |    0    |    10   |
|          |      icmp_ln152_fu_713     |    0    |    8    |
|----------|----------------------------|---------|---------|
|          | state_7_read_1_read_fu_306 |    0    |    0    |
|          | state_6_read_1_read_fu_312 |    0    |    0    |
|          | state_5_read_1_read_fu_318 |    0    |    0    |
|          | state_4_read_1_read_fu_324 |    0    |    0    |
|          | state_3_read_1_read_fu_330 |    0    |    0    |
|          | state_2_read_1_read_fu_336 |    0    |    0    |
|          | state_1_read_1_read_fu_342 |    0    |    0    |
|          | state_0_read_1_read_fu_348 |    0    |    0    |
|          |    wbuf_read_read_fu_354   |    0    |    0    |
|          |   wbuf_1_read_read_fu_360  |    0    |    0    |
|          |   wbuf_2_read_read_fu_366  |    0    |    0    |
|   read   |   wbuf_3_read_read_fu_372  |    0    |    0    |
|          |   wbuf_4_read_read_fu_378  |    0    |    0    |
|          |   wbuf_5_read_read_fu_384  |    0    |    0    |
|          |   wbuf_6_read_read_fu_390  |    0    |    0    |
|          |   wbuf_7_read_read_fu_396  |    0    |    0    |
|          |   wbuf_8_read_read_fu_402  |    0    |    0    |
|          |   wbuf_9_read_read_fu_408  |    0    |    0    |
|          |  wbuf_10_read_read_fu_414  |    0    |    0    |
|          |  wbuf_11_read_read_fu_420  |    0    |    0    |
|          |  wbuf_12_read_read_fu_426  |    0    |    0    |
|          |  wbuf_13_read_read_fu_432  |    0    |    0    |
|          |  wbuf_14_read_read_fu_438  |    0    |    0    |
|          |  wbuf_15_read_read_fu_444  |    0    |    0    |
|----------|----------------------------|---------|---------|
|          |   write_ln55_write_fu_450  |    0    |    0    |
|          |   write_ln67_write_fu_457  |    0    |    0    |
|          |   write_ln67_write_fu_464  |    0    |    0    |
|   write  |   write_ln0_write_fu_471   |    0    |    0    |
|          |   write_ln55_write_fu_478  |    0    |    0    |
|          |   write_ln61_write_fu_485  |    0    |    0    |
|          |   write_ln61_write_fu_492  |    0    |    0    |
|          |   write_ln0_write_fu_499   |    0    |    0    |
|----------|----------------------------|---------|---------|
|          |      zext_ln147_fu_698     |    0    |    0    |
|   zext   |      zext_ln85_fu_879      |    0    |    0    |
|          |      zext_ln91_fu_986      |    0    |    0    |
|----------|----------------------------|---------|---------|
|          |         tmp_fu_703         |    0    |    0    |
|          |       lshr_ln_fu_825       |    0    |    0    |
|          |     lshr_ln55_1_fu_847     |    0    |    0    |
|          |       lshr_ln1_fu_869      |    0    |    0    |
|          |     lshr_ln55_2_fu_932     |    0    |    0    |
|          |     lshr_ln55_3_fu_954     |    0    |    0    |
|partselect|       lshr_ln2_fu_976      |    0    |    0    |
|          |     lshr_ln55_4_fu_1247    |    0    |    0    |
|          |     lshr_ln55_5_fu_1269    |    0    |    0    |
|          |     lshr_ln55_6_fu_1291    |    0    |    0    |
|          |     lshr_ln55_7_fu_1372    |    0    |    0    |
|          |     lshr_ln55_8_fu_1394    |    0    |    0    |
|          |     lshr_ln55_9_fu_1416    |    0    |    0    |
|----------|----------------------------|---------|---------|
|          |         idx_fu_719         |    0    |    0    |
|          |      trunc_ln55_fu_835     |    0    |    0    |
|          |     trunc_ln55_1_fu_857    |    0    |    0    |
|          |     trunc_ln55_2_fu_942    |    0    |    0    |
|          |     trunc_ln55_3_fu_964    |    0    |    0    |
|   trunc  |    trunc_ln55_4_fu_1257    |    0    |    0    |
|          |    trunc_ln55_5_fu_1279    |    0    |    0    |
|          |    trunc_ln55_6_fu_1301    |    0    |    0    |
|          |    trunc_ln55_7_fu_1382    |    0    |    0    |
|          |    trunc_ln55_8_fu_1404    |    0    |    0    |
|          |    trunc_ln55_9_fu_1426    |    0    |    0    |
|----------|----------------------------|---------|---------|
|          |        or_ln_fu_839        |    0    |    0    |
|          |      or_ln55_1_fu_861      |    0    |    0    |
|          |      or_ln55_2_fu_946      |    0    |    0    |
|          |      or_ln55_3_fu_968      |    0    |    0    |
|bitconcatenate|      or_ln55_4_fu_1261     |    0    |    0    |
|          |      or_ln55_5_fu_1283     |    0    |    0    |
|          |      or_ln55_6_fu_1305     |    0    |    0    |
|          |      or_ln55_7_fu_1386     |    0    |    0    |
|          |      or_ln55_8_fu_1408     |    0    |    0    |
|          |      or_ln55_9_fu_1430     |    0    |    0    |
|----------|----------------------------|---------|---------|
|   Total  |                            |    0    |   1239  |
|----------|----------------------------|---------|---------|

Memories:
N/A

* Register list:
+----------------------+--------+
|                      |   FF   |
+----------------------+--------+
|SHA256_K_addr_reg_1746|    6   |
|SHA256_K_load_reg_1776|   32   |
|  add_ln159_reg_1736  |    4   |
|  add_ln160_reg_1741  |    4   |
|      b_reg_1710      |   32   |
|      c_reg_1703      |   32   |
|     d_1_reg_1696     |   32   |
|      d_reg_1548      |   32   |
|      f_reg_1689      |   32   |
|      g_reg_1682      |   32   |
|     h_1_reg_1675     |   32   |
|      h_reg_1540      |   32   |
|     i_6_reg_1717     |    7   |
|      i_reg_1556      |    7   |
|  icmp_ln147_reg_1722 |    1   |
|  icmp_ln152_reg_1726 |    1   |
|     idx_reg_1730     |    4   |
|   wbuf_16_reg_1563   |   32   |
|   wbuf_17_reg_1570   |   32   |
|   wbuf_18_reg_1577   |   32   |
|   wbuf_19_reg_1584   |   32   |
|   wbuf_20_reg_1591   |   32   |
|   wbuf_21_reg_1598   |   32   |
|   wbuf_22_reg_1605   |   32   |
|   wbuf_23_reg_1612   |   32   |
|   wbuf_24_reg_1619   |   32   |
|   wbuf_25_reg_1626   |   32   |
|   wbuf_26_reg_1633   |   32   |
|   wbuf_27_reg_1640   |   32   |
|   wbuf_28_reg_1647   |   32   |
|   wbuf_29_reg_1654   |   32   |
|   wbuf_30_reg_1661   |   32   |
|   wbuf_31_reg_1668   |   32   |
|   wbuf_33_reg_1751   |   32   |
|     wt_2_reg_519     |   32   |
|      wt_reg_1771     |   32   |
+----------------------+--------+
|         Total        |   930  |
+----------------------+--------+

* Multiplexer (MUX) list: 
|-------------------|------|------|------|--------||---------||---------|
|        Comp       |  Pin | Size |  BW  | S x BW ||  Delay  ||   LUT   |
|-------------------|------|------|------|--------||---------||---------|
| grp_access_fu_513 |  p0  |   2  |   6  |   12   ||    9    |
|-------------------|------|------|------|--------||---------||---------|
|       Total       |      |      |      |   12   ||  0.387  ||    9    |
|-------------------|------|------|------|--------||---------||---------|



* Summary:
+-----------+--------+--------+--------+
|           |  Delay |   FF   |   LUT  |
+-----------+--------+--------+--------+
|  Function |    -   |    0   |  1239  |
|   Memory  |    -   |    -   |    -   |
|Multiplexer|    0   |    -   |    9   |
|  Register |    -   |   930  |    -   |
+-----------+--------+--------+--------+
|   Total   |    0   |   930  |  1248  |
+-----------+--------+--------+--------+
