

================================================================
== Vitis HLS Report for 'sha256_compress_block_Pipeline_expand_words'
================================================================
* Date:           Fri Feb 20 12:34:57 2026

* Version:        2023.1 (Build 3854077 on May  4 2023)
* Project:        calculate_sha256
* Solution:       solution (Vitis Kernel Flow Target)
* Product family: virtexuplusHBM
* Target device:  xcu280-fsvh2892-2L-e


================================================================
== Performance Estimates
================================================================
+ Timing: 
    * Summary: 
    +--------+---------+----------+------------+
    |  Clock |  Target | Estimated| Uncertainty|
    +--------+---------+----------+------------+
    |ap_clk  |  3.33 ns|  3.429 ns|     0.90 ns|
    +--------+---------+----------+------------+

+ Latency: 
    * Summary: 
    +---------+---------+----------+----------+-----+-----+---------+
    |  Latency (cycles) |  Latency (absolute) |  Interval | Pipeline|
    |   min   |   max   |    min   |    max   | min | max |   Type  |
    +---------+---------+----------+----------+-----+-----+---------+
    |      108|      108|  0.370 us|  0.370 us|  108|  108|       no|
    +---------+---------+----------+----------+-----+-----+---------+

    + Detail: 
        * Instance: 
        N/A

        * Loop: 
        +----------------+---------+---------+----------+-----------+-----------+------+----------+
        |                |  Latency (cycles) | Iteration|  Initiation Interval  | Trip |          |
        |    Loop Name   |   min   |   max   |  Latency |  achieved |   target  | Count| Pipelined|
        +----------------+---------+---------+----------+-----------+-----------+------+----------+
        |- expand_words  |      106|      106|        13|          2|          1|    48|       yes|
        +----------------+---------+---------+----------+-----------+-----------+------+----------+



================================================================
== Utilization Estimates
================================================================
* Summary: 
+---------------------+---------+------+---------+---------+-----+
|         Name        | BRAM_18K|  DSP |    FF   |   LUT   | URAM|
+---------------------+---------+------+---------+---------+-----+
|DSP                  |        -|     -|        -|        -|    -|
|Expression           |        -|     -|        0|      314|    -|
|FIFO                 |        -|     -|        -|        -|    -|
|Instance             |        -|     0|      158|      352|    -|
|Memory               |        -|     -|        -|        -|    -|
|Multiplexer          |        -|     -|        -|      191|    -|
|Register             |        -|     -|      186|       64|    -|
+---------------------+---------+------+---------+---------+-----+
|Total                |        0|     0|      344|      921|    0|
+---------------------+---------+------+---------+---------+-----+
|Available SLR        |     1344|  3008|   869120|   434560|  320|
+---------------------+---------+------+---------+---------+-----+
|Utilization SLR (%)  |        0|     0|       ~0|       ~0|    0|
+---------------------+---------+------+---------+---------+-----+
|Available            |     4032|  9024|  2607360|  1303680|  960|
+---------------------+---------+------+---------+---------+-----+
|Utilization (%)      |        0|     0|       ~0|       ~0|    0|
+---------------------+---------+------+---------+---------+-----+

+ Detail: 
    * Instance: 
    +------------------------+---------------------+---------+----+-----+----+-----+
    |        Instance        |        Module       | BRAM_18K| DSP|  FF | LUT| URAM|
    +------------------------+---------------------+---------+----+-----+----+-----+
    |mul_6ns_8ns_13_1_1_U6   |mul_6ns_8ns_13_1_1   |        0|   0|    0|  40|    0|
    |mul_6ns_8ns_13_1_1_U7   |mul_6ns_8ns_13_1_1   |        0|   0|    0|  40|    0|
    |mul_6ns_8ns_13_1_1_U8   |mul_6ns_8ns_13_1_1   |        0|   0|    0|  40|    0|
    |mul_6ns_8ns_13_1_1_U10  |mul_6ns_8ns_13_1_1   |        0|   0|    0|  40|    0|
    |mul_7ns_9ns_14_1_1_U9   |mul_7ns_9ns_14_1_1   |        0|   0|    0|  49|    0|
    |mux_3_2_32_1_1_U11      |mux_3_2_32_1_1       |        0|   0|    0|  14|    0|
    |mux_3_2_32_1_1_U12      |mux_3_2_32_1_1       |        0|   0|    0|  14|    0|
    |mux_3_2_32_1_1_U13      |mux_3_2_32_1_1       |        0|   0|    0|  14|    0|
    |mux_3_2_32_1_1_U14      |mux_3_2_32_1_1       |        0|   0|    0|  14|    0|
    |urem_7ns_3ns_2_11_1_U5  |urem_7ns_3ns_2_11_1  |        0|   0|  158|  87|    0|
    +------------------------+---------------------+---------+----+-----+----+-----+
    |Total                   |                     |        0|   0|  158| 352|    0|
    +------------------------+---------------------+---------+----+-----+----+-----+

    * DSP: 
    N/A

    * Memory: 
    N/A

    * FIFO: 
    N/A

    * Expression: 
    +-----------------------+----------+----+---+----+------------+------------+
    |     Variable Name     | Operation| DSP| FF| LUT| Bitwidth P0| Bitwidth P1|
    +-----------------------+----------+----+---+----+------------+------------+
    |add_ln135_fu_267_p2    |         +|   0|  0|  14|           7|           1|
    |add_ln138_1_fu_311_p2  |         +|   0|  0|  13|           6|           4|
    |add_ln138_2_fu_337_p2  |         +|   0|  0|  13|           6|           5|
    |add_ln138_3_fu_363_p2  |         +|   0|  0|  13|           6|           6|
    |add_ln138_4_fu_628_p2  |         +|   0|  0|  39|          32|          32|
    |add_ln138_5_fu_622_p2  |         +|   0|  0|  32|          32|          32|
    |add_ln138_6_fu_634_p2  |         +|   0|  0|  32|          32|          32|
    |add_ln138_fu_285_p2    |         +|   0|  0|  13|           6|           3|
    |icmp_ln135_fu_255_p2   |      icmp|   0|  0|  15|           7|           8|
    |ap_enable_pp0          |       xor|   0|  0|   2|           1|           2|
    |xor_ln138_1_fu_604_p2  |       xor|   0|  0|  32|          32|          32|
    |xor_ln138_2_fu_610_p2  |       xor|   0|  0|  32|          32|          32|
    |xor_ln138_3_fu_616_p2  |       xor|   0|  0|  32|          32|          32|
    |xor_ln138_fu_598_p2    |       xor|   0|  0|  32|          32|          32|
    +-----------------------+----------+----+---+----+------------+------------+
    |Total                  |          |   0|  0| 314|         263|         253|
    +-----------------------+----------+----+---+----+------------+------------+

    * Multiplexer: 
    +----------------------------------+----+-----------+-----+-----------+
    |               Name               | LUT| Input Size| Bits| Total Bits|
    +----------------------------------+----+-----------+-----+-----------+
    |ap_NS_fsm                         |  14|          3|    1|          3|
    |ap_done_int                       |   9|          2|    1|          2|
    |ap_enable_reg_pp0_iter0           |   9|          2|    1|          2|
    |ap_enable_reg_pp0_iter1           |   9|          2|    1|          2|
    |ap_enable_reg_pp0_iter6           |   9|          2|    1|          2|
    |ap_loop_exit_ready_pp0_iter1_reg  |   9|          2|    1|          2|
    |ap_loop_exit_ready_pp0_iter2_reg  |   9|          2|    1|          2|
    |ap_loop_exit_ready_pp0_iter3_reg  |   9|          2|    1|          2|
    |ap_loop_exit_ready_pp0_iter4_reg  |   9|          2|    1|          2|
    |ap_loop_exit_ready_pp0_iter5_reg  |   9|          2|    1|          2|
    |ap_sig_allocacmp_i                |   9|          2|    7|         14|
    |i_5_fu_96                         |   9|          2|    7|         14|
    |w_1_address0                      |  26|          5|    5|         25|
    |w_2_address0                      |  26|          5|    5|         25|
    |w_address0                        |  26|          5|    5|         25|
    +----------------------------------+----+-----------+-----+-----------+
    |Total                             | 191|         40|   39|        124|
    +----------------------------------+----+-----------+-----+-----------+

    * Register: 
    +----------------------------------+----+----+-----+-----------+
    |               Name               | FF | LUT| Bits| Const Bits|
    +----------------------------------+----+----+-----+-----------+
    |add_ln138_3_reg_684               |   6|   0|    6|          0|
    |ap_CS_fsm                         |   2|   0|    2|          0|
    |ap_done_reg                       |   1|   0|    1|          0|
    |ap_enable_reg_pp0_iter0_reg       |   1|   0|    1|          0|
    |ap_enable_reg_pp0_iter1           |   1|   0|    1|          0|
    |ap_enable_reg_pp0_iter2           |   1|   0|    1|          0|
    |ap_enable_reg_pp0_iter3           |   1|   0|    1|          0|
    |ap_enable_reg_pp0_iter4           |   1|   0|    1|          0|
    |ap_enable_reg_pp0_iter5           |   1|   0|    1|          0|
    |ap_enable_reg_pp0_iter6           |   1|   0|    1|          0|
    |ap_loop_exit_ready_pp0_iter1_reg  |   1|   0|    1|          0|
    |ap_loop_exit_ready_pp0_iter2_reg  |   1|   0|    1|          0|
    |ap_loop_exit_ready_pp0_iter3_reg  |   1|   0|    1|          0|
    |ap_loop_exit_ready_pp0_iter4_reg  |   1|   0|    1|          0|
    |ap_loop_exit_ready_pp0_iter5_reg  |   1|   0|    1|          0|
    |i_5_fu_96                         |   7|   0|    7|          0|
    |i_reg_650                         |   7|   0|    7|          0|
    |icmp_ln135_reg_657                |   1|   0|    1|          0|
    |tmp_1_reg_669                     |   5|   0|    5|          0|
    |tmp_2_reg_674                     |   5|   0|    5|          0|
    |tmp_3_reg_679                     |   5|   0|    5|          0|
    |tmp_reg_689                       |   5|   0|    5|          0|
    |trunc_ln135_1_reg_661             |   2|   0|    2|          0|
    |i_reg_650                         |  64|  32|    7|          0|
    |icmp_ln135_reg_657                |  64|  32|    1|          0|
    +----------------------------------+----+----+-----+-----------+
    |Total                             | 186|  64|   66|          0|
    +----------------------------------+----+----+-----+-----------+



================================================================
== Interface
================================================================
* Summary: 
+--------------+-----+-----+------------+---------------------------------------------+--------------+
|   RTL Ports  | Dir | Bits|  Protocol  |                Source Object                |    C Type    |
+--------------+-----+-----+------------+---------------------------------------------+--------------+
|ap_clk        |   in|    1|  ap_ctrl_hs|  sha256_compress_block_Pipeline_expand_words|  return value|
|ap_rst        |   in|    1|  ap_ctrl_hs|  sha256_compress_block_Pipeline_expand_words|  return value|
|ap_start      |   in|    1|  ap_ctrl_hs|  sha256_compress_block_Pipeline_expand_words|  return value|
|ap_done       |  out|    1|  ap_ctrl_hs|  sha256_compress_block_Pipeline_expand_words|  return value|
|ap_idle       |  out|    1|  ap_ctrl_hs|  sha256_compress_block_Pipeline_expand_words|  return value|
|ap_ready      |  out|    1|  ap_ctrl_hs|  sha256_compress_block_Pipeline_expand_words|  return value|
|w_2_address0  |  out|    5|   ap_memory|                                          w_2|         array|
|w_2_ce0       |  out|    1|   ap_memory|                                          w_2|         array|
|w_2_we0       |  out|    1|   ap_memory|                                          w_2|         array|
|w_2_d0        |  out|   32|   ap_memory|                                          w_2|         array|
|w_2_q0        |   in|   32|   ap_memory|                                          w_2|         array|
|w_2_address1  |  out|    5|   ap_memory|                                          w_2|         array|
|w_2_ce1       |  out|    1|   ap_memory|                                          w_2|         array|
|w_2_q1        |   in|   32|   ap_memory|                                          w_2|         array|
|w_1_address0  |  out|    5|   ap_memory|                                          w_1|         array|
|w_1_ce0       |  out|    1|   ap_memory|                                          w_1|         array|
|w_1_we0       |  out|    1|   ap_memory|                                          w_1|         array|
|w_1_d0        |  out|   32|   ap_memory|                                          w_1|         array|
|w_1_q0        |   in|   32|   ap_memory|                                          w_1|         array|
|w_1_address1  |  out|    5|   ap_memory|                                          w_1|         array|
|w_1_ce1       |  out|    1|   ap_memory|                                          w_1|         array|
|w_1_q1        |   in|   32|   ap_memory|                                          w_1|         array|
|w_address0    |  out|    5|   ap_memory|                                            w|         array|
|w_ce0         |  out|    1|   ap_memory|                                            w|         array|
|w_we0         |  out|    1|   ap_memory|                                            w|         array|
|w_d0          |  out|   32|   ap_memory|                                            w|         array|
|w_q0          |   in|   32|   ap_memory|                                            w|         array|
|w_address1    |  out|    5|   ap_memory|                                            w|         array|
|w_ce1         |  out|    1|   ap_memory|                                            w|         array|
|w_q1          |   in|   32|   ap_memory|                                            w|         array|
+--------------+-----+-----+------------+---------------------------------------------+--------------+

============================================================
+ Verbose Summary: Synthesis Manager
============================================================
InlineROM: 1
ExposeGlobal: 0
============================================================
+ Verbose Summary: CDFG Model
============================================================
IsTopModel: 0
ResetActiveHigh: 1
IsCombinational: 2
IsDatapathOnly: 2
HasWiredReturn: 1
HasMFsm: 2
HasVarLatency: 1
IsPipeline: 0
IsRtlPipelined: 0
IsInstanceOverlapped: 0
IsDontTouch: 0
HasImplIP: 0
IsGatedGlobalClock: 0

+ Individual pipeline summary: 
  * Pipeline-0: initiation interval (II) = 2, depth = 13


============================================================
+ Verbose Summary: Schedule
============================================================
* Number of FSM states : 13
* Pipeline : 1
  Pipeline-0 : II = 2, D = 13, States = { 1 2 3 4 5 6 7 8 9 10 11 12 13 }
* Dataflow Pipeline: 0

* FSM state transitions: 
1 --> 2 
2 --> 3 
3 --> 4 
4 --> 5 
5 --> 6 
6 --> 7 
7 --> 8 
8 --> 9 
9 --> 10 
10 --> 11 
11 --> 12 
12 --> 13 
13 --> 

* FSM state operations: 

State 1 <SV = 0> <Delay = 1.21>
ST_1 : Operation 16 [1/1] (0.00ns)   --->   "%i_5 = alloca i32 1"   --->   Operation 16 'alloca' 'i_5' <Predicate = true> <Delay = 0.00>
ST_1 : Operation 17 [1/1] (0.38ns)   --->   "%store_ln0 = store i7 16, i7 %i_5"   --->   Operation 17 'store' 'store_ln0' <Predicate = true> <Delay = 0.38>
ST_1 : Operation 18 [1/1] (0.00ns)   --->   "%br_ln0 = br void %for.inc25"   --->   Operation 18 'br' 'br_ln0' <Predicate = true> <Delay = 0.00>
ST_1 : Operation 19 [1/1] (0.00ns)   --->   "%i = load i7 %i_5" [/users/arashs/U280_CRC_Accelerator/src/kernel.cpp:135]   --->   Operation 19 'load' 'i' <Predicate = true> <Delay = 0.00>
ST_1 : Operation 20 [1/1] (0.70ns)   --->   "%icmp_ln135 = icmp_eq  i7 %i, i7 64" [/users/arashs/U280_CRC_Accelerator/src/kernel.cpp:135]   --->   Operation 20 'icmp' 'icmp_ln135' <Predicate = true> <Delay = 0.70> <CoreInst = "Cmp">   --->   Core 9 'Cmp' <Latency = 0> <II = 1> <Delay = 0.70> <FuncUnit> <Opcode : 'icmp'> <InPorts = 2> <OutPorts = 1>
ST_1 : Operation 21 [1/1] (0.00ns)   --->   "%br_ln135 = br i1 %icmp_ln135, void %for.inc25.split, void %for.inc56.preheader.exitStub" [/users/arashs/U280_CRC_Accelerator/src/kernel.cpp:135]   --->   Operation 21 'br' 'br_ln135' <Predicate = true> <Delay = 0.00>
ST_1 : Operation 22 [11/11] (1.21ns)   --->   "%urem_ln135 = urem i7 %i, i7 3" [/users/arashs/U280_CRC_Accelerator/src/kernel.cpp:135]   --->   Operation 22 'urem' 'urem_ln135' <Predicate = (!icmp_ln135)> <Delay = 1.21> <CoreInst = "Divider">   --->   Core 6 'Divider' <Latency = 10> <II = 1> <Delay = 1.21> <FuncUnit> <Opcode : 'sdiv' 'srem' 'udiv' 'urem'> <InPorts = 2> <OutPorts = 1>
ST_1 : Operation 23 [1/1] (0.70ns)   --->   "%add_ln135 = add i7 %i, i7 1" [/users/arashs/U280_CRC_Accelerator/src/kernel.cpp:135]   --->   Operation 23 'add' 'add_ln135' <Predicate = (!icmp_ln135)> <Delay = 0.70> <CoreInst = "Adder">   --->   Core 1 'Adder' <Latency = 0> <II = 1> <Delay = 0.70> <FuncUnit> <Opcode : 'add' 'sub'> <InPorts = 2> <OutPorts = 1>
ST_1 : Operation 24 [1/1] (0.38ns)   --->   "%store_ln135 = store i7 %add_ln135, i7 %i_5" [/users/arashs/U280_CRC_Accelerator/src/kernel.cpp:135]   --->   Operation 24 'store' 'store_ln135' <Predicate = (!icmp_ln135)> <Delay = 0.38>
ST_1 : Operation 25 [1/1] (0.00ns)   --->   "%br_ln135 = br void %for.inc25" [/users/arashs/U280_CRC_Accelerator/src/kernel.cpp:135]   --->   Operation 25 'br' 'br_ln135' <Predicate = (!icmp_ln135)> <Delay = 0.00>

State 2 <SV = 1> <Delay = 1.21>
ST_2 : Operation 26 [10/11] (1.21ns)   --->   "%urem_ln135 = urem i7 %i, i7 3" [/users/arashs/U280_CRC_Accelerator/src/kernel.cpp:135]   --->   Operation 26 'urem' 'urem_ln135' <Predicate = (!icmp_ln135)> <Delay = 1.21> <CoreInst = "Divider">   --->   Core 6 'Divider' <Latency = 10> <II = 1> <Delay = 1.21> <FuncUnit> <Opcode : 'sdiv' 'srem' 'udiv' 'urem'> <InPorts = 2> <OutPorts = 1>

State 3 <SV = 2> <Delay = 1.21>
ST_3 : Operation 27 [9/11] (1.21ns)   --->   "%urem_ln135 = urem i7 %i, i7 3" [/users/arashs/U280_CRC_Accelerator/src/kernel.cpp:135]   --->   Operation 27 'urem' 'urem_ln135' <Predicate = true> <Delay = 1.21> <CoreInst = "Divider">   --->   Core 6 'Divider' <Latency = 10> <II = 1> <Delay = 1.21> <FuncUnit> <Opcode : 'sdiv' 'srem' 'udiv' 'urem'> <InPorts = 2> <OutPorts = 1>

State 4 <SV = 3> <Delay = 1.21>
ST_4 : Operation 28 [8/11] (1.21ns)   --->   "%urem_ln135 = urem i7 %i, i7 3" [/users/arashs/U280_CRC_Accelerator/src/kernel.cpp:135]   --->   Operation 28 'urem' 'urem_ln135' <Predicate = true> <Delay = 1.21> <CoreInst = "Divider">   --->   Core 6 'Divider' <Latency = 10> <II = 1> <Delay = 1.21> <FuncUnit> <Opcode : 'sdiv' 'srem' 'udiv' 'urem'> <InPorts = 2> <OutPorts = 1>

State 5 <SV = 4> <Delay = 1.21>
ST_5 : Operation 29 [7/11] (1.21ns)   --->   "%urem_ln135 = urem i7 %i, i7 3" [/users/arashs/U280_CRC_Accelerator/src/kernel.cpp:135]   --->   Operation 29 'urem' 'urem_ln135' <Predicate = true> <Delay = 1.21> <CoreInst = "Divider">   --->   Core 6 'Divider' <Latency = 10> <II = 1> <Delay = 1.21> <FuncUnit> <Opcode : 'sdiv' 'srem' 'udiv' 'urem'> <InPorts = 2> <OutPorts = 1>

State 6 <SV = 5> <Delay = 1.21>
ST_6 : Operation 30 [6/11] (1.21ns)   --->   "%urem_ln135 = urem i7 %i, i7 3" [/users/arashs/U280_CRC_Accelerator/src/kernel.cpp:135]   --->   Operation 30 'urem' 'urem_ln135' <Predicate = true> <Delay = 1.21> <CoreInst = "Divider">   --->   Core 6 'Divider' <Latency = 10> <II = 1> <Delay = 1.21> <FuncUnit> <Opcode : 'sdiv' 'srem' 'udiv' 'urem'> <InPorts = 2> <OutPorts = 1>

State 7 <SV = 6> <Delay = 1.21>
ST_7 : Operation 31 [5/11] (1.21ns)   --->   "%urem_ln135 = urem i7 %i, i7 3" [/users/arashs/U280_CRC_Accelerator/src/kernel.cpp:135]   --->   Operation 31 'urem' 'urem_ln135' <Predicate = true> <Delay = 1.21> <CoreInst = "Divider">   --->   Core 6 'Divider' <Latency = 10> <II = 1> <Delay = 1.21> <FuncUnit> <Opcode : 'sdiv' 'srem' 'udiv' 'urem'> <InPorts = 2> <OutPorts = 1>

State 8 <SV = 7> <Delay = 1.21>
ST_8 : Operation 32 [4/11] (1.21ns)   --->   "%urem_ln135 = urem i7 %i, i7 3" [/users/arashs/U280_CRC_Accelerator/src/kernel.cpp:135]   --->   Operation 32 'urem' 'urem_ln135' <Predicate = true> <Delay = 1.21> <CoreInst = "Divider">   --->   Core 6 'Divider' <Latency = 10> <II = 1> <Delay = 1.21> <FuncUnit> <Opcode : 'sdiv' 'srem' 'udiv' 'urem'> <InPorts = 2> <OutPorts = 1>

State 9 <SV = 8> <Delay = 1.21>
ST_9 : Operation 33 [3/11] (1.21ns)   --->   "%urem_ln135 = urem i7 %i, i7 3" [/users/arashs/U280_CRC_Accelerator/src/kernel.cpp:135]   --->   Operation 33 'urem' 'urem_ln135' <Predicate = true> <Delay = 1.21> <CoreInst = "Divider">   --->   Core 6 'Divider' <Latency = 10> <II = 1> <Delay = 1.21> <FuncUnit> <Opcode : 'sdiv' 'srem' 'udiv' 'urem'> <InPorts = 2> <OutPorts = 1>

State 10 <SV = 9> <Delay = 1.21>
ST_10 : Operation 34 [2/11] (1.21ns)   --->   "%urem_ln135 = urem i7 %i, i7 3" [/users/arashs/U280_CRC_Accelerator/src/kernel.cpp:135]   --->   Operation 34 'urem' 'urem_ln135' <Predicate = true> <Delay = 1.21> <CoreInst = "Divider">   --->   Core 6 'Divider' <Latency = 10> <II = 1> <Delay = 1.21> <FuncUnit> <Opcode : 'sdiv' 'srem' 'udiv' 'urem'> <InPorts = 2> <OutPorts = 1>

State 11 <SV = 10> <Delay = 2.25>
ST_11 : Operation 35 [1/1] (0.00ns)   --->   "%trunc_ln135 = trunc i7 %i" [/users/arashs/U280_CRC_Accelerator/src/kernel.cpp:135]   --->   Operation 35 'trunc' 'trunc_ln135' <Predicate = true> <Delay = 0.00>
ST_11 : Operation 36 [1/11] (1.21ns)   --->   "%urem_ln135 = urem i7 %i, i7 3" [/users/arashs/U280_CRC_Accelerator/src/kernel.cpp:135]   --->   Operation 36 'urem' 'urem_ln135' <Predicate = true> <Delay = 1.21> <CoreInst = "Divider">   --->   Core 6 'Divider' <Latency = 10> <II = 1> <Delay = 1.21> <FuncUnit> <Opcode : 'sdiv' 'srem' 'udiv' 'urem'> <InPorts = 2> <OutPorts = 1>
ST_11 : Operation 37 [1/1] (0.00ns)   --->   "%trunc_ln135_1 = trunc i2 %urem_ln135" [/users/arashs/U280_CRC_Accelerator/src/kernel.cpp:135]   --->   Operation 37 'trunc' 'trunc_ln135_1' <Predicate = true> <Delay = 0.00>
ST_11 : Operation 38 [1/1] (0.70ns)   --->   "%add_ln138 = add i6 %trunc_ln135, i6 62" [/users/arashs/U280_CRC_Accelerator/src/kernel.cpp:138]   --->   Operation 38 'add' 'add_ln138' <Predicate = true> <Delay = 0.70> <CoreInst = "Adder">   --->   Core 1 'Adder' <Latency = 0> <II = 1> <Delay = 0.70> <FuncUnit> <Opcode : 'add' 'sub'> <InPorts = 2> <OutPorts = 1>
ST_11 : Operation 39 [1/1] (0.00ns)   --->   "%zext_ln138_4 = zext i6 %add_ln138" [/users/arashs/U280_CRC_Accelerator/src/kernel.cpp:138]   --->   Operation 39 'zext' 'zext_ln138_4' <Predicate = true> <Delay = 0.00>
ST_11 : Operation 40 [1/1] (1.55ns)   --->   "%mul_ln138 = mul i13 %zext_ln138_4, i13 86" [/users/arashs/U280_CRC_Accelerator/src/kernel.cpp:138]   --->   Operation 40 'mul' 'mul_ln138' <Predicate = true> <Delay = 1.55> <CoreInst = "Multiplier">   --->   Core 3 'Multiplier' <Latency = 0> <II = 1> <Delay = 1.55> <FuncUnit> <Opcode : 'mul'> <InPorts = 2> <OutPorts = 1>
ST_11 : Operation 41 [1/1] (0.00ns)   --->   "%tmp_1 = partselect i5 @_ssdm_op_PartSelect.i5.i13.i32.i32, i13 %mul_ln138, i32 8, i32 12" [/users/arashs/U280_CRC_Accelerator/src/kernel.cpp:138]   --->   Operation 41 'partselect' 'tmp_1' <Predicate = true> <Delay = 0.00>
ST_11 : Operation 42 [1/1] (0.70ns)   --->   "%add_ln138_1 = add i6 %trunc_ln135, i6 57" [/users/arashs/U280_CRC_Accelerator/src/kernel.cpp:138]   --->   Operation 42 'add' 'add_ln138_1' <Predicate = true> <Delay = 0.70> <CoreInst = "Adder">   --->   Core 1 'Adder' <Latency = 0> <II = 1> <Delay = 0.70> <FuncUnit> <Opcode : 'add' 'sub'> <InPorts = 2> <OutPorts = 1>
ST_11 : Operation 43 [1/1] (0.00ns)   --->   "%zext_ln138_5 = zext i6 %add_ln138_1" [/users/arashs/U280_CRC_Accelerator/src/kernel.cpp:138]   --->   Operation 43 'zext' 'zext_ln138_5' <Predicate = true> <Delay = 0.00>
ST_11 : Operation 44 [1/1] (1.55ns)   --->   "%mul_ln138_1 = mul i13 %zext_ln138_5, i13 86" [/users/arashs/U280_CRC_Accelerator/src/kernel.cpp:138]   --->   Operation 44 'mul' 'mul_ln138_1' <Predicate = true> <Delay = 1.55> <CoreInst = "Multiplier">   --->   Core 3 'Multiplier' <Latency = 0> <II = 1> <Delay = 1.55> <FuncUnit> <Opcode : 'mul'> <InPorts = 2> <OutPorts = 1>
ST_11 : Operation 45 [1/1] (0.00ns)   --->   "%tmp_2 = partselect i5 @_ssdm_op_PartSelect.i5.i13.i32.i32, i13 %mul_ln138_1, i32 8, i32 12" [/users/arashs/U280_CRC_Accelerator/src/kernel.cpp:138]   --->   Operation 45 'partselect' 'tmp_2' <Predicate = true> <Delay = 0.00>
ST_11 : Operation 46 [1/1] (0.70ns)   --->   "%add_ln138_2 = add i6 %trunc_ln135, i6 49" [/users/arashs/U280_CRC_Accelerator/src/kernel.cpp:138]   --->   Operation 46 'add' 'add_ln138_2' <Predicate = true> <Delay = 0.70> <CoreInst = "Adder">   --->   Core 1 'Adder' <Latency = 0> <II = 1> <Delay = 0.70> <FuncUnit> <Opcode : 'add' 'sub'> <InPorts = 2> <OutPorts = 1>
ST_11 : Operation 47 [1/1] (0.00ns)   --->   "%zext_ln138_6 = zext i6 %add_ln138_2" [/users/arashs/U280_CRC_Accelerator/src/kernel.cpp:138]   --->   Operation 47 'zext' 'zext_ln138_6' <Predicate = true> <Delay = 0.00>
ST_11 : Operation 48 [1/1] (1.55ns)   --->   "%mul_ln138_2 = mul i13 %zext_ln138_6, i13 86" [/users/arashs/U280_CRC_Accelerator/src/kernel.cpp:138]   --->   Operation 48 'mul' 'mul_ln138_2' <Predicate = true> <Delay = 1.55> <CoreInst = "Multiplier">   --->   Core 3 'Multiplier' <Latency = 0> <II = 1> <Delay = 1.55> <FuncUnit> <Opcode : 'mul'> <InPorts = 2> <OutPorts = 1>
ST_11 : Operation 49 [1/1] (0.00ns)   --->   "%tmp_3 = partselect i5 @_ssdm_op_PartSelect.i5.i13.i32.i32, i13 %mul_ln138_2, i32 8, i32 12" [/users/arashs/U280_CRC_Accelerator/src/kernel.cpp:138]   --->   Operation 49 'partselect' 'tmp_3' <Predicate = true> <Delay = 0.00>
ST_11 : Operation 50 [1/1] (0.70ns)   --->   "%add_ln138_3 = add i6 %trunc_ln135, i6 48" [/users/arashs/U280_CRC_Accelerator/src/kernel.cpp:138]   --->   Operation 50 'add' 'add_ln138_3' <Predicate = true> <Delay = 0.70> <CoreInst = "Adder">   --->   Core 1 'Adder' <Latency = 0> <II = 1> <Delay = 0.70> <FuncUnit> <Opcode : 'add' 'sub'> <InPorts = 2> <OutPorts = 1>
ST_11 : Operation 51 [1/1] (0.66ns)   --->   "%switch_ln138 = switch i2 %trunc_ln135_1, void %arrayidx24.case.2, i2 0, void %arrayidx24.case.0, i2 1, void %arrayidx24.case.1" [/users/arashs/U280_CRC_Accelerator/src/kernel.cpp:138]   --->   Operation 51 'switch' 'switch_ln138' <Predicate = true> <Delay = 0.66>
ST_11 : Operation 138 [1/1] (0.00ns)   --->   "%ret_ln0 = ret"   --->   Operation 138 'ret' 'ret_ln0' <Predicate = (icmp_ln135)> <Delay = 0.00>

State 12 <SV = 11> <Delay = 2.24>
ST_12 : Operation 52 [1/1] (0.00ns)   --->   "%zext_ln135_1 = zext i7 %i" [/users/arashs/U280_CRC_Accelerator/src/kernel.cpp:135]   --->   Operation 52 'zext' 'zext_ln135_1' <Predicate = true> <Delay = 0.00>
ST_12 : Operation 53 [1/1] (1.46ns)   --->   "%mul_ln135 = mul i14 %zext_ln135_1, i14 171" [/users/arashs/U280_CRC_Accelerator/src/kernel.cpp:135]   --->   Operation 53 'mul' 'mul_ln135' <Predicate = true> <Delay = 1.46> <CoreInst = "Multiplier">   --->   Core 3 'Multiplier' <Latency = 0> <II = 1> <Delay = 1.46> <FuncUnit> <Opcode : 'mul'> <InPorts = 2> <OutPorts = 1>
ST_12 : Operation 54 [1/1] (0.00ns)   --->   "%tmp = partselect i5 @_ssdm_op_PartSelect.i5.i14.i32.i32, i14 %mul_ln135, i32 9, i32 13" [/users/arashs/U280_CRC_Accelerator/src/kernel.cpp:135]   --->   Operation 54 'partselect' 'tmp' <Predicate = true> <Delay = 0.00>
ST_12 : Operation 55 [1/1] (0.00ns)   --->   "%zext_ln138 = zext i5 %tmp_1" [/users/arashs/U280_CRC_Accelerator/src/kernel.cpp:138]   --->   Operation 55 'zext' 'zext_ln138' <Predicate = true> <Delay = 0.00>
ST_12 : Operation 56 [1/1] (0.00ns)   --->   "%w_addr = getelementptr i32 %w, i64 0, i64 %zext_ln138" [/users/arashs/U280_CRC_Accelerator/src/kernel.cpp:138]   --->   Operation 56 'getelementptr' 'w_addr' <Predicate = true> <Delay = 0.00>
ST_12 : Operation 57 [1/1] (0.00ns)   --->   "%w_1_addr = getelementptr i32 %w_1, i64 0, i64 %zext_ln138" [/users/arashs/U280_CRC_Accelerator/src/kernel.cpp:138]   --->   Operation 57 'getelementptr' 'w_1_addr' <Predicate = true> <Delay = 0.00>
ST_12 : Operation 58 [1/1] (0.00ns)   --->   "%w_2_addr = getelementptr i32 %w_2, i64 0, i64 %zext_ln138" [/users/arashs/U280_CRC_Accelerator/src/kernel.cpp:138]   --->   Operation 58 'getelementptr' 'w_2_addr' <Predicate = true> <Delay = 0.00>
ST_12 : Operation 59 [2/2] (0.69ns)   --->   "%w_load = load i5 %w_addr" [/users/arashs/U280_CRC_Accelerator/src/kernel.cpp:138]   --->   Operation 59 'load' 'w_load' <Predicate = (trunc_ln135_1 == 2)> <Delay = 0.69> <CoreInst = "RAM_1WnR">   --->   Core 84 'RAM_1WnR' <Latency = 1> <II = 1> <Delay = 0.69> <Storage> <Opcode : 'load' 'store'> <Ports = 17> <Width = 32> <Depth = 22> <RAM>
ST_12 : Operation 60 [2/2] (0.69ns)   --->   "%w_1_load = load i5 %w_1_addr" [/users/arashs/U280_CRC_Accelerator/src/kernel.cpp:138]   --->   Operation 60 'load' 'w_1_load' <Predicate = (trunc_ln135_1 == 0)> <Delay = 0.69> <CoreInst = "RAM_1WnR">   --->   Core 84 'RAM_1WnR' <Latency = 1> <II = 1> <Delay = 0.69> <Storage> <Opcode : 'load' 'store'> <Ports = 17> <Width = 32> <Depth = 22> <RAM>
ST_12 : Operation 61 [2/2] (0.69ns)   --->   "%w_2_load = load i5 %w_2_addr" [/users/arashs/U280_CRC_Accelerator/src/kernel.cpp:138]   --->   Operation 61 'load' 'w_2_load' <Predicate = (trunc_ln135_1 == 1)> <Delay = 0.69> <CoreInst = "RAM_1WnR">   --->   Core 84 'RAM_1WnR' <Latency = 1> <II = 1> <Delay = 0.69> <Storage> <Opcode : 'load' 'store'> <Ports = 17> <Width = 32> <Depth = 22> <RAM>
ST_12 : Operation 62 [1/1] (0.00ns)   --->   "%zext_ln138_1 = zext i5 %tmp_2" [/users/arashs/U280_CRC_Accelerator/src/kernel.cpp:138]   --->   Operation 62 'zext' 'zext_ln138_1' <Predicate = true> <Delay = 0.00>
ST_12 : Operation 63 [1/1] (0.00ns)   --->   "%w_addr_1 = getelementptr i32 %w, i64 0, i64 %zext_ln138_1" [/users/arashs/U280_CRC_Accelerator/src/kernel.cpp:138]   --->   Operation 63 'getelementptr' 'w_addr_1' <Predicate = true> <Delay = 0.00>
ST_12 : Operation 64 [1/1] (0.00ns)   --->   "%w_1_addr_1 = getelementptr i32 %w_1, i64 0, i64 %zext_ln138_1" [/users/arashs/U280_CRC_Accelerator/src/kernel.cpp:138]   --->   Operation 64 'getelementptr' 'w_1_addr_1' <Predicate = true> <Delay = 0.00>
ST_12 : Operation 65 [1/1] (0.00ns)   --->   "%w_2_addr_1 = getelementptr i32 %w_2, i64 0, i64 %zext_ln138_1" [/users/arashs/U280_CRC_Accelerator/src/kernel.cpp:138]   --->   Operation 65 'getelementptr' 'w_2_addr_1' <Predicate = true> <Delay = 0.00>
ST_12 : Operation 66 [2/2] (0.69ns)   --->   "%w_load_1 = load i5 %w_addr_1" [/users/arashs/U280_CRC_Accelerator/src/kernel.cpp:138]   --->   Operation 66 'load' 'w_load_1' <Predicate = (trunc_ln135_1 == 1)> <Delay = 0.69> <CoreInst = "RAM_1WnR">   --->   Core 84 'RAM_1WnR' <Latency = 1> <II = 1> <Delay = 0.69> <Storage> <Opcode : 'load' 'store'> <Ports = 17> <Width = 32> <Depth = 22> <RAM>
ST_12 : Operation 67 [2/2] (0.69ns)   --->   "%w_1_load_1 = load i5 %w_1_addr_1" [/users/arashs/U280_CRC_Accelerator/src/kernel.cpp:138]   --->   Operation 67 'load' 'w_1_load_1' <Predicate = (trunc_ln135_1 == 2)> <Delay = 0.69> <CoreInst = "RAM_1WnR">   --->   Core 84 'RAM_1WnR' <Latency = 1> <II = 1> <Delay = 0.69> <Storage> <Opcode : 'load' 'store'> <Ports = 17> <Width = 32> <Depth = 22> <RAM>
ST_12 : Operation 68 [2/2] (0.69ns)   --->   "%w_2_load_1 = load i5 %w_2_addr_1" [/users/arashs/U280_CRC_Accelerator/src/kernel.cpp:138]   --->   Operation 68 'load' 'w_2_load_1' <Predicate = (trunc_ln135_1 == 0)> <Delay = 0.69> <CoreInst = "RAM_1WnR">   --->   Core 84 'RAM_1WnR' <Latency = 1> <II = 1> <Delay = 0.69> <Storage> <Opcode : 'load' 'store'> <Ports = 17> <Width = 32> <Depth = 22> <RAM>
ST_12 : Operation 69 [1/1] (0.00ns)   --->   "%zext_ln138_2 = zext i5 %tmp_3" [/users/arashs/U280_CRC_Accelerator/src/kernel.cpp:138]   --->   Operation 69 'zext' 'zext_ln138_2' <Predicate = true> <Delay = 0.00>
ST_12 : Operation 70 [1/1] (0.00ns)   --->   "%w_addr_2 = getelementptr i32 %w, i64 0, i64 %zext_ln138_2" [/users/arashs/U280_CRC_Accelerator/src/kernel.cpp:138]   --->   Operation 70 'getelementptr' 'w_addr_2' <Predicate = true> <Delay = 0.00>
ST_12 : Operation 71 [1/1] (0.00ns)   --->   "%w_1_addr_2 = getelementptr i32 %w_1, i64 0, i64 %zext_ln138_2" [/users/arashs/U280_CRC_Accelerator/src/kernel.cpp:138]   --->   Operation 71 'getelementptr' 'w_1_addr_2' <Predicate = true> <Delay = 0.00>
ST_12 : Operation 72 [1/1] (0.00ns)   --->   "%w_2_addr_2 = getelementptr i32 %w_2, i64 0, i64 %zext_ln138_2" [/users/arashs/U280_CRC_Accelerator/src/kernel.cpp:138]   --->   Operation 72 'getelementptr' 'w_2_addr_2' <Predicate = true> <Delay = 0.00>
ST_12 : Operation 73 [2/2] (0.69ns)   --->   "%w_load_2 = load i5 %w_addr_2" [/users/arashs/U280_CRC_Accelerator/src/kernel.cpp:138]   --->   Operation 73 'load' 'w_load_2' <Predicate = (trunc_ln135_1 == 0)> <Delay = 0.69> <CoreInst = "RAM_1WnR">   --->   Core 84 'RAM_1WnR' <Latency = 1> <II = 1> <Delay = 0.69> <Storage> <Opcode : 'load' 'store'> <Ports = 17> <Width = 32> <Depth = 22> <RAM>
ST_12 : Operation 74 [2/2] (0.69ns)   --->   "%w_1_load_2 = load i5 %w_1_addr_2" [/users/arashs/U280_CRC_Accelerator/src/kernel.cpp:138]   --->   Operation 74 'load' 'w_1_load_2' <Predicate = (trunc_ln135_1 == 1)> <Delay = 0.69> <CoreInst = "RAM_1WnR">   --->   Core 84 'RAM_1WnR' <Latency = 1> <II = 1> <Delay = 0.69> <Storage> <Opcode : 'load' 'store'> <Ports = 17> <Width = 32> <Depth = 22> <RAM>
ST_12 : Operation 75 [2/2] (0.69ns)   --->   "%w_2_load_2 = load i5 %w_2_addr_2" [/users/arashs/U280_CRC_Accelerator/src/kernel.cpp:138]   --->   Operation 75 'load' 'w_2_load_2' <Predicate = (trunc_ln135_1 == 2)> <Delay = 0.69> <CoreInst = "RAM_1WnR">   --->   Core 84 'RAM_1WnR' <Latency = 1> <II = 1> <Delay = 0.69> <Storage> <Opcode : 'load' 'store'> <Ports = 17> <Width = 32> <Depth = 22> <RAM>
ST_12 : Operation 76 [1/1] (0.00ns)   --->   "%zext_ln138_7 = zext i6 %add_ln138_3" [/users/arashs/U280_CRC_Accelerator/src/kernel.cpp:138]   --->   Operation 76 'zext' 'zext_ln138_7' <Predicate = true> <Delay = 0.00>
ST_12 : Operation 77 [1/1] (1.55ns)   --->   "%mul_ln138_3 = mul i13 %zext_ln138_7, i13 86" [/users/arashs/U280_CRC_Accelerator/src/kernel.cpp:138]   --->   Operation 77 'mul' 'mul_ln138_3' <Predicate = true> <Delay = 1.55> <CoreInst = "Multiplier">   --->   Core 3 'Multiplier' <Latency = 0> <II = 1> <Delay = 1.55> <FuncUnit> <Opcode : 'mul'> <InPorts = 2> <OutPorts = 1>
ST_12 : Operation 78 [1/1] (0.00ns)   --->   "%tmp_4 = partselect i5 @_ssdm_op_PartSelect.i5.i13.i32.i32, i13 %mul_ln138_3, i32 8, i32 12" [/users/arashs/U280_CRC_Accelerator/src/kernel.cpp:138]   --->   Operation 78 'partselect' 'tmp_4' <Predicate = true> <Delay = 0.00>
ST_12 : Operation 79 [1/1] (0.00ns)   --->   "%zext_ln138_3 = zext i5 %tmp_4" [/users/arashs/U280_CRC_Accelerator/src/kernel.cpp:138]   --->   Operation 79 'zext' 'zext_ln138_3' <Predicate = true> <Delay = 0.00>
ST_12 : Operation 80 [1/1] (0.00ns)   --->   "%w_addr_3 = getelementptr i32 %w, i64 0, i64 %zext_ln138_3" [/users/arashs/U280_CRC_Accelerator/src/kernel.cpp:138]   --->   Operation 80 'getelementptr' 'w_addr_3' <Predicate = true> <Delay = 0.00>
ST_12 : Operation 81 [1/1] (0.00ns)   --->   "%w_1_addr_3 = getelementptr i32 %w_1, i64 0, i64 %zext_ln138_3" [/users/arashs/U280_CRC_Accelerator/src/kernel.cpp:138]   --->   Operation 81 'getelementptr' 'w_1_addr_3' <Predicate = true> <Delay = 0.00>
ST_12 : Operation 82 [1/1] (0.00ns)   --->   "%w_2_addr_3 = getelementptr i32 %w_2, i64 0, i64 %zext_ln138_3" [/users/arashs/U280_CRC_Accelerator/src/kernel.cpp:138]   --->   Operation 82 'getelementptr' 'w_2_addr_3' <Predicate = true> <Delay = 0.00>
ST_12 : Operation 83 [2/2] (0.69ns)   --->   "%w_load_3 = load i5 %w_addr_3" [/users/arashs/U280_CRC_Accelerator/src/kernel.cpp:138]   --->   Operation 83 'load' 'w_load_3' <Predicate = (trunc_ln135_1 == 1)> <Delay = 0.69> <CoreInst = "RAM_1WnR">   --->   Core 84 'RAM_1WnR' <Latency = 1> <II = 1> <Delay = 0.69> <Storage> <Opcode : 'load' 'store'> <Ports = 17> <Width = 32> <Depth = 22> <RAM>
ST_12 : Operation 84 [2/2] (0.69ns)   --->   "%w_1_load_3 = load i5 %w_1_addr_3" [/users/arashs/U280_CRC_Accelerator/src/kernel.cpp:138]   --->   Operation 84 'load' 'w_1_load_3' <Predicate = (trunc_ln135_1 == 2)> <Delay = 0.69> <CoreInst = "RAM_1WnR">   --->   Core 84 'RAM_1WnR' <Latency = 1> <II = 1> <Delay = 0.69> <Storage> <Opcode : 'load' 'store'> <Ports = 17> <Width = 32> <Depth = 22> <RAM>
ST_12 : Operation 85 [2/2] (0.69ns)   --->   "%w_2_load_3 = load i5 %w_2_addr_3" [/users/arashs/U280_CRC_Accelerator/src/kernel.cpp:138]   --->   Operation 85 'load' 'w_2_load_3' <Predicate = (trunc_ln135_1 == 0)> <Delay = 0.69> <CoreInst = "RAM_1WnR">   --->   Core 84 'RAM_1WnR' <Latency = 1> <II = 1> <Delay = 0.69> <Storage> <Opcode : 'load' 'store'> <Ports = 17> <Width = 32> <Depth = 22> <RAM>

State 13 <SV = 12> <Delay = 3.42>
ST_13 : Operation 86 [1/1] (0.00ns)   --->   "%specpipeline_ln137 = specpipeline void @_ssdm_op_SpecPipeline, i32 1, i32 0, i32 0, i32 0, void @empty" [/users/arashs/U280_CRC_Accelerator/src/kernel.cpp:137]   --->   Operation 86 'specpipeline' 'specpipeline_ln137' <Predicate = true> <Delay = 0.00>
ST_13 : Operation 87 [1/1] (0.00ns)   --->   "%speclooptripcount_ln135 = speclooptripcount void @_ssdm_op_SpecLoopTripCount, i64 48, i64 48, i64 48" [/users/arashs/U280_CRC_Accelerator/src/kernel.cpp:135]   --->   Operation 87 'speclooptripcount' 'speclooptripcount_ln135' <Predicate = true> <Delay = 0.00>
ST_13 : Operation 88 [1/1] (0.00ns)   --->   "%specloopname_ln135 = specloopname void @_ssdm_op_SpecLoopName, void @empty_19" [/users/arashs/U280_CRC_Accelerator/src/kernel.cpp:135]   --->   Operation 88 'specloopname' 'specloopname_ln135' <Predicate = true> <Delay = 0.00>
ST_13 : Operation 89 [1/1] (0.00ns)   --->   "%zext_ln135 = zext i5 %tmp" [/users/arashs/U280_CRC_Accelerator/src/kernel.cpp:135]   --->   Operation 89 'zext' 'zext_ln135' <Predicate = true> <Delay = 0.00>
ST_13 : Operation 90 [1/2] (0.69ns)   --->   "%w_load = load i5 %w_addr" [/users/arashs/U280_CRC_Accelerator/src/kernel.cpp:138]   --->   Operation 90 'load' 'w_load' <Predicate = (trunc_ln135_1 == 2)> <Delay = 0.69> <CoreInst = "RAM_1WnR">   --->   Core 84 'RAM_1WnR' <Latency = 1> <II = 1> <Delay = 0.69> <Storage> <Opcode : 'load' 'store'> <Ports = 17> <Width = 32> <Depth = 22> <RAM>
ST_13 : Operation 91 [1/2] (0.69ns)   --->   "%w_1_load = load i5 %w_1_addr" [/users/arashs/U280_CRC_Accelerator/src/kernel.cpp:138]   --->   Operation 91 'load' 'w_1_load' <Predicate = (trunc_ln135_1 == 0)> <Delay = 0.69> <CoreInst = "RAM_1WnR">   --->   Core 84 'RAM_1WnR' <Latency = 1> <II = 1> <Delay = 0.69> <Storage> <Opcode : 'load' 'store'> <Ports = 17> <Width = 32> <Depth = 22> <RAM>
ST_13 : Operation 92 [1/2] (0.69ns)   --->   "%w_2_load = load i5 %w_2_addr" [/users/arashs/U280_CRC_Accelerator/src/kernel.cpp:138]   --->   Operation 92 'load' 'w_2_load' <Predicate = (trunc_ln135_1 == 1)> <Delay = 0.69> <CoreInst = "RAM_1WnR">   --->   Core 84 'RAM_1WnR' <Latency = 1> <II = 1> <Delay = 0.69> <Storage> <Opcode : 'load' 'store'> <Ports = 17> <Width = 32> <Depth = 22> <RAM>
ST_13 : Operation 93 [1/1] (0.41ns)   --->   "%x_assign = mux i32 @_ssdm_op_Mux.ap_auto.3i32.i2, i32 %w_1_load, i32 %w_2_load, i32 %w_load, i2 %trunc_ln135_1" [/users/arashs/U280_CRC_Accelerator/src/kernel.cpp:138]   --->   Operation 93 'mux' 'x_assign' <Predicate = true> <Delay = 0.41> <CoreInst = "Multiplexer">   --->   Core 76 'Multiplexer' <Latency = 0> <II = 1> <Delay = 0.41> <FuncUnit> <Opcode : 'mux'> <InPorts = 2> <OutPorts = 1>
ST_13 : Operation 94 [1/1] (0.00ns) (grouped into LUT with out node add_ln138_4)   --->   "%lshr_ln = partselect i15 @_ssdm_op_PartSelect.i15.i32.i32.i32, i32 %x_assign, i32 17, i32 31" [/users/arashs/U280_CRC_Accelerator/src/kernel.cpp:54->/users/arashs/U280_CRC_Accelerator/src/kernel.cpp:90->/users/arashs/U280_CRC_Accelerator/src/kernel.cpp:138]   --->   Operation 94 'partselect' 'lshr_ln' <Predicate = true> <Delay = 0.00>
ST_13 : Operation 95 [1/1] (0.00ns) (grouped into LUT with out node add_ln138_4)   --->   "%trunc_ln54 = trunc i32 %x_assign" [/users/arashs/U280_CRC_Accelerator/src/kernel.cpp:54->/users/arashs/U280_CRC_Accelerator/src/kernel.cpp:90->/users/arashs/U280_CRC_Accelerator/src/kernel.cpp:138]   --->   Operation 95 'trunc' 'trunc_ln54' <Predicate = true> <Delay = 0.00>
ST_13 : Operation 96 [1/1] (0.00ns) (grouped into LUT with out node add_ln138_4)   --->   "%lshr_ln54_1 = partselect i13 @_ssdm_op_PartSelect.i13.i32.i32.i32, i32 %x_assign, i32 19, i32 31" [/users/arashs/U280_CRC_Accelerator/src/kernel.cpp:54->/users/arashs/U280_CRC_Accelerator/src/kernel.cpp:90->/users/arashs/U280_CRC_Accelerator/src/kernel.cpp:138]   --->   Operation 96 'partselect' 'lshr_ln54_1' <Predicate = true> <Delay = 0.00>
ST_13 : Operation 97 [1/1] (0.00ns) (grouped into LUT with out node add_ln138_4)   --->   "%trunc_ln54_6 = trunc i32 %x_assign" [/users/arashs/U280_CRC_Accelerator/src/kernel.cpp:54->/users/arashs/U280_CRC_Accelerator/src/kernel.cpp:90->/users/arashs/U280_CRC_Accelerator/src/kernel.cpp:138]   --->   Operation 97 'trunc' 'trunc_ln54_6' <Predicate = true> <Delay = 0.00>
ST_13 : Operation 98 [1/1] (0.00ns) (grouped into LUT with out node add_ln138_4)   --->   "%lshr_ln1 = partselect i22 @_ssdm_op_PartSelect.i22.i32.i32.i32, i32 %x_assign, i32 10, i32 31" [/users/arashs/U280_CRC_Accelerator/src/kernel.cpp:90->/users/arashs/U280_CRC_Accelerator/src/kernel.cpp:138]   --->   Operation 98 'partselect' 'lshr_ln1' <Predicate = true> <Delay = 0.00>
ST_13 : Operation 99 [1/1] (0.00ns) (grouped into LUT with out node add_ln138_4)   --->   "%zext_ln90 = zext i22 %lshr_ln1" [/users/arashs/U280_CRC_Accelerator/src/kernel.cpp:90->/users/arashs/U280_CRC_Accelerator/src/kernel.cpp:138]   --->   Operation 99 'zext' 'zext_ln90' <Predicate = true> <Delay = 0.00>
ST_13 : Operation 100 [1/2] (0.69ns)   --->   "%w_load_1 = load i5 %w_addr_1" [/users/arashs/U280_CRC_Accelerator/src/kernel.cpp:138]   --->   Operation 100 'load' 'w_load_1' <Predicate = (trunc_ln135_1 == 1)> <Delay = 0.69> <CoreInst = "RAM_1WnR">   --->   Core 84 'RAM_1WnR' <Latency = 1> <II = 1> <Delay = 0.69> <Storage> <Opcode : 'load' 'store'> <Ports = 17> <Width = 32> <Depth = 22> <RAM>
ST_13 : Operation 101 [1/2] (0.69ns)   --->   "%w_1_load_1 = load i5 %w_1_addr_1" [/users/arashs/U280_CRC_Accelerator/src/kernel.cpp:138]   --->   Operation 101 'load' 'w_1_load_1' <Predicate = (trunc_ln135_1 == 2)> <Delay = 0.69> <CoreInst = "RAM_1WnR">   --->   Core 84 'RAM_1WnR' <Latency = 1> <II = 1> <Delay = 0.69> <Storage> <Opcode : 'load' 'store'> <Ports = 17> <Width = 32> <Depth = 22> <RAM>
ST_13 : Operation 102 [1/2] (0.69ns)   --->   "%w_2_load_1 = load i5 %w_2_addr_1" [/users/arashs/U280_CRC_Accelerator/src/kernel.cpp:138]   --->   Operation 102 'load' 'w_2_load_1' <Predicate = (trunc_ln135_1 == 0)> <Delay = 0.69> <CoreInst = "RAM_1WnR">   --->   Core 84 'RAM_1WnR' <Latency = 1> <II = 1> <Delay = 0.69> <Storage> <Opcode : 'load' 'store'> <Ports = 17> <Width = 32> <Depth = 22> <RAM>
ST_13 : Operation 103 [1/1] (0.41ns)   --->   "%tmp_5 = mux i32 @_ssdm_op_Mux.ap_auto.3i32.i2, i32 %w_2_load_1, i32 %w_load_1, i32 %w_1_load_1, i2 %trunc_ln135_1" [/users/arashs/U280_CRC_Accelerator/src/kernel.cpp:138]   --->   Operation 103 'mux' 'tmp_5' <Predicate = true> <Delay = 0.41> <CoreInst = "Multiplexer">   --->   Core 76 'Multiplexer' <Latency = 0> <II = 1> <Delay = 0.41> <FuncUnit> <Opcode : 'mux'> <InPorts = 2> <OutPorts = 1>
ST_13 : Operation 104 [1/2] (0.69ns)   --->   "%w_load_2 = load i5 %w_addr_2" [/users/arashs/U280_CRC_Accelerator/src/kernel.cpp:138]   --->   Operation 104 'load' 'w_load_2' <Predicate = (trunc_ln135_1 == 0)> <Delay = 0.69> <CoreInst = "RAM_1WnR">   --->   Core 84 'RAM_1WnR' <Latency = 1> <II = 1> <Delay = 0.69> <Storage> <Opcode : 'load' 'store'> <Ports = 17> <Width = 32> <Depth = 22> <RAM>
ST_13 : Operation 105 [1/2] (0.69ns)   --->   "%w_1_load_2 = load i5 %w_1_addr_2" [/users/arashs/U280_CRC_Accelerator/src/kernel.cpp:138]   --->   Operation 105 'load' 'w_1_load_2' <Predicate = (trunc_ln135_1 == 1)> <Delay = 0.69> <CoreInst = "RAM_1WnR">   --->   Core 84 'RAM_1WnR' <Latency = 1> <II = 1> <Delay = 0.69> <Storage> <Opcode : 'load' 'store'> <Ports = 17> <Width = 32> <Depth = 22> <RAM>
ST_13 : Operation 106 [1/2] (0.69ns)   --->   "%w_2_load_2 = load i5 %w_2_addr_2" [/users/arashs/U280_CRC_Accelerator/src/kernel.cpp:138]   --->   Operation 106 'load' 'w_2_load_2' <Predicate = (trunc_ln135_1 == 2)> <Delay = 0.69> <CoreInst = "RAM_1WnR">   --->   Core 84 'RAM_1WnR' <Latency = 1> <II = 1> <Delay = 0.69> <Storage> <Opcode : 'load' 'store'> <Ports = 17> <Width = 32> <Depth = 22> <RAM>
ST_13 : Operation 107 [1/1] (0.41ns)   --->   "%x_assign_1 = mux i32 @_ssdm_op_Mux.ap_auto.3i32.i2, i32 %w_load_2, i32 %w_1_load_2, i32 %w_2_load_2, i2 %trunc_ln135_1" [/users/arashs/U280_CRC_Accelerator/src/kernel.cpp:138]   --->   Operation 107 'mux' 'x_assign_1' <Predicate = true> <Delay = 0.41> <CoreInst = "Multiplexer">   --->   Core 76 'Multiplexer' <Latency = 0> <II = 1> <Delay = 0.41> <FuncUnit> <Opcode : 'mux'> <InPorts = 2> <OutPorts = 1>
ST_13 : Operation 108 [1/1] (0.00ns) (grouped into LUT with out node add_ln138_4)   --->   "%lshr_ln54_2 = partselect i25 @_ssdm_op_PartSelect.i25.i32.i32.i32, i32 %x_assign_1, i32 7, i32 31" [/users/arashs/U280_CRC_Accelerator/src/kernel.cpp:54->/users/arashs/U280_CRC_Accelerator/src/kernel.cpp:84->/users/arashs/U280_CRC_Accelerator/src/kernel.cpp:138]   --->   Operation 108 'partselect' 'lshr_ln54_2' <Predicate = true> <Delay = 0.00>
ST_13 : Operation 109 [1/1] (0.00ns) (grouped into LUT with out node add_ln138_4)   --->   "%trunc_ln54_7 = trunc i32 %x_assign_1" [/users/arashs/U280_CRC_Accelerator/src/kernel.cpp:54->/users/arashs/U280_CRC_Accelerator/src/kernel.cpp:84->/users/arashs/U280_CRC_Accelerator/src/kernel.cpp:138]   --->   Operation 109 'trunc' 'trunc_ln54_7' <Predicate = true> <Delay = 0.00>
ST_13 : Operation 110 [1/1] (0.00ns) (grouped into LUT with out node add_ln138_4)   --->   "%lshr_ln54_3 = partselect i14 @_ssdm_op_PartSelect.i14.i32.i32.i32, i32 %x_assign_1, i32 18, i32 31" [/users/arashs/U280_CRC_Accelerator/src/kernel.cpp:54->/users/arashs/U280_CRC_Accelerator/src/kernel.cpp:84->/users/arashs/U280_CRC_Accelerator/src/kernel.cpp:138]   --->   Operation 110 'partselect' 'lshr_ln54_3' <Predicate = true> <Delay = 0.00>
ST_13 : Operation 111 [1/1] (0.00ns) (grouped into LUT with out node add_ln138_4)   --->   "%trunc_ln54_8 = trunc i32 %x_assign_1" [/users/arashs/U280_CRC_Accelerator/src/kernel.cpp:54->/users/arashs/U280_CRC_Accelerator/src/kernel.cpp:84->/users/arashs/U280_CRC_Accelerator/src/kernel.cpp:138]   --->   Operation 111 'trunc' 'trunc_ln54_8' <Predicate = true> <Delay = 0.00>
ST_13 : Operation 112 [1/1] (0.00ns) (grouped into LUT with out node add_ln138_4)   --->   "%lshr_ln2 = partselect i29 @_ssdm_op_PartSelect.i29.i32.i32.i32, i32 %x_assign_1, i32 3, i32 31" [/users/arashs/U280_CRC_Accelerator/src/kernel.cpp:84->/users/arashs/U280_CRC_Accelerator/src/kernel.cpp:138]   --->   Operation 112 'partselect' 'lshr_ln2' <Predicate = true> <Delay = 0.00>
ST_13 : Operation 113 [1/1] (0.00ns) (grouped into LUT with out node add_ln138_4)   --->   "%zext_ln84 = zext i29 %lshr_ln2" [/users/arashs/U280_CRC_Accelerator/src/kernel.cpp:84->/users/arashs/U280_CRC_Accelerator/src/kernel.cpp:138]   --->   Operation 113 'zext' 'zext_ln84' <Predicate = true> <Delay = 0.00>
ST_13 : Operation 114 [1/2] (0.69ns)   --->   "%w_load_3 = load i5 %w_addr_3" [/users/arashs/U280_CRC_Accelerator/src/kernel.cpp:138]   --->   Operation 114 'load' 'w_load_3' <Predicate = (trunc_ln135_1 == 1)> <Delay = 0.69> <CoreInst = "RAM_1WnR">   --->   Core 84 'RAM_1WnR' <Latency = 1> <II = 1> <Delay = 0.69> <Storage> <Opcode : 'load' 'store'> <Ports = 17> <Width = 32> <Depth = 22> <RAM>
ST_13 : Operation 115 [1/2] (0.69ns)   --->   "%w_1_load_3 = load i5 %w_1_addr_3" [/users/arashs/U280_CRC_Accelerator/src/kernel.cpp:138]   --->   Operation 115 'load' 'w_1_load_3' <Predicate = (trunc_ln135_1 == 2)> <Delay = 0.69> <CoreInst = "RAM_1WnR">   --->   Core 84 'RAM_1WnR' <Latency = 1> <II = 1> <Delay = 0.69> <Storage> <Opcode : 'load' 'store'> <Ports = 17> <Width = 32> <Depth = 22> <RAM>
ST_13 : Operation 116 [1/2] (0.69ns)   --->   "%w_2_load_3 = load i5 %w_2_addr_3" [/users/arashs/U280_CRC_Accelerator/src/kernel.cpp:138]   --->   Operation 116 'load' 'w_2_load_3' <Predicate = (trunc_ln135_1 == 0)> <Delay = 0.69> <CoreInst = "RAM_1WnR">   --->   Core 84 'RAM_1WnR' <Latency = 1> <II = 1> <Delay = 0.69> <Storage> <Opcode : 'load' 'store'> <Ports = 17> <Width = 32> <Depth = 22> <RAM>
ST_13 : Operation 117 [1/1] (0.41ns)   --->   "%tmp_7 = mux i32 @_ssdm_op_Mux.ap_auto.3i32.i2, i32 %w_2_load_3, i32 %w_load_3, i32 %w_1_load_3, i2 %trunc_ln135_1" [/users/arashs/U280_CRC_Accelerator/src/kernel.cpp:138]   --->   Operation 117 'mux' 'tmp_7' <Predicate = true> <Delay = 0.41> <CoreInst = "Multiplexer">   --->   Core 76 'Multiplexer' <Latency = 0> <II = 1> <Delay = 0.41> <FuncUnit> <Opcode : 'mux'> <InPorts = 2> <OutPorts = 1>
ST_13 : Operation 118 [1/1] (0.00ns) (grouped into LUT with out node add_ln138_4)   --->   "%or_ln = bitconcatenate i32 @_ssdm_op_BitConcatenate.i32.i17.i15, i17 %trunc_ln54, i15 %lshr_ln" [/users/arashs/U280_CRC_Accelerator/src/kernel.cpp:138]   --->   Operation 118 'bitconcatenate' 'or_ln' <Predicate = true> <Delay = 0.00>
ST_13 : Operation 119 [1/1] (0.00ns) (grouped into LUT with out node add_ln138_4)   --->   "%or_ln138_1 = bitconcatenate i32 @_ssdm_op_BitConcatenate.i32.i19.i13, i19 %trunc_ln54_6, i13 %lshr_ln54_1" [/users/arashs/U280_CRC_Accelerator/src/kernel.cpp:138]   --->   Operation 119 'bitconcatenate' 'or_ln138_1' <Predicate = true> <Delay = 0.00>
ST_13 : Operation 120 [1/1] (0.00ns) (grouped into LUT with out node add_ln138_4)   --->   "%or_ln138_2 = bitconcatenate i32 @_ssdm_op_BitConcatenate.i32.i7.i25, i7 %trunc_ln54_7, i25 %lshr_ln54_2" [/users/arashs/U280_CRC_Accelerator/src/kernel.cpp:138]   --->   Operation 120 'bitconcatenate' 'or_ln138_2' <Predicate = true> <Delay = 0.00>
ST_13 : Operation 121 [1/1] (0.00ns) (grouped into LUT with out node add_ln138_4)   --->   "%or_ln138_3 = bitconcatenate i32 @_ssdm_op_BitConcatenate.i32.i18.i14, i18 %trunc_ln54_8, i14 %lshr_ln54_3" [/users/arashs/U280_CRC_Accelerator/src/kernel.cpp:138]   --->   Operation 121 'bitconcatenate' 'or_ln138_3' <Predicate = true> <Delay = 0.00>
ST_13 : Operation 122 [1/1] (0.00ns) (grouped into LUT with out node add_ln138_4)   --->   "%xor_ln138 = xor i32 %or_ln, i32 %zext_ln90" [/users/arashs/U280_CRC_Accelerator/src/kernel.cpp:138]   --->   Operation 122 'xor' 'xor_ln138' <Predicate = true> <Delay = 0.00> <CoreInst = "LogicGate">   --->   Core 74 'LogicGate' <Latency = 0> <II = 1> <Delay = 0.21> <FuncUnit> <Opcode : 'and' 'or' 'xor'> <InPorts = 2> <OutPorts = 1>
ST_13 : Operation 123 [1/1] (0.00ns) (grouped into LUT with out node add_ln138_4)   --->   "%xor_ln138_1 = xor i32 %xor_ln138, i32 %or_ln138_1" [/users/arashs/U280_CRC_Accelerator/src/kernel.cpp:138]   --->   Operation 123 'xor' 'xor_ln138_1' <Predicate = true> <Delay = 0.00> <CoreInst = "LogicGate">   --->   Core 74 'LogicGate' <Latency = 0> <II = 1> <Delay = 0.21> <FuncUnit> <Opcode : 'and' 'or' 'xor'> <InPorts = 2> <OutPorts = 1>
ST_13 : Operation 124 [1/1] (0.00ns) (grouped into LUT with out node add_ln138_4)   --->   "%xor_ln138_2 = xor i32 %or_ln138_2, i32 %zext_ln84" [/users/arashs/U280_CRC_Accelerator/src/kernel.cpp:138]   --->   Operation 124 'xor' 'xor_ln138_2' <Predicate = true> <Delay = 0.00> <CoreInst = "LogicGate">   --->   Core 74 'LogicGate' <Latency = 0> <II = 1> <Delay = 0.21> <FuncUnit> <Opcode : 'and' 'or' 'xor'> <InPorts = 2> <OutPorts = 1>
ST_13 : Operation 125 [1/1] (0.00ns) (grouped into LUT with out node add_ln138_4)   --->   "%xor_ln138_3 = xor i32 %xor_ln138_2, i32 %or_ln138_3" [/users/arashs/U280_CRC_Accelerator/src/kernel.cpp:138]   --->   Operation 125 'xor' 'xor_ln138_3' <Predicate = true> <Delay = 0.00> <CoreInst = "LogicGate">   --->   Core 74 'LogicGate' <Latency = 0> <II = 1> <Delay = 0.21> <FuncUnit> <Opcode : 'and' 'or' 'xor'> <InPorts = 2> <OutPorts = 1>
ST_13 : Operation 126 [1/1] (0.00ns) (grouped into TernaryAdder)   --->   "%add_ln138_5 = add i32 %tmp_5, i32 %tmp_7" [/users/arashs/U280_CRC_Accelerator/src/kernel.cpp:138]   --->   Operation 126 'add' 'add_ln138_5' <Predicate = true> <Delay = 0.00> <CoreInst = "TAddSub">   --->   Core 10 'TAddSub' <Latency = 0> <II = 1> <Delay = 0.36> <IPBlock> <Opcode : '<invalid operator> ' 'add' 'sub'> <InPorts = 3> <OutPorts = 1> <Sync> <CReg>
ST_13 : Operation 127 [1/1] (0.88ns) (out node of the LUT)   --->   "%add_ln138_4 = add i32 %xor_ln138_3, i32 %xor_ln138_1" [/users/arashs/U280_CRC_Accelerator/src/kernel.cpp:138]   --->   Operation 127 'add' 'add_ln138_4' <Predicate = true> <Delay = 0.88> <CoreInst = "Adder">   --->   Core 1 'Adder' <Latency = 0> <II = 1> <Delay = 0.88> <FuncUnit> <Opcode : 'add' 'sub'> <InPorts = 2> <OutPorts = 1>
ST_13 : Operation 128 [1/1] (0.73ns) (root node of TernaryAdder)   --->   "%add_ln138_6 = add i32 %add_ln138_4, i32 %add_ln138_5" [/users/arashs/U280_CRC_Accelerator/src/kernel.cpp:138]   --->   Operation 128 'add' 'add_ln138_6' <Predicate = true> <Delay = 0.73> <CoreInst = "TAddSub">   --->   Core 10 'TAddSub' <Latency = 0> <II = 1> <Delay = 0.36> <IPBlock> <Opcode : '<invalid operator> ' 'add' 'sub'> <InPorts = 3> <OutPorts = 1> <Sync> <CReg>
ST_13 : Operation 129 [1/1] (0.00ns)   --->   "%w_addr_4 = getelementptr i32 %w, i64 0, i64 %zext_ln135" [/users/arashs/U280_CRC_Accelerator/src/kernel.cpp:138]   --->   Operation 129 'getelementptr' 'w_addr_4' <Predicate = true> <Delay = 0.00>
ST_13 : Operation 130 [1/1] (0.00ns)   --->   "%w_1_addr_4 = getelementptr i32 %w_1, i64 0, i64 %zext_ln135" [/users/arashs/U280_CRC_Accelerator/src/kernel.cpp:138]   --->   Operation 130 'getelementptr' 'w_1_addr_4' <Predicate = true> <Delay = 0.00>
ST_13 : Operation 131 [1/1] (0.00ns)   --->   "%w_2_addr_4 = getelementptr i32 %w_2, i64 0, i64 %zext_ln135" [/users/arashs/U280_CRC_Accelerator/src/kernel.cpp:138]   --->   Operation 131 'getelementptr' 'w_2_addr_4' <Predicate = true> <Delay = 0.00>
ST_13 : Operation 132 [1/1] (0.69ns)   --->   "%store_ln138 = store i32 %add_ln138_6, i5 %w_1_addr_4" [/users/arashs/U280_CRC_Accelerator/src/kernel.cpp:138]   --->   Operation 132 'store' 'store_ln138' <Predicate = (trunc_ln135_1 == 1)> <Delay = 0.69> <CoreInst = "RAM_1WnR">   --->   Core 84 'RAM_1WnR' <Latency = 1> <II = 1> <Delay = 0.69> <Storage> <Opcode : 'load' 'store'> <Ports = 17> <Width = 32> <Depth = 22> <RAM>
ST_13 : Operation 133 [1/1] (0.00ns)   --->   "%br_ln138 = br void %arrayidx24.exit" [/users/arashs/U280_CRC_Accelerator/src/kernel.cpp:138]   --->   Operation 133 'br' 'br_ln138' <Predicate = (trunc_ln135_1 == 1)> <Delay = 0.00>
ST_13 : Operation 134 [1/1] (0.69ns)   --->   "%store_ln138 = store i32 %add_ln138_6, i5 %w_addr_4" [/users/arashs/U280_CRC_Accelerator/src/kernel.cpp:138]   --->   Operation 134 'store' 'store_ln138' <Predicate = (trunc_ln135_1 == 0)> <Delay = 0.69> <CoreInst = "RAM_1WnR">   --->   Core 84 'RAM_1WnR' <Latency = 1> <II = 1> <Delay = 0.69> <Storage> <Opcode : 'load' 'store'> <Ports = 17> <Width = 32> <Depth = 22> <RAM>
ST_13 : Operation 135 [1/1] (0.00ns)   --->   "%br_ln138 = br void %arrayidx24.exit" [/users/arashs/U280_CRC_Accelerator/src/kernel.cpp:138]   --->   Operation 135 'br' 'br_ln138' <Predicate = (trunc_ln135_1 == 0)> <Delay = 0.00>
ST_13 : Operation 136 [1/1] (0.69ns)   --->   "%store_ln138 = store i32 %add_ln138_6, i5 %w_2_addr_4" [/users/arashs/U280_CRC_Accelerator/src/kernel.cpp:138]   --->   Operation 136 'store' 'store_ln138' <Predicate = (trunc_ln135_1 != 0 & trunc_ln135_1 != 1)> <Delay = 0.69> <CoreInst = "RAM_1WnR">   --->   Core 84 'RAM_1WnR' <Latency = 1> <II = 1> <Delay = 0.69> <Storage> <Opcode : 'load' 'store'> <Ports = 17> <Width = 32> <Depth = 22> <RAM>
ST_13 : Operation 137 [1/1] (0.00ns)   --->   "%br_ln138 = br void %arrayidx24.exit" [/users/arashs/U280_CRC_Accelerator/src/kernel.cpp:138]   --->   Operation 137 'br' 'br_ln138' <Predicate = (trunc_ln135_1 != 0 & trunc_ln135_1 != 1)> <Delay = 0.00>


============================================================
+ Verbose Summary: Binding
============================================================
STG Binding: 
---------------- STG Properties BEGIN ----------------
- Is combinational: 0
- Is one-state seq: 0
- Is datapath-only: 0
- Is pipelined: 0
- Is top level: 0
Port [ Return ] is wired: 1; IO mode=ap_ctrl_hs:ce=0
Port [ w_2]:  wired=1; compound=1; hidden=0; nouse=0; global=0; static=0; extern=0; dir=2; type=1; pingpong=0; private_global=0; MemPort=[21333333333333333]; IO mode=ap_memory:ce=0
Port [ w_1]:  wired=1; compound=1; hidden=0; nouse=0; global=0; static=0; extern=0; dir=2; type=1; pingpong=0; private_global=0; MemPort=[21333333333333333]; IO mode=ap_memory:ce=0
Port [ w]:  wired=1; compound=1; hidden=0; nouse=0; global=0; static=0; extern=0; dir=2; type=1; pingpong=0; private_global=0; MemPort=[21333333333333333]; IO mode=ap_memory:ce=0
---------------- STG Properties END ------------------

---------------- Datapath Model BEGIN ----------------

<LifeTime>
<method=bitvector/>
i_5                     (alloca           ) [ 01000000000000]
store_ln0               (store            ) [ 00000000000000]
br_ln0                  (br               ) [ 00000000000000]
i                       (load             ) [ 01111111111110]
icmp_ln135              (icmp             ) [ 01111111111100]
br_ln135                (br               ) [ 00000000000000]
add_ln135               (add              ) [ 00000000000000]
store_ln135             (store            ) [ 00000000000000]
br_ln135                (br               ) [ 00000000000000]
trunc_ln135             (trunc            ) [ 00000000000000]
urem_ln135              (urem             ) [ 00000000000000]
trunc_ln135_1           (trunc            ) [ 01100000000011]
add_ln138               (add              ) [ 00000000000000]
zext_ln138_4            (zext             ) [ 00000000000000]
mul_ln138               (mul              ) [ 00000000000000]
tmp_1                   (partselect       ) [ 00100000000010]
add_ln138_1             (add              ) [ 00000000000000]
zext_ln138_5            (zext             ) [ 00000000000000]
mul_ln138_1             (mul              ) [ 00000000000000]
tmp_2                   (partselect       ) [ 00100000000010]
add_ln138_2             (add              ) [ 00000000000000]
zext_ln138_6            (zext             ) [ 00000000000000]
mul_ln138_2             (mul              ) [ 00000000000000]
tmp_3                   (partselect       ) [ 00100000000010]
add_ln138_3             (add              ) [ 00100000000010]
switch_ln138            (switch           ) [ 00000000000000]
zext_ln135_1            (zext             ) [ 00000000000000]
mul_ln135               (mul              ) [ 00000000000000]
tmp                     (partselect       ) [ 01000000000001]
zext_ln138              (zext             ) [ 00000000000000]
w_addr                  (getelementptr    ) [ 01000000000001]
w_1_addr                (getelementptr    ) [ 01000000000001]
w_2_addr                (getelementptr    ) [ 01000000000001]
zext_ln138_1            (zext             ) [ 00000000000000]
w_addr_1                (getelementptr    ) [ 01000000000001]
w_1_addr_1              (getelementptr    ) [ 01000000000001]
w_2_addr_1              (getelementptr    ) [ 01000000000001]
zext_ln138_2            (zext             ) [ 00000000000000]
w_addr_2                (getelementptr    ) [ 01000000000001]
w_1_addr_2              (getelementptr    ) [ 01000000000001]
w_2_addr_2              (getelementptr    ) [ 01000000000001]
zext_ln138_7            (zext             ) [ 00000000000000]
mul_ln138_3             (mul              ) [ 00000000000000]
tmp_4                   (partselect       ) [ 00000000000000]
zext_ln138_3            (zext             ) [ 00000000000000]
w_addr_3                (getelementptr    ) [ 01000000000001]
w_1_addr_3              (getelementptr    ) [ 01000000000001]
w_2_addr_3              (getelementptr    ) [ 01000000000001]
specpipeline_ln137      (specpipeline     ) [ 00000000000000]
speclooptripcount_ln135 (speclooptripcount) [ 00000000000000]
specloopname_ln135      (specloopname     ) [ 00000000000000]
zext_ln135              (zext             ) [ 00000000000000]
w_load                  (load             ) [ 00000000000000]
w_1_load                (load             ) [ 00000000000000]
w_2_load                (load             ) [ 00000000000000]
x_assign                (mux              ) [ 00000000000000]
lshr_ln                 (partselect       ) [ 00000000000000]
trunc_ln54              (trunc            ) [ 00000000000000]
lshr_ln54_1             (partselect       ) [ 00000000000000]
trunc_ln54_6            (trunc            ) [ 00000000000000]
lshr_ln1                (partselect       ) [ 00000000000000]
zext_ln90               (zext             ) [ 00000000000000]
w_load_1                (load             ) [ 00000000000000]
w_1_load_1              (load             ) [ 00000000000000]
w_2_load_1              (load             ) [ 00000000000000]
tmp_5                   (mux              ) [ 00000000000000]
w_load_2                (load             ) [ 00000000000000]
w_1_load_2              (load             ) [ 00000000000000]
w_2_load_2              (load             ) [ 00000000000000]
x_assign_1              (mux              ) [ 00000000000000]
lshr_ln54_2             (partselect       ) [ 00000000000000]
trunc_ln54_7            (trunc            ) [ 00000000000000]
lshr_ln54_3             (partselect       ) [ 00000000000000]
trunc_ln54_8            (trunc            ) [ 00000000000000]
lshr_ln2                (partselect       ) [ 00000000000000]
zext_ln84               (zext             ) [ 00000000000000]
w_load_3                (load             ) [ 00000000000000]
w_1_load_3              (load             ) [ 00000000000000]
w_2_load_3              (load             ) [ 00000000000000]
tmp_7                   (mux              ) [ 00000000000000]
or_ln                   (bitconcatenate   ) [ 00000000000000]
or_ln138_1              (bitconcatenate   ) [ 00000000000000]
or_ln138_2              (bitconcatenate   ) [ 00000000000000]
or_ln138_3              (bitconcatenate   ) [ 00000000000000]
xor_ln138               (xor              ) [ 00000000000000]
xor_ln138_1             (xor              ) [ 00000000000000]
xor_ln138_2             (xor              ) [ 00000000000000]
xor_ln138_3             (xor              ) [ 00000000000000]
add_ln138_5             (add              ) [ 00000000000000]
add_ln138_4             (add              ) [ 00000000000000]
add_ln138_6             (add              ) [ 00000000000000]
w_addr_4                (getelementptr    ) [ 00000000000000]
w_1_addr_4              (getelementptr    ) [ 00000000000000]
w_2_addr_4              (getelementptr    ) [ 00000000000000]
store_ln138             (store            ) [ 00000000000000]
br_ln138                (br               ) [ 00000000000000]
store_ln138             (store            ) [ 00000000000000]
br_ln138                (br               ) [ 00000000000000]
store_ln138             (store            ) [ 00000000000000]
br_ln138                (br               ) [ 00000000000000]
ret_ln0                 (ret              ) [ 00000000000000]
</LifeTime>

<model>

<comp_list>
<comp id="0" class="1000" name="w_2">
<pin_list>
<pin id="1" dir="1" index="0" bw="1" slack="0"/>
</pin_list>
<bind>
<StgValue><ssdm name="w_2"/><MemPortTyVec>2 1 3 3 3 3 3 3 3 3 3 3 3 3 3 3 3 </MemPortTyVec>
</StgValue>
</bind>
</comp>

<comp id="2" class="1000" name="w_1">
<pin_list>
<pin id="3" dir="1" index="0" bw="1" slack="0"/>
</pin_list>
<bind>
<StgValue><ssdm name="w_1"/><MemPortTyVec>2 1 3 3 3 3 3 3 3 3 3 3 3 3 3 3 3 </MemPortTyVec>
</StgValue>
</bind>
</comp>

<comp id="4" class="1000" name="w">
<pin_list>
<pin id="5" dir="1" index="0" bw="1" slack="0"/>
</pin_list>
<bind>
<StgValue><ssdm name="w"/><MemPortTyVec>2 1 3 3 3 3 3 3 3 3 3 3 3 3 3 3 3 </MemPortTyVec>
</StgValue>
</bind>
</comp>

<comp id="6" class="1001" name="const_6">
<pin_list>
<pin id="7" dir="1" index="0" bw="1" slack="0"/>
</pin_list>
<bind>
<StgValue><ssdm name=""/></StgValue>
</bind>
</comp>

<comp id="8" class="1001" name="const_8">
<pin_list>
<pin id="9" dir="1" index="0" bw="1" slack="0"/>
</pin_list>
<bind>
<StgValue><ssdm name=""/></StgValue>
</bind>
</comp>

<comp id="10" class="1001" name="const_10">
<pin_list>
<pin id="11" dir="1" index="0" bw="1" slack="0"/>
</pin_list>
<bind>
<StgValue><ssdm name=""/></StgValue>
</bind>
</comp>

<comp id="12" class="1001" name="const_12">
<pin_list>
<pin id="13" dir="1" index="0" bw="1" slack="0"/>
</pin_list>
<bind>
<StgValue><ssdm name=""/></StgValue>
</bind>
</comp>

<comp id="14" class="1001" name="const_14">
<pin_list>
<pin id="15" dir="1" index="0" bw="1" slack="0"/>
</pin_list>
<bind>
<StgValue><ssdm name=""/></StgValue>
</bind>
</comp>

<comp id="16" class="1001" name="const_16">
<pin_list>
<pin id="17" dir="1" index="0" bw="1" slack="0"/>
</pin_list>
<bind>
<StgValue><ssdm name=""/></StgValue>
</bind>
</comp>

<comp id="18" class="1001" name="const_18">
<pin_list>
<pin id="19" dir="1" index="0" bw="1" slack="0"/>
</pin_list>
<bind>
<StgValue><ssdm name=""/></StgValue>
</bind>
</comp>

<comp id="20" class="1001" name="const_20">
<pin_list>
<pin id="21" dir="1" index="0" bw="1" slack="0"/>
</pin_list>
<bind>
<StgValue><ssdm name="_ssdm_op_PartSelect.i5.i13.i32.i32"/></StgValue>
</bind>
</comp>

<comp id="22" class="1001" name="const_22">
<pin_list>
<pin id="23" dir="1" index="0" bw="1" slack="0"/>
</pin_list>
<bind>
<StgValue><ssdm name=""/></StgValue>
</bind>
</comp>

<comp id="24" class="1001" name="const_24">
<pin_list>
<pin id="25" dir="1" index="0" bw="1" slack="0"/>
</pin_list>
<bind>
<StgValue><ssdm name=""/></StgValue>
</bind>
</comp>

<comp id="26" class="1001" name="const_26">
<pin_list>
<pin id="27" dir="1" index="0" bw="1" slack="0"/>
</pin_list>
<bind>
<StgValue><ssdm name=""/></StgValue>
</bind>
</comp>

<comp id="28" class="1001" name="const_28">
<pin_list>
<pin id="29" dir="1" index="0" bw="1" slack="0"/>
</pin_list>
<bind>
<StgValue><ssdm name=""/></StgValue>
</bind>
</comp>

<comp id="30" class="1001" name="const_30">
<pin_list>
<pin id="31" dir="1" index="0" bw="1" slack="0"/>
</pin_list>
<bind>
<StgValue><ssdm name=""/></StgValue>
</bind>
</comp>

<comp id="32" class="1001" name="const_32">
<pin_list>
<pin id="33" dir="1" index="0" bw="1" slack="2147483647"/>
</pin_list>
<bind>
<StgValue><ssdm name=""/></StgValue>
</bind>
</comp>

<comp id="34" class="1001" name="const_34">
<pin_list>
<pin id="35" dir="1" index="0" bw="1" slack="2147483647"/>
</pin_list>
<bind>
<StgValue><ssdm name=""/></StgValue>
</bind>
</comp>

<comp id="36" class="1001" name="const_36">
<pin_list>
<pin id="37" dir="1" index="0" bw="1" slack="0"/>
</pin_list>
<bind>
<StgValue><ssdm name=""/></StgValue>
</bind>
</comp>

<comp id="38" class="1001" name="const_38">
<pin_list>
<pin id="39" dir="1" index="0" bw="1" slack="0"/>
</pin_list>
<bind>
<StgValue><ssdm name="_ssdm_op_PartSelect.i5.i14.i32.i32"/></StgValue>
</bind>
</comp>

<comp id="40" class="1001" name="const_40">
<pin_list>
<pin id="41" dir="1" index="0" bw="1" slack="0"/>
</pin_list>
<bind>
<StgValue><ssdm name=""/></StgValue>
</bind>
</comp>

<comp id="42" class="1001" name="const_42">
<pin_list>
<pin id="43" dir="1" index="0" bw="1" slack="0"/>
</pin_list>
<bind>
<StgValue><ssdm name=""/></StgValue>
</bind>
</comp>

<comp id="44" class="1001" name="const_44">
<pin_list>
<pin id="45" dir="1" index="0" bw="1" slack="0"/>
</pin_list>
<bind>
<StgValue><ssdm name=""/></StgValue>
</bind>
</comp>

<comp id="46" class="1001" name="const_46">
<pin_list>
<pin id="47" dir="1" index="0" bw="1" slack="2147483647"/>
</pin_list>
<bind>
<StgValue><ssdm name="_ssdm_op_SpecPipeline"/></StgValue>
</bind>
</comp>

<comp id="48" class="1001" name="const_48">
<pin_list>
<pin id="49" dir="1" index="0" bw="1" slack="2147483647"/>
</pin_list>
<bind>
<StgValue><ssdm name=""/></StgValue>
</bind>
</comp>

<comp id="50" class="1001" name="const_50">
<pin_list>
<pin id="51" dir="1" index="0" bw="1" slack="2147483647"/>
</pin_list>
<bind>
<StgValue><ssdm name="empty"/></StgValue>
</bind>
</comp>

<comp id="52" class="1001" name="const_52">
<pin_list>
<pin id="53" dir="1" index="0" bw="1" slack="2147483647"/>
</pin_list>
<bind>
<StgValue><ssdm name="_ssdm_op_SpecLoopTripCount"/></StgValue>
</bind>
</comp>

<comp id="54" class="1001" name="const_54">
<pin_list>
<pin id="55" dir="1" index="0" bw="1" slack="2147483647"/>
</pin_list>
<bind>
<StgValue><ssdm name=""/></StgValue>
</bind>
</comp>

<comp id="56" class="1001" name="const_56">
<pin_list>
<pin id="57" dir="1" index="0" bw="1" slack="2147483647"/>
</pin_list>
<bind>
<StgValue><ssdm name="_ssdm_op_SpecLoopName"/></StgValue>
</bind>
</comp>

<comp id="58" class="1001" name="const_58">
<pin_list>
<pin id="59" dir="1" index="0" bw="1" slack="2147483647"/>
</pin_list>
<bind>
<StgValue><ssdm name="empty_19"/></StgValue>
</bind>
</comp>

<comp id="60" class="1001" name="const_60">
<pin_list>
<pin id="61" dir="1" index="0" bw="1" slack="0"/>
</pin_list>
<bind>
<StgValue><ssdm name="_ssdm_op_Mux.ap_auto.3i32.i2"/></StgValue>
</bind>
</comp>

<comp id="62" class="1001" name="const_62">
<pin_list>
<pin id="63" dir="1" index="0" bw="1" slack="0"/>
</pin_list>
<bind>
<StgValue><ssdm name="_ssdm_op_PartSelect.i15.i32.i32.i32"/></StgValue>
</bind>
</comp>

<comp id="64" class="1001" name="const_64">
<pin_list>
<pin id="65" dir="1" index="0" bw="1" slack="0"/>
</pin_list>
<bind>
<StgValue><ssdm name=""/></StgValue>
</bind>
</comp>

<comp id="66" class="1001" name="const_66">
<pin_list>
<pin id="67" dir="1" index="0" bw="1" slack="0"/>
</pin_list>
<bind>
<StgValue><ssdm name=""/></StgValue>
</bind>
</comp>

<comp id="68" class="1001" name="const_68">
<pin_list>
<pin id="69" dir="1" index="0" bw="1" slack="0"/>
</pin_list>
<bind>
<StgValue><ssdm name="_ssdm_op_PartSelect.i13.i32.i32.i32"/></StgValue>
</bind>
</comp>

<comp id="70" class="1001" name="const_70">
<pin_list>
<pin id="71" dir="1" index="0" bw="1" slack="0"/>
</pin_list>
<bind>
<StgValue><ssdm name=""/></StgValue>
</bind>
</comp>

<comp id="72" class="1001" name="const_72">
<pin_list>
<pin id="73" dir="1" index="0" bw="1" slack="0"/>
</pin_list>
<bind>
<StgValue><ssdm name="_ssdm_op_PartSelect.i22.i32.i32.i32"/></StgValue>
</bind>
</comp>

<comp id="74" class="1001" name="const_74">
<pin_list>
<pin id="75" dir="1" index="0" bw="1" slack="0"/>
</pin_list>
<bind>
<StgValue><ssdm name=""/></StgValue>
</bind>
</comp>

<comp id="76" class="1001" name="const_76">
<pin_list>
<pin id="77" dir="1" index="0" bw="1" slack="0"/>
</pin_list>
<bind>
<StgValue><ssdm name="_ssdm_op_PartSelect.i25.i32.i32.i32"/></StgValue>
</bind>
</comp>

<comp id="78" class="1001" name="const_78">
<pin_list>
<pin id="79" dir="1" index="0" bw="1" slack="0"/>
</pin_list>
<bind>
<StgValue><ssdm name=""/></StgValue>
</bind>
</comp>

<comp id="80" class="1001" name="const_80">
<pin_list>
<pin id="81" dir="1" index="0" bw="1" slack="0"/>
</pin_list>
<bind>
<StgValue><ssdm name="_ssdm_op_PartSelect.i14.i32.i32.i32"/></StgValue>
</bind>
</comp>

<comp id="82" class="1001" name="const_82">
<pin_list>
<pin id="83" dir="1" index="0" bw="1" slack="0"/>
</pin_list>
<bind>
<StgValue><ssdm name=""/></StgValue>
</bind>
</comp>

<comp id="84" class="1001" name="const_84">
<pin_list>
<pin id="85" dir="1" index="0" bw="1" slack="0"/>
</pin_list>
<bind>
<StgValue><ssdm name="_ssdm_op_PartSelect.i29.i32.i32.i32"/></StgValue>
</bind>
</comp>

<comp id="86" class="1001" name="const_86">
<pin_list>
<pin id="87" dir="1" index="0" bw="1" slack="0"/>
</pin_list>
<bind>
<StgValue><ssdm name=""/></StgValue>
</bind>
</comp>

<comp id="88" class="1001" name="const_88">
<pin_list>
<pin id="89" dir="1" index="0" bw="1" slack="0"/>
</pin_list>
<bind>
<StgValue><ssdm name="_ssdm_op_BitConcatenate.i32.i17.i15"/></StgValue>
</bind>
</comp>

<comp id="90" class="1001" name="const_90">
<pin_list>
<pin id="91" dir="1" index="0" bw="1" slack="0"/>
</pin_list>
<bind>
<StgValue><ssdm name="_ssdm_op_BitConcatenate.i32.i19.i13"/></StgValue>
</bind>
</comp>

<comp id="92" class="1001" name="const_92">
<pin_list>
<pin id="93" dir="1" index="0" bw="1" slack="0"/>
</pin_list>
<bind>
<StgValue><ssdm name="_ssdm_op_BitConcatenate.i32.i7.i25"/></StgValue>
</bind>
</comp>

<comp id="94" class="1001" name="const_94">
<pin_list>
<pin id="95" dir="1" index="0" bw="1" slack="0"/>
</pin_list>
<bind>
<StgValue><ssdm name="_ssdm_op_BitConcatenate.i32.i18.i14"/></StgValue>
</bind>
</comp>

<comp id="96" class="1004" name="i_5_fu_96">
<pin_list>
<pin id="97" dir="0" index="0" bw="1" slack="0"/>
<pin id="98" dir="1" index="1" bw="7" slack="0"/>
</pin_list>
<bind>
<opcode="alloca(26) " fcode="alloca"/>
<opset="i_5/1 "/>
</bind>
</comp>

<comp id="100" class="1004" name="w_addr_gep_fu_100">
<pin_list>
<pin id="101" dir="0" index="0" bw="32" slack="0"/>
<pin id="102" dir="0" index="1" bw="1" slack="0"/>
<pin id="103" dir="0" index="2" bw="5" slack="0"/>
<pin id="104" dir="1" index="3" bw="5" slack="0"/>
</pin_list>
<bind>
<opcode="getelementptr(29) " fcode="getelementptr"/>
<opset="w_addr/12 "/>
</bind>
</comp>

<comp id="107" class="1004" name="w_1_addr_gep_fu_107">
<pin_list>
<pin id="108" dir="0" index="0" bw="32" slack="0"/>
<pin id="109" dir="0" index="1" bw="1" slack="0"/>
<pin id="110" dir="0" index="2" bw="5" slack="0"/>
<pin id="111" dir="1" index="3" bw="5" slack="0"/>
</pin_list>
<bind>
<opcode="getelementptr(29) " fcode="getelementptr"/>
<opset="w_1_addr/12 "/>
</bind>
</comp>

<comp id="114" class="1004" name="w_2_addr_gep_fu_114">
<pin_list>
<pin id="115" dir="0" index="0" bw="32" slack="0"/>
<pin id="116" dir="0" index="1" bw="1" slack="0"/>
<pin id="117" dir="0" index="2" bw="5" slack="0"/>
<pin id="118" dir="1" index="3" bw="5" slack="0"/>
</pin_list>
<bind>
<opcode="getelementptr(29) " fcode="getelementptr"/>
<opset="w_2_addr/12 "/>
</bind>
</comp>

<comp id="121" class="1004" name="grp_access_fu_121">
<pin_list>
<pin id="122" dir="0" index="0" bw="5" slack="0"/>
<pin id="123" dir="0" index="1" bw="32" slack="0"/>
<pin id="124" dir="0" index="2" bw="0" slack="0"/>
<pin id="160" dir="0" index="4" bw="5" slack="2147483647"/>
<pin id="161" dir="0" index="5" bw="32" slack="2147483647"/>
<pin id="162" dir="0" index="6" bw="0" slack="2147483647"/>
<pin id="125" dir="1" index="3" bw="32" slack="0"/>
<pin id="163" dir="1" index="7" bw="32" slack="0"/>
</pin_list>
<bind>
<opcode="load(27) store(28) " fcode="store"/>
<opset="w_load/12 w_load_1/12 w_load_2/12 w_load_3/12 store_ln138/13 "/>
</bind>
</comp>

<comp id="127" class="1004" name="grp_access_fu_127">
<pin_list>
<pin id="128" dir="0" index="0" bw="5" slack="0"/>
<pin id="129" dir="0" index="1" bw="32" slack="0"/>
<pin id="130" dir="0" index="2" bw="0" slack="0"/>
<pin id="165" dir="0" index="4" bw="5" slack="2147483647"/>
<pin id="166" dir="0" index="5" bw="32" slack="2147483647"/>
<pin id="167" dir="0" index="6" bw="0" slack="2147483647"/>
<pin id="131" dir="1" index="3" bw="32" slack="0"/>
<pin id="168" dir="1" index="7" bw="32" slack="0"/>
</pin_list>
<bind>
<opcode="load(27) store(28) " fcode="store"/>
<opset="w_1_load/12 w_1_load_1/12 w_1_load_2/12 w_1_load_3/12 store_ln138/13 "/>
</bind>
</comp>

<comp id="133" class="1004" name="grp_access_fu_133">
<pin_list>
<pin id="134" dir="0" index="0" bw="5" slack="0"/>
<pin id="135" dir="0" index="1" bw="32" slack="0"/>
<pin id="136" dir="0" index="2" bw="0" slack="0"/>
<pin id="170" dir="0" index="4" bw="5" slack="2147483647"/>
<pin id="171" dir="0" index="5" bw="32" slack="2147483647"/>
<pin id="172" dir="0" index="6" bw="0" slack="2147483647"/>
<pin id="137" dir="1" index="3" bw="32" slack="0"/>
<pin id="173" dir="1" index="7" bw="32" slack="0"/>
</pin_list>
<bind>
<opcode="load(27) store(28) " fcode="store"/>
<opset="w_2_load/12 w_2_load_1/12 w_2_load_2/12 w_2_load_3/12 store_ln138/13 "/>
</bind>
</comp>

<comp id="139" class="1004" name="w_addr_1_gep_fu_139">
<pin_list>
<pin id="140" dir="0" index="0" bw="32" slack="0"/>
<pin id="141" dir="0" index="1" bw="1" slack="0"/>
<pin id="142" dir="0" index="2" bw="5" slack="0"/>
<pin id="143" dir="1" index="3" bw="5" slack="0"/>
</pin_list>
<bind>
<opcode="getelementptr(29) " fcode="getelementptr"/>
<opset="w_addr_1/12 "/>
</bind>
</comp>

<comp id="146" class="1004" name="w_1_addr_1_gep_fu_146">
<pin_list>
<pin id="147" dir="0" index="0" bw="32" slack="0"/>
<pin id="148" dir="0" index="1" bw="1" slack="0"/>
<pin id="149" dir="0" index="2" bw="5" slack="0"/>
<pin id="150" dir="1" index="3" bw="5" slack="0"/>
</pin_list>
<bind>
<opcode="getelementptr(29) " fcode="getelementptr"/>
<opset="w_1_addr_1/12 "/>
</bind>
</comp>

<comp id="153" class="1004" name="w_2_addr_1_gep_fu_153">
<pin_list>
<pin id="154" dir="0" index="0" bw="32" slack="0"/>
<pin id="155" dir="0" index="1" bw="1" slack="0"/>
<pin id="156" dir="0" index="2" bw="5" slack="0"/>
<pin id="157" dir="1" index="3" bw="5" slack="0"/>
</pin_list>
<bind>
<opcode="getelementptr(29) " fcode="getelementptr"/>
<opset="w_2_addr_1/12 "/>
</bind>
</comp>

<comp id="175" class="1004" name="w_addr_2_gep_fu_175">
<pin_list>
<pin id="176" dir="0" index="0" bw="32" slack="0"/>
<pin id="177" dir="0" index="1" bw="1" slack="0"/>
<pin id="178" dir="0" index="2" bw="5" slack="0"/>
<pin id="179" dir="1" index="3" bw="5" slack="0"/>
</pin_list>
<bind>
<opcode="getelementptr(29) " fcode="getelementptr"/>
<opset="w_addr_2/12 "/>
</bind>
</comp>

<comp id="182" class="1004" name="w_1_addr_2_gep_fu_182">
<pin_list>
<pin id="183" dir="0" index="0" bw="32" slack="0"/>
<pin id="184" dir="0" index="1" bw="1" slack="0"/>
<pin id="185" dir="0" index="2" bw="5" slack="0"/>
<pin id="186" dir="1" index="3" bw="5" slack="0"/>
</pin_list>
<bind>
<opcode="getelementptr(29) " fcode="getelementptr"/>
<opset="w_1_addr_2/12 "/>
</bind>
</comp>

<comp id="189" class="1004" name="w_2_addr_2_gep_fu_189">
<pin_list>
<pin id="190" dir="0" index="0" bw="32" slack="0"/>
<pin id="191" dir="0" index="1" bw="1" slack="0"/>
<pin id="192" dir="0" index="2" bw="5" slack="0"/>
<pin id="193" dir="1" index="3" bw="5" slack="0"/>
</pin_list>
<bind>
<opcode="getelementptr(29) " fcode="getelementptr"/>
<opset="w_2_addr_2/12 "/>
</bind>
</comp>

<comp id="199" class="1004" name="w_addr_3_gep_fu_199">
<pin_list>
<pin id="200" dir="0" index="0" bw="32" slack="0"/>
<pin id="201" dir="0" index="1" bw="1" slack="0"/>
<pin id="202" dir="0" index="2" bw="5" slack="0"/>
<pin id="203" dir="1" index="3" bw="5" slack="0"/>
</pin_list>
<bind>
<opcode="getelementptr(29) " fcode="getelementptr"/>
<opset="w_addr_3/12 "/>
</bind>
</comp>

<comp id="206" class="1004" name="w_1_addr_3_gep_fu_206">
<pin_list>
<pin id="207" dir="0" index="0" bw="32" slack="0"/>
<pin id="208" dir="0" index="1" bw="1" slack="0"/>
<pin id="209" dir="0" index="2" bw="5" slack="0"/>
<pin id="210" dir="1" index="3" bw="5" slack="0"/>
</pin_list>
<bind>
<opcode="getelementptr(29) " fcode="getelementptr"/>
<opset="w_1_addr_3/12 "/>
</bind>
</comp>

<comp id="213" class="1004" name="w_2_addr_3_gep_fu_213">
<pin_list>
<pin id="214" dir="0" index="0" bw="32" slack="0"/>
<pin id="215" dir="0" index="1" bw="1" slack="0"/>
<pin id="216" dir="0" index="2" bw="5" slack="0"/>
<pin id="217" dir="1" index="3" bw="5" slack="0"/>
</pin_list>
<bind>
<opcode="getelementptr(29) " fcode="getelementptr"/>
<opset="w_2_addr_3/12 "/>
</bind>
</comp>

<comp id="223" class="1004" name="w_addr_4_gep_fu_223">
<pin_list>
<pin id="224" dir="0" index="0" bw="32" slack="0"/>
<pin id="225" dir="0" index="1" bw="1" slack="0"/>
<pin id="226" dir="0" index="2" bw="5" slack="0"/>
<pin id="227" dir="1" index="3" bw="5" slack="0"/>
</pin_list>
<bind>
<opcode="getelementptr(29) " fcode="getelementptr"/>
<opset="w_addr_4/13 "/>
</bind>
</comp>

<comp id="230" class="1004" name="w_1_addr_4_gep_fu_230">
<pin_list>
<pin id="231" dir="0" index="0" bw="32" slack="0"/>
<pin id="232" dir="0" index="1" bw="1" slack="0"/>
<pin id="233" dir="0" index="2" bw="5" slack="0"/>
<pin id="234" dir="1" index="3" bw="5" slack="0"/>
</pin_list>
<bind>
<opcode="getelementptr(29) " fcode="getelementptr"/>
<opset="w_1_addr_4/13 "/>
</bind>
</comp>

<comp id="237" class="1004" name="w_2_addr_4_gep_fu_237">
<pin_list>
<pin id="238" dir="0" index="0" bw="32" slack="0"/>
<pin id="239" dir="0" index="1" bw="1" slack="0"/>
<pin id="240" dir="0" index="2" bw="5" slack="0"/>
<pin id="241" dir="1" index="3" bw="5" slack="0"/>
</pin_list>
<bind>
<opcode="getelementptr(29) " fcode="getelementptr"/>
<opset="w_2_addr_4/13 "/>
</bind>
</comp>

<comp id="247" class="1004" name="store_ln0_store_fu_247">
<pin_list>
<pin id="248" dir="0" index="0" bw="6" slack="0"/>
<pin id="249" dir="0" index="1" bw="7" slack="0"/>
<pin id="250" dir="1" index="2" bw="0" slack="2147483647"/>
</pin_list>
<bind>
<opcode="store(28) " fcode="store"/>
<opset="store_ln0/1 "/>
</bind>
</comp>

<comp id="252" class="1004" name="i_load_fu_252">
<pin_list>
<pin id="253" dir="0" index="0" bw="7" slack="0"/>
<pin id="254" dir="1" index="1" bw="7" slack="0"/>
</pin_list>
<bind>
<opcode="load(27) " fcode="load"/>
<opset="i/1 "/>
</bind>
</comp>

<comp id="255" class="1004" name="icmp_ln135_fu_255">
<pin_list>
<pin id="256" dir="0" index="0" bw="7" slack="0"/>
<pin id="257" dir="0" index="1" bw="7" slack="0"/>
<pin id="258" dir="1" index="2" bw="1" slack="1"/>
</pin_list>
<bind>
<opcode="icmp(45) " fcode="icmp"/>
<opset="icmp_ln135/1 "/>
</bind>
</comp>

<comp id="261" class="1004" name="grp_fu_261">
<pin_list>
<pin id="262" dir="0" index="0" bw="7" slack="0"/>
<pin id="263" dir="0" index="1" bw="3" slack="0"/>
<pin id="264" dir="1" index="2" bw="2" slack="0"/>
</pin_list>
<bind>
<opcode="urem(17) " fcode="urem"/>
<opset="urem_ln135/1 "/>
</bind>
</comp>

<comp id="267" class="1004" name="add_ln135_fu_267">
<pin_list>
<pin id="268" dir="0" index="0" bw="7" slack="0"/>
<pin id="269" dir="0" index="1" bw="1" slack="0"/>
<pin id="270" dir="1" index="2" bw="7" slack="0"/>
</pin_list>
<bind>
<opcode="add(8) " fcode="add"/>
<opset="add_ln135/1 "/>
</bind>
</comp>

<comp id="273" class="1004" name="store_ln135_store_fu_273">
<pin_list>
<pin id="274" dir="0" index="0" bw="7" slack="0"/>
<pin id="275" dir="0" index="1" bw="7" slack="0"/>
<pin id="276" dir="1" index="2" bw="0" slack="2147483647"/>
</pin_list>
<bind>
<opcode="store(28) " fcode="store"/>
<opset="store_ln135/1 "/>
</bind>
</comp>

<comp id="278" class="1004" name="trunc_ln135_fu_278">
<pin_list>
<pin id="279" dir="0" index="0" bw="7" slack="10"/>
<pin id="280" dir="1" index="1" bw="6" slack="0"/>
</pin_list>
<bind>
<opcode="trunc(33) " fcode="trunc"/>
<opset="trunc_ln135/11 "/>
</bind>
</comp>

<comp id="281" class="1004" name="trunc_ln135_1_fu_281">
<pin_list>
<pin id="282" dir="0" index="0" bw="2" slack="0"/>
<pin id="283" dir="1" index="1" bw="2" slack="1"/>
</pin_list>
<bind>
<opcode="trunc(33) " fcode="trunc"/>
<opset="trunc_ln135_1/11 "/>
</bind>
</comp>

<comp id="285" class="1004" name="add_ln138_fu_285">
<pin_list>
<pin id="286" dir="0" index="0" bw="6" slack="0"/>
<pin id="287" dir="0" index="1" bw="2" slack="0"/>
<pin id="288" dir="1" index="2" bw="6" slack="0"/>
</pin_list>
<bind>
<opcode="add(8) " fcode="add"/>
<opset="add_ln138/11 "/>
</bind>
</comp>

<comp id="291" class="1004" name="zext_ln138_4_fu_291">
<pin_list>
<pin id="292" dir="0" index="0" bw="6" slack="0"/>
<pin id="293" dir="1" index="1" bw="13" slack="0"/>
</pin_list>
<bind>
<opcode="zext(34) " fcode="zext"/>
<opset="zext_ln138_4/11 "/>
</bind>
</comp>

<comp id="295" class="1004" name="mul_ln138_fu_295">
<pin_list>
<pin id="296" dir="0" index="0" bw="6" slack="0"/>
<pin id="297" dir="0" index="1" bw="8" slack="0"/>
<pin id="298" dir="1" index="2" bw="13" slack="0"/>
</pin_list>
<bind>
<opcode="mul(12) " fcode="mul"/>
<opset="mul_ln138/11 "/>
</bind>
</comp>

<comp id="301" class="1004" name="tmp_1_fu_301">
<pin_list>
<pin id="302" dir="0" index="0" bw="5" slack="0"/>
<pin id="303" dir="0" index="1" bw="13" slack="0"/>
<pin id="304" dir="0" index="2" bw="5" slack="0"/>
<pin id="305" dir="0" index="3" bw="5" slack="0"/>
<pin id="306" dir="1" index="4" bw="5" slack="1"/>
</pin_list>
<bind>
<opcode="partselect(1002) " fcode="partselect"/>
<opset="tmp_1/11 "/>
</bind>
</comp>

<comp id="311" class="1004" name="add_ln138_1_fu_311">
<pin_list>
<pin id="312" dir="0" index="0" bw="6" slack="0"/>
<pin id="313" dir="0" index="1" bw="4" slack="0"/>
<pin id="314" dir="1" index="2" bw="6" slack="0"/>
</pin_list>
<bind>
<opcode="add(8) " fcode="add"/>
<opset="add_ln138_1/11 "/>
</bind>
</comp>

<comp id="317" class="1004" name="zext_ln138_5_fu_317">
<pin_list>
<pin id="318" dir="0" index="0" bw="6" slack="0"/>
<pin id="319" dir="1" index="1" bw="13" slack="0"/>
</pin_list>
<bind>
<opcode="zext(34) " fcode="zext"/>
<opset="zext_ln138_5/11 "/>
</bind>
</comp>

<comp id="321" class="1004" name="mul_ln138_1_fu_321">
<pin_list>
<pin id="322" dir="0" index="0" bw="6" slack="0"/>
<pin id="323" dir="0" index="1" bw="8" slack="0"/>
<pin id="324" dir="1" index="2" bw="13" slack="0"/>
</pin_list>
<bind>
<opcode="mul(12) " fcode="mul"/>
<opset="mul_ln138_1/11 "/>
</bind>
</comp>

<comp id="327" class="1004" name="tmp_2_fu_327">
<pin_list>
<pin id="328" dir="0" index="0" bw="5" slack="0"/>
<pin id="329" dir="0" index="1" bw="13" slack="0"/>
<pin id="330" dir="0" index="2" bw="5" slack="0"/>
<pin id="331" dir="0" index="3" bw="5" slack="0"/>
<pin id="332" dir="1" index="4" bw="5" slack="1"/>
</pin_list>
<bind>
<opcode="partselect(1002) " fcode="partselect"/>
<opset="tmp_2/11 "/>
</bind>
</comp>

<comp id="337" class="1004" name="add_ln138_2_fu_337">
<pin_list>
<pin id="338" dir="0" index="0" bw="6" slack="0"/>
<pin id="339" dir="0" index="1" bw="5" slack="0"/>
<pin id="340" dir="1" index="2" bw="6" slack="0"/>
</pin_list>
<bind>
<opcode="add(8) " fcode="add"/>
<opset="add_ln138_2/11 "/>
</bind>
</comp>

<comp id="343" class="1004" name="zext_ln138_6_fu_343">
<pin_list>
<pin id="344" dir="0" index="0" bw="6" slack="0"/>
<pin id="345" dir="1" index="1" bw="13" slack="0"/>
</pin_list>
<bind>
<opcode="zext(34) " fcode="zext"/>
<opset="zext_ln138_6/11 "/>
</bind>
</comp>

<comp id="347" class="1004" name="mul_ln138_2_fu_347">
<pin_list>
<pin id="348" dir="0" index="0" bw="6" slack="0"/>
<pin id="349" dir="0" index="1" bw="8" slack="0"/>
<pin id="350" dir="1" index="2" bw="13" slack="0"/>
</pin_list>
<bind>
<opcode="mul(12) " fcode="mul"/>
<opset="mul_ln138_2/11 "/>
</bind>
</comp>

<comp id="353" class="1004" name="tmp_3_fu_353">
<pin_list>
<pin id="354" dir="0" index="0" bw="5" slack="0"/>
<pin id="355" dir="0" index="1" bw="13" slack="0"/>
<pin id="356" dir="0" index="2" bw="5" slack="0"/>
<pin id="357" dir="0" index="3" bw="5" slack="0"/>
<pin id="358" dir="1" index="4" bw="5" slack="1"/>
</pin_list>
<bind>
<opcode="partselect(1002) " fcode="partselect"/>
<opset="tmp_3/11 "/>
</bind>
</comp>

<comp id="363" class="1004" name="add_ln138_3_fu_363">
<pin_list>
<pin id="364" dir="0" index="0" bw="6" slack="0"/>
<pin id="365" dir="0" index="1" bw="5" slack="0"/>
<pin id="366" dir="1" index="2" bw="6" slack="1"/>
</pin_list>
<bind>
<opcode="add(8) " fcode="add"/>
<opset="add_ln138_3/11 "/>
</bind>
</comp>

<comp id="369" class="1004" name="zext_ln135_1_fu_369">
<pin_list>
<pin id="370" dir="0" index="0" bw="7" slack="11"/>
<pin id="371" dir="1" index="1" bw="14" slack="0"/>
</pin_list>
<bind>
<opcode="zext(34) " fcode="zext"/>
<opset="zext_ln135_1/12 "/>
</bind>
</comp>

<comp id="372" class="1004" name="mul_ln135_fu_372">
<pin_list>
<pin id="373" dir="0" index="0" bw="7" slack="0"/>
<pin id="374" dir="0" index="1" bw="9" slack="0"/>
<pin id="375" dir="1" index="2" bw="14" slack="0"/>
</pin_list>
<bind>
<opcode="mul(12) " fcode="mul"/>
<opset="mul_ln135/12 "/>
</bind>
</comp>

<comp id="378" class="1004" name="tmp_fu_378">
<pin_list>
<pin id="379" dir="0" index="0" bw="5" slack="0"/>
<pin id="380" dir="0" index="1" bw="14" slack="0"/>
<pin id="381" dir="0" index="2" bw="5" slack="0"/>
<pin id="382" dir="0" index="3" bw="5" slack="0"/>
<pin id="383" dir="1" index="4" bw="5" slack="1"/>
</pin_list>
<bind>
<opcode="partselect(1002) " fcode="partselect"/>
<opset="tmp/12 "/>
</bind>
</comp>

<comp id="388" class="1004" name="zext_ln138_fu_388">
<pin_list>
<pin id="389" dir="0" index="0" bw="5" slack="1"/>
<pin id="390" dir="1" index="1" bw="64" slack="0"/>
</pin_list>
<bind>
<opcode="zext(34) " fcode="zext"/>
<opset="zext_ln138/12 "/>
</bind>
</comp>

<comp id="394" class="1004" name="zext_ln138_1_fu_394">
<pin_list>
<pin id="395" dir="0" index="0" bw="5" slack="1"/>
<pin id="396" dir="1" index="1" bw="64" slack="0"/>
</pin_list>
<bind>
<opcode="zext(34) " fcode="zext"/>
<opset="zext_ln138_1/12 "/>
</bind>
</comp>

<comp id="400" class="1004" name="zext_ln138_2_fu_400">
<pin_list>
<pin id="401" dir="0" index="0" bw="5" slack="1"/>
<pin id="402" dir="1" index="1" bw="64" slack="0"/>
</pin_list>
<bind>
<opcode="zext(34) " fcode="zext"/>
<opset="zext_ln138_2/12 "/>
</bind>
</comp>

<comp id="406" class="1004" name="zext_ln138_7_fu_406">
<pin_list>
<pin id="407" dir="0" index="0" bw="6" slack="1"/>
<pin id="408" dir="1" index="1" bw="13" slack="0"/>
</pin_list>
<bind>
<opcode="zext(34) " fcode="zext"/>
<opset="zext_ln138_7/12 "/>
</bind>
</comp>

<comp id="409" class="1004" name="mul_ln138_3_fu_409">
<pin_list>
<pin id="410" dir="0" index="0" bw="6" slack="0"/>
<pin id="411" dir="0" index="1" bw="8" slack="0"/>
<pin id="412" dir="1" index="2" bw="13" slack="0"/>
</pin_list>
<bind>
<opcode="mul(12) " fcode="mul"/>
<opset="mul_ln138_3/12 "/>
</bind>
</comp>

<comp id="415" class="1004" name="tmp_4_fu_415">
<pin_list>
<pin id="416" dir="0" index="0" bw="5" slack="0"/>
<pin id="417" dir="0" index="1" bw="13" slack="0"/>
<pin id="418" dir="0" index="2" bw="5" slack="0"/>
<pin id="419" dir="0" index="3" bw="5" slack="0"/>
<pin id="420" dir="1" index="4" bw="5" slack="0"/>
</pin_list>
<bind>
<opcode="partselect(1002) " fcode="partselect"/>
<opset="tmp_4/12 "/>
</bind>
</comp>

<comp id="425" class="1004" name="zext_ln138_3_fu_425">
<pin_list>
<pin id="426" dir="0" index="0" bw="5" slack="0"/>
<pin id="427" dir="1" index="1" bw="64" slack="0"/>
</pin_list>
<bind>
<opcode="zext(34) " fcode="zext"/>
<opset="zext_ln138_3/12 "/>
</bind>
</comp>

<comp id="432" class="1004" name="zext_ln135_fu_432">
<pin_list>
<pin id="433" dir="0" index="0" bw="5" slack="1"/>
<pin id="434" dir="1" index="1" bw="64" slack="0"/>
</pin_list>
<bind>
<opcode="zext(34) " fcode="zext"/>
<opset="zext_ln135/13 "/>
</bind>
</comp>

<comp id="438" class="1004" name="x_assign_fu_438">
<pin_list>
<pin id="439" dir="0" index="0" bw="32" slack="0"/>
<pin id="440" dir="0" index="1" bw="32" slack="0"/>
<pin id="441" dir="0" index="2" bw="32" slack="0"/>
<pin id="442" dir="0" index="3" bw="32" slack="0"/>
<pin id="443" dir="0" index="4" bw="2" slack="2"/>
<pin id="444" dir="1" index="5" bw="32" slack="0"/>
</pin_list>
<bind>
<opcode="mux(1196) " fcode="mux"/>
<opset="x_assign/13 "/>
</bind>
</comp>

<comp id="449" class="1004" name="lshr_ln_fu_449">
<pin_list>
<pin id="450" dir="0" index="0" bw="15" slack="0"/>
<pin id="451" dir="0" index="1" bw="32" slack="0"/>
<pin id="452" dir="0" index="2" bw="6" slack="0"/>
<pin id="453" dir="0" index="3" bw="6" slack="0"/>
<pin id="454" dir="1" index="4" bw="15" slack="0"/>
</pin_list>
<bind>
<opcode="partselect(1002) " fcode="partselect"/>
<opset="lshr_ln/13 "/>
</bind>
</comp>

<comp id="459" class="1004" name="trunc_ln54_fu_459">
<pin_list>
<pin id="460" dir="0" index="0" bw="32" slack="0"/>
<pin id="461" dir="1" index="1" bw="17" slack="0"/>
</pin_list>
<bind>
<opcode="trunc(33) " fcode="trunc"/>
<opset="trunc_ln54/13 "/>
</bind>
</comp>

<comp id="463" class="1004" name="lshr_ln54_1_fu_463">
<pin_list>
<pin id="464" dir="0" index="0" bw="13" slack="0"/>
<pin id="465" dir="0" index="1" bw="32" slack="0"/>
<pin id="466" dir="0" index="2" bw="6" slack="0"/>
<pin id="467" dir="0" index="3" bw="6" slack="0"/>
<pin id="468" dir="1" index="4" bw="13" slack="0"/>
</pin_list>
<bind>
<opcode="partselect(1002) " fcode="partselect"/>
<opset="lshr_ln54_1/13 "/>
</bind>
</comp>

<comp id="473" class="1004" name="trunc_ln54_6_fu_473">
<pin_list>
<pin id="474" dir="0" index="0" bw="32" slack="0"/>
<pin id="475" dir="1" index="1" bw="19" slack="0"/>
</pin_list>
<bind>
<opcode="trunc(33) " fcode="trunc"/>
<opset="trunc_ln54_6/13 "/>
</bind>
</comp>

<comp id="477" class="1004" name="lshr_ln1_fu_477">
<pin_list>
<pin id="478" dir="0" index="0" bw="22" slack="0"/>
<pin id="479" dir="0" index="1" bw="32" slack="0"/>
<pin id="480" dir="0" index="2" bw="5" slack="0"/>
<pin id="481" dir="0" index="3" bw="6" slack="0"/>
<pin id="482" dir="1" index="4" bw="22" slack="0"/>
</pin_list>
<bind>
<opcode="partselect(1002) " fcode="partselect"/>
<opset="lshr_ln1/13 "/>
</bind>
</comp>

<comp id="487" class="1004" name="zext_ln90_fu_487">
<pin_list>
<pin id="488" dir="0" index="0" bw="22" slack="0"/>
<pin id="489" dir="1" index="1" bw="32" slack="0"/>
</pin_list>
<bind>
<opcode="zext(34) " fcode="zext"/>
<opset="zext_ln90/13 "/>
</bind>
</comp>

<comp id="491" class="1004" name="tmp_5_fu_491">
<pin_list>
<pin id="492" dir="0" index="0" bw="32" slack="0"/>
<pin id="493" dir="0" index="1" bw="32" slack="0"/>
<pin id="494" dir="0" index="2" bw="32" slack="0"/>
<pin id="495" dir="0" index="3" bw="32" slack="0"/>
<pin id="496" dir="0" index="4" bw="2" slack="2"/>
<pin id="497" dir="1" index="5" bw="32" slack="0"/>
</pin_list>
<bind>
<opcode="mux(1196) " fcode="mux"/>
<opset="tmp_5/13 "/>
</bind>
</comp>

<comp id="502" class="1004" name="x_assign_1_fu_502">
<pin_list>
<pin id="503" dir="0" index="0" bw="32" slack="0"/>
<pin id="504" dir="0" index="1" bw="32" slack="0"/>
<pin id="505" dir="0" index="2" bw="32" slack="0"/>
<pin id="506" dir="0" index="3" bw="32" slack="0"/>
<pin id="507" dir="0" index="4" bw="2" slack="2"/>
<pin id="508" dir="1" index="5" bw="32" slack="0"/>
</pin_list>
<bind>
<opcode="mux(1196) " fcode="mux"/>
<opset="x_assign_1/13 "/>
</bind>
</comp>

<comp id="513" class="1004" name="lshr_ln54_2_fu_513">
<pin_list>
<pin id="514" dir="0" index="0" bw="25" slack="0"/>
<pin id="515" dir="0" index="1" bw="32" slack="0"/>
<pin id="516" dir="0" index="2" bw="4" slack="0"/>
<pin id="517" dir="0" index="3" bw="6" slack="0"/>
<pin id="518" dir="1" index="4" bw="25" slack="0"/>
</pin_list>
<bind>
<opcode="partselect(1002) " fcode="partselect"/>
<opset="lshr_ln54_2/13 "/>
</bind>
</comp>

<comp id="523" class="1004" name="trunc_ln54_7_fu_523">
<pin_list>
<pin id="524" dir="0" index="0" bw="32" slack="0"/>
<pin id="525" dir="1" index="1" bw="7" slack="0"/>
</pin_list>
<bind>
<opcode="trunc(33) " fcode="trunc"/>
<opset="trunc_ln54_7/13 "/>
</bind>
</comp>

<comp id="527" class="1004" name="lshr_ln54_3_fu_527">
<pin_list>
<pin id="528" dir="0" index="0" bw="14" slack="0"/>
<pin id="529" dir="0" index="1" bw="32" slack="0"/>
<pin id="530" dir="0" index="2" bw="6" slack="0"/>
<pin id="531" dir="0" index="3" bw="6" slack="0"/>
<pin id="532" dir="1" index="4" bw="14" slack="0"/>
</pin_list>
<bind>
<opcode="partselect(1002) " fcode="partselect"/>
<opset="lshr_ln54_3/13 "/>
</bind>
</comp>

<comp id="537" class="1004" name="trunc_ln54_8_fu_537">
<pin_list>
<pin id="538" dir="0" index="0" bw="32" slack="0"/>
<pin id="539" dir="1" index="1" bw="18" slack="0"/>
</pin_list>
<bind>
<opcode="trunc(33) " fcode="trunc"/>
<opset="trunc_ln54_8/13 "/>
</bind>
</comp>

<comp id="541" class="1004" name="lshr_ln2_fu_541">
<pin_list>
<pin id="542" dir="0" index="0" bw="29" slack="0"/>
<pin id="543" dir="0" index="1" bw="32" slack="0"/>
<pin id="544" dir="0" index="2" bw="3" slack="0"/>
<pin id="545" dir="0" index="3" bw="6" slack="0"/>
<pin id="546" dir="1" index="4" bw="29" slack="0"/>
</pin_list>
<bind>
<opcode="partselect(1002) " fcode="partselect"/>
<opset="lshr_ln2/13 "/>
</bind>
</comp>

<comp id="551" class="1004" name="zext_ln84_fu_551">
<pin_list>
<pin id="552" dir="0" index="0" bw="29" slack="0"/>
<pin id="553" dir="1" index="1" bw="32" slack="0"/>
</pin_list>
<bind>
<opcode="zext(34) " fcode="zext"/>
<opset="zext_ln84/13 "/>
</bind>
</comp>

<comp id="555" class="1004" name="tmp_7_fu_555">
<pin_list>
<pin id="556" dir="0" index="0" bw="32" slack="0"/>
<pin id="557" dir="0" index="1" bw="32" slack="0"/>
<pin id="558" dir="0" index="2" bw="32" slack="0"/>
<pin id="559" dir="0" index="3" bw="32" slack="0"/>
<pin id="560" dir="0" index="4" bw="2" slack="2"/>
<pin id="561" dir="1" index="5" bw="32" slack="0"/>
</pin_list>
<bind>
<opcode="mux(1196) " fcode="mux"/>
<opset="tmp_7/13 "/>
</bind>
</comp>

<comp id="566" class="1004" name="or_ln_fu_566">
<pin_list>
<pin id="567" dir="0" index="0" bw="32" slack="0"/>
<pin id="568" dir="0" index="1" bw="17" slack="0"/>
<pin id="569" dir="0" index="2" bw="15" slack="0"/>
<pin id="570" dir="1" index="3" bw="32" slack="0"/>
</pin_list>
<bind>
<opcode="bitconcatenate(1004) " fcode="bitconcatenate"/>
<opset="or_ln/13 "/>
</bind>
</comp>

<comp id="574" class="1004" name="or_ln138_1_fu_574">
<pin_list>
<pin id="575" dir="0" index="0" bw="32" slack="0"/>
<pin id="576" dir="0" index="1" bw="19" slack="0"/>
<pin id="577" dir="0" index="2" bw="13" slack="0"/>
<pin id="578" dir="1" index="3" bw="32" slack="0"/>
</pin_list>
<bind>
<opcode="bitconcatenate(1004) " fcode="bitconcatenate"/>
<opset="or_ln138_1/13 "/>
</bind>
</comp>

<comp id="582" class="1004" name="or_ln138_2_fu_582">
<pin_list>
<pin id="583" dir="0" index="0" bw="32" slack="0"/>
<pin id="584" dir="0" index="1" bw="7" slack="0"/>
<pin id="585" dir="0" index="2" bw="25" slack="0"/>
<pin id="586" dir="1" index="3" bw="32" slack="0"/>
</pin_list>
<bind>
<opcode="bitconcatenate(1004) " fcode="bitconcatenate"/>
<opset="or_ln138_2/13 "/>
</bind>
</comp>

<comp id="590" class="1004" name="or_ln138_3_fu_590">
<pin_list>
<pin id="591" dir="0" index="0" bw="32" slack="0"/>
<pin id="592" dir="0" index="1" bw="18" slack="0"/>
<pin id="593" dir="0" index="2" bw="14" slack="0"/>
<pin id="594" dir="1" index="3" bw="32" slack="0"/>
</pin_list>
<bind>
<opcode="bitconcatenate(1004) " fcode="bitconcatenate"/>
<opset="or_ln138_3/13 "/>
</bind>
</comp>

<comp id="598" class="1004" name="xor_ln138_fu_598">
<pin_list>
<pin id="599" dir="0" index="0" bw="32" slack="0"/>
<pin id="600" dir="0" index="1" bw="32" slack="0"/>
<pin id="601" dir="1" index="2" bw="32" slack="0"/>
</pin_list>
<bind>
<opcode="xor(25) " fcode="xor"/>
<opset="xor_ln138/13 "/>
</bind>
</comp>

<comp id="604" class="1004" name="xor_ln138_1_fu_604">
<pin_list>
<pin id="605" dir="0" index="0" bw="32" slack="0"/>
<pin id="606" dir="0" index="1" bw="32" slack="0"/>
<pin id="607" dir="1" index="2" bw="32" slack="0"/>
</pin_list>
<bind>
<opcode="xor(25) " fcode="xor"/>
<opset="xor_ln138_1/13 "/>
</bind>
</comp>

<comp id="610" class="1004" name="xor_ln138_2_fu_610">
<pin_list>
<pin id="611" dir="0" index="0" bw="32" slack="0"/>
<pin id="612" dir="0" index="1" bw="32" slack="0"/>
<pin id="613" dir="1" index="2" bw="32" slack="0"/>
</pin_list>
<bind>
<opcode="xor(25) " fcode="xor"/>
<opset="xor_ln138_2/13 "/>
</bind>
</comp>

<comp id="616" class="1004" name="xor_ln138_3_fu_616">
<pin_list>
<pin id="617" dir="0" index="0" bw="32" slack="0"/>
<pin id="618" dir="0" index="1" bw="32" slack="0"/>
<pin id="619" dir="1" index="2" bw="32" slack="0"/>
</pin_list>
<bind>
<opcode="xor(25) " fcode="xor"/>
<opset="xor_ln138_3/13 "/>
</bind>
</comp>

<comp id="622" class="1004" name="add_ln138_5_fu_622">
<pin_list>
<pin id="623" dir="0" index="0" bw="32" slack="0"/>
<pin id="624" dir="0" index="1" bw="32" slack="0"/>
<pin id="625" dir="1" index="2" bw="32" slack="0"/>
</pin_list>
<bind>
<opcode="add(8) " fcode="add"/>
<opset="add_ln138_5/13 "/>
</bind>
</comp>

<comp id="628" class="1004" name="add_ln138_4_fu_628">
<pin_list>
<pin id="629" dir="0" index="0" bw="32" slack="0"/>
<pin id="630" dir="0" index="1" bw="32" slack="0"/>
<pin id="631" dir="1" index="2" bw="32" slack="0"/>
</pin_list>
<bind>
<opcode="add(8) " fcode="add"/>
<opset="add_ln138_4/13 "/>
</bind>
</comp>

<comp id="634" class="1004" name="add_ln138_6_fu_634">
<pin_list>
<pin id="635" dir="0" index="0" bw="32" slack="0"/>
<pin id="636" dir="0" index="1" bw="32" slack="0"/>
<pin id="637" dir="1" index="2" bw="32" slack="0"/>
</pin_list>
<bind>
<opcode="add(8) " fcode="add"/>
<opset="add_ln138_6/13 "/>
</bind>
</comp>

<comp id="643" class="1005" name="i_5_reg_643">
<pin_list>
<pin id="644" dir="0" index="0" bw="7" slack="0"/>
<pin id="645" dir="1" index="1" bw="7" slack="0"/>
</pin_list>
<bind>
<opset="i_5 "/>
</bind>
</comp>

<comp id="650" class="1005" name="i_reg_650">
<pin_list>
<pin id="651" dir="0" index="0" bw="7" slack="1"/>
<pin id="652" dir="1" index="1" bw="7" slack="1"/>
</pin_list>
<bind>
<opset="i "/>
</bind>
</comp>

<comp id="657" class="1005" name="icmp_ln135_reg_657">
<pin_list>
<pin id="658" dir="0" index="0" bw="1" slack="1"/>
<pin id="659" dir="1" index="1" bw="1" slack="2147483647"/>
</pin_list>
<bind>
<opset="icmp_ln135 "/>
</bind>
</comp>

<comp id="661" class="1005" name="trunc_ln135_1_reg_661">
<pin_list>
<pin id="662" dir="0" index="0" bw="2" slack="1"/>
<pin id="663" dir="1" index="1" bw="2" slack="2"/>
</pin_list>
<bind>
<opset="trunc_ln135_1 "/>
</bind>
</comp>

<comp id="669" class="1005" name="tmp_1_reg_669">
<pin_list>
<pin id="670" dir="0" index="0" bw="5" slack="1"/>
<pin id="671" dir="1" index="1" bw="5" slack="1"/>
</pin_list>
<bind>
<opset="tmp_1 "/>
</bind>
</comp>

<comp id="674" class="1005" name="tmp_2_reg_674">
<pin_list>
<pin id="675" dir="0" index="0" bw="5" slack="1"/>
<pin id="676" dir="1" index="1" bw="5" slack="1"/>
</pin_list>
<bind>
<opset="tmp_2 "/>
</bind>
</comp>

<comp id="679" class="1005" name="tmp_3_reg_679">
<pin_list>
<pin id="680" dir="0" index="0" bw="5" slack="1"/>
<pin id="681" dir="1" index="1" bw="5" slack="1"/>
</pin_list>
<bind>
<opset="tmp_3 "/>
</bind>
</comp>

<comp id="684" class="1005" name="add_ln138_3_reg_684">
<pin_list>
<pin id="685" dir="0" index="0" bw="6" slack="1"/>
<pin id="686" dir="1" index="1" bw="6" slack="1"/>
</pin_list>
<bind>
<opset="add_ln138_3 "/>
</bind>
</comp>

<comp id="689" class="1005" name="tmp_reg_689">
<pin_list>
<pin id="690" dir="0" index="0" bw="5" slack="1"/>
<pin id="691" dir="1" index="1" bw="5" slack="1"/>
</pin_list>
<bind>
<opset="tmp "/>
</bind>
</comp>

<comp id="694" class="1005" name="w_addr_reg_694">
<pin_list>
<pin id="695" dir="0" index="0" bw="5" slack="1"/>
<pin id="696" dir="1" index="1" bw="5" slack="1"/>
</pin_list>
<bind>
<opset="w_addr "/>
</bind>
</comp>

<comp id="699" class="1005" name="w_1_addr_reg_699">
<pin_list>
<pin id="700" dir="0" index="0" bw="5" slack="1"/>
<pin id="701" dir="1" index="1" bw="5" slack="1"/>
</pin_list>
<bind>
<opset="w_1_addr "/>
</bind>
</comp>

<comp id="704" class="1005" name="w_2_addr_reg_704">
<pin_list>
<pin id="705" dir="0" index="0" bw="5" slack="1"/>
<pin id="706" dir="1" index="1" bw="5" slack="1"/>
</pin_list>
<bind>
<opset="w_2_addr "/>
</bind>
</comp>

<comp id="709" class="1005" name="w_addr_1_reg_709">
<pin_list>
<pin id="710" dir="0" index="0" bw="5" slack="1"/>
<pin id="711" dir="1" index="1" bw="5" slack="1"/>
</pin_list>
<bind>
<opset="w_addr_1 "/>
</bind>
</comp>

<comp id="714" class="1005" name="w_1_addr_1_reg_714">
<pin_list>
<pin id="715" dir="0" index="0" bw="5" slack="1"/>
<pin id="716" dir="1" index="1" bw="5" slack="1"/>
</pin_list>
<bind>
<opset="w_1_addr_1 "/>
</bind>
</comp>

<comp id="719" class="1005" name="w_2_addr_1_reg_719">
<pin_list>
<pin id="720" dir="0" index="0" bw="5" slack="1"/>
<pin id="721" dir="1" index="1" bw="5" slack="1"/>
</pin_list>
<bind>
<opset="w_2_addr_1 "/>
</bind>
</comp>

<comp id="724" class="1005" name="w_addr_2_reg_724">
<pin_list>
<pin id="725" dir="0" index="0" bw="5" slack="1"/>
<pin id="726" dir="1" index="1" bw="5" slack="1"/>
</pin_list>
<bind>
<opset="w_addr_2 "/>
</bind>
</comp>

<comp id="729" class="1005" name="w_1_addr_2_reg_729">
<pin_list>
<pin id="730" dir="0" index="0" bw="5" slack="1"/>
<pin id="731" dir="1" index="1" bw="5" slack="1"/>
</pin_list>
<bind>
<opset="w_1_addr_2 "/>
</bind>
</comp>

<comp id="734" class="1005" name="w_2_addr_2_reg_734">
<pin_list>
<pin id="735" dir="0" index="0" bw="5" slack="1"/>
<pin id="736" dir="1" index="1" bw="5" slack="1"/>
</pin_list>
<bind>
<opset="w_2_addr_2 "/>
</bind>
</comp>

<comp id="739" class="1005" name="w_addr_3_reg_739">
<pin_list>
<pin id="740" dir="0" index="0" bw="5" slack="1"/>
<pin id="741" dir="1" index="1" bw="5" slack="1"/>
</pin_list>
<bind>
<opset="w_addr_3 "/>
</bind>
</comp>

<comp id="744" class="1005" name="w_1_addr_3_reg_744">
<pin_list>
<pin id="745" dir="0" index="0" bw="5" slack="1"/>
<pin id="746" dir="1" index="1" bw="5" slack="1"/>
</pin_list>
<bind>
<opset="w_1_addr_3 "/>
</bind>
</comp>

<comp id="749" class="1005" name="w_2_addr_3_reg_749">
<pin_list>
<pin id="750" dir="0" index="0" bw="5" slack="1"/>
<pin id="751" dir="1" index="1" bw="5" slack="1"/>
</pin_list>
<bind>
<opset="w_2_addr_3 "/>
</bind>
</comp>

</comp_list>

<net_list>
<net id="99"><net_src comp="6" pin="0"/><net_sink comp="96" pin=0"/></net>

<net id="105"><net_src comp="4" pin="0"/><net_sink comp="100" pin=0"/></net>

<net id="106"><net_src comp="44" pin="0"/><net_sink comp="100" pin=1"/></net>

<net id="112"><net_src comp="2" pin="0"/><net_sink comp="107" pin=0"/></net>

<net id="113"><net_src comp="44" pin="0"/><net_sink comp="107" pin=1"/></net>

<net id="119"><net_src comp="0" pin="0"/><net_sink comp="114" pin=0"/></net>

<net id="120"><net_src comp="44" pin="0"/><net_sink comp="114" pin=1"/></net>

<net id="126"><net_src comp="100" pin="3"/><net_sink comp="121" pin=0"/></net>

<net id="132"><net_src comp="107" pin="3"/><net_sink comp="127" pin=0"/></net>

<net id="138"><net_src comp="114" pin="3"/><net_sink comp="133" pin=0"/></net>

<net id="144"><net_src comp="4" pin="0"/><net_sink comp="139" pin=0"/></net>

<net id="145"><net_src comp="44" pin="0"/><net_sink comp="139" pin=1"/></net>

<net id="151"><net_src comp="2" pin="0"/><net_sink comp="146" pin=0"/></net>

<net id="152"><net_src comp="44" pin="0"/><net_sink comp="146" pin=1"/></net>

<net id="158"><net_src comp="0" pin="0"/><net_sink comp="153" pin=0"/></net>

<net id="159"><net_src comp="44" pin="0"/><net_sink comp="153" pin=1"/></net>

<net id="164"><net_src comp="139" pin="3"/><net_sink comp="121" pin=2"/></net>

<net id="169"><net_src comp="146" pin="3"/><net_sink comp="127" pin=2"/></net>

<net id="174"><net_src comp="153" pin="3"/><net_sink comp="133" pin=2"/></net>

<net id="180"><net_src comp="4" pin="0"/><net_sink comp="175" pin=0"/></net>

<net id="181"><net_src comp="44" pin="0"/><net_sink comp="175" pin=1"/></net>

<net id="187"><net_src comp="2" pin="0"/><net_sink comp="182" pin=0"/></net>

<net id="188"><net_src comp="44" pin="0"/><net_sink comp="182" pin=1"/></net>

<net id="194"><net_src comp="0" pin="0"/><net_sink comp="189" pin=0"/></net>

<net id="195"><net_src comp="44" pin="0"/><net_sink comp="189" pin=1"/></net>

<net id="196"><net_src comp="175" pin="3"/><net_sink comp="121" pin=0"/></net>

<net id="197"><net_src comp="182" pin="3"/><net_sink comp="127" pin=0"/></net>

<net id="198"><net_src comp="189" pin="3"/><net_sink comp="133" pin=0"/></net>

<net id="204"><net_src comp="4" pin="0"/><net_sink comp="199" pin=0"/></net>

<net id="205"><net_src comp="44" pin="0"/><net_sink comp="199" pin=1"/></net>

<net id="211"><net_src comp="2" pin="0"/><net_sink comp="206" pin=0"/></net>

<net id="212"><net_src comp="44" pin="0"/><net_sink comp="206" pin=1"/></net>

<net id="218"><net_src comp="0" pin="0"/><net_sink comp="213" pin=0"/></net>

<net id="219"><net_src comp="44" pin="0"/><net_sink comp="213" pin=1"/></net>

<net id="220"><net_src comp="199" pin="3"/><net_sink comp="121" pin=0"/></net>

<net id="221"><net_src comp="206" pin="3"/><net_sink comp="127" pin=0"/></net>

<net id="222"><net_src comp="213" pin="3"/><net_sink comp="133" pin=0"/></net>

<net id="228"><net_src comp="4" pin="0"/><net_sink comp="223" pin=0"/></net>

<net id="229"><net_src comp="44" pin="0"/><net_sink comp="223" pin=1"/></net>

<net id="235"><net_src comp="2" pin="0"/><net_sink comp="230" pin=0"/></net>

<net id="236"><net_src comp="44" pin="0"/><net_sink comp="230" pin=1"/></net>

<net id="242"><net_src comp="0" pin="0"/><net_sink comp="237" pin=0"/></net>

<net id="243"><net_src comp="44" pin="0"/><net_sink comp="237" pin=1"/></net>

<net id="244"><net_src comp="230" pin="3"/><net_sink comp="127" pin=0"/></net>

<net id="245"><net_src comp="223" pin="3"/><net_sink comp="121" pin=0"/></net>

<net id="246"><net_src comp="237" pin="3"/><net_sink comp="133" pin=0"/></net>

<net id="251"><net_src comp="8" pin="0"/><net_sink comp="247" pin=0"/></net>

<net id="259"><net_src comp="252" pin="1"/><net_sink comp="255" pin=0"/></net>

<net id="260"><net_src comp="10" pin="0"/><net_sink comp="255" pin=1"/></net>

<net id="265"><net_src comp="252" pin="1"/><net_sink comp="261" pin=0"/></net>

<net id="266"><net_src comp="12" pin="0"/><net_sink comp="261" pin=1"/></net>

<net id="271"><net_src comp="252" pin="1"/><net_sink comp="267" pin=0"/></net>

<net id="272"><net_src comp="14" pin="0"/><net_sink comp="267" pin=1"/></net>

<net id="277"><net_src comp="267" pin="2"/><net_sink comp="273" pin=0"/></net>

<net id="284"><net_src comp="261" pin="2"/><net_sink comp="281" pin=0"/></net>

<net id="289"><net_src comp="278" pin="1"/><net_sink comp="285" pin=0"/></net>

<net id="290"><net_src comp="16" pin="0"/><net_sink comp="285" pin=1"/></net>

<net id="294"><net_src comp="285" pin="2"/><net_sink comp="291" pin=0"/></net>

<net id="299"><net_src comp="291" pin="1"/><net_sink comp="295" pin=0"/></net>

<net id="300"><net_src comp="18" pin="0"/><net_sink comp="295" pin=1"/></net>

<net id="307"><net_src comp="20" pin="0"/><net_sink comp="301" pin=0"/></net>

<net id="308"><net_src comp="295" pin="2"/><net_sink comp="301" pin=1"/></net>

<net id="309"><net_src comp="22" pin="0"/><net_sink comp="301" pin=2"/></net>

<net id="310"><net_src comp="24" pin="0"/><net_sink comp="301" pin=3"/></net>

<net id="315"><net_src comp="278" pin="1"/><net_sink comp="311" pin=0"/></net>

<net id="316"><net_src comp="26" pin="0"/><net_sink comp="311" pin=1"/></net>

<net id="320"><net_src comp="311" pin="2"/><net_sink comp="317" pin=0"/></net>

<net id="325"><net_src comp="317" pin="1"/><net_sink comp="321" pin=0"/></net>

<net id="326"><net_src comp="18" pin="0"/><net_sink comp="321" pin=1"/></net>

<net id="333"><net_src comp="20" pin="0"/><net_sink comp="327" pin=0"/></net>

<net id="334"><net_src comp="321" pin="2"/><net_sink comp="327" pin=1"/></net>

<net id="335"><net_src comp="22" pin="0"/><net_sink comp="327" pin=2"/></net>

<net id="336"><net_src comp="24" pin="0"/><net_sink comp="327" pin=3"/></net>

<net id="341"><net_src comp="278" pin="1"/><net_sink comp="337" pin=0"/></net>

<net id="342"><net_src comp="28" pin="0"/><net_sink comp="337" pin=1"/></net>

<net id="346"><net_src comp="337" pin="2"/><net_sink comp="343" pin=0"/></net>

<net id="351"><net_src comp="343" pin="1"/><net_sink comp="347" pin=0"/></net>

<net id="352"><net_src comp="18" pin="0"/><net_sink comp="347" pin=1"/></net>

<net id="359"><net_src comp="20" pin="0"/><net_sink comp="353" pin=0"/></net>

<net id="360"><net_src comp="347" pin="2"/><net_sink comp="353" pin=1"/></net>

<net id="361"><net_src comp="22" pin="0"/><net_sink comp="353" pin=2"/></net>

<net id="362"><net_src comp="24" pin="0"/><net_sink comp="353" pin=3"/></net>

<net id="367"><net_src comp="278" pin="1"/><net_sink comp="363" pin=0"/></net>

<net id="368"><net_src comp="30" pin="0"/><net_sink comp="363" pin=1"/></net>

<net id="376"><net_src comp="369" pin="1"/><net_sink comp="372" pin=0"/></net>

<net id="377"><net_src comp="36" pin="0"/><net_sink comp="372" pin=1"/></net>

<net id="384"><net_src comp="38" pin="0"/><net_sink comp="378" pin=0"/></net>

<net id="385"><net_src comp="372" pin="2"/><net_sink comp="378" pin=1"/></net>

<net id="386"><net_src comp="40" pin="0"/><net_sink comp="378" pin=2"/></net>

<net id="387"><net_src comp="42" pin="0"/><net_sink comp="378" pin=3"/></net>

<net id="391"><net_src comp="388" pin="1"/><net_sink comp="100" pin=2"/></net>

<net id="392"><net_src comp="388" pin="1"/><net_sink comp="107" pin=2"/></net>

<net id="393"><net_src comp="388" pin="1"/><net_sink comp="114" pin=2"/></net>

<net id="397"><net_src comp="394" pin="1"/><net_sink comp="139" pin=2"/></net>

<net id="398"><net_src comp="394" pin="1"/><net_sink comp="146" pin=2"/></net>

<net id="399"><net_src comp="394" pin="1"/><net_sink comp="153" pin=2"/></net>

<net id="403"><net_src comp="400" pin="1"/><net_sink comp="175" pin=2"/></net>

<net id="404"><net_src comp="400" pin="1"/><net_sink comp="182" pin=2"/></net>

<net id="405"><net_src comp="400" pin="1"/><net_sink comp="189" pin=2"/></net>

<net id="413"><net_src comp="406" pin="1"/><net_sink comp="409" pin=0"/></net>

<net id="414"><net_src comp="18" pin="0"/><net_sink comp="409" pin=1"/></net>

<net id="421"><net_src comp="20" pin="0"/><net_sink comp="415" pin=0"/></net>

<net id="422"><net_src comp="409" pin="2"/><net_sink comp="415" pin=1"/></net>

<net id="423"><net_src comp="22" pin="0"/><net_sink comp="415" pin=2"/></net>

<net id="424"><net_src comp="24" pin="0"/><net_sink comp="415" pin=3"/></net>

<net id="428"><net_src comp="415" pin="4"/><net_sink comp="425" pin=0"/></net>

<net id="429"><net_src comp="425" pin="1"/><net_sink comp="199" pin=2"/></net>

<net id="430"><net_src comp="425" pin="1"/><net_sink comp="206" pin=2"/></net>

<net id="431"><net_src comp="425" pin="1"/><net_sink comp="213" pin=2"/></net>

<net id="435"><net_src comp="432" pin="1"/><net_sink comp="223" pin=2"/></net>

<net id="436"><net_src comp="432" pin="1"/><net_sink comp="230" pin=2"/></net>

<net id="437"><net_src comp="432" pin="1"/><net_sink comp="237" pin=2"/></net>

<net id="445"><net_src comp="60" pin="0"/><net_sink comp="438" pin=0"/></net>

<net id="446"><net_src comp="127" pin="3"/><net_sink comp="438" pin=1"/></net>

<net id="447"><net_src comp="133" pin="3"/><net_sink comp="438" pin=2"/></net>

<net id="448"><net_src comp="121" pin="3"/><net_sink comp="438" pin=3"/></net>

<net id="455"><net_src comp="62" pin="0"/><net_sink comp="449" pin=0"/></net>

<net id="456"><net_src comp="438" pin="5"/><net_sink comp="449" pin=1"/></net>

<net id="457"><net_src comp="64" pin="0"/><net_sink comp="449" pin=2"/></net>

<net id="458"><net_src comp="66" pin="0"/><net_sink comp="449" pin=3"/></net>

<net id="462"><net_src comp="438" pin="5"/><net_sink comp="459" pin=0"/></net>

<net id="469"><net_src comp="68" pin="0"/><net_sink comp="463" pin=0"/></net>

<net id="470"><net_src comp="438" pin="5"/><net_sink comp="463" pin=1"/></net>

<net id="471"><net_src comp="70" pin="0"/><net_sink comp="463" pin=2"/></net>

<net id="472"><net_src comp="66" pin="0"/><net_sink comp="463" pin=3"/></net>

<net id="476"><net_src comp="438" pin="5"/><net_sink comp="473" pin=0"/></net>

<net id="483"><net_src comp="72" pin="0"/><net_sink comp="477" pin=0"/></net>

<net id="484"><net_src comp="438" pin="5"/><net_sink comp="477" pin=1"/></net>

<net id="485"><net_src comp="74" pin="0"/><net_sink comp="477" pin=2"/></net>

<net id="486"><net_src comp="66" pin="0"/><net_sink comp="477" pin=3"/></net>

<net id="490"><net_src comp="477" pin="4"/><net_sink comp="487" pin=0"/></net>

<net id="498"><net_src comp="60" pin="0"/><net_sink comp="491" pin=0"/></net>

<net id="499"><net_src comp="133" pin="7"/><net_sink comp="491" pin=1"/></net>

<net id="500"><net_src comp="121" pin="7"/><net_sink comp="491" pin=2"/></net>

<net id="501"><net_src comp="127" pin="7"/><net_sink comp="491" pin=3"/></net>

<net id="509"><net_src comp="60" pin="0"/><net_sink comp="502" pin=0"/></net>

<net id="510"><net_src comp="121" pin="3"/><net_sink comp="502" pin=1"/></net>

<net id="511"><net_src comp="127" pin="3"/><net_sink comp="502" pin=2"/></net>

<net id="512"><net_src comp="133" pin="3"/><net_sink comp="502" pin=3"/></net>

<net id="519"><net_src comp="76" pin="0"/><net_sink comp="513" pin=0"/></net>

<net id="520"><net_src comp="502" pin="5"/><net_sink comp="513" pin=1"/></net>

<net id="521"><net_src comp="78" pin="0"/><net_sink comp="513" pin=2"/></net>

<net id="522"><net_src comp="66" pin="0"/><net_sink comp="513" pin=3"/></net>

<net id="526"><net_src comp="502" pin="5"/><net_sink comp="523" pin=0"/></net>

<net id="533"><net_src comp="80" pin="0"/><net_sink comp="527" pin=0"/></net>

<net id="534"><net_src comp="502" pin="5"/><net_sink comp="527" pin=1"/></net>

<net id="535"><net_src comp="82" pin="0"/><net_sink comp="527" pin=2"/></net>

<net id="536"><net_src comp="66" pin="0"/><net_sink comp="527" pin=3"/></net>

<net id="540"><net_src comp="502" pin="5"/><net_sink comp="537" pin=0"/></net>

<net id="547"><net_src comp="84" pin="0"/><net_sink comp="541" pin=0"/></net>

<net id="548"><net_src comp="502" pin="5"/><net_sink comp="541" pin=1"/></net>

<net id="549"><net_src comp="86" pin="0"/><net_sink comp="541" pin=2"/></net>

<net id="550"><net_src comp="66" pin="0"/><net_sink comp="541" pin=3"/></net>

<net id="554"><net_src comp="541" pin="4"/><net_sink comp="551" pin=0"/></net>

<net id="562"><net_src comp="60" pin="0"/><net_sink comp="555" pin=0"/></net>

<net id="563"><net_src comp="133" pin="3"/><net_sink comp="555" pin=1"/></net>

<net id="564"><net_src comp="121" pin="3"/><net_sink comp="555" pin=2"/></net>

<net id="565"><net_src comp="127" pin="3"/><net_sink comp="555" pin=3"/></net>

<net id="571"><net_src comp="88" pin="0"/><net_sink comp="566" pin=0"/></net>

<net id="572"><net_src comp="459" pin="1"/><net_sink comp="566" pin=1"/></net>

<net id="573"><net_src comp="449" pin="4"/><net_sink comp="566" pin=2"/></net>

<net id="579"><net_src comp="90" pin="0"/><net_sink comp="574" pin=0"/></net>

<net id="580"><net_src comp="473" pin="1"/><net_sink comp="574" pin=1"/></net>

<net id="581"><net_src comp="463" pin="4"/><net_sink comp="574" pin=2"/></net>

<net id="587"><net_src comp="92" pin="0"/><net_sink comp="582" pin=0"/></net>

<net id="588"><net_src comp="523" pin="1"/><net_sink comp="582" pin=1"/></net>

<net id="589"><net_src comp="513" pin="4"/><net_sink comp="582" pin=2"/></net>

<net id="595"><net_src comp="94" pin="0"/><net_sink comp="590" pin=0"/></net>

<net id="596"><net_src comp="537" pin="1"/><net_sink comp="590" pin=1"/></net>

<net id="597"><net_src comp="527" pin="4"/><net_sink comp="590" pin=2"/></net>

<net id="602"><net_src comp="566" pin="3"/><net_sink comp="598" pin=0"/></net>

<net id="603"><net_src comp="487" pin="1"/><net_sink comp="598" pin=1"/></net>

<net id="608"><net_src comp="598" pin="2"/><net_sink comp="604" pin=0"/></net>

<net id="609"><net_src comp="574" pin="3"/><net_sink comp="604" pin=1"/></net>

<net id="614"><net_src comp="582" pin="3"/><net_sink comp="610" pin=0"/></net>

<net id="615"><net_src comp="551" pin="1"/><net_sink comp="610" pin=1"/></net>

<net id="620"><net_src comp="610" pin="2"/><net_sink comp="616" pin=0"/></net>

<net id="621"><net_src comp="590" pin="3"/><net_sink comp="616" pin=1"/></net>

<net id="626"><net_src comp="491" pin="5"/><net_sink comp="622" pin=0"/></net>

<net id="627"><net_src comp="555" pin="5"/><net_sink comp="622" pin=1"/></net>

<net id="632"><net_src comp="616" pin="2"/><net_sink comp="628" pin=0"/></net>

<net id="633"><net_src comp="604" pin="2"/><net_sink comp="628" pin=1"/></net>

<net id="638"><net_src comp="628" pin="2"/><net_sink comp="634" pin=0"/></net>

<net id="639"><net_src comp="622" pin="2"/><net_sink comp="634" pin=1"/></net>

<net id="640"><net_src comp="634" pin="2"/><net_sink comp="127" pin=1"/></net>

<net id="641"><net_src comp="634" pin="2"/><net_sink comp="121" pin=1"/></net>

<net id="642"><net_src comp="634" pin="2"/><net_sink comp="133" pin=1"/></net>

<net id="646"><net_src comp="96" pin="1"/><net_sink comp="643" pin=0"/></net>

<net id="647"><net_src comp="643" pin="1"/><net_sink comp="247" pin=1"/></net>

<net id="648"><net_src comp="643" pin="1"/><net_sink comp="252" pin=0"/></net>

<net id="649"><net_src comp="643" pin="1"/><net_sink comp="273" pin=1"/></net>

<net id="653"><net_src comp="252" pin="1"/><net_sink comp="650" pin=0"/></net>

<net id="654"><net_src comp="650" pin="1"/><net_sink comp="261" pin=0"/></net>

<net id="655"><net_src comp="650" pin="1"/><net_sink comp="278" pin=0"/></net>

<net id="656"><net_src comp="650" pin="1"/><net_sink comp="369" pin=0"/></net>

<net id="660"><net_src comp="255" pin="2"/><net_sink comp="657" pin=0"/></net>

<net id="664"><net_src comp="281" pin="1"/><net_sink comp="661" pin=0"/></net>

<net id="665"><net_src comp="661" pin="1"/><net_sink comp="438" pin=4"/></net>

<net id="666"><net_src comp="661" pin="1"/><net_sink comp="491" pin=4"/></net>

<net id="667"><net_src comp="661" pin="1"/><net_sink comp="502" pin=4"/></net>

<net id="668"><net_src comp="661" pin="1"/><net_sink comp="555" pin=4"/></net>

<net id="672"><net_src comp="301" pin="4"/><net_sink comp="669" pin=0"/></net>

<net id="673"><net_src comp="669" pin="1"/><net_sink comp="388" pin=0"/></net>

<net id="677"><net_src comp="327" pin="4"/><net_sink comp="674" pin=0"/></net>

<net id="678"><net_src comp="674" pin="1"/><net_sink comp="394" pin=0"/></net>

<net id="682"><net_src comp="353" pin="4"/><net_sink comp="679" pin=0"/></net>

<net id="683"><net_src comp="679" pin="1"/><net_sink comp="400" pin=0"/></net>

<net id="687"><net_src comp="363" pin="2"/><net_sink comp="684" pin=0"/></net>

<net id="688"><net_src comp="684" pin="1"/><net_sink comp="406" pin=0"/></net>

<net id="692"><net_src comp="378" pin="4"/><net_sink comp="689" pin=0"/></net>

<net id="693"><net_src comp="689" pin="1"/><net_sink comp="432" pin=0"/></net>

<net id="697"><net_src comp="100" pin="3"/><net_sink comp="694" pin=0"/></net>

<net id="698"><net_src comp="694" pin="1"/><net_sink comp="121" pin=0"/></net>

<net id="702"><net_src comp="107" pin="3"/><net_sink comp="699" pin=0"/></net>

<net id="703"><net_src comp="699" pin="1"/><net_sink comp="127" pin=0"/></net>

<net id="707"><net_src comp="114" pin="3"/><net_sink comp="704" pin=0"/></net>

<net id="708"><net_src comp="704" pin="1"/><net_sink comp="133" pin=0"/></net>

<net id="712"><net_src comp="139" pin="3"/><net_sink comp="709" pin=0"/></net>

<net id="713"><net_src comp="709" pin="1"/><net_sink comp="121" pin=2"/></net>

<net id="717"><net_src comp="146" pin="3"/><net_sink comp="714" pin=0"/></net>

<net id="718"><net_src comp="714" pin="1"/><net_sink comp="127" pin=2"/></net>

<net id="722"><net_src comp="153" pin="3"/><net_sink comp="719" pin=0"/></net>

<net id="723"><net_src comp="719" pin="1"/><net_sink comp="133" pin=2"/></net>

<net id="727"><net_src comp="175" pin="3"/><net_sink comp="724" pin=0"/></net>

<net id="728"><net_src comp="724" pin="1"/><net_sink comp="121" pin=0"/></net>

<net id="732"><net_src comp="182" pin="3"/><net_sink comp="729" pin=0"/></net>

<net id="733"><net_src comp="729" pin="1"/><net_sink comp="127" pin=0"/></net>

<net id="737"><net_src comp="189" pin="3"/><net_sink comp="734" pin=0"/></net>

<net id="738"><net_src comp="734" pin="1"/><net_sink comp="133" pin=0"/></net>

<net id="742"><net_src comp="199" pin="3"/><net_sink comp="739" pin=0"/></net>

<net id="743"><net_src comp="739" pin="1"/><net_sink comp="121" pin=0"/></net>

<net id="747"><net_src comp="206" pin="3"/><net_sink comp="744" pin=0"/></net>

<net id="748"><net_src comp="744" pin="1"/><net_sink comp="127" pin=0"/></net>

<net id="752"><net_src comp="213" pin="3"/><net_sink comp="749" pin=0"/></net>

<net id="753"><net_src comp="749" pin="1"/><net_sink comp="133" pin=0"/></net>

</net_list>

</model> 
---------------- Datapath Model END ------------------

* FSMD analyzer results:
  - Output states:
	Port: w_2 | {13 }
	Port: w_1 | {13 }
	Port: w | {13 }
 - Input state : 
	Port: sha256_compress_block_Pipeline_expand_words : w_2 | {12 13 }
	Port: sha256_compress_block_Pipeline_expand_words : w_1 | {12 13 }
	Port: sha256_compress_block_Pipeline_expand_words : w | {12 13 }
  - Chain level:
	State 1
		store_ln0 : 1
		i : 1
		icmp_ln135 : 2
		br_ln135 : 3
		urem_ln135 : 2
		add_ln135 : 2
		store_ln135 : 3
	State 2
	State 3
	State 4
	State 5
	State 6
	State 7
	State 8
	State 9
	State 10
	State 11
		trunc_ln135_1 : 1
		add_ln138 : 1
		zext_ln138_4 : 2
		mul_ln138 : 3
		tmp_1 : 4
		add_ln138_1 : 1
		zext_ln138_5 : 2
		mul_ln138_1 : 3
		tmp_2 : 4
		add_ln138_2 : 1
		zext_ln138_6 : 2
		mul_ln138_2 : 3
		tmp_3 : 4
		add_ln138_3 : 1
		switch_ln138 : 2
	State 12
		mul_ln135 : 1
		tmp : 2
		w_addr : 1
		w_1_addr : 1
		w_2_addr : 1
		w_load : 2
		w_1_load : 2
		w_2_load : 2
		w_addr_1 : 1
		w_1_addr_1 : 1
		w_2_addr_1 : 1
		w_load_1 : 2
		w_1_load_1 : 2
		w_2_load_1 : 2
		w_addr_2 : 1
		w_1_addr_2 : 1
		w_2_addr_2 : 1
		w_load_2 : 2
		w_1_load_2 : 2
		w_2_load_2 : 2
		mul_ln138_3 : 1
		tmp_4 : 2
		zext_ln138_3 : 3
		w_addr_3 : 4
		w_1_addr_3 : 4
		w_2_addr_3 : 4
		w_load_3 : 5
		w_1_load_3 : 5
		w_2_load_3 : 5
	State 13
		x_assign : 1
		lshr_ln : 2
		trunc_ln54 : 2
		lshr_ln54_1 : 2
		trunc_ln54_6 : 2
		lshr_ln1 : 2
		zext_ln90 : 3
		tmp_5 : 1
		x_assign_1 : 1
		lshr_ln54_2 : 2
		trunc_ln54_7 : 2
		lshr_ln54_3 : 2
		trunc_ln54_8 : 2
		lshr_ln2 : 2
		zext_ln84 : 3
		tmp_7 : 1
		or_ln : 3
		or_ln138_1 : 3
		or_ln138_2 : 3
		or_ln138_3 : 3
		xor_ln138 : 4
		xor_ln138_1 : 4
		xor_ln138_2 : 4
		xor_ln138_3 : 4
		add_ln138_5 : 2
		add_ln138_4 : 4
		add_ln138_6 : 5
		w_addr_4 : 1
		w_1_addr_4 : 1
		w_2_addr_4 : 1
		store_ln138 : 6
		store_ln138 : 6
		store_ln138 : 6


============================================================
+ Verbose Summary: Datapath Resource usage 
============================================================

* Functional unit list:
|----------|----------------------|---------|---------|---------|
| Operation|    Functional Unit   |   DSP   |    FF   |   LUT   |
|----------|----------------------|---------|---------|---------|
|   urem   |      grp_fu_261      |    0    |   158   |    87   |
|----------|----------------------|---------|---------|---------|
|          |   mul_ln138_fu_295   |    0    |    0    |    40   |
|          |  mul_ln138_1_fu_321  |    0    |    0    |    40   |
|    mul   |  mul_ln138_2_fu_347  |    0    |    0    |    40   |
|          |   mul_ln135_fu_372   |    0    |    0    |    49   |
|          |  mul_ln138_3_fu_409  |    0    |    0    |    40   |
|----------|----------------------|---------|---------|---------|
|          |   add_ln135_fu_267   |    0    |    0    |    14   |
|          |   add_ln138_fu_285   |    0    |    0    |    13   |
|          |  add_ln138_1_fu_311  |    0    |    0    |    13   |
|    add   |  add_ln138_2_fu_337  |    0    |    0    |    13   |
|          |  add_ln138_3_fu_363  |    0    |    0    |    13   |
|          |  add_ln138_5_fu_622  |    0    |    0    |    32   |
|          |  add_ln138_4_fu_628  |    0    |    0    |    39   |
|          |  add_ln138_6_fu_634  |    0    |    0    |    32   |
|----------|----------------------|---------|---------|---------|
|          |   xor_ln138_fu_598   |    0    |    0    |    32   |
|    xor   |  xor_ln138_1_fu_604  |    0    |    0    |    32   |
|          |  xor_ln138_2_fu_610  |    0    |    0    |    32   |
|          |  xor_ln138_3_fu_616  |    0    |    0    |    32   |
|----------|----------------------|---------|---------|---------|
|          |    x_assign_fu_438   |    0    |    0    |    14   |
|    mux   |     tmp_5_fu_491     |    0    |    0    |    14   |
|          |   x_assign_1_fu_502  |    0    |    0    |    14   |
|          |     tmp_7_fu_555     |    0    |    0    |    14   |
|----------|----------------------|---------|---------|---------|
|   icmp   |   icmp_ln135_fu_255  |    0    |    0    |    14   |
|----------|----------------------|---------|---------|---------|
|          |  trunc_ln135_fu_278  |    0    |    0    |    0    |
|          | trunc_ln135_1_fu_281 |    0    |    0    |    0    |
|   trunc  |   trunc_ln54_fu_459  |    0    |    0    |    0    |
|          |  trunc_ln54_6_fu_473 |    0    |    0    |    0    |
|          |  trunc_ln54_7_fu_523 |    0    |    0    |    0    |
|          |  trunc_ln54_8_fu_537 |    0    |    0    |    0    |
|----------|----------------------|---------|---------|---------|
|          |  zext_ln138_4_fu_291 |    0    |    0    |    0    |
|          |  zext_ln138_5_fu_317 |    0    |    0    |    0    |
|          |  zext_ln138_6_fu_343 |    0    |    0    |    0    |
|          |  zext_ln135_1_fu_369 |    0    |    0    |    0    |
|          |   zext_ln138_fu_388  |    0    |    0    |    0    |
|   zext   |  zext_ln138_1_fu_394 |    0    |    0    |    0    |
|          |  zext_ln138_2_fu_400 |    0    |    0    |    0    |
|          |  zext_ln138_7_fu_406 |    0    |    0    |    0    |
|          |  zext_ln138_3_fu_425 |    0    |    0    |    0    |
|          |   zext_ln135_fu_432  |    0    |    0    |    0    |
|          |   zext_ln90_fu_487   |    0    |    0    |    0    |
|          |   zext_ln84_fu_551   |    0    |    0    |    0    |
|----------|----------------------|---------|---------|---------|
|          |     tmp_1_fu_301     |    0    |    0    |    0    |
|          |     tmp_2_fu_327     |    0    |    0    |    0    |
|          |     tmp_3_fu_353     |    0    |    0    |    0    |
|          |      tmp_fu_378      |    0    |    0    |    0    |
|          |     tmp_4_fu_415     |    0    |    0    |    0    |
|partselect|    lshr_ln_fu_449    |    0    |    0    |    0    |
|          |  lshr_ln54_1_fu_463  |    0    |    0    |    0    |
|          |    lshr_ln1_fu_477   |    0    |    0    |    0    |
|          |  lshr_ln54_2_fu_513  |    0    |    0    |    0    |
|          |  lshr_ln54_3_fu_527  |    0    |    0    |    0    |
|          |    lshr_ln2_fu_541   |    0    |    0    |    0    |
|----------|----------------------|---------|---------|---------|
|          |     or_ln_fu_566     |    0    |    0    |    0    |
|bitconcatenate|   or_ln138_1_fu_574  |    0    |    0    |    0    |
|          |   or_ln138_2_fu_582  |    0    |    0    |    0    |
|          |   or_ln138_3_fu_590  |    0    |    0    |    0    |
|----------|----------------------|---------|---------|---------|
|   Total  |                      |    0    |   158   |   663   |
|----------|----------------------|---------|---------|---------|

Memories:
N/A

* Register list:
+---------------------+--------+
|                     |   FF   |
+---------------------+--------+
| add_ln138_3_reg_684 |    6   |
|     i_5_reg_643     |    7   |
|      i_reg_650      |    7   |
|  icmp_ln135_reg_657 |    1   |
|    tmp_1_reg_669    |    5   |
|    tmp_2_reg_674    |    5   |
|    tmp_3_reg_679    |    5   |
|     tmp_reg_689     |    5   |
|trunc_ln135_1_reg_661|    2   |
|  w_1_addr_1_reg_714 |    5   |
|  w_1_addr_2_reg_729 |    5   |
|  w_1_addr_3_reg_744 |    5   |
|   w_1_addr_reg_699  |    5   |
|  w_2_addr_1_reg_719 |    5   |
|  w_2_addr_2_reg_734 |    5   |
|  w_2_addr_3_reg_749 |    5   |
|   w_2_addr_reg_704  |    5   |
|   w_addr_1_reg_709  |    5   |
|   w_addr_2_reg_724  |    5   |
|   w_addr_3_reg_739  |    5   |
|    w_addr_reg_694   |    5   |
+---------------------+--------+
|        Total        |   103  |
+---------------------+--------+

* Multiplexer (MUX) list: 
|-------------------|------|------|------|--------||---------||---------|
|        Comp       |  Pin | Size |  BW  | S x BW ||  Delay  ||   LUT   |
|-------------------|------|------|------|--------||---------||---------|
| grp_access_fu_121 |  p0  |   7  |   5  |   35   ||    37   |
| grp_access_fu_121 |  p2  |   2  |   0  |    0   ||    9    |
| grp_access_fu_127 |  p0  |   7  |   5  |   35   ||    37   |
| grp_access_fu_127 |  p2  |   2  |   0  |    0   ||    9    |
| grp_access_fu_133 |  p0  |   7  |   5  |   35   ||    37   |
| grp_access_fu_133 |  p2  |   2  |   0  |    0   ||    9    |
|     grp_fu_261    |  p0  |   2  |   7  |   14   ||    9    |
|-------------------|------|------|------|--------||---------||---------|
|       Total       |      |      |      |   119  || 3.20186 ||   147   |
|-------------------|------|------|------|--------||---------||---------|



* Summary:
+-----------+--------+--------+--------+--------+
|           |   DSP  |  Delay |   FF   |   LUT  |
+-----------+--------+--------+--------+--------+
|  Function |    0   |    -   |   158  |   663  |
|   Memory  |    -   |    -   |    -   |    -   |
|Multiplexer|    -   |    3   |    -   |   147  |
|  Register |    -   |    -   |   103  |    -   |
+-----------+--------+--------+--------+--------+
|   Total   |    0   |    3   |   261  |   810  |
+-----------+--------+--------+--------+--------+
