

================================================================
== Vitis HLS Report for 'process_tcp_checksum_Pipeline_word_loop'
================================================================
* Date:           Mon Feb 16 01:32:04 2026

* Version:        2023.1 (Build 3854077 on May  4 2023)
* Project:        calculate_tcp_checksum
* Solution:       solution (Vitis Kernel Flow Target)
* Product family: virtexuplusHBM
* Target device:  xcu280-fsvh2892-2L-e


================================================================
== Performance Estimates
================================================================
+ Timing: 
    * Summary: 
    +--------+---------+----------+------------+
    |  Clock |  Target | Estimated| Uncertainty|
    +--------+---------+----------+------------+
    |ap_clk  |  3.33 ns|  2.433 ns|     0.90 ns|
    +--------+---------+----------+------------+

+ Latency: 
    * Summary: 
    +---------+---------+----------+----------+-----+-----+---------+
    |  Latency (cycles) |  Latency (absolute) |  Interval | Pipeline|
    |   min   |   max   |    min   |    max   | min | max |   Type  |
    +---------+---------+----------+----------+-----+-----+---------+
    |        ?|        ?|         ?|         ?|    ?|    ?|       no|
    +---------+---------+----------+----------+-----+-----+---------+

    + Detail: 
        * Instance: 
        N/A

        * Loop: 
        +-------------+---------+---------+----------+-----------+-----------+------+----------+
        |             |  Latency (cycles) | Iteration|  Initiation Interval  | Trip |          |
        |  Loop Name  |   min   |   max   |  Latency |  achieved |   target  | Count| Pipelined|
        +-------------+---------+---------+----------+-----------+-----------+------+----------+
        |- word_loop  |        ?|        ?|        76|          2|          1|     ?|       yes|
        +-------------+---------+---------+----------+-----------+-----------+------+----------+

============================================================
+ Verbose Summary: Synthesis Manager
============================================================
InlineROM: 1
ExposeGlobal: 0
============================================================
+ Verbose Summary: CDFG Model
============================================================
IsTopModel: 0
ResetActiveHigh: 1
IsCombinational: 0
IsDatapathOnly: 0
HasWiredReturn: 1
HasMFsm: 2
HasVarLatency: 1
IsPipeline: 0
IsRtlPipelined: 0
IsInstanceOverlapped: 0
IsDontTouch: 0
HasImplIP: 0
IsGatedGlobalClock: 0

+ Individual pipeline summary: 
  * Pipeline-0: initiation interval (II) = 2, depth = 76


============================================================
+ Verbose Summary: Schedule
============================================================
* Number of FSM states : 76
* Pipeline : 1
  Pipeline-0 : II = 2, D = 76, States = { 1 2 3 4 5 6 7 8 9 10 11 12 13 14 15 16 17 18 19 20 21 22 23 24 25 26 27 28 29 30 31 32 33 34 35 36 37 38 39 40 41 42 43 44 45 46 47 48 49 50 51 52 53 54 55 56 57 58 59 60 61 62 63 64 65 66 67 68 69 70 71 72 73 74 75 76 }
* Dataflow Pipeline: 0

* FSM state transitions: 
1 --> 2 
2 --> 3 
3 --> 4 
4 --> 5 
5 --> 6 
6 --> 7 
7 --> 8 
8 --> 9 
9 --> 10 
10 --> 11 
11 --> 12 
12 --> 13 
13 --> 14 
14 --> 15 
15 --> 16 
16 --> 17 
17 --> 18 
18 --> 19 
19 --> 20 
20 --> 21 
21 --> 22 
22 --> 23 
23 --> 24 
24 --> 25 
25 --> 26 
26 --> 27 
27 --> 28 
28 --> 29 
29 --> 30 
30 --> 31 
31 --> 32 
32 --> 33 
33 --> 34 
34 --> 35 
35 --> 36 
36 --> 37 
37 --> 38 
38 --> 39 
39 --> 40 
40 --> 41 
41 --> 42 
42 --> 43 
43 --> 44 
44 --> 45 
45 --> 46 
46 --> 47 
47 --> 48 
48 --> 49 
49 --> 50 
50 --> 51 
51 --> 52 
52 --> 53 
53 --> 54 
54 --> 55 
55 --> 56 
56 --> 57 
57 --> 58 
58 --> 59 
59 --> 60 
60 --> 61 
61 --> 62 
62 --> 63 
63 --> 64 
64 --> 65 
65 --> 66 
66 --> 67 
67 --> 68 
68 --> 69 
69 --> 70 
70 --> 71 
71 --> 72 
72 --> 73 
73 --> 74 
74 --> 75 
75 --> 76 
76 --> 

* FSM state operations: 

State 1 <SV = 0> <Delay = 2.29>
ST_1 : Operation 79 [1/1] (0.00ns)   --->   "%sum = alloca i32 1"   --->   Operation 79 'alloca' 'sum' <Predicate = true> <Delay = 0.00>
ST_1 : Operation 80 [1/1] (0.00ns)   --->   "%i = alloca i32 1"   --->   Operation 80 'alloca' 'i' <Predicate = true> <Delay = 0.00>
ST_1 : Operation 81 [1/1] (0.00ns)   --->   "%specinterface_ln0 = specinterface void @_ssdm_op_SpecInterface, i512 %gmem0, void @empty_4, i32 0, i32 0, void @empty_5, i32 64, i32 1024, void @empty_6, void @empty_7, void @empty_5, i32 16, i32 16, i32 16, i32 16, void @empty_5, void @empty_5, i32 4294967295, i32 0"   --->   Operation 81 'specinterface' 'specinterface_ln0' <Predicate = true> <Delay = 0.00>
ST_1 : Operation 82 [1/1] (0.00ns)   --->   "%chunkSize_read = read i32 @_ssdm_op_Read.ap_auto.i32, i32 %chunkSize"   --->   Operation 82 'read' 'chunkSize_read' <Predicate = true> <Delay = 0.00>
ST_1 : Operation 83 [1/1] (0.00ns)   --->   "%data_in_read = read i64 @_ssdm_op_Read.ap_auto.i64, i64 %data_in"   --->   Operation 83 'read' 'data_in_read' <Predicate = true> <Delay = 0.00>
ST_1 : Operation 84 [1/1] (0.00ns)   --->   "%phi_mul_read = read i64 @_ssdm_op_Read.ap_auto.i64, i64 %phi_mul"   --->   Operation 84 'read' 'phi_mul_read' <Predicate = true> <Delay = 0.00>
ST_1 : Operation 85 [1/1] (0.38ns)   --->   "%store_ln0 = store i32 0, i32 %i"   --->   Operation 85 'store' 'store_ln0' <Predicate = true> <Delay = 0.38>
ST_1 : Operation 86 [1/1] (0.38ns)   --->   "%store_ln0 = store i17 0, i17 %sum"   --->   Operation 86 'store' 'store_ln0' <Predicate = true> <Delay = 0.38>
ST_1 : Operation 87 [1/1] (0.00ns)   --->   "%br_ln0 = br void %for.body.i"   --->   Operation 87 'br' 'br_ln0' <Predicate = true> <Delay = 0.00>
ST_1 : Operation 88 [1/1] (0.00ns)   --->   "%i_2 = load i32 %i" [/users/arashs/U280_CRC_Accelerator/src/kernel.cpp:467->/users/arashs/U280_CRC_Accelerator/src/kernel.cpp:594]   --->   Operation 88 'load' 'i_2' <Predicate = true> <Delay = 0.00>
ST_1 : Operation 89 [1/1] (0.00ns)   --->   "%zext_ln467 = zext i32 %i_2" [/users/arashs/U280_CRC_Accelerator/src/kernel.cpp:467->/users/arashs/U280_CRC_Accelerator/src/kernel.cpp:594]   --->   Operation 89 'zext' 'zext_ln467' <Predicate = true> <Delay = 0.00>
ST_1 : Operation 90 [1/1] (1.14ns)   --->   "%add_ln467 = add i64 %phi_mul_read, i64 %data_in_read" [/users/arashs/U280_CRC_Accelerator/src/kernel.cpp:467->/users/arashs/U280_CRC_Accelerator/src/kernel.cpp:594]   --->   Operation 90 'add' 'add_ln467' <Predicate = true> <Delay = 1.14> <CoreInst = "Adder">   --->   Core 1 'Adder' <Latency = 0> <II = 1> <Delay = 1.14> <FuncUnit> <Opcode : 'add' 'sub'> <InPorts = 2> <OutPorts = 1>
ST_1 : Operation 91 [1/1] (0.00ns)   --->   "%trunc_ln467 = trunc i32 %i_2" [/users/arashs/U280_CRC_Accelerator/src/kernel.cpp:467->/users/arashs/U280_CRC_Accelerator/src/kernel.cpp:594]   --->   Operation 91 'trunc' 'trunc_ln467' <Predicate = true> <Delay = 0.00>
ST_1 : Operation 92 [1/1] (0.00ns)   --->   "%trunc_ln467_1 = trunc i64 %add_ln467" [/users/arashs/U280_CRC_Accelerator/src/kernel.cpp:467->/users/arashs/U280_CRC_Accelerator/src/kernel.cpp:594]   --->   Operation 92 'trunc' 'trunc_ln467_1' <Predicate = true> <Delay = 0.00>
ST_1 : Operation 93 [1/1] (1.14ns)   --->   "%add_ln467_1 = add i64 %add_ln467, i64 %zext_ln467" [/users/arashs/U280_CRC_Accelerator/src/kernel.cpp:467->/users/arashs/U280_CRC_Accelerator/src/kernel.cpp:594]   --->   Operation 93 'add' 'add_ln467_1' <Predicate = true> <Delay = 1.14> <CoreInst = "Adder">   --->   Core 1 'Adder' <Latency = 0> <II = 1> <Delay = 1.14> <FuncUnit> <Opcode : 'add' 'sub'> <InPorts = 2> <OutPorts = 1>
ST_1 : Operation 94 [1/1] (0.00ns)   --->   "%trunc_ln467_5 = partselect i58 @_ssdm_op_PartSelect.i58.i64.i32.i32, i64 %add_ln467_1, i32 6, i32 63" [/users/arashs/U280_CRC_Accelerator/src/kernel.cpp:467->/users/arashs/U280_CRC_Accelerator/src/kernel.cpp:594]   --->   Operation 94 'partselect' 'trunc_ln467_5' <Predicate = true> <Delay = 0.00>
ST_1 : Operation 95 [1/1] (0.70ns)   --->   "%add_ln467_3 = add i6 %trunc_ln467_1, i6 %trunc_ln467" [/users/arashs/U280_CRC_Accelerator/src/kernel.cpp:467->/users/arashs/U280_CRC_Accelerator/src/kernel.cpp:594]   --->   Operation 95 'add' 'add_ln467_3' <Predicate = true> <Delay = 0.70> <CoreInst = "Adder">   --->   Core 1 'Adder' <Latency = 0> <II = 1> <Delay = 0.70> <FuncUnit> <Opcode : 'add' 'sub'> <InPorts = 2> <OutPorts = 1>
ST_1 : Operation 96 [1/1] (0.88ns)   --->   "%add_ln463 = add i32 %i_2, i32 3" [/users/arashs/U280_CRC_Accelerator/src/kernel.cpp:463->/users/arashs/U280_CRC_Accelerator/src/kernel.cpp:594]   --->   Operation 96 'add' 'add_ln463' <Predicate = true> <Delay = 0.88> <CoreInst = "Adder">   --->   Core 1 'Adder' <Latency = 0> <II = 1> <Delay = 0.88> <FuncUnit> <Opcode : 'add' 'sub'> <InPorts = 2> <OutPorts = 1>
ST_1 : Operation 97 [1/1] (0.88ns)   --->   "%icmp_ln463 = icmp_ult  i32 %add_ln463, i32 %chunkSize_read" [/users/arashs/U280_CRC_Accelerator/src/kernel.cpp:463->/users/arashs/U280_CRC_Accelerator/src/kernel.cpp:594]   --->   Operation 97 'icmp' 'icmp_ln463' <Predicate = true> <Delay = 0.88> <CoreInst = "Cmp">   --->   Core 9 'Cmp' <Latency = 0> <II = 1> <Delay = 0.88> <FuncUnit> <Opcode : 'icmp'> <InPorts = 2> <OutPorts = 1>
ST_1 : Operation 98 [1/1] (0.00ns)   --->   "%br_ln463 = br i1 %icmp_ln463, void %for.end.i.loopexit.exitStub, void %for.body.i" [/users/arashs/U280_CRC_Accelerator/src/kernel.cpp:463->/users/arashs/U280_CRC_Accelerator/src/kernel.cpp:594]   --->   Operation 98 'br' 'br_ln463' <Predicate = true> <Delay = 0.00>

State 2 <SV = 1> <Delay = 2.43>
ST_2 : Operation 99 [1/1] (0.00ns)   --->   "%sext_ln467 = sext i58 %trunc_ln467_5" [/users/arashs/U280_CRC_Accelerator/src/kernel.cpp:467->/users/arashs/U280_CRC_Accelerator/src/kernel.cpp:594]   --->   Operation 99 'sext' 'sext_ln467' <Predicate = true> <Delay = 0.00>
ST_2 : Operation 100 [1/1] (0.00ns)   --->   "%gmem0_addr = getelementptr i512 %gmem0, i64 %sext_ln467" [/users/arashs/U280_CRC_Accelerator/src/kernel.cpp:467->/users/arashs/U280_CRC_Accelerator/src/kernel.cpp:594]   --->   Operation 100 'getelementptr' 'gmem0_addr' <Predicate = true> <Delay = 0.00>
ST_2 : Operation 101 [71/71] (2.43ns)   --->   "%gmem0_load_req = readreq i1 @_ssdm_op_ReadReq.m_axi.i512P1A, i512 %gmem0_addr, i32 1" [/users/arashs/U280_CRC_Accelerator/src/kernel.cpp:467->/users/arashs/U280_CRC_Accelerator/src/kernel.cpp:594]   --->   Operation 101 'readreq' 'gmem0_load_req' <Predicate = true> <Delay = 2.43> <CoreInst = "m_axi">   --->   Core 121 'm_axi' <Latency = 0> <II = 1> <Delay = 1.00> <Adapter> <Opcode : 'read' 'write' 'readreq' 'writereq' 'writeresp'>
ST_2 : Operation 102 [1/1] (1.14ns)   --->   "%add_ln467_2 = add i64 %add_ln467_1, i64 1" [/users/arashs/U280_CRC_Accelerator/src/kernel.cpp:467->/users/arashs/U280_CRC_Accelerator/src/kernel.cpp:594]   --->   Operation 102 'add' 'add_ln467_2' <Predicate = true> <Delay = 1.14> <CoreInst = "Adder">   --->   Core 1 'Adder' <Latency = 0> <II = 1> <Delay = 1.14> <FuncUnit> <Opcode : 'add' 'sub'> <InPorts = 2> <OutPorts = 1>
ST_2 : Operation 103 [1/1] (0.00ns)   --->   "%trunc_ln2 = partselect i58 @_ssdm_op_PartSelect.i58.i64.i32.i32, i64 %add_ln467_2, i32 6, i32 63" [/users/arashs/U280_CRC_Accelerator/src/kernel.cpp:467->/users/arashs/U280_CRC_Accelerator/src/kernel.cpp:594]   --->   Operation 103 'partselect' 'trunc_ln2' <Predicate = true> <Delay = 0.00>
ST_2 : Operation 104 [1/1] (0.88ns)   --->   "%i_3 = add i32 %i_2, i32 2" [/users/arashs/U280_CRC_Accelerator/src/kernel.cpp:463->/users/arashs/U280_CRC_Accelerator/src/kernel.cpp:594]   --->   Operation 104 'add' 'i_3' <Predicate = true> <Delay = 0.88> <CoreInst = "Adder">   --->   Core 1 'Adder' <Latency = 0> <II = 1> <Delay = 0.88> <FuncUnit> <Opcode : 'add' 'sub'> <InPorts = 2> <OutPorts = 1>
ST_2 : Operation 105 [1/1] (0.38ns)   --->   "%store_ln463 = store i32 %i_3, i32 %i" [/users/arashs/U280_CRC_Accelerator/src/kernel.cpp:463->/users/arashs/U280_CRC_Accelerator/src/kernel.cpp:594]   --->   Operation 105 'store' 'store_ln463' <Predicate = true> <Delay = 0.38>

State 3 <SV = 2> <Delay = 2.43>
ST_3 : Operation 106 [70/71] (2.43ns)   --->   "%gmem0_load_req = readreq i1 @_ssdm_op_ReadReq.m_axi.i512P1A, i512 %gmem0_addr, i32 1" [/users/arashs/U280_CRC_Accelerator/src/kernel.cpp:467->/users/arashs/U280_CRC_Accelerator/src/kernel.cpp:594]   --->   Operation 106 'readreq' 'gmem0_load_req' <Predicate = true> <Delay = 2.43> <CoreInst = "m_axi">   --->   Core 121 'm_axi' <Latency = 0> <II = 1> <Delay = 1.00> <Adapter> <Opcode : 'read' 'write' 'readreq' 'writereq' 'writeresp'>
ST_3 : Operation 107 [1/1] (0.00ns)   --->   "%sext_ln467_1 = sext i58 %trunc_ln2" [/users/arashs/U280_CRC_Accelerator/src/kernel.cpp:467->/users/arashs/U280_CRC_Accelerator/src/kernel.cpp:594]   --->   Operation 107 'sext' 'sext_ln467_1' <Predicate = true> <Delay = 0.00>
ST_3 : Operation 108 [1/1] (0.00ns)   --->   "%gmem0_addr_1 = getelementptr i512 %gmem0, i64 %sext_ln467_1" [/users/arashs/U280_CRC_Accelerator/src/kernel.cpp:467->/users/arashs/U280_CRC_Accelerator/src/kernel.cpp:594]   --->   Operation 108 'getelementptr' 'gmem0_addr_1' <Predicate = true> <Delay = 0.00>
ST_3 : Operation 109 [71/71] (2.43ns)   --->   "%gmem0_load_1_req = readreq i1 @_ssdm_op_ReadReq.m_axi.i512P1A, i512 %gmem0_addr_1, i32 1" [/users/arashs/U280_CRC_Accelerator/src/kernel.cpp:467->/users/arashs/U280_CRC_Accelerator/src/kernel.cpp:594]   --->   Operation 109 'readreq' 'gmem0_load_1_req' <Predicate = true> <Delay = 2.43> <CoreInst = "m_axi">   --->   Core 121 'm_axi' <Latency = 0> <II = 1> <Delay = 1.00> <Adapter> <Opcode : 'read' 'write' 'readreq' 'writereq' 'writeresp'>

State 4 <SV = 3> <Delay = 2.43>
ST_4 : Operation 110 [69/71] (2.43ns)   --->   "%gmem0_load_req = readreq i1 @_ssdm_op_ReadReq.m_axi.i512P1A, i512 %gmem0_addr, i32 1" [/users/arashs/U280_CRC_Accelerator/src/kernel.cpp:467->/users/arashs/U280_CRC_Accelerator/src/kernel.cpp:594]   --->   Operation 110 'readreq' 'gmem0_load_req' <Predicate = true> <Delay = 2.43> <CoreInst = "m_axi">   --->   Core 121 'm_axi' <Latency = 0> <II = 1> <Delay = 1.00> <Adapter> <Opcode : 'read' 'write' 'readreq' 'writereq' 'writeresp'>
ST_4 : Operation 111 [70/71] (2.43ns)   --->   "%gmem0_load_1_req = readreq i1 @_ssdm_op_ReadReq.m_axi.i512P1A, i512 %gmem0_addr_1, i32 1" [/users/arashs/U280_CRC_Accelerator/src/kernel.cpp:467->/users/arashs/U280_CRC_Accelerator/src/kernel.cpp:594]   --->   Operation 111 'readreq' 'gmem0_load_1_req' <Predicate = true> <Delay = 2.43> <CoreInst = "m_axi">   --->   Core 121 'm_axi' <Latency = 0> <II = 1> <Delay = 1.00> <Adapter> <Opcode : 'read' 'write' 'readreq' 'writereq' 'writeresp'>

State 5 <SV = 4> <Delay = 2.43>
ST_5 : Operation 112 [68/71] (2.43ns)   --->   "%gmem0_load_req = readreq i1 @_ssdm_op_ReadReq.m_axi.i512P1A, i512 %gmem0_addr, i32 1" [/users/arashs/U280_CRC_Accelerator/src/kernel.cpp:467->/users/arashs/U280_CRC_Accelerator/src/kernel.cpp:594]   --->   Operation 112 'readreq' 'gmem0_load_req' <Predicate = true> <Delay = 2.43> <CoreInst = "m_axi">   --->   Core 121 'm_axi' <Latency = 0> <II = 1> <Delay = 1.00> <Adapter> <Opcode : 'read' 'write' 'readreq' 'writereq' 'writeresp'>
ST_5 : Operation 113 [69/71] (2.43ns)   --->   "%gmem0_load_1_req = readreq i1 @_ssdm_op_ReadReq.m_axi.i512P1A, i512 %gmem0_addr_1, i32 1" [/users/arashs/U280_CRC_Accelerator/src/kernel.cpp:467->/users/arashs/U280_CRC_Accelerator/src/kernel.cpp:594]   --->   Operation 113 'readreq' 'gmem0_load_1_req' <Predicate = true> <Delay = 2.43> <CoreInst = "m_axi">   --->   Core 121 'm_axi' <Latency = 0> <II = 1> <Delay = 1.00> <Adapter> <Opcode : 'read' 'write' 'readreq' 'writereq' 'writeresp'>

State 6 <SV = 5> <Delay = 2.43>
ST_6 : Operation 114 [67/71] (2.43ns)   --->   "%gmem0_load_req = readreq i1 @_ssdm_op_ReadReq.m_axi.i512P1A, i512 %gmem0_addr, i32 1" [/users/arashs/U280_CRC_Accelerator/src/kernel.cpp:467->/users/arashs/U280_CRC_Accelerator/src/kernel.cpp:594]   --->   Operation 114 'readreq' 'gmem0_load_req' <Predicate = true> <Delay = 2.43> <CoreInst = "m_axi">   --->   Core 121 'm_axi' <Latency = 0> <II = 1> <Delay = 1.00> <Adapter> <Opcode : 'read' 'write' 'readreq' 'writereq' 'writeresp'>
ST_6 : Operation 115 [68/71] (2.43ns)   --->   "%gmem0_load_1_req = readreq i1 @_ssdm_op_ReadReq.m_axi.i512P1A, i512 %gmem0_addr_1, i32 1" [/users/arashs/U280_CRC_Accelerator/src/kernel.cpp:467->/users/arashs/U280_CRC_Accelerator/src/kernel.cpp:594]   --->   Operation 115 'readreq' 'gmem0_load_1_req' <Predicate = true> <Delay = 2.43> <CoreInst = "m_axi">   --->   Core 121 'm_axi' <Latency = 0> <II = 1> <Delay = 1.00> <Adapter> <Opcode : 'read' 'write' 'readreq' 'writereq' 'writeresp'>

State 7 <SV = 6> <Delay = 2.43>
ST_7 : Operation 116 [66/71] (2.43ns)   --->   "%gmem0_load_req = readreq i1 @_ssdm_op_ReadReq.m_axi.i512P1A, i512 %gmem0_addr, i32 1" [/users/arashs/U280_CRC_Accelerator/src/kernel.cpp:467->/users/arashs/U280_CRC_Accelerator/src/kernel.cpp:594]   --->   Operation 116 'readreq' 'gmem0_load_req' <Predicate = true> <Delay = 2.43> <CoreInst = "m_axi">   --->   Core 121 'm_axi' <Latency = 0> <II = 1> <Delay = 1.00> <Adapter> <Opcode : 'read' 'write' 'readreq' 'writereq' 'writeresp'>
ST_7 : Operation 117 [67/71] (2.43ns)   --->   "%gmem0_load_1_req = readreq i1 @_ssdm_op_ReadReq.m_axi.i512P1A, i512 %gmem0_addr_1, i32 1" [/users/arashs/U280_CRC_Accelerator/src/kernel.cpp:467->/users/arashs/U280_CRC_Accelerator/src/kernel.cpp:594]   --->   Operation 117 'readreq' 'gmem0_load_1_req' <Predicate = true> <Delay = 2.43> <CoreInst = "m_axi">   --->   Core 121 'm_axi' <Latency = 0> <II = 1> <Delay = 1.00> <Adapter> <Opcode : 'read' 'write' 'readreq' 'writereq' 'writeresp'>

State 8 <SV = 7> <Delay = 2.43>
ST_8 : Operation 118 [65/71] (2.43ns)   --->   "%gmem0_load_req = readreq i1 @_ssdm_op_ReadReq.m_axi.i512P1A, i512 %gmem0_addr, i32 1" [/users/arashs/U280_CRC_Accelerator/src/kernel.cpp:467->/users/arashs/U280_CRC_Accelerator/src/kernel.cpp:594]   --->   Operation 118 'readreq' 'gmem0_load_req' <Predicate = true> <Delay = 2.43> <CoreInst = "m_axi">   --->   Core 121 'm_axi' <Latency = 0> <II = 1> <Delay = 1.00> <Adapter> <Opcode : 'read' 'write' 'readreq' 'writereq' 'writeresp'>
ST_8 : Operation 119 [66/71] (2.43ns)   --->   "%gmem0_load_1_req = readreq i1 @_ssdm_op_ReadReq.m_axi.i512P1A, i512 %gmem0_addr_1, i32 1" [/users/arashs/U280_CRC_Accelerator/src/kernel.cpp:467->/users/arashs/U280_CRC_Accelerator/src/kernel.cpp:594]   --->   Operation 119 'readreq' 'gmem0_load_1_req' <Predicate = true> <Delay = 2.43> <CoreInst = "m_axi">   --->   Core 121 'm_axi' <Latency = 0> <II = 1> <Delay = 1.00> <Adapter> <Opcode : 'read' 'write' 'readreq' 'writereq' 'writeresp'>

State 9 <SV = 8> <Delay = 2.43>
ST_9 : Operation 120 [64/71] (2.43ns)   --->   "%gmem0_load_req = readreq i1 @_ssdm_op_ReadReq.m_axi.i512P1A, i512 %gmem0_addr, i32 1" [/users/arashs/U280_CRC_Accelerator/src/kernel.cpp:467->/users/arashs/U280_CRC_Accelerator/src/kernel.cpp:594]   --->   Operation 120 'readreq' 'gmem0_load_req' <Predicate = true> <Delay = 2.43> <CoreInst = "m_axi">   --->   Core 121 'm_axi' <Latency = 0> <II = 1> <Delay = 1.00> <Adapter> <Opcode : 'read' 'write' 'readreq' 'writereq' 'writeresp'>
ST_9 : Operation 121 [65/71] (2.43ns)   --->   "%gmem0_load_1_req = readreq i1 @_ssdm_op_ReadReq.m_axi.i512P1A, i512 %gmem0_addr_1, i32 1" [/users/arashs/U280_CRC_Accelerator/src/kernel.cpp:467->/users/arashs/U280_CRC_Accelerator/src/kernel.cpp:594]   --->   Operation 121 'readreq' 'gmem0_load_1_req' <Predicate = true> <Delay = 2.43> <CoreInst = "m_axi">   --->   Core 121 'm_axi' <Latency = 0> <II = 1> <Delay = 1.00> <Adapter> <Opcode : 'read' 'write' 'readreq' 'writereq' 'writeresp'>

State 10 <SV = 9> <Delay = 2.43>
ST_10 : Operation 122 [63/71] (2.43ns)   --->   "%gmem0_load_req = readreq i1 @_ssdm_op_ReadReq.m_axi.i512P1A, i512 %gmem0_addr, i32 1" [/users/arashs/U280_CRC_Accelerator/src/kernel.cpp:467->/users/arashs/U280_CRC_Accelerator/src/kernel.cpp:594]   --->   Operation 122 'readreq' 'gmem0_load_req' <Predicate = true> <Delay = 2.43> <CoreInst = "m_axi">   --->   Core 121 'm_axi' <Latency = 0> <II = 1> <Delay = 1.00> <Adapter> <Opcode : 'read' 'write' 'readreq' 'writereq' 'writeresp'>
ST_10 : Operation 123 [64/71] (2.43ns)   --->   "%gmem0_load_1_req = readreq i1 @_ssdm_op_ReadReq.m_axi.i512P1A, i512 %gmem0_addr_1, i32 1" [/users/arashs/U280_CRC_Accelerator/src/kernel.cpp:467->/users/arashs/U280_CRC_Accelerator/src/kernel.cpp:594]   --->   Operation 123 'readreq' 'gmem0_load_1_req' <Predicate = true> <Delay = 2.43> <CoreInst = "m_axi">   --->   Core 121 'm_axi' <Latency = 0> <II = 1> <Delay = 1.00> <Adapter> <Opcode : 'read' 'write' 'readreq' 'writereq' 'writeresp'>

State 11 <SV = 10> <Delay = 2.43>
ST_11 : Operation 124 [62/71] (2.43ns)   --->   "%gmem0_load_req = readreq i1 @_ssdm_op_ReadReq.m_axi.i512P1A, i512 %gmem0_addr, i32 1" [/users/arashs/U280_CRC_Accelerator/src/kernel.cpp:467->/users/arashs/U280_CRC_Accelerator/src/kernel.cpp:594]   --->   Operation 124 'readreq' 'gmem0_load_req' <Predicate = true> <Delay = 2.43> <CoreInst = "m_axi">   --->   Core 121 'm_axi' <Latency = 0> <II = 1> <Delay = 1.00> <Adapter> <Opcode : 'read' 'write' 'readreq' 'writereq' 'writeresp'>
ST_11 : Operation 125 [63/71] (2.43ns)   --->   "%gmem0_load_1_req = readreq i1 @_ssdm_op_ReadReq.m_axi.i512P1A, i512 %gmem0_addr_1, i32 1" [/users/arashs/U280_CRC_Accelerator/src/kernel.cpp:467->/users/arashs/U280_CRC_Accelerator/src/kernel.cpp:594]   --->   Operation 125 'readreq' 'gmem0_load_1_req' <Predicate = true> <Delay = 2.43> <CoreInst = "m_axi">   --->   Core 121 'm_axi' <Latency = 0> <II = 1> <Delay = 1.00> <Adapter> <Opcode : 'read' 'write' 'readreq' 'writereq' 'writeresp'>

State 12 <SV = 11> <Delay = 2.43>
ST_12 : Operation 126 [61/71] (2.43ns)   --->   "%gmem0_load_req = readreq i1 @_ssdm_op_ReadReq.m_axi.i512P1A, i512 %gmem0_addr, i32 1" [/users/arashs/U280_CRC_Accelerator/src/kernel.cpp:467->/users/arashs/U280_CRC_Accelerator/src/kernel.cpp:594]   --->   Operation 126 'readreq' 'gmem0_load_req' <Predicate = true> <Delay = 2.43> <CoreInst = "m_axi">   --->   Core 121 'm_axi' <Latency = 0> <II = 1> <Delay = 1.00> <Adapter> <Opcode : 'read' 'write' 'readreq' 'writereq' 'writeresp'>
ST_12 : Operation 127 [62/71] (2.43ns)   --->   "%gmem0_load_1_req = readreq i1 @_ssdm_op_ReadReq.m_axi.i512P1A, i512 %gmem0_addr_1, i32 1" [/users/arashs/U280_CRC_Accelerator/src/kernel.cpp:467->/users/arashs/U280_CRC_Accelerator/src/kernel.cpp:594]   --->   Operation 127 'readreq' 'gmem0_load_1_req' <Predicate = true> <Delay = 2.43> <CoreInst = "m_axi">   --->   Core 121 'm_axi' <Latency = 0> <II = 1> <Delay = 1.00> <Adapter> <Opcode : 'read' 'write' 'readreq' 'writereq' 'writeresp'>

State 13 <SV = 12> <Delay = 2.43>
ST_13 : Operation 128 [60/71] (2.43ns)   --->   "%gmem0_load_req = readreq i1 @_ssdm_op_ReadReq.m_axi.i512P1A, i512 %gmem0_addr, i32 1" [/users/arashs/U280_CRC_Accelerator/src/kernel.cpp:467->/users/arashs/U280_CRC_Accelerator/src/kernel.cpp:594]   --->   Operation 128 'readreq' 'gmem0_load_req' <Predicate = true> <Delay = 2.43> <CoreInst = "m_axi">   --->   Core 121 'm_axi' <Latency = 0> <II = 1> <Delay = 1.00> <Adapter> <Opcode : 'read' 'write' 'readreq' 'writereq' 'writeresp'>
ST_13 : Operation 129 [61/71] (2.43ns)   --->   "%gmem0_load_1_req = readreq i1 @_ssdm_op_ReadReq.m_axi.i512P1A, i512 %gmem0_addr_1, i32 1" [/users/arashs/U280_CRC_Accelerator/src/kernel.cpp:467->/users/arashs/U280_CRC_Accelerator/src/kernel.cpp:594]   --->   Operation 129 'readreq' 'gmem0_load_1_req' <Predicate = true> <Delay = 2.43> <CoreInst = "m_axi">   --->   Core 121 'm_axi' <Latency = 0> <II = 1> <Delay = 1.00> <Adapter> <Opcode : 'read' 'write' 'readreq' 'writereq' 'writeresp'>

State 14 <SV = 13> <Delay = 2.43>
ST_14 : Operation 130 [59/71] (2.43ns)   --->   "%gmem0_load_req = readreq i1 @_ssdm_op_ReadReq.m_axi.i512P1A, i512 %gmem0_addr, i32 1" [/users/arashs/U280_CRC_Accelerator/src/kernel.cpp:467->/users/arashs/U280_CRC_Accelerator/src/kernel.cpp:594]   --->   Operation 130 'readreq' 'gmem0_load_req' <Predicate = true> <Delay = 2.43> <CoreInst = "m_axi">   --->   Core 121 'm_axi' <Latency = 0> <II = 1> <Delay = 1.00> <Adapter> <Opcode : 'read' 'write' 'readreq' 'writereq' 'writeresp'>
ST_14 : Operation 131 [60/71] (2.43ns)   --->   "%gmem0_load_1_req = readreq i1 @_ssdm_op_ReadReq.m_axi.i512P1A, i512 %gmem0_addr_1, i32 1" [/users/arashs/U280_CRC_Accelerator/src/kernel.cpp:467->/users/arashs/U280_CRC_Accelerator/src/kernel.cpp:594]   --->   Operation 131 'readreq' 'gmem0_load_1_req' <Predicate = true> <Delay = 2.43> <CoreInst = "m_axi">   --->   Core 121 'm_axi' <Latency = 0> <II = 1> <Delay = 1.00> <Adapter> <Opcode : 'read' 'write' 'readreq' 'writereq' 'writeresp'>

State 15 <SV = 14> <Delay = 2.43>
ST_15 : Operation 132 [58/71] (2.43ns)   --->   "%gmem0_load_req = readreq i1 @_ssdm_op_ReadReq.m_axi.i512P1A, i512 %gmem0_addr, i32 1" [/users/arashs/U280_CRC_Accelerator/src/kernel.cpp:467->/users/arashs/U280_CRC_Accelerator/src/kernel.cpp:594]   --->   Operation 132 'readreq' 'gmem0_load_req' <Predicate = true> <Delay = 2.43> <CoreInst = "m_axi">   --->   Core 121 'm_axi' <Latency = 0> <II = 1> <Delay = 1.00> <Adapter> <Opcode : 'read' 'write' 'readreq' 'writereq' 'writeresp'>
ST_15 : Operation 133 [59/71] (2.43ns)   --->   "%gmem0_load_1_req = readreq i1 @_ssdm_op_ReadReq.m_axi.i512P1A, i512 %gmem0_addr_1, i32 1" [/users/arashs/U280_CRC_Accelerator/src/kernel.cpp:467->/users/arashs/U280_CRC_Accelerator/src/kernel.cpp:594]   --->   Operation 133 'readreq' 'gmem0_load_1_req' <Predicate = true> <Delay = 2.43> <CoreInst = "m_axi">   --->   Core 121 'm_axi' <Latency = 0> <II = 1> <Delay = 1.00> <Adapter> <Opcode : 'read' 'write' 'readreq' 'writereq' 'writeresp'>

State 16 <SV = 15> <Delay = 2.43>
ST_16 : Operation 134 [57/71] (2.43ns)   --->   "%gmem0_load_req = readreq i1 @_ssdm_op_ReadReq.m_axi.i512P1A, i512 %gmem0_addr, i32 1" [/users/arashs/U280_CRC_Accelerator/src/kernel.cpp:467->/users/arashs/U280_CRC_Accelerator/src/kernel.cpp:594]   --->   Operation 134 'readreq' 'gmem0_load_req' <Predicate = true> <Delay = 2.43> <CoreInst = "m_axi">   --->   Core 121 'm_axi' <Latency = 0> <II = 1> <Delay = 1.00> <Adapter> <Opcode : 'read' 'write' 'readreq' 'writereq' 'writeresp'>
ST_16 : Operation 135 [58/71] (2.43ns)   --->   "%gmem0_load_1_req = readreq i1 @_ssdm_op_ReadReq.m_axi.i512P1A, i512 %gmem0_addr_1, i32 1" [/users/arashs/U280_CRC_Accelerator/src/kernel.cpp:467->/users/arashs/U280_CRC_Accelerator/src/kernel.cpp:594]   --->   Operation 135 'readreq' 'gmem0_load_1_req' <Predicate = true> <Delay = 2.43> <CoreInst = "m_axi">   --->   Core 121 'm_axi' <Latency = 0> <II = 1> <Delay = 1.00> <Adapter> <Opcode : 'read' 'write' 'readreq' 'writereq' 'writeresp'>

State 17 <SV = 16> <Delay = 2.43>
ST_17 : Operation 136 [56/71] (2.43ns)   --->   "%gmem0_load_req = readreq i1 @_ssdm_op_ReadReq.m_axi.i512P1A, i512 %gmem0_addr, i32 1" [/users/arashs/U280_CRC_Accelerator/src/kernel.cpp:467->/users/arashs/U280_CRC_Accelerator/src/kernel.cpp:594]   --->   Operation 136 'readreq' 'gmem0_load_req' <Predicate = true> <Delay = 2.43> <CoreInst = "m_axi">   --->   Core 121 'm_axi' <Latency = 0> <II = 1> <Delay = 1.00> <Adapter> <Opcode : 'read' 'write' 'readreq' 'writereq' 'writeresp'>
ST_17 : Operation 137 [57/71] (2.43ns)   --->   "%gmem0_load_1_req = readreq i1 @_ssdm_op_ReadReq.m_axi.i512P1A, i512 %gmem0_addr_1, i32 1" [/users/arashs/U280_CRC_Accelerator/src/kernel.cpp:467->/users/arashs/U280_CRC_Accelerator/src/kernel.cpp:594]   --->   Operation 137 'readreq' 'gmem0_load_1_req' <Predicate = true> <Delay = 2.43> <CoreInst = "m_axi">   --->   Core 121 'm_axi' <Latency = 0> <II = 1> <Delay = 1.00> <Adapter> <Opcode : 'read' 'write' 'readreq' 'writereq' 'writeresp'>

State 18 <SV = 17> <Delay = 2.43>
ST_18 : Operation 138 [55/71] (2.43ns)   --->   "%gmem0_load_req = readreq i1 @_ssdm_op_ReadReq.m_axi.i512P1A, i512 %gmem0_addr, i32 1" [/users/arashs/U280_CRC_Accelerator/src/kernel.cpp:467->/users/arashs/U280_CRC_Accelerator/src/kernel.cpp:594]   --->   Operation 138 'readreq' 'gmem0_load_req' <Predicate = true> <Delay = 2.43> <CoreInst = "m_axi">   --->   Core 121 'm_axi' <Latency = 0> <II = 1> <Delay = 1.00> <Adapter> <Opcode : 'read' 'write' 'readreq' 'writereq' 'writeresp'>
ST_18 : Operation 139 [56/71] (2.43ns)   --->   "%gmem0_load_1_req = readreq i1 @_ssdm_op_ReadReq.m_axi.i512P1A, i512 %gmem0_addr_1, i32 1" [/users/arashs/U280_CRC_Accelerator/src/kernel.cpp:467->/users/arashs/U280_CRC_Accelerator/src/kernel.cpp:594]   --->   Operation 139 'readreq' 'gmem0_load_1_req' <Predicate = true> <Delay = 2.43> <CoreInst = "m_axi">   --->   Core 121 'm_axi' <Latency = 0> <II = 1> <Delay = 1.00> <Adapter> <Opcode : 'read' 'write' 'readreq' 'writereq' 'writeresp'>

State 19 <SV = 18> <Delay = 2.43>
ST_19 : Operation 140 [54/71] (2.43ns)   --->   "%gmem0_load_req = readreq i1 @_ssdm_op_ReadReq.m_axi.i512P1A, i512 %gmem0_addr, i32 1" [/users/arashs/U280_CRC_Accelerator/src/kernel.cpp:467->/users/arashs/U280_CRC_Accelerator/src/kernel.cpp:594]   --->   Operation 140 'readreq' 'gmem0_load_req' <Predicate = true> <Delay = 2.43> <CoreInst = "m_axi">   --->   Core 121 'm_axi' <Latency = 0> <II = 1> <Delay = 1.00> <Adapter> <Opcode : 'read' 'write' 'readreq' 'writereq' 'writeresp'>
ST_19 : Operation 141 [55/71] (2.43ns)   --->   "%gmem0_load_1_req = readreq i1 @_ssdm_op_ReadReq.m_axi.i512P1A, i512 %gmem0_addr_1, i32 1" [/users/arashs/U280_CRC_Accelerator/src/kernel.cpp:467->/users/arashs/U280_CRC_Accelerator/src/kernel.cpp:594]   --->   Operation 141 'readreq' 'gmem0_load_1_req' <Predicate = true> <Delay = 2.43> <CoreInst = "m_axi">   --->   Core 121 'm_axi' <Latency = 0> <II = 1> <Delay = 1.00> <Adapter> <Opcode : 'read' 'write' 'readreq' 'writereq' 'writeresp'>

State 20 <SV = 19> <Delay = 2.43>
ST_20 : Operation 142 [53/71] (2.43ns)   --->   "%gmem0_load_req = readreq i1 @_ssdm_op_ReadReq.m_axi.i512P1A, i512 %gmem0_addr, i32 1" [/users/arashs/U280_CRC_Accelerator/src/kernel.cpp:467->/users/arashs/U280_CRC_Accelerator/src/kernel.cpp:594]   --->   Operation 142 'readreq' 'gmem0_load_req' <Predicate = true> <Delay = 2.43> <CoreInst = "m_axi">   --->   Core 121 'm_axi' <Latency = 0> <II = 1> <Delay = 1.00> <Adapter> <Opcode : 'read' 'write' 'readreq' 'writereq' 'writeresp'>
ST_20 : Operation 143 [54/71] (2.43ns)   --->   "%gmem0_load_1_req = readreq i1 @_ssdm_op_ReadReq.m_axi.i512P1A, i512 %gmem0_addr_1, i32 1" [/users/arashs/U280_CRC_Accelerator/src/kernel.cpp:467->/users/arashs/U280_CRC_Accelerator/src/kernel.cpp:594]   --->   Operation 143 'readreq' 'gmem0_load_1_req' <Predicate = true> <Delay = 2.43> <CoreInst = "m_axi">   --->   Core 121 'm_axi' <Latency = 0> <II = 1> <Delay = 1.00> <Adapter> <Opcode : 'read' 'write' 'readreq' 'writereq' 'writeresp'>

State 21 <SV = 20> <Delay = 2.43>
ST_21 : Operation 144 [52/71] (2.43ns)   --->   "%gmem0_load_req = readreq i1 @_ssdm_op_ReadReq.m_axi.i512P1A, i512 %gmem0_addr, i32 1" [/users/arashs/U280_CRC_Accelerator/src/kernel.cpp:467->/users/arashs/U280_CRC_Accelerator/src/kernel.cpp:594]   --->   Operation 144 'readreq' 'gmem0_load_req' <Predicate = true> <Delay = 2.43> <CoreInst = "m_axi">   --->   Core 121 'm_axi' <Latency = 0> <II = 1> <Delay = 1.00> <Adapter> <Opcode : 'read' 'write' 'readreq' 'writereq' 'writeresp'>
ST_21 : Operation 145 [53/71] (2.43ns)   --->   "%gmem0_load_1_req = readreq i1 @_ssdm_op_ReadReq.m_axi.i512P1A, i512 %gmem0_addr_1, i32 1" [/users/arashs/U280_CRC_Accelerator/src/kernel.cpp:467->/users/arashs/U280_CRC_Accelerator/src/kernel.cpp:594]   --->   Operation 145 'readreq' 'gmem0_load_1_req' <Predicate = true> <Delay = 2.43> <CoreInst = "m_axi">   --->   Core 121 'm_axi' <Latency = 0> <II = 1> <Delay = 1.00> <Adapter> <Opcode : 'read' 'write' 'readreq' 'writereq' 'writeresp'>

State 22 <SV = 21> <Delay = 2.43>
ST_22 : Operation 146 [51/71] (2.43ns)   --->   "%gmem0_load_req = readreq i1 @_ssdm_op_ReadReq.m_axi.i512P1A, i512 %gmem0_addr, i32 1" [/users/arashs/U280_CRC_Accelerator/src/kernel.cpp:467->/users/arashs/U280_CRC_Accelerator/src/kernel.cpp:594]   --->   Operation 146 'readreq' 'gmem0_load_req' <Predicate = true> <Delay = 2.43> <CoreInst = "m_axi">   --->   Core 121 'm_axi' <Latency = 0> <II = 1> <Delay = 1.00> <Adapter> <Opcode : 'read' 'write' 'readreq' 'writereq' 'writeresp'>
ST_22 : Operation 147 [52/71] (2.43ns)   --->   "%gmem0_load_1_req = readreq i1 @_ssdm_op_ReadReq.m_axi.i512P1A, i512 %gmem0_addr_1, i32 1" [/users/arashs/U280_CRC_Accelerator/src/kernel.cpp:467->/users/arashs/U280_CRC_Accelerator/src/kernel.cpp:594]   --->   Operation 147 'readreq' 'gmem0_load_1_req' <Predicate = true> <Delay = 2.43> <CoreInst = "m_axi">   --->   Core 121 'm_axi' <Latency = 0> <II = 1> <Delay = 1.00> <Adapter> <Opcode : 'read' 'write' 'readreq' 'writereq' 'writeresp'>

State 23 <SV = 22> <Delay = 2.43>
ST_23 : Operation 148 [50/71] (2.43ns)   --->   "%gmem0_load_req = readreq i1 @_ssdm_op_ReadReq.m_axi.i512P1A, i512 %gmem0_addr, i32 1" [/users/arashs/U280_CRC_Accelerator/src/kernel.cpp:467->/users/arashs/U280_CRC_Accelerator/src/kernel.cpp:594]   --->   Operation 148 'readreq' 'gmem0_load_req' <Predicate = true> <Delay = 2.43> <CoreInst = "m_axi">   --->   Core 121 'm_axi' <Latency = 0> <II = 1> <Delay = 1.00> <Adapter> <Opcode : 'read' 'write' 'readreq' 'writereq' 'writeresp'>
ST_23 : Operation 149 [51/71] (2.43ns)   --->   "%gmem0_load_1_req = readreq i1 @_ssdm_op_ReadReq.m_axi.i512P1A, i512 %gmem0_addr_1, i32 1" [/users/arashs/U280_CRC_Accelerator/src/kernel.cpp:467->/users/arashs/U280_CRC_Accelerator/src/kernel.cpp:594]   --->   Operation 149 'readreq' 'gmem0_load_1_req' <Predicate = true> <Delay = 2.43> <CoreInst = "m_axi">   --->   Core 121 'm_axi' <Latency = 0> <II = 1> <Delay = 1.00> <Adapter> <Opcode : 'read' 'write' 'readreq' 'writereq' 'writeresp'>

State 24 <SV = 23> <Delay = 2.43>
ST_24 : Operation 150 [49/71] (2.43ns)   --->   "%gmem0_load_req = readreq i1 @_ssdm_op_ReadReq.m_axi.i512P1A, i512 %gmem0_addr, i32 1" [/users/arashs/U280_CRC_Accelerator/src/kernel.cpp:467->/users/arashs/U280_CRC_Accelerator/src/kernel.cpp:594]   --->   Operation 150 'readreq' 'gmem0_load_req' <Predicate = true> <Delay = 2.43> <CoreInst = "m_axi">   --->   Core 121 'm_axi' <Latency = 0> <II = 1> <Delay = 1.00> <Adapter> <Opcode : 'read' 'write' 'readreq' 'writereq' 'writeresp'>
ST_24 : Operation 151 [50/71] (2.43ns)   --->   "%gmem0_load_1_req = readreq i1 @_ssdm_op_ReadReq.m_axi.i512P1A, i512 %gmem0_addr_1, i32 1" [/users/arashs/U280_CRC_Accelerator/src/kernel.cpp:467->/users/arashs/U280_CRC_Accelerator/src/kernel.cpp:594]   --->   Operation 151 'readreq' 'gmem0_load_1_req' <Predicate = true> <Delay = 2.43> <CoreInst = "m_axi">   --->   Core 121 'm_axi' <Latency = 0> <II = 1> <Delay = 1.00> <Adapter> <Opcode : 'read' 'write' 'readreq' 'writereq' 'writeresp'>

State 25 <SV = 24> <Delay = 2.43>
ST_25 : Operation 152 [48/71] (2.43ns)   --->   "%gmem0_load_req = readreq i1 @_ssdm_op_ReadReq.m_axi.i512P1A, i512 %gmem0_addr, i32 1" [/users/arashs/U280_CRC_Accelerator/src/kernel.cpp:467->/users/arashs/U280_CRC_Accelerator/src/kernel.cpp:594]   --->   Operation 152 'readreq' 'gmem0_load_req' <Predicate = true> <Delay = 2.43> <CoreInst = "m_axi">   --->   Core 121 'm_axi' <Latency = 0> <II = 1> <Delay = 1.00> <Adapter> <Opcode : 'read' 'write' 'readreq' 'writereq' 'writeresp'>
ST_25 : Operation 153 [49/71] (2.43ns)   --->   "%gmem0_load_1_req = readreq i1 @_ssdm_op_ReadReq.m_axi.i512P1A, i512 %gmem0_addr_1, i32 1" [/users/arashs/U280_CRC_Accelerator/src/kernel.cpp:467->/users/arashs/U280_CRC_Accelerator/src/kernel.cpp:594]   --->   Operation 153 'readreq' 'gmem0_load_1_req' <Predicate = true> <Delay = 2.43> <CoreInst = "m_axi">   --->   Core 121 'm_axi' <Latency = 0> <II = 1> <Delay = 1.00> <Adapter> <Opcode : 'read' 'write' 'readreq' 'writereq' 'writeresp'>

State 26 <SV = 25> <Delay = 2.43>
ST_26 : Operation 154 [47/71] (2.43ns)   --->   "%gmem0_load_req = readreq i1 @_ssdm_op_ReadReq.m_axi.i512P1A, i512 %gmem0_addr, i32 1" [/users/arashs/U280_CRC_Accelerator/src/kernel.cpp:467->/users/arashs/U280_CRC_Accelerator/src/kernel.cpp:594]   --->   Operation 154 'readreq' 'gmem0_load_req' <Predicate = true> <Delay = 2.43> <CoreInst = "m_axi">   --->   Core 121 'm_axi' <Latency = 0> <II = 1> <Delay = 1.00> <Adapter> <Opcode : 'read' 'write' 'readreq' 'writereq' 'writeresp'>
ST_26 : Operation 155 [48/71] (2.43ns)   --->   "%gmem0_load_1_req = readreq i1 @_ssdm_op_ReadReq.m_axi.i512P1A, i512 %gmem0_addr_1, i32 1" [/users/arashs/U280_CRC_Accelerator/src/kernel.cpp:467->/users/arashs/U280_CRC_Accelerator/src/kernel.cpp:594]   --->   Operation 155 'readreq' 'gmem0_load_1_req' <Predicate = true> <Delay = 2.43> <CoreInst = "m_axi">   --->   Core 121 'm_axi' <Latency = 0> <II = 1> <Delay = 1.00> <Adapter> <Opcode : 'read' 'write' 'readreq' 'writereq' 'writeresp'>

State 27 <SV = 26> <Delay = 2.43>
ST_27 : Operation 156 [46/71] (2.43ns)   --->   "%gmem0_load_req = readreq i1 @_ssdm_op_ReadReq.m_axi.i512P1A, i512 %gmem0_addr, i32 1" [/users/arashs/U280_CRC_Accelerator/src/kernel.cpp:467->/users/arashs/U280_CRC_Accelerator/src/kernel.cpp:594]   --->   Operation 156 'readreq' 'gmem0_load_req' <Predicate = true> <Delay = 2.43> <CoreInst = "m_axi">   --->   Core 121 'm_axi' <Latency = 0> <II = 1> <Delay = 1.00> <Adapter> <Opcode : 'read' 'write' 'readreq' 'writereq' 'writeresp'>
ST_27 : Operation 157 [47/71] (2.43ns)   --->   "%gmem0_load_1_req = readreq i1 @_ssdm_op_ReadReq.m_axi.i512P1A, i512 %gmem0_addr_1, i32 1" [/users/arashs/U280_CRC_Accelerator/src/kernel.cpp:467->/users/arashs/U280_CRC_Accelerator/src/kernel.cpp:594]   --->   Operation 157 'readreq' 'gmem0_load_1_req' <Predicate = true> <Delay = 2.43> <CoreInst = "m_axi">   --->   Core 121 'm_axi' <Latency = 0> <II = 1> <Delay = 1.00> <Adapter> <Opcode : 'read' 'write' 'readreq' 'writereq' 'writeresp'>

State 28 <SV = 27> <Delay = 2.43>
ST_28 : Operation 158 [45/71] (2.43ns)   --->   "%gmem0_load_req = readreq i1 @_ssdm_op_ReadReq.m_axi.i512P1A, i512 %gmem0_addr, i32 1" [/users/arashs/U280_CRC_Accelerator/src/kernel.cpp:467->/users/arashs/U280_CRC_Accelerator/src/kernel.cpp:594]   --->   Operation 158 'readreq' 'gmem0_load_req' <Predicate = true> <Delay = 2.43> <CoreInst = "m_axi">   --->   Core 121 'm_axi' <Latency = 0> <II = 1> <Delay = 1.00> <Adapter> <Opcode : 'read' 'write' 'readreq' 'writereq' 'writeresp'>
ST_28 : Operation 159 [46/71] (2.43ns)   --->   "%gmem0_load_1_req = readreq i1 @_ssdm_op_ReadReq.m_axi.i512P1A, i512 %gmem0_addr_1, i32 1" [/users/arashs/U280_CRC_Accelerator/src/kernel.cpp:467->/users/arashs/U280_CRC_Accelerator/src/kernel.cpp:594]   --->   Operation 159 'readreq' 'gmem0_load_1_req' <Predicate = true> <Delay = 2.43> <CoreInst = "m_axi">   --->   Core 121 'm_axi' <Latency = 0> <II = 1> <Delay = 1.00> <Adapter> <Opcode : 'read' 'write' 'readreq' 'writereq' 'writeresp'>

State 29 <SV = 28> <Delay = 2.43>
ST_29 : Operation 160 [44/71] (2.43ns)   --->   "%gmem0_load_req = readreq i1 @_ssdm_op_ReadReq.m_axi.i512P1A, i512 %gmem0_addr, i32 1" [/users/arashs/U280_CRC_Accelerator/src/kernel.cpp:467->/users/arashs/U280_CRC_Accelerator/src/kernel.cpp:594]   --->   Operation 160 'readreq' 'gmem0_load_req' <Predicate = true> <Delay = 2.43> <CoreInst = "m_axi">   --->   Core 121 'm_axi' <Latency = 0> <II = 1> <Delay = 1.00> <Adapter> <Opcode : 'read' 'write' 'readreq' 'writereq' 'writeresp'>
ST_29 : Operation 161 [45/71] (2.43ns)   --->   "%gmem0_load_1_req = readreq i1 @_ssdm_op_ReadReq.m_axi.i512P1A, i512 %gmem0_addr_1, i32 1" [/users/arashs/U280_CRC_Accelerator/src/kernel.cpp:467->/users/arashs/U280_CRC_Accelerator/src/kernel.cpp:594]   --->   Operation 161 'readreq' 'gmem0_load_1_req' <Predicate = true> <Delay = 2.43> <CoreInst = "m_axi">   --->   Core 121 'm_axi' <Latency = 0> <II = 1> <Delay = 1.00> <Adapter> <Opcode : 'read' 'write' 'readreq' 'writereq' 'writeresp'>

State 30 <SV = 29> <Delay = 2.43>
ST_30 : Operation 162 [43/71] (2.43ns)   --->   "%gmem0_load_req = readreq i1 @_ssdm_op_ReadReq.m_axi.i512P1A, i512 %gmem0_addr, i32 1" [/users/arashs/U280_CRC_Accelerator/src/kernel.cpp:467->/users/arashs/U280_CRC_Accelerator/src/kernel.cpp:594]   --->   Operation 162 'readreq' 'gmem0_load_req' <Predicate = true> <Delay = 2.43> <CoreInst = "m_axi">   --->   Core 121 'm_axi' <Latency = 0> <II = 1> <Delay = 1.00> <Adapter> <Opcode : 'read' 'write' 'readreq' 'writereq' 'writeresp'>
ST_30 : Operation 163 [44/71] (2.43ns)   --->   "%gmem0_load_1_req = readreq i1 @_ssdm_op_ReadReq.m_axi.i512P1A, i512 %gmem0_addr_1, i32 1" [/users/arashs/U280_CRC_Accelerator/src/kernel.cpp:467->/users/arashs/U280_CRC_Accelerator/src/kernel.cpp:594]   --->   Operation 163 'readreq' 'gmem0_load_1_req' <Predicate = true> <Delay = 2.43> <CoreInst = "m_axi">   --->   Core 121 'm_axi' <Latency = 0> <II = 1> <Delay = 1.00> <Adapter> <Opcode : 'read' 'write' 'readreq' 'writereq' 'writeresp'>

State 31 <SV = 30> <Delay = 2.43>
ST_31 : Operation 164 [42/71] (2.43ns)   --->   "%gmem0_load_req = readreq i1 @_ssdm_op_ReadReq.m_axi.i512P1A, i512 %gmem0_addr, i32 1" [/users/arashs/U280_CRC_Accelerator/src/kernel.cpp:467->/users/arashs/U280_CRC_Accelerator/src/kernel.cpp:594]   --->   Operation 164 'readreq' 'gmem0_load_req' <Predicate = true> <Delay = 2.43> <CoreInst = "m_axi">   --->   Core 121 'm_axi' <Latency = 0> <II = 1> <Delay = 1.00> <Adapter> <Opcode : 'read' 'write' 'readreq' 'writereq' 'writeresp'>
ST_31 : Operation 165 [43/71] (2.43ns)   --->   "%gmem0_load_1_req = readreq i1 @_ssdm_op_ReadReq.m_axi.i512P1A, i512 %gmem0_addr_1, i32 1" [/users/arashs/U280_CRC_Accelerator/src/kernel.cpp:467->/users/arashs/U280_CRC_Accelerator/src/kernel.cpp:594]   --->   Operation 165 'readreq' 'gmem0_load_1_req' <Predicate = true> <Delay = 2.43> <CoreInst = "m_axi">   --->   Core 121 'm_axi' <Latency = 0> <II = 1> <Delay = 1.00> <Adapter> <Opcode : 'read' 'write' 'readreq' 'writereq' 'writeresp'>

State 32 <SV = 31> <Delay = 2.43>
ST_32 : Operation 166 [41/71] (2.43ns)   --->   "%gmem0_load_req = readreq i1 @_ssdm_op_ReadReq.m_axi.i512P1A, i512 %gmem0_addr, i32 1" [/users/arashs/U280_CRC_Accelerator/src/kernel.cpp:467->/users/arashs/U280_CRC_Accelerator/src/kernel.cpp:594]   --->   Operation 166 'readreq' 'gmem0_load_req' <Predicate = true> <Delay = 2.43> <CoreInst = "m_axi">   --->   Core 121 'm_axi' <Latency = 0> <II = 1> <Delay = 1.00> <Adapter> <Opcode : 'read' 'write' 'readreq' 'writereq' 'writeresp'>
ST_32 : Operation 167 [42/71] (2.43ns)   --->   "%gmem0_load_1_req = readreq i1 @_ssdm_op_ReadReq.m_axi.i512P1A, i512 %gmem0_addr_1, i32 1" [/users/arashs/U280_CRC_Accelerator/src/kernel.cpp:467->/users/arashs/U280_CRC_Accelerator/src/kernel.cpp:594]   --->   Operation 167 'readreq' 'gmem0_load_1_req' <Predicate = true> <Delay = 2.43> <CoreInst = "m_axi">   --->   Core 121 'm_axi' <Latency = 0> <II = 1> <Delay = 1.00> <Adapter> <Opcode : 'read' 'write' 'readreq' 'writereq' 'writeresp'>

State 33 <SV = 32> <Delay = 2.43>
ST_33 : Operation 168 [40/71] (2.43ns)   --->   "%gmem0_load_req = readreq i1 @_ssdm_op_ReadReq.m_axi.i512P1A, i512 %gmem0_addr, i32 1" [/users/arashs/U280_CRC_Accelerator/src/kernel.cpp:467->/users/arashs/U280_CRC_Accelerator/src/kernel.cpp:594]   --->   Operation 168 'readreq' 'gmem0_load_req' <Predicate = true> <Delay = 2.43> <CoreInst = "m_axi">   --->   Core 121 'm_axi' <Latency = 0> <II = 1> <Delay = 1.00> <Adapter> <Opcode : 'read' 'write' 'readreq' 'writereq' 'writeresp'>
ST_33 : Operation 169 [41/71] (2.43ns)   --->   "%gmem0_load_1_req = readreq i1 @_ssdm_op_ReadReq.m_axi.i512P1A, i512 %gmem0_addr_1, i32 1" [/users/arashs/U280_CRC_Accelerator/src/kernel.cpp:467->/users/arashs/U280_CRC_Accelerator/src/kernel.cpp:594]   --->   Operation 169 'readreq' 'gmem0_load_1_req' <Predicate = true> <Delay = 2.43> <CoreInst = "m_axi">   --->   Core 121 'm_axi' <Latency = 0> <II = 1> <Delay = 1.00> <Adapter> <Opcode : 'read' 'write' 'readreq' 'writereq' 'writeresp'>

State 34 <SV = 33> <Delay = 2.43>
ST_34 : Operation 170 [39/71] (2.43ns)   --->   "%gmem0_load_req = readreq i1 @_ssdm_op_ReadReq.m_axi.i512P1A, i512 %gmem0_addr, i32 1" [/users/arashs/U280_CRC_Accelerator/src/kernel.cpp:467->/users/arashs/U280_CRC_Accelerator/src/kernel.cpp:594]   --->   Operation 170 'readreq' 'gmem0_load_req' <Predicate = true> <Delay = 2.43> <CoreInst = "m_axi">   --->   Core 121 'm_axi' <Latency = 0> <II = 1> <Delay = 1.00> <Adapter> <Opcode : 'read' 'write' 'readreq' 'writereq' 'writeresp'>
ST_34 : Operation 171 [40/71] (2.43ns)   --->   "%gmem0_load_1_req = readreq i1 @_ssdm_op_ReadReq.m_axi.i512P1A, i512 %gmem0_addr_1, i32 1" [/users/arashs/U280_CRC_Accelerator/src/kernel.cpp:467->/users/arashs/U280_CRC_Accelerator/src/kernel.cpp:594]   --->   Operation 171 'readreq' 'gmem0_load_1_req' <Predicate = true> <Delay = 2.43> <CoreInst = "m_axi">   --->   Core 121 'm_axi' <Latency = 0> <II = 1> <Delay = 1.00> <Adapter> <Opcode : 'read' 'write' 'readreq' 'writereq' 'writeresp'>

State 35 <SV = 34> <Delay = 2.43>
ST_35 : Operation 172 [38/71] (2.43ns)   --->   "%gmem0_load_req = readreq i1 @_ssdm_op_ReadReq.m_axi.i512P1A, i512 %gmem0_addr, i32 1" [/users/arashs/U280_CRC_Accelerator/src/kernel.cpp:467->/users/arashs/U280_CRC_Accelerator/src/kernel.cpp:594]   --->   Operation 172 'readreq' 'gmem0_load_req' <Predicate = true> <Delay = 2.43> <CoreInst = "m_axi">   --->   Core 121 'm_axi' <Latency = 0> <II = 1> <Delay = 1.00> <Adapter> <Opcode : 'read' 'write' 'readreq' 'writereq' 'writeresp'>
ST_35 : Operation 173 [39/71] (2.43ns)   --->   "%gmem0_load_1_req = readreq i1 @_ssdm_op_ReadReq.m_axi.i512P1A, i512 %gmem0_addr_1, i32 1" [/users/arashs/U280_CRC_Accelerator/src/kernel.cpp:467->/users/arashs/U280_CRC_Accelerator/src/kernel.cpp:594]   --->   Operation 173 'readreq' 'gmem0_load_1_req' <Predicate = true> <Delay = 2.43> <CoreInst = "m_axi">   --->   Core 121 'm_axi' <Latency = 0> <II = 1> <Delay = 1.00> <Adapter> <Opcode : 'read' 'write' 'readreq' 'writereq' 'writeresp'>

State 36 <SV = 35> <Delay = 2.43>
ST_36 : Operation 174 [37/71] (2.43ns)   --->   "%gmem0_load_req = readreq i1 @_ssdm_op_ReadReq.m_axi.i512P1A, i512 %gmem0_addr, i32 1" [/users/arashs/U280_CRC_Accelerator/src/kernel.cpp:467->/users/arashs/U280_CRC_Accelerator/src/kernel.cpp:594]   --->   Operation 174 'readreq' 'gmem0_load_req' <Predicate = true> <Delay = 2.43> <CoreInst = "m_axi">   --->   Core 121 'm_axi' <Latency = 0> <II = 1> <Delay = 1.00> <Adapter> <Opcode : 'read' 'write' 'readreq' 'writereq' 'writeresp'>
ST_36 : Operation 175 [38/71] (2.43ns)   --->   "%gmem0_load_1_req = readreq i1 @_ssdm_op_ReadReq.m_axi.i512P1A, i512 %gmem0_addr_1, i32 1" [/users/arashs/U280_CRC_Accelerator/src/kernel.cpp:467->/users/arashs/U280_CRC_Accelerator/src/kernel.cpp:594]   --->   Operation 175 'readreq' 'gmem0_load_1_req' <Predicate = true> <Delay = 2.43> <CoreInst = "m_axi">   --->   Core 121 'm_axi' <Latency = 0> <II = 1> <Delay = 1.00> <Adapter> <Opcode : 'read' 'write' 'readreq' 'writereq' 'writeresp'>

State 37 <SV = 36> <Delay = 2.43>
ST_37 : Operation 176 [36/71] (2.43ns)   --->   "%gmem0_load_req = readreq i1 @_ssdm_op_ReadReq.m_axi.i512P1A, i512 %gmem0_addr, i32 1" [/users/arashs/U280_CRC_Accelerator/src/kernel.cpp:467->/users/arashs/U280_CRC_Accelerator/src/kernel.cpp:594]   --->   Operation 176 'readreq' 'gmem0_load_req' <Predicate = true> <Delay = 2.43> <CoreInst = "m_axi">   --->   Core 121 'm_axi' <Latency = 0> <II = 1> <Delay = 1.00> <Adapter> <Opcode : 'read' 'write' 'readreq' 'writereq' 'writeresp'>
ST_37 : Operation 177 [37/71] (2.43ns)   --->   "%gmem0_load_1_req = readreq i1 @_ssdm_op_ReadReq.m_axi.i512P1A, i512 %gmem0_addr_1, i32 1" [/users/arashs/U280_CRC_Accelerator/src/kernel.cpp:467->/users/arashs/U280_CRC_Accelerator/src/kernel.cpp:594]   --->   Operation 177 'readreq' 'gmem0_load_1_req' <Predicate = true> <Delay = 2.43> <CoreInst = "m_axi">   --->   Core 121 'm_axi' <Latency = 0> <II = 1> <Delay = 1.00> <Adapter> <Opcode : 'read' 'write' 'readreq' 'writereq' 'writeresp'>

State 38 <SV = 37> <Delay = 2.43>
ST_38 : Operation 178 [35/71] (2.43ns)   --->   "%gmem0_load_req = readreq i1 @_ssdm_op_ReadReq.m_axi.i512P1A, i512 %gmem0_addr, i32 1" [/users/arashs/U280_CRC_Accelerator/src/kernel.cpp:467->/users/arashs/U280_CRC_Accelerator/src/kernel.cpp:594]   --->   Operation 178 'readreq' 'gmem0_load_req' <Predicate = true> <Delay = 2.43> <CoreInst = "m_axi">   --->   Core 121 'm_axi' <Latency = 0> <II = 1> <Delay = 1.00> <Adapter> <Opcode : 'read' 'write' 'readreq' 'writereq' 'writeresp'>
ST_38 : Operation 179 [36/71] (2.43ns)   --->   "%gmem0_load_1_req = readreq i1 @_ssdm_op_ReadReq.m_axi.i512P1A, i512 %gmem0_addr_1, i32 1" [/users/arashs/U280_CRC_Accelerator/src/kernel.cpp:467->/users/arashs/U280_CRC_Accelerator/src/kernel.cpp:594]   --->   Operation 179 'readreq' 'gmem0_load_1_req' <Predicate = true> <Delay = 2.43> <CoreInst = "m_axi">   --->   Core 121 'm_axi' <Latency = 0> <II = 1> <Delay = 1.00> <Adapter> <Opcode : 'read' 'write' 'readreq' 'writereq' 'writeresp'>

State 39 <SV = 38> <Delay = 2.43>
ST_39 : Operation 180 [34/71] (2.43ns)   --->   "%gmem0_load_req = readreq i1 @_ssdm_op_ReadReq.m_axi.i512P1A, i512 %gmem0_addr, i32 1" [/users/arashs/U280_CRC_Accelerator/src/kernel.cpp:467->/users/arashs/U280_CRC_Accelerator/src/kernel.cpp:594]   --->   Operation 180 'readreq' 'gmem0_load_req' <Predicate = true> <Delay = 2.43> <CoreInst = "m_axi">   --->   Core 121 'm_axi' <Latency = 0> <II = 1> <Delay = 1.00> <Adapter> <Opcode : 'read' 'write' 'readreq' 'writereq' 'writeresp'>
ST_39 : Operation 181 [35/71] (2.43ns)   --->   "%gmem0_load_1_req = readreq i1 @_ssdm_op_ReadReq.m_axi.i512P1A, i512 %gmem0_addr_1, i32 1" [/users/arashs/U280_CRC_Accelerator/src/kernel.cpp:467->/users/arashs/U280_CRC_Accelerator/src/kernel.cpp:594]   --->   Operation 181 'readreq' 'gmem0_load_1_req' <Predicate = true> <Delay = 2.43> <CoreInst = "m_axi">   --->   Core 121 'm_axi' <Latency = 0> <II = 1> <Delay = 1.00> <Adapter> <Opcode : 'read' 'write' 'readreq' 'writereq' 'writeresp'>

State 40 <SV = 39> <Delay = 2.43>
ST_40 : Operation 182 [33/71] (2.43ns)   --->   "%gmem0_load_req = readreq i1 @_ssdm_op_ReadReq.m_axi.i512P1A, i512 %gmem0_addr, i32 1" [/users/arashs/U280_CRC_Accelerator/src/kernel.cpp:467->/users/arashs/U280_CRC_Accelerator/src/kernel.cpp:594]   --->   Operation 182 'readreq' 'gmem0_load_req' <Predicate = true> <Delay = 2.43> <CoreInst = "m_axi">   --->   Core 121 'm_axi' <Latency = 0> <II = 1> <Delay = 1.00> <Adapter> <Opcode : 'read' 'write' 'readreq' 'writereq' 'writeresp'>
ST_40 : Operation 183 [34/71] (2.43ns)   --->   "%gmem0_load_1_req = readreq i1 @_ssdm_op_ReadReq.m_axi.i512P1A, i512 %gmem0_addr_1, i32 1" [/users/arashs/U280_CRC_Accelerator/src/kernel.cpp:467->/users/arashs/U280_CRC_Accelerator/src/kernel.cpp:594]   --->   Operation 183 'readreq' 'gmem0_load_1_req' <Predicate = true> <Delay = 2.43> <CoreInst = "m_axi">   --->   Core 121 'm_axi' <Latency = 0> <II = 1> <Delay = 1.00> <Adapter> <Opcode : 'read' 'write' 'readreq' 'writereq' 'writeresp'>

State 41 <SV = 40> <Delay = 2.43>
ST_41 : Operation 184 [32/71] (2.43ns)   --->   "%gmem0_load_req = readreq i1 @_ssdm_op_ReadReq.m_axi.i512P1A, i512 %gmem0_addr, i32 1" [/users/arashs/U280_CRC_Accelerator/src/kernel.cpp:467->/users/arashs/U280_CRC_Accelerator/src/kernel.cpp:594]   --->   Operation 184 'readreq' 'gmem0_load_req' <Predicate = true> <Delay = 2.43> <CoreInst = "m_axi">   --->   Core 121 'm_axi' <Latency = 0> <II = 1> <Delay = 1.00> <Adapter> <Opcode : 'read' 'write' 'readreq' 'writereq' 'writeresp'>
ST_41 : Operation 185 [33/71] (2.43ns)   --->   "%gmem0_load_1_req = readreq i1 @_ssdm_op_ReadReq.m_axi.i512P1A, i512 %gmem0_addr_1, i32 1" [/users/arashs/U280_CRC_Accelerator/src/kernel.cpp:467->/users/arashs/U280_CRC_Accelerator/src/kernel.cpp:594]   --->   Operation 185 'readreq' 'gmem0_load_1_req' <Predicate = true> <Delay = 2.43> <CoreInst = "m_axi">   --->   Core 121 'm_axi' <Latency = 0> <II = 1> <Delay = 1.00> <Adapter> <Opcode : 'read' 'write' 'readreq' 'writereq' 'writeresp'>

State 42 <SV = 41> <Delay = 2.43>
ST_42 : Operation 186 [31/71] (2.43ns)   --->   "%gmem0_load_req = readreq i1 @_ssdm_op_ReadReq.m_axi.i512P1A, i512 %gmem0_addr, i32 1" [/users/arashs/U280_CRC_Accelerator/src/kernel.cpp:467->/users/arashs/U280_CRC_Accelerator/src/kernel.cpp:594]   --->   Operation 186 'readreq' 'gmem0_load_req' <Predicate = true> <Delay = 2.43> <CoreInst = "m_axi">   --->   Core 121 'm_axi' <Latency = 0> <II = 1> <Delay = 1.00> <Adapter> <Opcode : 'read' 'write' 'readreq' 'writereq' 'writeresp'>
ST_42 : Operation 187 [32/71] (2.43ns)   --->   "%gmem0_load_1_req = readreq i1 @_ssdm_op_ReadReq.m_axi.i512P1A, i512 %gmem0_addr_1, i32 1" [/users/arashs/U280_CRC_Accelerator/src/kernel.cpp:467->/users/arashs/U280_CRC_Accelerator/src/kernel.cpp:594]   --->   Operation 187 'readreq' 'gmem0_load_1_req' <Predicate = true> <Delay = 2.43> <CoreInst = "m_axi">   --->   Core 121 'm_axi' <Latency = 0> <II = 1> <Delay = 1.00> <Adapter> <Opcode : 'read' 'write' 'readreq' 'writereq' 'writeresp'>

State 43 <SV = 42> <Delay = 2.43>
ST_43 : Operation 188 [30/71] (2.43ns)   --->   "%gmem0_load_req = readreq i1 @_ssdm_op_ReadReq.m_axi.i512P1A, i512 %gmem0_addr, i32 1" [/users/arashs/U280_CRC_Accelerator/src/kernel.cpp:467->/users/arashs/U280_CRC_Accelerator/src/kernel.cpp:594]   --->   Operation 188 'readreq' 'gmem0_load_req' <Predicate = true> <Delay = 2.43> <CoreInst = "m_axi">   --->   Core 121 'm_axi' <Latency = 0> <II = 1> <Delay = 1.00> <Adapter> <Opcode : 'read' 'write' 'readreq' 'writereq' 'writeresp'>
ST_43 : Operation 189 [31/71] (2.43ns)   --->   "%gmem0_load_1_req = readreq i1 @_ssdm_op_ReadReq.m_axi.i512P1A, i512 %gmem0_addr_1, i32 1" [/users/arashs/U280_CRC_Accelerator/src/kernel.cpp:467->/users/arashs/U280_CRC_Accelerator/src/kernel.cpp:594]   --->   Operation 189 'readreq' 'gmem0_load_1_req' <Predicate = true> <Delay = 2.43> <CoreInst = "m_axi">   --->   Core 121 'm_axi' <Latency = 0> <II = 1> <Delay = 1.00> <Adapter> <Opcode : 'read' 'write' 'readreq' 'writereq' 'writeresp'>

State 44 <SV = 43> <Delay = 2.43>
ST_44 : Operation 190 [29/71] (2.43ns)   --->   "%gmem0_load_req = readreq i1 @_ssdm_op_ReadReq.m_axi.i512P1A, i512 %gmem0_addr, i32 1" [/users/arashs/U280_CRC_Accelerator/src/kernel.cpp:467->/users/arashs/U280_CRC_Accelerator/src/kernel.cpp:594]   --->   Operation 190 'readreq' 'gmem0_load_req' <Predicate = true> <Delay = 2.43> <CoreInst = "m_axi">   --->   Core 121 'm_axi' <Latency = 0> <II = 1> <Delay = 1.00> <Adapter> <Opcode : 'read' 'write' 'readreq' 'writereq' 'writeresp'>
ST_44 : Operation 191 [30/71] (2.43ns)   --->   "%gmem0_load_1_req = readreq i1 @_ssdm_op_ReadReq.m_axi.i512P1A, i512 %gmem0_addr_1, i32 1" [/users/arashs/U280_CRC_Accelerator/src/kernel.cpp:467->/users/arashs/U280_CRC_Accelerator/src/kernel.cpp:594]   --->   Operation 191 'readreq' 'gmem0_load_1_req' <Predicate = true> <Delay = 2.43> <CoreInst = "m_axi">   --->   Core 121 'm_axi' <Latency = 0> <II = 1> <Delay = 1.00> <Adapter> <Opcode : 'read' 'write' 'readreq' 'writereq' 'writeresp'>

State 45 <SV = 44> <Delay = 2.43>
ST_45 : Operation 192 [28/71] (2.43ns)   --->   "%gmem0_load_req = readreq i1 @_ssdm_op_ReadReq.m_axi.i512P1A, i512 %gmem0_addr, i32 1" [/users/arashs/U280_CRC_Accelerator/src/kernel.cpp:467->/users/arashs/U280_CRC_Accelerator/src/kernel.cpp:594]   --->   Operation 192 'readreq' 'gmem0_load_req' <Predicate = true> <Delay = 2.43> <CoreInst = "m_axi">   --->   Core 121 'm_axi' <Latency = 0> <II = 1> <Delay = 1.00> <Adapter> <Opcode : 'read' 'write' 'readreq' 'writereq' 'writeresp'>
ST_45 : Operation 193 [29/71] (2.43ns)   --->   "%gmem0_load_1_req = readreq i1 @_ssdm_op_ReadReq.m_axi.i512P1A, i512 %gmem0_addr_1, i32 1" [/users/arashs/U280_CRC_Accelerator/src/kernel.cpp:467->/users/arashs/U280_CRC_Accelerator/src/kernel.cpp:594]   --->   Operation 193 'readreq' 'gmem0_load_1_req' <Predicate = true> <Delay = 2.43> <CoreInst = "m_axi">   --->   Core 121 'm_axi' <Latency = 0> <II = 1> <Delay = 1.00> <Adapter> <Opcode : 'read' 'write' 'readreq' 'writereq' 'writeresp'>

State 46 <SV = 45> <Delay = 2.43>
ST_46 : Operation 194 [27/71] (2.43ns)   --->   "%gmem0_load_req = readreq i1 @_ssdm_op_ReadReq.m_axi.i512P1A, i512 %gmem0_addr, i32 1" [/users/arashs/U280_CRC_Accelerator/src/kernel.cpp:467->/users/arashs/U280_CRC_Accelerator/src/kernel.cpp:594]   --->   Operation 194 'readreq' 'gmem0_load_req' <Predicate = true> <Delay = 2.43> <CoreInst = "m_axi">   --->   Core 121 'm_axi' <Latency = 0> <II = 1> <Delay = 1.00> <Adapter> <Opcode : 'read' 'write' 'readreq' 'writereq' 'writeresp'>
ST_46 : Operation 195 [28/71] (2.43ns)   --->   "%gmem0_load_1_req = readreq i1 @_ssdm_op_ReadReq.m_axi.i512P1A, i512 %gmem0_addr_1, i32 1" [/users/arashs/U280_CRC_Accelerator/src/kernel.cpp:467->/users/arashs/U280_CRC_Accelerator/src/kernel.cpp:594]   --->   Operation 195 'readreq' 'gmem0_load_1_req' <Predicate = true> <Delay = 2.43> <CoreInst = "m_axi">   --->   Core 121 'm_axi' <Latency = 0> <II = 1> <Delay = 1.00> <Adapter> <Opcode : 'read' 'write' 'readreq' 'writereq' 'writeresp'>

State 47 <SV = 46> <Delay = 2.43>
ST_47 : Operation 196 [26/71] (2.43ns)   --->   "%gmem0_load_req = readreq i1 @_ssdm_op_ReadReq.m_axi.i512P1A, i512 %gmem0_addr, i32 1" [/users/arashs/U280_CRC_Accelerator/src/kernel.cpp:467->/users/arashs/U280_CRC_Accelerator/src/kernel.cpp:594]   --->   Operation 196 'readreq' 'gmem0_load_req' <Predicate = true> <Delay = 2.43> <CoreInst = "m_axi">   --->   Core 121 'm_axi' <Latency = 0> <II = 1> <Delay = 1.00> <Adapter> <Opcode : 'read' 'write' 'readreq' 'writereq' 'writeresp'>
ST_47 : Operation 197 [27/71] (2.43ns)   --->   "%gmem0_load_1_req = readreq i1 @_ssdm_op_ReadReq.m_axi.i512P1A, i512 %gmem0_addr_1, i32 1" [/users/arashs/U280_CRC_Accelerator/src/kernel.cpp:467->/users/arashs/U280_CRC_Accelerator/src/kernel.cpp:594]   --->   Operation 197 'readreq' 'gmem0_load_1_req' <Predicate = true> <Delay = 2.43> <CoreInst = "m_axi">   --->   Core 121 'm_axi' <Latency = 0> <II = 1> <Delay = 1.00> <Adapter> <Opcode : 'read' 'write' 'readreq' 'writereq' 'writeresp'>

State 48 <SV = 47> <Delay = 2.43>
ST_48 : Operation 198 [25/71] (2.43ns)   --->   "%gmem0_load_req = readreq i1 @_ssdm_op_ReadReq.m_axi.i512P1A, i512 %gmem0_addr, i32 1" [/users/arashs/U280_CRC_Accelerator/src/kernel.cpp:467->/users/arashs/U280_CRC_Accelerator/src/kernel.cpp:594]   --->   Operation 198 'readreq' 'gmem0_load_req' <Predicate = true> <Delay = 2.43> <CoreInst = "m_axi">   --->   Core 121 'm_axi' <Latency = 0> <II = 1> <Delay = 1.00> <Adapter> <Opcode : 'read' 'write' 'readreq' 'writereq' 'writeresp'>
ST_48 : Operation 199 [26/71] (2.43ns)   --->   "%gmem0_load_1_req = readreq i1 @_ssdm_op_ReadReq.m_axi.i512P1A, i512 %gmem0_addr_1, i32 1" [/users/arashs/U280_CRC_Accelerator/src/kernel.cpp:467->/users/arashs/U280_CRC_Accelerator/src/kernel.cpp:594]   --->   Operation 199 'readreq' 'gmem0_load_1_req' <Predicate = true> <Delay = 2.43> <CoreInst = "m_axi">   --->   Core 121 'm_axi' <Latency = 0> <II = 1> <Delay = 1.00> <Adapter> <Opcode : 'read' 'write' 'readreq' 'writereq' 'writeresp'>

State 49 <SV = 48> <Delay = 2.43>
ST_49 : Operation 200 [24/71] (2.43ns)   --->   "%gmem0_load_req = readreq i1 @_ssdm_op_ReadReq.m_axi.i512P1A, i512 %gmem0_addr, i32 1" [/users/arashs/U280_CRC_Accelerator/src/kernel.cpp:467->/users/arashs/U280_CRC_Accelerator/src/kernel.cpp:594]   --->   Operation 200 'readreq' 'gmem0_load_req' <Predicate = true> <Delay = 2.43> <CoreInst = "m_axi">   --->   Core 121 'm_axi' <Latency = 0> <II = 1> <Delay = 1.00> <Adapter> <Opcode : 'read' 'write' 'readreq' 'writereq' 'writeresp'>
ST_49 : Operation 201 [25/71] (2.43ns)   --->   "%gmem0_load_1_req = readreq i1 @_ssdm_op_ReadReq.m_axi.i512P1A, i512 %gmem0_addr_1, i32 1" [/users/arashs/U280_CRC_Accelerator/src/kernel.cpp:467->/users/arashs/U280_CRC_Accelerator/src/kernel.cpp:594]   --->   Operation 201 'readreq' 'gmem0_load_1_req' <Predicate = true> <Delay = 2.43> <CoreInst = "m_axi">   --->   Core 121 'm_axi' <Latency = 0> <II = 1> <Delay = 1.00> <Adapter> <Opcode : 'read' 'write' 'readreq' 'writereq' 'writeresp'>

State 50 <SV = 49> <Delay = 2.43>
ST_50 : Operation 202 [23/71] (2.43ns)   --->   "%gmem0_load_req = readreq i1 @_ssdm_op_ReadReq.m_axi.i512P1A, i512 %gmem0_addr, i32 1" [/users/arashs/U280_CRC_Accelerator/src/kernel.cpp:467->/users/arashs/U280_CRC_Accelerator/src/kernel.cpp:594]   --->   Operation 202 'readreq' 'gmem0_load_req' <Predicate = true> <Delay = 2.43> <CoreInst = "m_axi">   --->   Core 121 'm_axi' <Latency = 0> <II = 1> <Delay = 1.00> <Adapter> <Opcode : 'read' 'write' 'readreq' 'writereq' 'writeresp'>
ST_50 : Operation 203 [24/71] (2.43ns)   --->   "%gmem0_load_1_req = readreq i1 @_ssdm_op_ReadReq.m_axi.i512P1A, i512 %gmem0_addr_1, i32 1" [/users/arashs/U280_CRC_Accelerator/src/kernel.cpp:467->/users/arashs/U280_CRC_Accelerator/src/kernel.cpp:594]   --->   Operation 203 'readreq' 'gmem0_load_1_req' <Predicate = true> <Delay = 2.43> <CoreInst = "m_axi">   --->   Core 121 'm_axi' <Latency = 0> <II = 1> <Delay = 1.00> <Adapter> <Opcode : 'read' 'write' 'readreq' 'writereq' 'writeresp'>

State 51 <SV = 50> <Delay = 2.43>
ST_51 : Operation 204 [22/71] (2.43ns)   --->   "%gmem0_load_req = readreq i1 @_ssdm_op_ReadReq.m_axi.i512P1A, i512 %gmem0_addr, i32 1" [/users/arashs/U280_CRC_Accelerator/src/kernel.cpp:467->/users/arashs/U280_CRC_Accelerator/src/kernel.cpp:594]   --->   Operation 204 'readreq' 'gmem0_load_req' <Predicate = true> <Delay = 2.43> <CoreInst = "m_axi">   --->   Core 121 'm_axi' <Latency = 0> <II = 1> <Delay = 1.00> <Adapter> <Opcode : 'read' 'write' 'readreq' 'writereq' 'writeresp'>
ST_51 : Operation 205 [23/71] (2.43ns)   --->   "%gmem0_load_1_req = readreq i1 @_ssdm_op_ReadReq.m_axi.i512P1A, i512 %gmem0_addr_1, i32 1" [/users/arashs/U280_CRC_Accelerator/src/kernel.cpp:467->/users/arashs/U280_CRC_Accelerator/src/kernel.cpp:594]   --->   Operation 205 'readreq' 'gmem0_load_1_req' <Predicate = true> <Delay = 2.43> <CoreInst = "m_axi">   --->   Core 121 'm_axi' <Latency = 0> <II = 1> <Delay = 1.00> <Adapter> <Opcode : 'read' 'write' 'readreq' 'writereq' 'writeresp'>

State 52 <SV = 51> <Delay = 2.43>
ST_52 : Operation 206 [21/71] (2.43ns)   --->   "%gmem0_load_req = readreq i1 @_ssdm_op_ReadReq.m_axi.i512P1A, i512 %gmem0_addr, i32 1" [/users/arashs/U280_CRC_Accelerator/src/kernel.cpp:467->/users/arashs/U280_CRC_Accelerator/src/kernel.cpp:594]   --->   Operation 206 'readreq' 'gmem0_load_req' <Predicate = true> <Delay = 2.43> <CoreInst = "m_axi">   --->   Core 121 'm_axi' <Latency = 0> <II = 1> <Delay = 1.00> <Adapter> <Opcode : 'read' 'write' 'readreq' 'writereq' 'writeresp'>
ST_52 : Operation 207 [22/71] (2.43ns)   --->   "%gmem0_load_1_req = readreq i1 @_ssdm_op_ReadReq.m_axi.i512P1A, i512 %gmem0_addr_1, i32 1" [/users/arashs/U280_CRC_Accelerator/src/kernel.cpp:467->/users/arashs/U280_CRC_Accelerator/src/kernel.cpp:594]   --->   Operation 207 'readreq' 'gmem0_load_1_req' <Predicate = true> <Delay = 2.43> <CoreInst = "m_axi">   --->   Core 121 'm_axi' <Latency = 0> <II = 1> <Delay = 1.00> <Adapter> <Opcode : 'read' 'write' 'readreq' 'writereq' 'writeresp'>

State 53 <SV = 52> <Delay = 2.43>
ST_53 : Operation 208 [20/71] (2.43ns)   --->   "%gmem0_load_req = readreq i1 @_ssdm_op_ReadReq.m_axi.i512P1A, i512 %gmem0_addr, i32 1" [/users/arashs/U280_CRC_Accelerator/src/kernel.cpp:467->/users/arashs/U280_CRC_Accelerator/src/kernel.cpp:594]   --->   Operation 208 'readreq' 'gmem0_load_req' <Predicate = true> <Delay = 2.43> <CoreInst = "m_axi">   --->   Core 121 'm_axi' <Latency = 0> <II = 1> <Delay = 1.00> <Adapter> <Opcode : 'read' 'write' 'readreq' 'writereq' 'writeresp'>
ST_53 : Operation 209 [21/71] (2.43ns)   --->   "%gmem0_load_1_req = readreq i1 @_ssdm_op_ReadReq.m_axi.i512P1A, i512 %gmem0_addr_1, i32 1" [/users/arashs/U280_CRC_Accelerator/src/kernel.cpp:467->/users/arashs/U280_CRC_Accelerator/src/kernel.cpp:594]   --->   Operation 209 'readreq' 'gmem0_load_1_req' <Predicate = true> <Delay = 2.43> <CoreInst = "m_axi">   --->   Core 121 'm_axi' <Latency = 0> <II = 1> <Delay = 1.00> <Adapter> <Opcode : 'read' 'write' 'readreq' 'writereq' 'writeresp'>

State 54 <SV = 53> <Delay = 2.43>
ST_54 : Operation 210 [19/71] (2.43ns)   --->   "%gmem0_load_req = readreq i1 @_ssdm_op_ReadReq.m_axi.i512P1A, i512 %gmem0_addr, i32 1" [/users/arashs/U280_CRC_Accelerator/src/kernel.cpp:467->/users/arashs/U280_CRC_Accelerator/src/kernel.cpp:594]   --->   Operation 210 'readreq' 'gmem0_load_req' <Predicate = true> <Delay = 2.43> <CoreInst = "m_axi">   --->   Core 121 'm_axi' <Latency = 0> <II = 1> <Delay = 1.00> <Adapter> <Opcode : 'read' 'write' 'readreq' 'writereq' 'writeresp'>
ST_54 : Operation 211 [20/71] (2.43ns)   --->   "%gmem0_load_1_req = readreq i1 @_ssdm_op_ReadReq.m_axi.i512P1A, i512 %gmem0_addr_1, i32 1" [/users/arashs/U280_CRC_Accelerator/src/kernel.cpp:467->/users/arashs/U280_CRC_Accelerator/src/kernel.cpp:594]   --->   Operation 211 'readreq' 'gmem0_load_1_req' <Predicate = true> <Delay = 2.43> <CoreInst = "m_axi">   --->   Core 121 'm_axi' <Latency = 0> <II = 1> <Delay = 1.00> <Adapter> <Opcode : 'read' 'write' 'readreq' 'writereq' 'writeresp'>

State 55 <SV = 54> <Delay = 2.43>
ST_55 : Operation 212 [18/71] (2.43ns)   --->   "%gmem0_load_req = readreq i1 @_ssdm_op_ReadReq.m_axi.i512P1A, i512 %gmem0_addr, i32 1" [/users/arashs/U280_CRC_Accelerator/src/kernel.cpp:467->/users/arashs/U280_CRC_Accelerator/src/kernel.cpp:594]   --->   Operation 212 'readreq' 'gmem0_load_req' <Predicate = true> <Delay = 2.43> <CoreInst = "m_axi">   --->   Core 121 'm_axi' <Latency = 0> <II = 1> <Delay = 1.00> <Adapter> <Opcode : 'read' 'write' 'readreq' 'writereq' 'writeresp'>
ST_55 : Operation 213 [19/71] (2.43ns)   --->   "%gmem0_load_1_req = readreq i1 @_ssdm_op_ReadReq.m_axi.i512P1A, i512 %gmem0_addr_1, i32 1" [/users/arashs/U280_CRC_Accelerator/src/kernel.cpp:467->/users/arashs/U280_CRC_Accelerator/src/kernel.cpp:594]   --->   Operation 213 'readreq' 'gmem0_load_1_req' <Predicate = true> <Delay = 2.43> <CoreInst = "m_axi">   --->   Core 121 'm_axi' <Latency = 0> <II = 1> <Delay = 1.00> <Adapter> <Opcode : 'read' 'write' 'readreq' 'writereq' 'writeresp'>

State 56 <SV = 55> <Delay = 2.43>
ST_56 : Operation 214 [17/71] (2.43ns)   --->   "%gmem0_load_req = readreq i1 @_ssdm_op_ReadReq.m_axi.i512P1A, i512 %gmem0_addr, i32 1" [/users/arashs/U280_CRC_Accelerator/src/kernel.cpp:467->/users/arashs/U280_CRC_Accelerator/src/kernel.cpp:594]   --->   Operation 214 'readreq' 'gmem0_load_req' <Predicate = true> <Delay = 2.43> <CoreInst = "m_axi">   --->   Core 121 'm_axi' <Latency = 0> <II = 1> <Delay = 1.00> <Adapter> <Opcode : 'read' 'write' 'readreq' 'writereq' 'writeresp'>
ST_56 : Operation 215 [18/71] (2.43ns)   --->   "%gmem0_load_1_req = readreq i1 @_ssdm_op_ReadReq.m_axi.i512P1A, i512 %gmem0_addr_1, i32 1" [/users/arashs/U280_CRC_Accelerator/src/kernel.cpp:467->/users/arashs/U280_CRC_Accelerator/src/kernel.cpp:594]   --->   Operation 215 'readreq' 'gmem0_load_1_req' <Predicate = true> <Delay = 2.43> <CoreInst = "m_axi">   --->   Core 121 'm_axi' <Latency = 0> <II = 1> <Delay = 1.00> <Adapter> <Opcode : 'read' 'write' 'readreq' 'writereq' 'writeresp'>

State 57 <SV = 56> <Delay = 2.43>
ST_57 : Operation 216 [16/71] (2.43ns)   --->   "%gmem0_load_req = readreq i1 @_ssdm_op_ReadReq.m_axi.i512P1A, i512 %gmem0_addr, i32 1" [/users/arashs/U280_CRC_Accelerator/src/kernel.cpp:467->/users/arashs/U280_CRC_Accelerator/src/kernel.cpp:594]   --->   Operation 216 'readreq' 'gmem0_load_req' <Predicate = true> <Delay = 2.43> <CoreInst = "m_axi">   --->   Core 121 'm_axi' <Latency = 0> <II = 1> <Delay = 1.00> <Adapter> <Opcode : 'read' 'write' 'readreq' 'writereq' 'writeresp'>
ST_57 : Operation 217 [17/71] (2.43ns)   --->   "%gmem0_load_1_req = readreq i1 @_ssdm_op_ReadReq.m_axi.i512P1A, i512 %gmem0_addr_1, i32 1" [/users/arashs/U280_CRC_Accelerator/src/kernel.cpp:467->/users/arashs/U280_CRC_Accelerator/src/kernel.cpp:594]   --->   Operation 217 'readreq' 'gmem0_load_1_req' <Predicate = true> <Delay = 2.43> <CoreInst = "m_axi">   --->   Core 121 'm_axi' <Latency = 0> <II = 1> <Delay = 1.00> <Adapter> <Opcode : 'read' 'write' 'readreq' 'writereq' 'writeresp'>

State 58 <SV = 57> <Delay = 2.43>
ST_58 : Operation 218 [15/71] (2.43ns)   --->   "%gmem0_load_req = readreq i1 @_ssdm_op_ReadReq.m_axi.i512P1A, i512 %gmem0_addr, i32 1" [/users/arashs/U280_CRC_Accelerator/src/kernel.cpp:467->/users/arashs/U280_CRC_Accelerator/src/kernel.cpp:594]   --->   Operation 218 'readreq' 'gmem0_load_req' <Predicate = true> <Delay = 2.43> <CoreInst = "m_axi">   --->   Core 121 'm_axi' <Latency = 0> <II = 1> <Delay = 1.00> <Adapter> <Opcode : 'read' 'write' 'readreq' 'writereq' 'writeresp'>
ST_58 : Operation 219 [16/71] (2.43ns)   --->   "%gmem0_load_1_req = readreq i1 @_ssdm_op_ReadReq.m_axi.i512P1A, i512 %gmem0_addr_1, i32 1" [/users/arashs/U280_CRC_Accelerator/src/kernel.cpp:467->/users/arashs/U280_CRC_Accelerator/src/kernel.cpp:594]   --->   Operation 219 'readreq' 'gmem0_load_1_req' <Predicate = true> <Delay = 2.43> <CoreInst = "m_axi">   --->   Core 121 'm_axi' <Latency = 0> <II = 1> <Delay = 1.00> <Adapter> <Opcode : 'read' 'write' 'readreq' 'writereq' 'writeresp'>

State 59 <SV = 58> <Delay = 2.43>
ST_59 : Operation 220 [14/71] (2.43ns)   --->   "%gmem0_load_req = readreq i1 @_ssdm_op_ReadReq.m_axi.i512P1A, i512 %gmem0_addr, i32 1" [/users/arashs/U280_CRC_Accelerator/src/kernel.cpp:467->/users/arashs/U280_CRC_Accelerator/src/kernel.cpp:594]   --->   Operation 220 'readreq' 'gmem0_load_req' <Predicate = true> <Delay = 2.43> <CoreInst = "m_axi">   --->   Core 121 'm_axi' <Latency = 0> <II = 1> <Delay = 1.00> <Adapter> <Opcode : 'read' 'write' 'readreq' 'writereq' 'writeresp'>
ST_59 : Operation 221 [15/71] (2.43ns)   --->   "%gmem0_load_1_req = readreq i1 @_ssdm_op_ReadReq.m_axi.i512P1A, i512 %gmem0_addr_1, i32 1" [/users/arashs/U280_CRC_Accelerator/src/kernel.cpp:467->/users/arashs/U280_CRC_Accelerator/src/kernel.cpp:594]   --->   Operation 221 'readreq' 'gmem0_load_1_req' <Predicate = true> <Delay = 2.43> <CoreInst = "m_axi">   --->   Core 121 'm_axi' <Latency = 0> <II = 1> <Delay = 1.00> <Adapter> <Opcode : 'read' 'write' 'readreq' 'writereq' 'writeresp'>

State 60 <SV = 59> <Delay = 2.43>
ST_60 : Operation 222 [13/71] (2.43ns)   --->   "%gmem0_load_req = readreq i1 @_ssdm_op_ReadReq.m_axi.i512P1A, i512 %gmem0_addr, i32 1" [/users/arashs/U280_CRC_Accelerator/src/kernel.cpp:467->/users/arashs/U280_CRC_Accelerator/src/kernel.cpp:594]   --->   Operation 222 'readreq' 'gmem0_load_req' <Predicate = true> <Delay = 2.43> <CoreInst = "m_axi">   --->   Core 121 'm_axi' <Latency = 0> <II = 1> <Delay = 1.00> <Adapter> <Opcode : 'read' 'write' 'readreq' 'writereq' 'writeresp'>
ST_60 : Operation 223 [14/71] (2.43ns)   --->   "%gmem0_load_1_req = readreq i1 @_ssdm_op_ReadReq.m_axi.i512P1A, i512 %gmem0_addr_1, i32 1" [/users/arashs/U280_CRC_Accelerator/src/kernel.cpp:467->/users/arashs/U280_CRC_Accelerator/src/kernel.cpp:594]   --->   Operation 223 'readreq' 'gmem0_load_1_req' <Predicate = true> <Delay = 2.43> <CoreInst = "m_axi">   --->   Core 121 'm_axi' <Latency = 0> <II = 1> <Delay = 1.00> <Adapter> <Opcode : 'read' 'write' 'readreq' 'writereq' 'writeresp'>

State 61 <SV = 60> <Delay = 2.43>
ST_61 : Operation 224 [12/71] (2.43ns)   --->   "%gmem0_load_req = readreq i1 @_ssdm_op_ReadReq.m_axi.i512P1A, i512 %gmem0_addr, i32 1" [/users/arashs/U280_CRC_Accelerator/src/kernel.cpp:467->/users/arashs/U280_CRC_Accelerator/src/kernel.cpp:594]   --->   Operation 224 'readreq' 'gmem0_load_req' <Predicate = true> <Delay = 2.43> <CoreInst = "m_axi">   --->   Core 121 'm_axi' <Latency = 0> <II = 1> <Delay = 1.00> <Adapter> <Opcode : 'read' 'write' 'readreq' 'writereq' 'writeresp'>
ST_61 : Operation 225 [13/71] (2.43ns)   --->   "%gmem0_load_1_req = readreq i1 @_ssdm_op_ReadReq.m_axi.i512P1A, i512 %gmem0_addr_1, i32 1" [/users/arashs/U280_CRC_Accelerator/src/kernel.cpp:467->/users/arashs/U280_CRC_Accelerator/src/kernel.cpp:594]   --->   Operation 225 'readreq' 'gmem0_load_1_req' <Predicate = true> <Delay = 2.43> <CoreInst = "m_axi">   --->   Core 121 'm_axi' <Latency = 0> <II = 1> <Delay = 1.00> <Adapter> <Opcode : 'read' 'write' 'readreq' 'writereq' 'writeresp'>

State 62 <SV = 61> <Delay = 2.43>
ST_62 : Operation 226 [11/71] (2.43ns)   --->   "%gmem0_load_req = readreq i1 @_ssdm_op_ReadReq.m_axi.i512P1A, i512 %gmem0_addr, i32 1" [/users/arashs/U280_CRC_Accelerator/src/kernel.cpp:467->/users/arashs/U280_CRC_Accelerator/src/kernel.cpp:594]   --->   Operation 226 'readreq' 'gmem0_load_req' <Predicate = true> <Delay = 2.43> <CoreInst = "m_axi">   --->   Core 121 'm_axi' <Latency = 0> <II = 1> <Delay = 1.00> <Adapter> <Opcode : 'read' 'write' 'readreq' 'writereq' 'writeresp'>
ST_62 : Operation 227 [12/71] (2.43ns)   --->   "%gmem0_load_1_req = readreq i1 @_ssdm_op_ReadReq.m_axi.i512P1A, i512 %gmem0_addr_1, i32 1" [/users/arashs/U280_CRC_Accelerator/src/kernel.cpp:467->/users/arashs/U280_CRC_Accelerator/src/kernel.cpp:594]   --->   Operation 227 'readreq' 'gmem0_load_1_req' <Predicate = true> <Delay = 2.43> <CoreInst = "m_axi">   --->   Core 121 'm_axi' <Latency = 0> <II = 1> <Delay = 1.00> <Adapter> <Opcode : 'read' 'write' 'readreq' 'writereq' 'writeresp'>

State 63 <SV = 62> <Delay = 2.43>
ST_63 : Operation 228 [10/71] (2.43ns)   --->   "%gmem0_load_req = readreq i1 @_ssdm_op_ReadReq.m_axi.i512P1A, i512 %gmem0_addr, i32 1" [/users/arashs/U280_CRC_Accelerator/src/kernel.cpp:467->/users/arashs/U280_CRC_Accelerator/src/kernel.cpp:594]   --->   Operation 228 'readreq' 'gmem0_load_req' <Predicate = true> <Delay = 2.43> <CoreInst = "m_axi">   --->   Core 121 'm_axi' <Latency = 0> <II = 1> <Delay = 1.00> <Adapter> <Opcode : 'read' 'write' 'readreq' 'writereq' 'writeresp'>
ST_63 : Operation 229 [11/71] (2.43ns)   --->   "%gmem0_load_1_req = readreq i1 @_ssdm_op_ReadReq.m_axi.i512P1A, i512 %gmem0_addr_1, i32 1" [/users/arashs/U280_CRC_Accelerator/src/kernel.cpp:467->/users/arashs/U280_CRC_Accelerator/src/kernel.cpp:594]   --->   Operation 229 'readreq' 'gmem0_load_1_req' <Predicate = true> <Delay = 2.43> <CoreInst = "m_axi">   --->   Core 121 'm_axi' <Latency = 0> <II = 1> <Delay = 1.00> <Adapter> <Opcode : 'read' 'write' 'readreq' 'writereq' 'writeresp'>

State 64 <SV = 63> <Delay = 2.43>
ST_64 : Operation 230 [9/71] (2.43ns)   --->   "%gmem0_load_req = readreq i1 @_ssdm_op_ReadReq.m_axi.i512P1A, i512 %gmem0_addr, i32 1" [/users/arashs/U280_CRC_Accelerator/src/kernel.cpp:467->/users/arashs/U280_CRC_Accelerator/src/kernel.cpp:594]   --->   Operation 230 'readreq' 'gmem0_load_req' <Predicate = true> <Delay = 2.43> <CoreInst = "m_axi">   --->   Core 121 'm_axi' <Latency = 0> <II = 1> <Delay = 1.00> <Adapter> <Opcode : 'read' 'write' 'readreq' 'writereq' 'writeresp'>
ST_64 : Operation 231 [10/71] (2.43ns)   --->   "%gmem0_load_1_req = readreq i1 @_ssdm_op_ReadReq.m_axi.i512P1A, i512 %gmem0_addr_1, i32 1" [/users/arashs/U280_CRC_Accelerator/src/kernel.cpp:467->/users/arashs/U280_CRC_Accelerator/src/kernel.cpp:594]   --->   Operation 231 'readreq' 'gmem0_load_1_req' <Predicate = true> <Delay = 2.43> <CoreInst = "m_axi">   --->   Core 121 'm_axi' <Latency = 0> <II = 1> <Delay = 1.00> <Adapter> <Opcode : 'read' 'write' 'readreq' 'writereq' 'writeresp'>

State 65 <SV = 64> <Delay = 2.43>
ST_65 : Operation 232 [8/71] (2.43ns)   --->   "%gmem0_load_req = readreq i1 @_ssdm_op_ReadReq.m_axi.i512P1A, i512 %gmem0_addr, i32 1" [/users/arashs/U280_CRC_Accelerator/src/kernel.cpp:467->/users/arashs/U280_CRC_Accelerator/src/kernel.cpp:594]   --->   Operation 232 'readreq' 'gmem0_load_req' <Predicate = true> <Delay = 2.43> <CoreInst = "m_axi">   --->   Core 121 'm_axi' <Latency = 0> <II = 1> <Delay = 1.00> <Adapter> <Opcode : 'read' 'write' 'readreq' 'writereq' 'writeresp'>
ST_65 : Operation 233 [9/71] (2.43ns)   --->   "%gmem0_load_1_req = readreq i1 @_ssdm_op_ReadReq.m_axi.i512P1A, i512 %gmem0_addr_1, i32 1" [/users/arashs/U280_CRC_Accelerator/src/kernel.cpp:467->/users/arashs/U280_CRC_Accelerator/src/kernel.cpp:594]   --->   Operation 233 'readreq' 'gmem0_load_1_req' <Predicate = true> <Delay = 2.43> <CoreInst = "m_axi">   --->   Core 121 'm_axi' <Latency = 0> <II = 1> <Delay = 1.00> <Adapter> <Opcode : 'read' 'write' 'readreq' 'writereq' 'writeresp'>

State 66 <SV = 65> <Delay = 2.43>
ST_66 : Operation 234 [7/71] (2.43ns)   --->   "%gmem0_load_req = readreq i1 @_ssdm_op_ReadReq.m_axi.i512P1A, i512 %gmem0_addr, i32 1" [/users/arashs/U280_CRC_Accelerator/src/kernel.cpp:467->/users/arashs/U280_CRC_Accelerator/src/kernel.cpp:594]   --->   Operation 234 'readreq' 'gmem0_load_req' <Predicate = true> <Delay = 2.43> <CoreInst = "m_axi">   --->   Core 121 'm_axi' <Latency = 0> <II = 1> <Delay = 1.00> <Adapter> <Opcode : 'read' 'write' 'readreq' 'writereq' 'writeresp'>
ST_66 : Operation 235 [8/71] (2.43ns)   --->   "%gmem0_load_1_req = readreq i1 @_ssdm_op_ReadReq.m_axi.i512P1A, i512 %gmem0_addr_1, i32 1" [/users/arashs/U280_CRC_Accelerator/src/kernel.cpp:467->/users/arashs/U280_CRC_Accelerator/src/kernel.cpp:594]   --->   Operation 235 'readreq' 'gmem0_load_1_req' <Predicate = true> <Delay = 2.43> <CoreInst = "m_axi">   --->   Core 121 'm_axi' <Latency = 0> <II = 1> <Delay = 1.00> <Adapter> <Opcode : 'read' 'write' 'readreq' 'writereq' 'writeresp'>

State 67 <SV = 66> <Delay = 2.43>
ST_67 : Operation 236 [6/71] (2.43ns)   --->   "%gmem0_load_req = readreq i1 @_ssdm_op_ReadReq.m_axi.i512P1A, i512 %gmem0_addr, i32 1" [/users/arashs/U280_CRC_Accelerator/src/kernel.cpp:467->/users/arashs/U280_CRC_Accelerator/src/kernel.cpp:594]   --->   Operation 236 'readreq' 'gmem0_load_req' <Predicate = true> <Delay = 2.43> <CoreInst = "m_axi">   --->   Core 121 'm_axi' <Latency = 0> <II = 1> <Delay = 1.00> <Adapter> <Opcode : 'read' 'write' 'readreq' 'writereq' 'writeresp'>
ST_67 : Operation 237 [7/71] (2.43ns)   --->   "%gmem0_load_1_req = readreq i1 @_ssdm_op_ReadReq.m_axi.i512P1A, i512 %gmem0_addr_1, i32 1" [/users/arashs/U280_CRC_Accelerator/src/kernel.cpp:467->/users/arashs/U280_CRC_Accelerator/src/kernel.cpp:594]   --->   Operation 237 'readreq' 'gmem0_load_1_req' <Predicate = true> <Delay = 2.43> <CoreInst = "m_axi">   --->   Core 121 'm_axi' <Latency = 0> <II = 1> <Delay = 1.00> <Adapter> <Opcode : 'read' 'write' 'readreq' 'writereq' 'writeresp'>

State 68 <SV = 67> <Delay = 2.43>
ST_68 : Operation 238 [5/71] (2.43ns)   --->   "%gmem0_load_req = readreq i1 @_ssdm_op_ReadReq.m_axi.i512P1A, i512 %gmem0_addr, i32 1" [/users/arashs/U280_CRC_Accelerator/src/kernel.cpp:467->/users/arashs/U280_CRC_Accelerator/src/kernel.cpp:594]   --->   Operation 238 'readreq' 'gmem0_load_req' <Predicate = true> <Delay = 2.43> <CoreInst = "m_axi">   --->   Core 121 'm_axi' <Latency = 0> <II = 1> <Delay = 1.00> <Adapter> <Opcode : 'read' 'write' 'readreq' 'writereq' 'writeresp'>
ST_68 : Operation 239 [6/71] (2.43ns)   --->   "%gmem0_load_1_req = readreq i1 @_ssdm_op_ReadReq.m_axi.i512P1A, i512 %gmem0_addr_1, i32 1" [/users/arashs/U280_CRC_Accelerator/src/kernel.cpp:467->/users/arashs/U280_CRC_Accelerator/src/kernel.cpp:594]   --->   Operation 239 'readreq' 'gmem0_load_1_req' <Predicate = true> <Delay = 2.43> <CoreInst = "m_axi">   --->   Core 121 'm_axi' <Latency = 0> <II = 1> <Delay = 1.00> <Adapter> <Opcode : 'read' 'write' 'readreq' 'writereq' 'writeresp'>

State 69 <SV = 68> <Delay = 2.43>
ST_69 : Operation 240 [4/71] (2.43ns)   --->   "%gmem0_load_req = readreq i1 @_ssdm_op_ReadReq.m_axi.i512P1A, i512 %gmem0_addr, i32 1" [/users/arashs/U280_CRC_Accelerator/src/kernel.cpp:467->/users/arashs/U280_CRC_Accelerator/src/kernel.cpp:594]   --->   Operation 240 'readreq' 'gmem0_load_req' <Predicate = true> <Delay = 2.43> <CoreInst = "m_axi">   --->   Core 121 'm_axi' <Latency = 0> <II = 1> <Delay = 1.00> <Adapter> <Opcode : 'read' 'write' 'readreq' 'writereq' 'writeresp'>
ST_69 : Operation 241 [5/71] (2.43ns)   --->   "%gmem0_load_1_req = readreq i1 @_ssdm_op_ReadReq.m_axi.i512P1A, i512 %gmem0_addr_1, i32 1" [/users/arashs/U280_CRC_Accelerator/src/kernel.cpp:467->/users/arashs/U280_CRC_Accelerator/src/kernel.cpp:594]   --->   Operation 241 'readreq' 'gmem0_load_1_req' <Predicate = true> <Delay = 2.43> <CoreInst = "m_axi">   --->   Core 121 'm_axi' <Latency = 0> <II = 1> <Delay = 1.00> <Adapter> <Opcode : 'read' 'write' 'readreq' 'writereq' 'writeresp'>

State 70 <SV = 69> <Delay = 2.43>
ST_70 : Operation 242 [3/71] (2.43ns)   --->   "%gmem0_load_req = readreq i1 @_ssdm_op_ReadReq.m_axi.i512P1A, i512 %gmem0_addr, i32 1" [/users/arashs/U280_CRC_Accelerator/src/kernel.cpp:467->/users/arashs/U280_CRC_Accelerator/src/kernel.cpp:594]   --->   Operation 242 'readreq' 'gmem0_load_req' <Predicate = true> <Delay = 2.43> <CoreInst = "m_axi">   --->   Core 121 'm_axi' <Latency = 0> <II = 1> <Delay = 1.00> <Adapter> <Opcode : 'read' 'write' 'readreq' 'writereq' 'writeresp'>
ST_70 : Operation 243 [4/71] (2.43ns)   --->   "%gmem0_load_1_req = readreq i1 @_ssdm_op_ReadReq.m_axi.i512P1A, i512 %gmem0_addr_1, i32 1" [/users/arashs/U280_CRC_Accelerator/src/kernel.cpp:467->/users/arashs/U280_CRC_Accelerator/src/kernel.cpp:594]   --->   Operation 243 'readreq' 'gmem0_load_1_req' <Predicate = true> <Delay = 2.43> <CoreInst = "m_axi">   --->   Core 121 'm_axi' <Latency = 0> <II = 1> <Delay = 1.00> <Adapter> <Opcode : 'read' 'write' 'readreq' 'writereq' 'writeresp'>

State 71 <SV = 70> <Delay = 2.43>
ST_71 : Operation 244 [2/71] (2.43ns)   --->   "%gmem0_load_req = readreq i1 @_ssdm_op_ReadReq.m_axi.i512P1A, i512 %gmem0_addr, i32 1" [/users/arashs/U280_CRC_Accelerator/src/kernel.cpp:467->/users/arashs/U280_CRC_Accelerator/src/kernel.cpp:594]   --->   Operation 244 'readreq' 'gmem0_load_req' <Predicate = true> <Delay = 2.43> <CoreInst = "m_axi">   --->   Core 121 'm_axi' <Latency = 0> <II = 1> <Delay = 1.00> <Adapter> <Opcode : 'read' 'write' 'readreq' 'writereq' 'writeresp'>
ST_71 : Operation 245 [3/71] (2.43ns)   --->   "%gmem0_load_1_req = readreq i1 @_ssdm_op_ReadReq.m_axi.i512P1A, i512 %gmem0_addr_1, i32 1" [/users/arashs/U280_CRC_Accelerator/src/kernel.cpp:467->/users/arashs/U280_CRC_Accelerator/src/kernel.cpp:594]   --->   Operation 245 'readreq' 'gmem0_load_1_req' <Predicate = true> <Delay = 2.43> <CoreInst = "m_axi">   --->   Core 121 'm_axi' <Latency = 0> <II = 1> <Delay = 1.00> <Adapter> <Opcode : 'read' 'write' 'readreq' 'writereq' 'writeresp'>

State 72 <SV = 71> <Delay = 2.43>
ST_72 : Operation 246 [1/71] (2.43ns)   --->   "%gmem0_load_req = readreq i1 @_ssdm_op_ReadReq.m_axi.i512P1A, i512 %gmem0_addr, i32 1" [/users/arashs/U280_CRC_Accelerator/src/kernel.cpp:467->/users/arashs/U280_CRC_Accelerator/src/kernel.cpp:594]   --->   Operation 246 'readreq' 'gmem0_load_req' <Predicate = true> <Delay = 2.43> <CoreInst = "m_axi">   --->   Core 121 'm_axi' <Latency = 0> <II = 1> <Delay = 1.00> <Adapter> <Opcode : 'read' 'write' 'readreq' 'writereq' 'writeresp'>
ST_72 : Operation 247 [2/71] (2.43ns)   --->   "%gmem0_load_1_req = readreq i1 @_ssdm_op_ReadReq.m_axi.i512P1A, i512 %gmem0_addr_1, i32 1" [/users/arashs/U280_CRC_Accelerator/src/kernel.cpp:467->/users/arashs/U280_CRC_Accelerator/src/kernel.cpp:594]   --->   Operation 247 'readreq' 'gmem0_load_1_req' <Predicate = true> <Delay = 2.43> <CoreInst = "m_axi">   --->   Core 121 'm_axi' <Latency = 0> <II = 1> <Delay = 1.00> <Adapter> <Opcode : 'read' 'write' 'readreq' 'writereq' 'writeresp'>

State 73 <SV = 72> <Delay = 2.43>
ST_73 : Operation 248 [1/1] (2.43ns)   --->   "%gmem0_addr_read = read i512 @_ssdm_op_Read.m_axi.i512P1A, i512 %gmem0_addr" [/users/arashs/U280_CRC_Accelerator/src/kernel.cpp:467->/users/arashs/U280_CRC_Accelerator/src/kernel.cpp:594]   --->   Operation 248 'read' 'gmem0_addr_read' <Predicate = true> <Delay = 2.43> <CoreInst = "m_axi">   --->   Core 121 'm_axi' <Latency = 0> <II = 1> <Delay = 1.00> <Adapter> <Opcode : 'read' 'write' 'readreq' 'writereq' 'writeresp'>
ST_73 : Operation 249 [1/71] (2.43ns)   --->   "%gmem0_load_1_req = readreq i1 @_ssdm_op_ReadReq.m_axi.i512P1A, i512 %gmem0_addr_1, i32 1" [/users/arashs/U280_CRC_Accelerator/src/kernel.cpp:467->/users/arashs/U280_CRC_Accelerator/src/kernel.cpp:594]   --->   Operation 249 'readreq' 'gmem0_load_1_req' <Predicate = true> <Delay = 2.43> <CoreInst = "m_axi">   --->   Core 121 'm_axi' <Latency = 0> <II = 1> <Delay = 1.00> <Adapter> <Opcode : 'read' 'write' 'readreq' 'writereq' 'writeresp'>

State 74 <SV = 73> <Delay = 2.43>
ST_74 : Operation 250 [1/1] (0.00ns)   --->   "%shl_ln = bitconcatenate i9 @_ssdm_op_BitConcatenate.i9.i6.i3, i6 %add_ln467_3, i3 0" [/users/arashs/U280_CRC_Accelerator/src/kernel.cpp:467->/users/arashs/U280_CRC_Accelerator/src/kernel.cpp:594]   --->   Operation 250 'bitconcatenate' 'shl_ln' <Predicate = true> <Delay = 0.00>
ST_74 : Operation 251 [1/1] (0.00ns)   --->   "%zext_ln467_1 = zext i9 %shl_ln" [/users/arashs/U280_CRC_Accelerator/src/kernel.cpp:467->/users/arashs/U280_CRC_Accelerator/src/kernel.cpp:594]   --->   Operation 251 'zext' 'zext_ln467_1' <Predicate = true> <Delay = 0.00>
ST_74 : Operation 252 [1/1] (1.44ns)   --->   "%lshr_ln467 = lshr i512 %gmem0_addr_read, i512 %zext_ln467_1" [/users/arashs/U280_CRC_Accelerator/src/kernel.cpp:467->/users/arashs/U280_CRC_Accelerator/src/kernel.cpp:594]   --->   Operation 252 'lshr' 'lshr_ln467' <Predicate = true> <Delay = 1.44> <CoreInst = "Shifter">   --->   Core 75 'Shifter' <Latency = 0> <II = 1> <Delay = 1.44> <FuncUnit> <Opcode : 'shl' 'lshr' 'ashr'> <InPorts = 2> <OutPorts = 1>
ST_74 : Operation 253 [1/1] (0.00ns)   --->   "%trunc_ln467_2 = trunc i512 %lshr_ln467" [/users/arashs/U280_CRC_Accelerator/src/kernel.cpp:467->/users/arashs/U280_CRC_Accelerator/src/kernel.cpp:594]   --->   Operation 253 'trunc' 'trunc_ln467_2' <Predicate = true> <Delay = 0.00>
ST_74 : Operation 254 [1/1] (2.43ns)   --->   "%gmem0_addr_1_read = read i512 @_ssdm_op_Read.m_axi.i512P1A, i512 %gmem0_addr_1" [/users/arashs/U280_CRC_Accelerator/src/kernel.cpp:467->/users/arashs/U280_CRC_Accelerator/src/kernel.cpp:594]   --->   Operation 254 'read' 'gmem0_addr_1_read' <Predicate = true> <Delay = 2.43> <CoreInst = "m_axi">   --->   Core 121 'm_axi' <Latency = 0> <II = 1> <Delay = 1.00> <Adapter> <Opcode : 'read' 'write' 'readreq' 'writereq' 'writeresp'>

State 75 <SV = 74> <Delay = 2.14>
ST_75 : Operation 255 [1/1] (0.70ns)   --->   "%add_ln467_4 = add i6 %add_ln467_3, i6 1" [/users/arashs/U280_CRC_Accelerator/src/kernel.cpp:467->/users/arashs/U280_CRC_Accelerator/src/kernel.cpp:594]   --->   Operation 255 'add' 'add_ln467_4' <Predicate = true> <Delay = 0.70> <CoreInst = "Adder">   --->   Core 1 'Adder' <Latency = 0> <II = 1> <Delay = 0.70> <FuncUnit> <Opcode : 'add' 'sub'> <InPorts = 2> <OutPorts = 1>
ST_75 : Operation 256 [1/1] (0.00ns)   --->   "%shl_ln467_1 = bitconcatenate i9 @_ssdm_op_BitConcatenate.i9.i6.i3, i6 %add_ln467_4, i3 0" [/users/arashs/U280_CRC_Accelerator/src/kernel.cpp:467->/users/arashs/U280_CRC_Accelerator/src/kernel.cpp:594]   --->   Operation 256 'bitconcatenate' 'shl_ln467_1' <Predicate = true> <Delay = 0.00>
ST_75 : Operation 257 [1/1] (0.00ns)   --->   "%zext_ln467_2 = zext i9 %shl_ln467_1" [/users/arashs/U280_CRC_Accelerator/src/kernel.cpp:467->/users/arashs/U280_CRC_Accelerator/src/kernel.cpp:594]   --->   Operation 257 'zext' 'zext_ln467_2' <Predicate = true> <Delay = 0.00>
ST_75 : Operation 258 [1/1] (1.44ns)   --->   "%lshr_ln467_1 = lshr i512 %gmem0_addr_1_read, i512 %zext_ln467_2" [/users/arashs/U280_CRC_Accelerator/src/kernel.cpp:467->/users/arashs/U280_CRC_Accelerator/src/kernel.cpp:594]   --->   Operation 258 'lshr' 'lshr_ln467_1' <Predicate = true> <Delay = 1.44> <CoreInst = "Shifter">   --->   Core 75 'Shifter' <Latency = 0> <II = 1> <Delay = 1.44> <FuncUnit> <Opcode : 'shl' 'lshr' 'ashr'> <InPorts = 2> <OutPorts = 1>
ST_75 : Operation 259 [1/1] (0.00ns)   --->   "%trunc_ln467_3 = trunc i512 %lshr_ln467_1" [/users/arashs/U280_CRC_Accelerator/src/kernel.cpp:467->/users/arashs/U280_CRC_Accelerator/src/kernel.cpp:594]   --->   Operation 259 'trunc' 'trunc_ln467_3' <Predicate = true> <Delay = 0.00>

State 76 <SV = 75> <Delay = 1.96>
ST_76 : Operation 260 [1/1] (0.00ns)   --->   "%sum_1 = load i17 %sum" [/users/arashs/U280_CRC_Accelerator/src/kernel.cpp:452->/users/arashs/U280_CRC_Accelerator/src/kernel.cpp:469->/users/arashs/U280_CRC_Accelerator/src/kernel.cpp:594]   --->   Operation 260 'load' 'sum_1' <Predicate = true> <Delay = 0.00>
ST_76 : Operation 261 [1/1] (0.00ns)   --->   "%specpipeline_ln465 = specpipeline void @_ssdm_op_SpecPipeline, i32 1, i32 0, i32 0, i32 0, void @empty_5" [/users/arashs/U280_CRC_Accelerator/src/kernel.cpp:465->/users/arashs/U280_CRC_Accelerator/src/kernel.cpp:594]   --->   Operation 261 'specpipeline' 'specpipeline_ln465' <Predicate = true> <Delay = 0.00>
ST_76 : Operation 262 [1/1] (0.00ns)   --->   "%specloopname_ln463 = specloopname void @_ssdm_op_SpecLoopName, void @empty_11" [/users/arashs/U280_CRC_Accelerator/src/kernel.cpp:463->/users/arashs/U280_CRC_Accelerator/src/kernel.cpp:594]   --->   Operation 262 'specloopname' 'specloopname_ln463' <Predicate = true> <Delay = 0.00>
ST_76 : Operation 263 [1/1] (0.00ns)   --->   "%word = bitconcatenate i16 @_ssdm_op_BitConcatenate.i16.i8.i8, i8 %trunc_ln467_2, i8 %trunc_ln467_3" [/users/arashs/U280_CRC_Accelerator/src/kernel.cpp:467->/users/arashs/U280_CRC_Accelerator/src/kernel.cpp:594]   --->   Operation 263 'bitconcatenate' 'word' <Predicate = true> <Delay = 0.00>
ST_76 : Operation 264 [1/1] (0.00ns)   --->   "%zext_ln452 = zext i16 %word" [/users/arashs/U280_CRC_Accelerator/src/kernel.cpp:452->/users/arashs/U280_CRC_Accelerator/src/kernel.cpp:469->/users/arashs/U280_CRC_Accelerator/src/kernel.cpp:594]   --->   Operation 264 'zext' 'zext_ln452' <Predicate = true> <Delay = 0.00>
ST_76 : Operation 265 [1/1] (0.00ns)   --->   "%trunc_ln452 = trunc i17 %sum_1" [/users/arashs/U280_CRC_Accelerator/src/kernel.cpp:452->/users/arashs/U280_CRC_Accelerator/src/kernel.cpp:469->/users/arashs/U280_CRC_Accelerator/src/kernel.cpp:594]   --->   Operation 265 'trunc' 'trunc_ln452' <Predicate = true> <Delay = 0.00>
ST_76 : Operation 266 [1/1] (0.79ns)   --->   "%tmp = add i17 %sum_1, i17 %zext_ln452" [/users/arashs/U280_CRC_Accelerator/src/kernel.cpp:452->/users/arashs/U280_CRC_Accelerator/src/kernel.cpp:469->/users/arashs/U280_CRC_Accelerator/src/kernel.cpp:594]   --->   Operation 266 'add' 'tmp' <Predicate = true> <Delay = 0.79> <CoreInst = "Adder">   --->   Core 1 'Adder' <Latency = 0> <II = 1> <Delay = 0.79> <FuncUnit> <Opcode : 'add' 'sub'> <InPorts = 2> <OutPorts = 1>
ST_76 : Operation 267 [1/1] (0.78ns)   --->   "%add_ln452_1 = add i16 %trunc_ln452, i16 %word" [/users/arashs/U280_CRC_Accelerator/src/kernel.cpp:452->/users/arashs/U280_CRC_Accelerator/src/kernel.cpp:469->/users/arashs/U280_CRC_Accelerator/src/kernel.cpp:594]   --->   Operation 267 'add' 'add_ln452_1' <Predicate = true> <Delay = 0.78> <CoreInst = "Adder">   --->   Core 1 'Adder' <Latency = 0> <II = 1> <Delay = 0.78> <FuncUnit> <Opcode : 'add' 'sub'> <InPorts = 2> <OutPorts = 1>
ST_76 : Operation 268 [1/1] (0.00ns)   --->   "%zext_ln453 = zext i16 %add_ln452_1" [/users/arashs/U280_CRC_Accelerator/src/kernel.cpp:453->/users/arashs/U280_CRC_Accelerator/src/kernel.cpp:469->/users/arashs/U280_CRC_Accelerator/src/kernel.cpp:594]   --->   Operation 268 'zext' 'zext_ln453' <Predicate = true> <Delay = 0.00>
ST_76 : Operation 269 [1/1] (0.00ns)   --->   "%tmp_1 = bitselect i1 @_ssdm_op_BitSelect.i1.i17.i32, i17 %tmp, i32 16" [/users/arashs/U280_CRC_Accelerator/src/kernel.cpp:453->/users/arashs/U280_CRC_Accelerator/src/kernel.cpp:469->/users/arashs/U280_CRC_Accelerator/src/kernel.cpp:594]   --->   Operation 269 'bitselect' 'tmp_1' <Predicate = true> <Delay = 0.00>
ST_76 : Operation 270 [1/1] (0.00ns)   --->   "%zext_ln453_1 = zext i1 %tmp_1" [/users/arashs/U280_CRC_Accelerator/src/kernel.cpp:453->/users/arashs/U280_CRC_Accelerator/src/kernel.cpp:469->/users/arashs/U280_CRC_Accelerator/src/kernel.cpp:594]   --->   Operation 270 'zext' 'zext_ln453_1' <Predicate = true> <Delay = 0.00>
ST_76 : Operation 271 [1/1] (0.78ns)   --->   "%sum_2 = add i17 %zext_ln453, i17 %zext_ln453_1" [/users/arashs/U280_CRC_Accelerator/src/kernel.cpp:453->/users/arashs/U280_CRC_Accelerator/src/kernel.cpp:469->/users/arashs/U280_CRC_Accelerator/src/kernel.cpp:594]   --->   Operation 271 'add' 'sum_2' <Predicate = true> <Delay = 0.78> <CoreInst = "Adder">   --->   Core 1 'Adder' <Latency = 0> <II = 1> <Delay = 0.78> <FuncUnit> <Opcode : 'add' 'sub'> <InPorts = 2> <OutPorts = 1>
ST_76 : Operation 272 [1/1] (0.38ns)   --->   "%store_ln463 = store i17 %sum_2, i17 %sum" [/users/arashs/U280_CRC_Accelerator/src/kernel.cpp:463->/users/arashs/U280_CRC_Accelerator/src/kernel.cpp:594]   --->   Operation 272 'store' 'store_ln463' <Predicate = true> <Delay = 0.38>
ST_76 : Operation 273 [1/1] (0.00ns)   --->   "%write_ln453 = write void @_ssdm_op_Write.ap_auto.i17P0A, i17 %sum_3_out, i17 %sum_2" [/users/arashs/U280_CRC_Accelerator/src/kernel.cpp:453->/users/arashs/U280_CRC_Accelerator/src/kernel.cpp:469->/users/arashs/U280_CRC_Accelerator/src/kernel.cpp:594]   --->   Operation 273 'write' 'write_ln453' <Predicate = (!icmp_ln463)> <Delay = 0.00>
ST_76 : Operation 274 [1/1] (0.00ns)   --->   "%write_ln463 = write void @_ssdm_op_Write.ap_auto.i32P0A, i32 %i_1_out, i32 %i_3" [/users/arashs/U280_CRC_Accelerator/src/kernel.cpp:463->/users/arashs/U280_CRC_Accelerator/src/kernel.cpp:594]   --->   Operation 274 'write' 'write_ln463' <Predicate = (!icmp_ln463)> <Delay = 0.00>
ST_76 : Operation 275 [1/1] (0.00ns)   --->   "%ret_ln0 = ret"   --->   Operation 275 'ret' 'ret_ln0' <Predicate = (!icmp_ln463)> <Delay = 0.00>


============================================================
+ Verbose Summary: Binding
============================================================
STG Binding: 
---------------- STG Properties BEGIN ----------------
- Is combinational: 0
- Is one-state seq: 0
- Is datapath-only: 0
- Is pipelined: 0
- Is top level: 0
Port [ Return ] is wired: 1; IO mode=ap_ctrl_hs:ce=0
Port [ phi_mul]:  wired=1; compound=0; hidden=0; nouse=0; global=0; static=0; extern=0; dir=0; type=0; pingpong=0; private_global=0; IO mode=ap_none:ce=0
Port [ data_in]:  wired=1; compound=0; hidden=0; nouse=0; global=0; static=0; extern=0; dir=0; type=0; pingpong=0; private_global=0; IO mode=ap_none:ce=0
Port [ gmem0]:  wired=1; compound=1; hidden=0; nouse=0; global=0; static=0; extern=0; dir=0; type=4; pingpong=0; private_global=0; IO mode=m_axi:ce=0
Port [ chunkSize]:  wired=1; compound=0; hidden=0; nouse=0; global=0; static=0; extern=0; dir=0; type=0; pingpong=0; private_global=0; IO mode=ap_none:ce=0
Port [ sum_3_out]:  wired=1; compound=0; hidden=0; nouse=0; global=0; static=0; extern=0; dir=1; type=0; pingpong=0; private_global=0; IO mode=ap_vld:ce=0
Port [ i_1_out]:  wired=1; compound=0; hidden=0; nouse=0; global=0; static=0; extern=0; dir=1; type=0; pingpong=0; private_global=0; IO mode=ap_vld:ce=0
---------------- STG Properties END ------------------

---------------- Datapath Model BEGIN ----------------

<LifeTime>
<method=bitvector/>
sum                (alloca        ) [ 01111111111111111111111111111111111111111111111111111111111111111111111111111]
i                  (alloca        ) [ 01100000000000000000000000000000000000000000000000000000000000000000000000000]
specinterface_ln0  (specinterface ) [ 00000000000000000000000000000000000000000000000000000000000000000000000000000]
chunkSize_read     (read          ) [ 00000000000000000000000000000000000000000000000000000000000000000000000000000]
data_in_read       (read          ) [ 00000000000000000000000000000000000000000000000000000000000000000000000000000]
phi_mul_read       (read          ) [ 00000000000000000000000000000000000000000000000000000000000000000000000000000]
store_ln0          (store         ) [ 00000000000000000000000000000000000000000000000000000000000000000000000000000]
store_ln0          (store         ) [ 00000000000000000000000000000000000000000000000000000000000000000000000000000]
br_ln0             (br            ) [ 00000000000000000000000000000000000000000000000000000000000000000000000000000]
i_2                (load          ) [ 00100000000000000000000000000000000000000000000000000000000000000000000000000]
zext_ln467         (zext          ) [ 00000000000000000000000000000000000000000000000000000000000000000000000000000]
add_ln467          (add           ) [ 00000000000000000000000000000000000000000000000000000000000000000000000000000]
trunc_ln467        (trunc         ) [ 00000000000000000000000000000000000000000000000000000000000000000000000000000]
trunc_ln467_1      (trunc         ) [ 00000000000000000000000000000000000000000000000000000000000000000000000000000]
add_ln467_1        (add           ) [ 00100000000000000000000000000000000000000000000000000000000000000000000000000]
trunc_ln467_5      (partselect    ) [ 00100000000000000000000000000000000000000000000000000000000000000000000000000]
add_ln467_3        (add           ) [ 01111111111111111111111111111111111111111111111111111111111111111111111111110]
add_ln463          (add           ) [ 00000000000000000000000000000000000000000000000000000000000000000000000000000]
icmp_ln463         (icmp          ) [ 01111111111111111111111111111111111111111111111111111111111111111111111111111]
br_ln463           (br            ) [ 00000000000000000000000000000000000000000000000000000000000000000000000000000]
sext_ln467         (sext          ) [ 00000000000000000000000000000000000000000000000000000000000000000000000000000]
gmem0_addr         (getelementptr ) [ 01111111111111111111111111111111111111111111111111111111111111111111111111000]
add_ln467_2        (add           ) [ 00000000000000000000000000000000000000000000000000000000000000000000000000000]
trunc_ln2          (partselect    ) [ 01010000000000000000000000000000000000000000000000000000000000000000000000000]
i_3                (add           ) [ 01111111111111111111111111111111111111111111111111111111111111111111111111111]
store_ln463        (store         ) [ 00000000000000000000000000000000000000000000000000000000000000000000000000000]
sext_ln467_1       (sext          ) [ 00000000000000000000000000000000000000000000000000000000000000000000000000000]
gmem0_addr_1       (getelementptr ) [ 01101111111111111111111111111111111111111111111111111111111111111111111111100]
gmem0_load_req     (readreq       ) [ 00000000000000000000000000000000000000000000000000000000000000000000000000000]
gmem0_addr_read    (read          ) [ 00100000000000000000000000000000000000000000000000000000000000000000000000100]
gmem0_load_1_req   (readreq       ) [ 00000000000000000000000000000000000000000000000000000000000000000000000000000]
shl_ln             (bitconcatenate) [ 00000000000000000000000000000000000000000000000000000000000000000000000000000]
zext_ln467_1       (zext          ) [ 00000000000000000000000000000000000000000000000000000000000000000000000000000]
lshr_ln467         (lshr          ) [ 00000000000000000000000000000000000000000000000000000000000000000000000000000]
trunc_ln467_2      (trunc         ) [ 01100000000000000000000000000000000000000000000000000000000000000000000000011]
gmem0_addr_1_read  (read          ) [ 01000000000000000000000000000000000000000000000000000000000000000000000000010]
add_ln467_4        (add           ) [ 00000000000000000000000000000000000000000000000000000000000000000000000000000]
shl_ln467_1        (bitconcatenate) [ 00000000000000000000000000000000000000000000000000000000000000000000000000000]
zext_ln467_2       (zext          ) [ 00000000000000000000000000000000000000000000000000000000000000000000000000000]
lshr_ln467_1       (lshr          ) [ 00000000000000000000000000000000000000000000000000000000000000000000000000000]
trunc_ln467_3      (trunc         ) [ 00100000000000000000000000000000000000000000000000000000000000000000000000001]
sum_1              (load          ) [ 00000000000000000000000000000000000000000000000000000000000000000000000000000]
specpipeline_ln465 (specpipeline  ) [ 00000000000000000000000000000000000000000000000000000000000000000000000000000]
specloopname_ln463 (specloopname  ) [ 00000000000000000000000000000000000000000000000000000000000000000000000000000]
word               (bitconcatenate) [ 00000000000000000000000000000000000000000000000000000000000000000000000000000]
zext_ln452         (zext          ) [ 00000000000000000000000000000000000000000000000000000000000000000000000000000]
trunc_ln452        (trunc         ) [ 00000000000000000000000000000000000000000000000000000000000000000000000000000]
tmp                (add           ) [ 00000000000000000000000000000000000000000000000000000000000000000000000000000]
add_ln452_1        (add           ) [ 00000000000000000000000000000000000000000000000000000000000000000000000000000]
zext_ln453         (zext          ) [ 00000000000000000000000000000000000000000000000000000000000000000000000000000]
tmp_1              (bitselect     ) [ 00000000000000000000000000000000000000000000000000000000000000000000000000000]
zext_ln453_1       (zext          ) [ 00000000000000000000000000000000000000000000000000000000000000000000000000000]
sum_2              (add           ) [ 00000000000000000000000000000000000000000000000000000000000000000000000000000]
store_ln463        (store         ) [ 00000000000000000000000000000000000000000000000000000000000000000000000000000]
write_ln453        (write         ) [ 00000000000000000000000000000000000000000000000000000000000000000000000000000]
write_ln463        (write         ) [ 00000000000000000000000000000000000000000000000000000000000000000000000000000]
ret_ln0            (ret           ) [ 00000000000000000000000000000000000000000000000000000000000000000000000000000]
</LifeTime>

<model>

<comp_list>
<comp id="0" class="1000" name="phi_mul">
<pin_list>
<pin id="1" dir="1" index="0" bw="1" slack="0"/>
</pin_list>
<bind>
<StgValue><ssdm name="phi_mul"/></StgValue>
</bind>
</comp>

<comp id="2" class="1000" name="data_in">
<pin_list>
<pin id="3" dir="1" index="0" bw="1" slack="0"/>
</pin_list>
<bind>
<StgValue><ssdm name="data_in"/></StgValue>
</bind>
</comp>

<comp id="4" class="1000" name="gmem0">
<pin_list>
<pin id="5" dir="1" index="0" bw="1" slack="0"/>
</pin_list>
<bind>
<StgValue><ssdm name="gmem0"/></StgValue>
</bind>
</comp>

<comp id="6" class="1000" name="chunkSize">
<pin_list>
<pin id="7" dir="1" index="0" bw="1" slack="0"/>
</pin_list>
<bind>
<StgValue><ssdm name="chunkSize"/></StgValue>
</bind>
</comp>

<comp id="8" class="1000" name="sum_3_out">
<pin_list>
<pin id="9" dir="1" index="0" bw="1" slack="0"/>
</pin_list>
<bind>
<StgValue><ssdm name="sum_3_out"/></StgValue>
</bind>
</comp>

<comp id="10" class="1000" name="i_1_out">
<pin_list>
<pin id="11" dir="1" index="0" bw="1" slack="0"/>
</pin_list>
<bind>
<StgValue><ssdm name="i_1_out"/></StgValue>
</bind>
</comp>

<comp id="12" class="1001" name="const_12">
<pin_list>
<pin id="13" dir="1" index="0" bw="1" slack="0"/>
</pin_list>
<bind>
<StgValue><ssdm name=""/></StgValue>
</bind>
</comp>

<comp id="14" class="1001" name="const_14">
<pin_list>
<pin id="15" dir="1" index="0" bw="1" slack="2147483647"/>
</pin_list>
<bind>
<StgValue><ssdm name="_ssdm_op_SpecInterface"/></StgValue>
</bind>
</comp>

<comp id="16" class="1001" name="const_16">
<pin_list>
<pin id="17" dir="1" index="0" bw="1" slack="2147483647"/>
</pin_list>
<bind>
<StgValue><ssdm name="empty_4"/></StgValue>
</bind>
</comp>

<comp id="18" class="1001" name="const_18">
<pin_list>
<pin id="19" dir="1" index="0" bw="1" slack="0"/>
</pin_list>
<bind>
<StgValue><ssdm name=""/></StgValue>
</bind>
</comp>

<comp id="20" class="1001" name="const_20">
<pin_list>
<pin id="21" dir="1" index="0" bw="1" slack="2147483647"/>
</pin_list>
<bind>
<StgValue><ssdm name="empty_5"/></StgValue>
</bind>
</comp>

<comp id="22" class="1001" name="const_22">
<pin_list>
<pin id="23" dir="1" index="0" bw="1" slack="2147483647"/>
</pin_list>
<bind>
<StgValue><ssdm name=""/></StgValue>
</bind>
</comp>

<comp id="24" class="1001" name="const_24">
<pin_list>
<pin id="25" dir="1" index="0" bw="1" slack="2147483647"/>
</pin_list>
<bind>
<StgValue><ssdm name=""/></StgValue>
</bind>
</comp>

<comp id="26" class="1001" name="const_26">
<pin_list>
<pin id="27" dir="1" index="0" bw="1" slack="2147483647"/>
</pin_list>
<bind>
<StgValue><ssdm name="empty_6"/></StgValue>
</bind>
</comp>

<comp id="28" class="1001" name="const_28">
<pin_list>
<pin id="29" dir="1" index="0" bw="1" slack="2147483647"/>
</pin_list>
<bind>
<StgValue><ssdm name="empty_7"/></StgValue>
</bind>
</comp>

<comp id="30" class="1001" name="const_30">
<pin_list>
<pin id="31" dir="1" index="0" bw="1" slack="0"/>
</pin_list>
<bind>
<StgValue><ssdm name=""/></StgValue>
</bind>
</comp>

<comp id="32" class="1001" name="const_32">
<pin_list>
<pin id="33" dir="1" index="0" bw="1" slack="2147483647"/>
</pin_list>
<bind>
<StgValue><ssdm name=""/></StgValue>
</bind>
</comp>

<comp id="34" class="1001" name="const_34">
<pin_list>
<pin id="35" dir="1" index="0" bw="1" slack="0"/>
</pin_list>
<bind>
<StgValue><ssdm name="_ssdm_op_Read.ap_auto.i32"/></StgValue>
</bind>
</comp>

<comp id="36" class="1001" name="const_36">
<pin_list>
<pin id="37" dir="1" index="0" bw="1" slack="0"/>
</pin_list>
<bind>
<StgValue><ssdm name="_ssdm_op_Read.ap_auto.i64"/></StgValue>
</bind>
</comp>

<comp id="38" class="1001" name="const_38">
<pin_list>
<pin id="39" dir="1" index="0" bw="1" slack="0"/>
</pin_list>
<bind>
<StgValue><ssdm name=""/></StgValue>
</bind>
</comp>

<comp id="40" class="1001" name="const_40">
<pin_list>
<pin id="41" dir="1" index="0" bw="1" slack="0"/>
</pin_list>
<bind>
<StgValue><ssdm name="_ssdm_op_PartSelect.i58.i64.i32.i32"/></StgValue>
</bind>
</comp>

<comp id="42" class="1001" name="const_42">
<pin_list>
<pin id="43" dir="1" index="0" bw="1" slack="0"/>
</pin_list>
<bind>
<StgValue><ssdm name=""/></StgValue>
</bind>
</comp>

<comp id="44" class="1001" name="const_44">
<pin_list>
<pin id="45" dir="1" index="0" bw="1" slack="0"/>
</pin_list>
<bind>
<StgValue><ssdm name=""/></StgValue>
</bind>
</comp>

<comp id="46" class="1001" name="const_46">
<pin_list>
<pin id="47" dir="1" index="0" bw="1" slack="0"/>
</pin_list>
<bind>
<StgValue><ssdm name=""/></StgValue>
</bind>
</comp>

<comp id="48" class="1001" name="const_48">
<pin_list>
<pin id="49" dir="1" index="0" bw="1" slack="0"/>
</pin_list>
<bind>
<StgValue><ssdm name="_ssdm_op_ReadReq.m_axi.i512P1A"/></StgValue>
</bind>
</comp>

<comp id="50" class="1001" name="const_50">
<pin_list>
<pin id="51" dir="1" index="0" bw="1" slack="0"/>
</pin_list>
<bind>
<StgValue><ssdm name=""/></StgValue>
</bind>
</comp>

<comp id="52" class="1001" name="const_52">
<pin_list>
<pin id="53" dir="1" index="0" bw="1" slack="0"/>
</pin_list>
<bind>
<StgValue><ssdm name=""/></StgValue>
</bind>
</comp>

<comp id="54" class="1001" name="const_54">
<pin_list>
<pin id="55" dir="1" index="0" bw="1" slack="0"/>
</pin_list>
<bind>
<StgValue><ssdm name="_ssdm_op_Read.m_axi.i512P1A"/></StgValue>
</bind>
</comp>

<comp id="56" class="1001" name="const_56">
<pin_list>
<pin id="57" dir="1" index="0" bw="1" slack="0"/>
</pin_list>
<bind>
<StgValue><ssdm name="_ssdm_op_BitConcatenate.i9.i6.i3"/></StgValue>
</bind>
</comp>

<comp id="58" class="1001" name="const_58">
<pin_list>
<pin id="59" dir="1" index="0" bw="1" slack="0"/>
</pin_list>
<bind>
<StgValue><ssdm name=""/></StgValue>
</bind>
</comp>

<comp id="60" class="1001" name="const_60">
<pin_list>
<pin id="61" dir="1" index="0" bw="1" slack="0"/>
</pin_list>
<bind>
<StgValue><ssdm name=""/></StgValue>
</bind>
</comp>

<comp id="62" class="1001" name="const_62">
<pin_list>
<pin id="63" dir="1" index="0" bw="1" slack="2147483647"/>
</pin_list>
<bind>
<StgValue><ssdm name="_ssdm_op_SpecPipeline"/></StgValue>
</bind>
</comp>

<comp id="64" class="1001" name="const_64">
<pin_list>
<pin id="65" dir="1" index="0" bw="1" slack="2147483647"/>
</pin_list>
<bind>
<StgValue><ssdm name="_ssdm_op_SpecLoopName"/></StgValue>
</bind>
</comp>

<comp id="66" class="1001" name="const_66">
<pin_list>
<pin id="67" dir="1" index="0" bw="1" slack="2147483647"/>
</pin_list>
<bind>
<StgValue><ssdm name="empty_11"/></StgValue>
</bind>
</comp>

<comp id="68" class="1001" name="const_68">
<pin_list>
<pin id="69" dir="1" index="0" bw="1" slack="0"/>
</pin_list>
<bind>
<StgValue><ssdm name="_ssdm_op_BitConcatenate.i16.i8.i8"/></StgValue>
</bind>
</comp>

<comp id="70" class="1001" name="const_70">
<pin_list>
<pin id="71" dir="1" index="0" bw="1" slack="0"/>
</pin_list>
<bind>
<StgValue><ssdm name="_ssdm_op_BitSelect.i1.i17.i32"/></StgValue>
</bind>
</comp>

<comp id="72" class="1001" name="const_72">
<pin_list>
<pin id="73" dir="1" index="0" bw="1" slack="0"/>
</pin_list>
<bind>
<StgValue><ssdm name="_ssdm_op_Write.ap_auto.i17P0A"/></StgValue>
</bind>
</comp>

<comp id="74" class="1001" name="const_74">
<pin_list>
<pin id="75" dir="1" index="0" bw="1" slack="0"/>
</pin_list>
<bind>
<StgValue><ssdm name="_ssdm_op_Write.ap_auto.i32P0A"/></StgValue>
</bind>
</comp>

<comp id="76" class="1004" name="sum_fu_76">
<pin_list>
<pin id="77" dir="0" index="0" bw="1" slack="0"/>
<pin id="78" dir="1" index="1" bw="17" slack="0"/>
</pin_list>
<bind>
<opcode="alloca(26) " fcode="alloca"/>
<opset="sum/1 "/>
</bind>
</comp>

<comp id="80" class="1004" name="i_fu_80">
<pin_list>
<pin id="81" dir="0" index="0" bw="1" slack="0"/>
<pin id="82" dir="1" index="1" bw="32" slack="0"/>
</pin_list>
<bind>
<opcode="alloca(26) " fcode="alloca"/>
<opset="i/1 "/>
</bind>
</comp>

<comp id="84" class="1004" name="chunkSize_read_read_fu_84">
<pin_list>
<pin id="85" dir="0" index="0" bw="32" slack="0"/>
<pin id="86" dir="0" index="1" bw="32" slack="0"/>
<pin id="87" dir="1" index="2" bw="32" slack="0"/>
</pin_list>
<bind>
<opcode="read(1150) " fcode="read"/>
<opset="chunkSize_read/1 "/>
</bind>
</comp>

<comp id="90" class="1004" name="data_in_read_read_fu_90">
<pin_list>
<pin id="91" dir="0" index="0" bw="64" slack="0"/>
<pin id="92" dir="0" index="1" bw="64" slack="0"/>
<pin id="93" dir="1" index="2" bw="64" slack="0"/>
</pin_list>
<bind>
<opcode="read(1150) " fcode="read"/>
<opset="data_in_read/1 "/>
</bind>
</comp>

<comp id="96" class="1004" name="phi_mul_read_read_fu_96">
<pin_list>
<pin id="97" dir="0" index="0" bw="64" slack="0"/>
<pin id="98" dir="0" index="1" bw="64" slack="0"/>
<pin id="99" dir="1" index="2" bw="64" slack="0"/>
</pin_list>
<bind>
<opcode="read(1150) " fcode="read"/>
<opset="phi_mul_read/1 "/>
</bind>
</comp>

<comp id="102" class="1004" name="grp_readreq_fu_102">
<pin_list>
<pin id="103" dir="0" index="0" bw="1" slack="0"/>
<pin id="104" dir="0" index="1" bw="512" slack="0"/>
<pin id="105" dir="0" index="2" bw="1" slack="0"/>
<pin id="106" dir="1" index="3" bw="1" slack="2147483647"/>
</pin_list>
<bind>
<opcode="readreq(1154) " fcode="readreq"/>
<opset="gmem0_load_req/2 "/>
</bind>
</comp>

<comp id="109" class="1004" name="grp_readreq_fu_109">
<pin_list>
<pin id="110" dir="0" index="0" bw="1" slack="0"/>
<pin id="111" dir="0" index="1" bw="512" slack="0"/>
<pin id="112" dir="0" index="2" bw="1" slack="0"/>
<pin id="113" dir="1" index="3" bw="1" slack="2147483647"/>
</pin_list>
<bind>
<opcode="readreq(1154) " fcode="readreq"/>
<opset="gmem0_load_1_req/3 "/>
</bind>
</comp>

<comp id="116" class="1004" name="gmem0_addr_read_read_fu_116">
<pin_list>
<pin id="117" dir="0" index="0" bw="512" slack="0"/>
<pin id="118" dir="0" index="1" bw="512" slack="71"/>
<pin id="119" dir="1" index="2" bw="512" slack="1"/>
</pin_list>
<bind>
<opcode="read(1150) " fcode="read"/>
<opset="gmem0_addr_read/73 "/>
</bind>
</comp>

<comp id="121" class="1004" name="gmem0_addr_1_read_read_fu_121">
<pin_list>
<pin id="122" dir="0" index="0" bw="512" slack="0"/>
<pin id="123" dir="0" index="1" bw="512" slack="71"/>
<pin id="124" dir="1" index="2" bw="512" slack="1"/>
</pin_list>
<bind>
<opcode="read(1150) " fcode="read"/>
<opset="gmem0_addr_1_read/74 "/>
</bind>
</comp>

<comp id="126" class="1004" name="write_ln453_write_fu_126">
<pin_list>
<pin id="127" dir="0" index="0" bw="0" slack="0"/>
<pin id="128" dir="0" index="1" bw="17" slack="0"/>
<pin id="129" dir="0" index="2" bw="17" slack="0"/>
<pin id="130" dir="1" index="3" bw="0" slack="2147483647"/>
</pin_list>
<bind>
<opcode="write(1151) " fcode="write"/>
<opset="write_ln453/76 "/>
</bind>
</comp>

<comp id="133" class="1004" name="write_ln463_write_fu_133">
<pin_list>
<pin id="134" dir="0" index="0" bw="0" slack="0"/>
<pin id="135" dir="0" index="1" bw="32" slack="0"/>
<pin id="136" dir="0" index="2" bw="32" slack="74"/>
<pin id="137" dir="1" index="3" bw="0" slack="2147483647"/>
</pin_list>
<bind>
<opcode="write(1151) " fcode="write"/>
<opset="write_ln463/76 "/>
</bind>
</comp>

<comp id="140" class="1004" name="store_ln0_store_fu_140">
<pin_list>
<pin id="141" dir="0" index="0" bw="1" slack="0"/>
<pin id="142" dir="0" index="1" bw="32" slack="0"/>
<pin id="143" dir="1" index="2" bw="0" slack="2147483647"/>
</pin_list>
<bind>
<opcode="store(28) " fcode="store"/>
<opset="store_ln0/1 "/>
</bind>
</comp>

<comp id="145" class="1004" name="store_ln0_store_fu_145">
<pin_list>
<pin id="146" dir="0" index="0" bw="1" slack="0"/>
<pin id="147" dir="0" index="1" bw="17" slack="0"/>
<pin id="148" dir="1" index="2" bw="0" slack="2147483647"/>
</pin_list>
<bind>
<opcode="store(28) " fcode="store"/>
<opset="store_ln0/1 "/>
</bind>
</comp>

<comp id="150" class="1004" name="i_2_load_fu_150">
<pin_list>
<pin id="151" dir="0" index="0" bw="32" slack="0"/>
<pin id="152" dir="1" index="1" bw="32" slack="0"/>
</pin_list>
<bind>
<opcode="load(27) " fcode="load"/>
<opset="i_2/1 "/>
</bind>
</comp>

<comp id="153" class="1004" name="zext_ln467_fu_153">
<pin_list>
<pin id="154" dir="0" index="0" bw="32" slack="0"/>
<pin id="155" dir="1" index="1" bw="64" slack="0"/>
</pin_list>
<bind>
<opcode="zext(34) " fcode="zext"/>
<opset="zext_ln467/1 "/>
</bind>
</comp>

<comp id="157" class="1004" name="add_ln467_fu_157">
<pin_list>
<pin id="158" dir="0" index="0" bw="64" slack="0"/>
<pin id="159" dir="0" index="1" bw="64" slack="0"/>
<pin id="160" dir="1" index="2" bw="64" slack="0"/>
</pin_list>
<bind>
<opcode="add(8) " fcode="add"/>
<opset="add_ln467/1 "/>
</bind>
</comp>

<comp id="163" class="1004" name="trunc_ln467_fu_163">
<pin_list>
<pin id="164" dir="0" index="0" bw="32" slack="0"/>
<pin id="165" dir="1" index="1" bw="6" slack="0"/>
</pin_list>
<bind>
<opcode="trunc(33) " fcode="trunc"/>
<opset="trunc_ln467/1 "/>
</bind>
</comp>

<comp id="167" class="1004" name="trunc_ln467_1_fu_167">
<pin_list>
<pin id="168" dir="0" index="0" bw="64" slack="0"/>
<pin id="169" dir="1" index="1" bw="6" slack="0"/>
</pin_list>
<bind>
<opcode="trunc(33) " fcode="trunc"/>
<opset="trunc_ln467_1/1 "/>
</bind>
</comp>

<comp id="171" class="1004" name="add_ln467_1_fu_171">
<pin_list>
<pin id="172" dir="0" index="0" bw="64" slack="0"/>
<pin id="173" dir="0" index="1" bw="32" slack="0"/>
<pin id="174" dir="1" index="2" bw="64" slack="0"/>
</pin_list>
<bind>
<opcode="add(8) " fcode="add"/>
<opset="add_ln467_1/1 "/>
</bind>
</comp>

<comp id="177" class="1004" name="trunc_ln467_5_fu_177">
<pin_list>
<pin id="178" dir="0" index="0" bw="58" slack="0"/>
<pin id="179" dir="0" index="1" bw="64" slack="0"/>
<pin id="180" dir="0" index="2" bw="4" slack="0"/>
<pin id="181" dir="0" index="3" bw="7" slack="0"/>
<pin id="182" dir="1" index="4" bw="58" slack="1"/>
</pin_list>
<bind>
<opcode="partselect(1002) " fcode="partselect"/>
<opset="trunc_ln467_5/1 "/>
</bind>
</comp>

<comp id="187" class="1004" name="add_ln467_3_fu_187">
<pin_list>
<pin id="188" dir="0" index="0" bw="6" slack="0"/>
<pin id="189" dir="0" index="1" bw="6" slack="0"/>
<pin id="190" dir="1" index="2" bw="6" slack="73"/>
</pin_list>
<bind>
<opcode="add(8) " fcode="add"/>
<opset="add_ln467_3/1 "/>
</bind>
</comp>

<comp id="193" class="1004" name="add_ln463_fu_193">
<pin_list>
<pin id="194" dir="0" index="0" bw="32" slack="0"/>
<pin id="195" dir="0" index="1" bw="3" slack="0"/>
<pin id="196" dir="1" index="2" bw="32" slack="0"/>
</pin_list>
<bind>
<opcode="add(8) " fcode="add"/>
<opset="add_ln463/1 "/>
</bind>
</comp>

<comp id="199" class="1004" name="icmp_ln463_fu_199">
<pin_list>
<pin id="200" dir="0" index="0" bw="32" slack="0"/>
<pin id="201" dir="0" index="1" bw="32" slack="0"/>
<pin id="202" dir="1" index="2" bw="1" slack="75"/>
</pin_list>
<bind>
<opcode="icmp(45) " fcode="icmp"/>
<opset="icmp_ln463/1 "/>
</bind>
</comp>

<comp id="205" class="1004" name="sext_ln467_fu_205">
<pin_list>
<pin id="206" dir="0" index="0" bw="58" slack="1"/>
<pin id="207" dir="1" index="1" bw="64" slack="0"/>
</pin_list>
<bind>
<opcode="sext(35) " fcode="sext"/>
<opset="sext_ln467/2 "/>
</bind>
</comp>

<comp id="208" class="1004" name="gmem0_addr_fu_208">
<pin_list>
<pin id="209" dir="0" index="0" bw="512" slack="0"/>
<pin id="210" dir="0" index="1" bw="58" slack="0"/>
<pin id="211" dir="1" index="2" bw="512" slack="0"/>
</pin_list>
<bind>
<opcode="getelementptr(29) " fcode="getelementptr"/>
<opset="gmem0_addr/2 "/>
</bind>
</comp>

<comp id="215" class="1004" name="add_ln467_2_fu_215">
<pin_list>
<pin id="216" dir="0" index="0" bw="64" slack="1"/>
<pin id="217" dir="0" index="1" bw="1" slack="0"/>
<pin id="218" dir="1" index="2" bw="64" slack="0"/>
</pin_list>
<bind>
<opcode="add(8) " fcode="add"/>
<opset="add_ln467_2/2 "/>
</bind>
</comp>

<comp id="220" class="1004" name="trunc_ln2_fu_220">
<pin_list>
<pin id="221" dir="0" index="0" bw="58" slack="0"/>
<pin id="222" dir="0" index="1" bw="64" slack="0"/>
<pin id="223" dir="0" index="2" bw="4" slack="0"/>
<pin id="224" dir="0" index="3" bw="7" slack="0"/>
<pin id="225" dir="1" index="4" bw="58" slack="1"/>
</pin_list>
<bind>
<opcode="partselect(1002) " fcode="partselect"/>
<opset="trunc_ln2/2 "/>
</bind>
</comp>

<comp id="230" class="1004" name="i_3_fu_230">
<pin_list>
<pin id="231" dir="0" index="0" bw="32" slack="1"/>
<pin id="232" dir="0" index="1" bw="3" slack="0"/>
<pin id="233" dir="1" index="2" bw="32" slack="0"/>
</pin_list>
<bind>
<opcode="add(8) " fcode="add"/>
<opset="i_3/2 "/>
</bind>
</comp>

<comp id="235" class="1004" name="store_ln463_store_fu_235">
<pin_list>
<pin id="236" dir="0" index="0" bw="32" slack="0"/>
<pin id="237" dir="0" index="1" bw="32" slack="1"/>
<pin id="238" dir="1" index="2" bw="0" slack="2147483647"/>
</pin_list>
<bind>
<opcode="store(28) " fcode="store"/>
<opset="store_ln463/2 "/>
</bind>
</comp>

<comp id="240" class="1004" name="sext_ln467_1_fu_240">
<pin_list>
<pin id="241" dir="0" index="0" bw="58" slack="1"/>
<pin id="242" dir="1" index="1" bw="64" slack="0"/>
</pin_list>
<bind>
<opcode="sext(35) " fcode="sext"/>
<opset="sext_ln467_1/3 "/>
</bind>
</comp>

<comp id="243" class="1004" name="gmem0_addr_1_fu_243">
<pin_list>
<pin id="244" dir="0" index="0" bw="512" slack="0"/>
<pin id="245" dir="0" index="1" bw="58" slack="0"/>
<pin id="246" dir="1" index="2" bw="512" slack="0"/>
</pin_list>
<bind>
<opcode="getelementptr(29) " fcode="getelementptr"/>
<opset="gmem0_addr_1/3 "/>
</bind>
</comp>

<comp id="250" class="1004" name="shl_ln_fu_250">
<pin_list>
<pin id="251" dir="0" index="0" bw="9" slack="0"/>
<pin id="252" dir="0" index="1" bw="6" slack="73"/>
<pin id="253" dir="0" index="2" bw="1" slack="0"/>
<pin id="254" dir="1" index="3" bw="9" slack="0"/>
</pin_list>
<bind>
<opcode="bitconcatenate(1004) " fcode="bitconcatenate"/>
<opset="shl_ln/74 "/>
</bind>
</comp>

<comp id="257" class="1004" name="zext_ln467_1_fu_257">
<pin_list>
<pin id="258" dir="0" index="0" bw="9" slack="0"/>
<pin id="259" dir="1" index="1" bw="512" slack="0"/>
</pin_list>
<bind>
<opcode="zext(34) " fcode="zext"/>
<opset="zext_ln467_1/74 "/>
</bind>
</comp>

<comp id="261" class="1004" name="lshr_ln467_fu_261">
<pin_list>
<pin id="262" dir="0" index="0" bw="512" slack="1"/>
<pin id="263" dir="0" index="1" bw="9" slack="0"/>
<pin id="264" dir="1" index="2" bw="512" slack="0"/>
</pin_list>
<bind>
<opcode="lshr(21) " fcode="lshr"/>
<opset="lshr_ln467/74 "/>
</bind>
</comp>

<comp id="266" class="1004" name="trunc_ln467_2_fu_266">
<pin_list>
<pin id="267" dir="0" index="0" bw="512" slack="0"/>
<pin id="268" dir="1" index="1" bw="8" slack="2"/>
</pin_list>
<bind>
<opcode="trunc(33) " fcode="trunc"/>
<opset="trunc_ln467_2/74 "/>
</bind>
</comp>

<comp id="270" class="1004" name="add_ln467_4_fu_270">
<pin_list>
<pin id="271" dir="0" index="0" bw="6" slack="74"/>
<pin id="272" dir="0" index="1" bw="1" slack="0"/>
<pin id="273" dir="1" index="2" bw="6" slack="0"/>
</pin_list>
<bind>
<opcode="add(8) " fcode="add"/>
<opset="add_ln467_4/75 "/>
</bind>
</comp>

<comp id="275" class="1004" name="shl_ln467_1_fu_275">
<pin_list>
<pin id="276" dir="0" index="0" bw="9" slack="0"/>
<pin id="277" dir="0" index="1" bw="6" slack="0"/>
<pin id="278" dir="0" index="2" bw="1" slack="0"/>
<pin id="279" dir="1" index="3" bw="9" slack="0"/>
</pin_list>
<bind>
<opcode="bitconcatenate(1004) " fcode="bitconcatenate"/>
<opset="shl_ln467_1/75 "/>
</bind>
</comp>

<comp id="283" class="1004" name="zext_ln467_2_fu_283">
<pin_list>
<pin id="284" dir="0" index="0" bw="9" slack="0"/>
<pin id="285" dir="1" index="1" bw="512" slack="0"/>
</pin_list>
<bind>
<opcode="zext(34) " fcode="zext"/>
<opset="zext_ln467_2/75 "/>
</bind>
</comp>

<comp id="287" class="1004" name="lshr_ln467_1_fu_287">
<pin_list>
<pin id="288" dir="0" index="0" bw="512" slack="1"/>
<pin id="289" dir="0" index="1" bw="9" slack="0"/>
<pin id="290" dir="1" index="2" bw="512" slack="0"/>
</pin_list>
<bind>
<opcode="lshr(21) " fcode="lshr"/>
<opset="lshr_ln467_1/75 "/>
</bind>
</comp>

<comp id="292" class="1004" name="trunc_ln467_3_fu_292">
<pin_list>
<pin id="293" dir="0" index="0" bw="512" slack="0"/>
<pin id="294" dir="1" index="1" bw="8" slack="1"/>
</pin_list>
<bind>
<opcode="trunc(33) " fcode="trunc"/>
<opset="trunc_ln467_3/75 "/>
</bind>
</comp>

<comp id="296" class="1004" name="sum_1_load_fu_296">
<pin_list>
<pin id="297" dir="0" index="0" bw="17" slack="75"/>
<pin id="298" dir="1" index="1" bw="17" slack="0"/>
</pin_list>
<bind>
<opcode="load(27) " fcode="load"/>
<opset="sum_1/76 "/>
</bind>
</comp>

<comp id="299" class="1004" name="word_fu_299">
<pin_list>
<pin id="300" dir="0" index="0" bw="16" slack="0"/>
<pin id="301" dir="0" index="1" bw="8" slack="2"/>
<pin id="302" dir="0" index="2" bw="8" slack="1"/>
<pin id="303" dir="1" index="3" bw="16" slack="0"/>
</pin_list>
<bind>
<opcode="bitconcatenate(1004) " fcode="bitconcatenate"/>
<opset="word/76 "/>
</bind>
</comp>

<comp id="305" class="1004" name="zext_ln452_fu_305">
<pin_list>
<pin id="306" dir="0" index="0" bw="16" slack="0"/>
<pin id="307" dir="1" index="1" bw="17" slack="0"/>
</pin_list>
<bind>
<opcode="zext(34) " fcode="zext"/>
<opset="zext_ln452/76 "/>
</bind>
</comp>

<comp id="309" class="1004" name="trunc_ln452_fu_309">
<pin_list>
<pin id="310" dir="0" index="0" bw="17" slack="0"/>
<pin id="311" dir="1" index="1" bw="16" slack="0"/>
</pin_list>
<bind>
<opcode="trunc(33) " fcode="trunc"/>
<opset="trunc_ln452/76 "/>
</bind>
</comp>

<comp id="313" class="1004" name="tmp_fu_313">
<pin_list>
<pin id="314" dir="0" index="0" bw="17" slack="0"/>
<pin id="315" dir="0" index="1" bw="16" slack="0"/>
<pin id="316" dir="1" index="2" bw="17" slack="0"/>
</pin_list>
<bind>
<opcode="add(8) " fcode="add"/>
<opset="tmp/76 "/>
</bind>
</comp>

<comp id="319" class="1004" name="add_ln452_1_fu_319">
<pin_list>
<pin id="320" dir="0" index="0" bw="16" slack="0"/>
<pin id="321" dir="0" index="1" bw="16" slack="0"/>
<pin id="322" dir="1" index="2" bw="16" slack="0"/>
</pin_list>
<bind>
<opcode="add(8) " fcode="add"/>
<opset="add_ln452_1/76 "/>
</bind>
</comp>

<comp id="325" class="1004" name="zext_ln453_fu_325">
<pin_list>
<pin id="326" dir="0" index="0" bw="16" slack="0"/>
<pin id="327" dir="1" index="1" bw="17" slack="0"/>
</pin_list>
<bind>
<opcode="zext(34) " fcode="zext"/>
<opset="zext_ln453/76 "/>
</bind>
</comp>

<comp id="329" class="1004" name="tmp_1_fu_329">
<pin_list>
<pin id="330" dir="0" index="0" bw="1" slack="0"/>
<pin id="331" dir="0" index="1" bw="17" slack="0"/>
<pin id="332" dir="0" index="2" bw="6" slack="0"/>
<pin id="333" dir="1" index="3" bw="1" slack="0"/>
</pin_list>
<bind>
<opcode="bitselect(1000) " fcode="bitselect"/>
<opset="tmp_1/76 "/>
</bind>
</comp>

<comp id="337" class="1004" name="zext_ln453_1_fu_337">
<pin_list>
<pin id="338" dir="0" index="0" bw="1" slack="0"/>
<pin id="339" dir="1" index="1" bw="17" slack="0"/>
</pin_list>
<bind>
<opcode="zext(34) " fcode="zext"/>
<opset="zext_ln453_1/76 "/>
</bind>
</comp>

<comp id="341" class="1004" name="sum_2_fu_341">
<pin_list>
<pin id="342" dir="0" index="0" bw="16" slack="0"/>
<pin id="343" dir="0" index="1" bw="1" slack="0"/>
<pin id="344" dir="1" index="2" bw="17" slack="0"/>
</pin_list>
<bind>
<opcode="add(8) " fcode="add"/>
<opset="sum_2/76 "/>
</bind>
</comp>

<comp id="348" class="1004" name="store_ln463_store_fu_348">
<pin_list>
<pin id="349" dir="0" index="0" bw="17" slack="0"/>
<pin id="350" dir="0" index="1" bw="17" slack="75"/>
<pin id="351" dir="1" index="2" bw="0" slack="2147483647"/>
</pin_list>
<bind>
<opcode="store(28) " fcode="store"/>
<opset="store_ln463/76 "/>
</bind>
</comp>

<comp id="353" class="1005" name="sum_reg_353">
<pin_list>
<pin id="354" dir="0" index="0" bw="17" slack="0"/>
<pin id="355" dir="1" index="1" bw="17" slack="0"/>
</pin_list>
<bind>
<opset="sum "/>
</bind>
</comp>

<comp id="360" class="1005" name="i_reg_360">
<pin_list>
<pin id="361" dir="0" index="0" bw="32" slack="0"/>
<pin id="362" dir="1" index="1" bw="32" slack="0"/>
</pin_list>
<bind>
<opset="i "/>
</bind>
</comp>

<comp id="367" class="1005" name="i_2_reg_367">
<pin_list>
<pin id="368" dir="0" index="0" bw="32" slack="1"/>
<pin id="369" dir="1" index="1" bw="32" slack="1"/>
</pin_list>
<bind>
<opset="i_2 "/>
</bind>
</comp>

<comp id="372" class="1005" name="add_ln467_1_reg_372">
<pin_list>
<pin id="373" dir="0" index="0" bw="64" slack="1"/>
<pin id="374" dir="1" index="1" bw="64" slack="1"/>
</pin_list>
<bind>
<opset="add_ln467_1 "/>
</bind>
</comp>

<comp id="377" class="1005" name="trunc_ln467_5_reg_377">
<pin_list>
<pin id="378" dir="0" index="0" bw="58" slack="1"/>
<pin id="379" dir="1" index="1" bw="58" slack="1"/>
</pin_list>
<bind>
<opset="trunc_ln467_5 "/>
</bind>
</comp>

<comp id="382" class="1005" name="add_ln467_3_reg_382">
<pin_list>
<pin id="383" dir="0" index="0" bw="6" slack="73"/>
<pin id="384" dir="1" index="1" bw="6" slack="73"/>
</pin_list>
<bind>
<opset="add_ln467_3 "/>
</bind>
</comp>

<comp id="388" class="1005" name="icmp_ln463_reg_388">
<pin_list>
<pin id="389" dir="0" index="0" bw="1" slack="75"/>
<pin id="390" dir="1" index="1" bw="1" slack="2147483647"/>
</pin_list>
<bind>
<opset="icmp_ln463 "/>
</bind>
</comp>

<comp id="392" class="1005" name="gmem0_addr_reg_392">
<pin_list>
<pin id="393" dir="0" index="0" bw="512" slack="1"/>
<pin id="394" dir="1" index="1" bw="512" slack="1"/>
</pin_list>
<bind>
<opset="gmem0_addr "/>
</bind>
</comp>

<comp id="398" class="1005" name="trunc_ln2_reg_398">
<pin_list>
<pin id="399" dir="0" index="0" bw="58" slack="1"/>
<pin id="400" dir="1" index="1" bw="58" slack="1"/>
</pin_list>
<bind>
<opset="trunc_ln2 "/>
</bind>
</comp>

<comp id="403" class="1005" name="i_3_reg_403">
<pin_list>
<pin id="404" dir="0" index="0" bw="32" slack="74"/>
<pin id="405" dir="1" index="1" bw="32" slack="74"/>
</pin_list>
<bind>
<opset="i_3 "/>
</bind>
</comp>

<comp id="408" class="1005" name="gmem0_addr_1_reg_408">
<pin_list>
<pin id="409" dir="0" index="0" bw="512" slack="1"/>
<pin id="410" dir="1" index="1" bw="512" slack="1"/>
</pin_list>
<bind>
<opset="gmem0_addr_1 "/>
</bind>
</comp>

<comp id="414" class="1005" name="gmem0_addr_read_reg_414">
<pin_list>
<pin id="415" dir="0" index="0" bw="512" slack="1"/>
<pin id="416" dir="1" index="1" bw="512" slack="1"/>
</pin_list>
<bind>
<opset="gmem0_addr_read "/>
</bind>
</comp>

<comp id="419" class="1005" name="trunc_ln467_2_reg_419">
<pin_list>
<pin id="420" dir="0" index="0" bw="8" slack="2"/>
<pin id="421" dir="1" index="1" bw="8" slack="2"/>
</pin_list>
<bind>
<opset="trunc_ln467_2 "/>
</bind>
</comp>

<comp id="424" class="1005" name="gmem0_addr_1_read_reg_424">
<pin_list>
<pin id="425" dir="0" index="0" bw="512" slack="1"/>
<pin id="426" dir="1" index="1" bw="512" slack="1"/>
</pin_list>
<bind>
<opset="gmem0_addr_1_read "/>
</bind>
</comp>

<comp id="429" class="1005" name="trunc_ln467_3_reg_429">
<pin_list>
<pin id="430" dir="0" index="0" bw="8" slack="1"/>
<pin id="431" dir="1" index="1" bw="8" slack="1"/>
</pin_list>
<bind>
<opset="trunc_ln467_3 "/>
</bind>
</comp>

</comp_list>

<net_list>
<net id="79"><net_src comp="12" pin="0"/><net_sink comp="76" pin=0"/></net>

<net id="83"><net_src comp="12" pin="0"/><net_sink comp="80" pin=0"/></net>

<net id="88"><net_src comp="34" pin="0"/><net_sink comp="84" pin=0"/></net>

<net id="89"><net_src comp="6" pin="0"/><net_sink comp="84" pin=1"/></net>

<net id="94"><net_src comp="36" pin="0"/><net_sink comp="90" pin=0"/></net>

<net id="95"><net_src comp="2" pin="0"/><net_sink comp="90" pin=1"/></net>

<net id="100"><net_src comp="36" pin="0"/><net_sink comp="96" pin=0"/></net>

<net id="101"><net_src comp="0" pin="0"/><net_sink comp="96" pin=1"/></net>

<net id="107"><net_src comp="48" pin="0"/><net_sink comp="102" pin=0"/></net>

<net id="108"><net_src comp="12" pin="0"/><net_sink comp="102" pin=2"/></net>

<net id="114"><net_src comp="48" pin="0"/><net_sink comp="109" pin=0"/></net>

<net id="115"><net_src comp="12" pin="0"/><net_sink comp="109" pin=2"/></net>

<net id="120"><net_src comp="54" pin="0"/><net_sink comp="116" pin=0"/></net>

<net id="125"><net_src comp="54" pin="0"/><net_sink comp="121" pin=0"/></net>

<net id="131"><net_src comp="72" pin="0"/><net_sink comp="126" pin=0"/></net>

<net id="132"><net_src comp="8" pin="0"/><net_sink comp="126" pin=1"/></net>

<net id="138"><net_src comp="74" pin="0"/><net_sink comp="133" pin=0"/></net>

<net id="139"><net_src comp="10" pin="0"/><net_sink comp="133" pin=1"/></net>

<net id="144"><net_src comp="18" pin="0"/><net_sink comp="140" pin=0"/></net>

<net id="149"><net_src comp="38" pin="0"/><net_sink comp="145" pin=0"/></net>

<net id="156"><net_src comp="150" pin="1"/><net_sink comp="153" pin=0"/></net>

<net id="161"><net_src comp="96" pin="2"/><net_sink comp="157" pin=0"/></net>

<net id="162"><net_src comp="90" pin="2"/><net_sink comp="157" pin=1"/></net>

<net id="166"><net_src comp="150" pin="1"/><net_sink comp="163" pin=0"/></net>

<net id="170"><net_src comp="157" pin="2"/><net_sink comp="167" pin=0"/></net>

<net id="175"><net_src comp="157" pin="2"/><net_sink comp="171" pin=0"/></net>

<net id="176"><net_src comp="153" pin="1"/><net_sink comp="171" pin=1"/></net>

<net id="183"><net_src comp="40" pin="0"/><net_sink comp="177" pin=0"/></net>

<net id="184"><net_src comp="171" pin="2"/><net_sink comp="177" pin=1"/></net>

<net id="185"><net_src comp="42" pin="0"/><net_sink comp="177" pin=2"/></net>

<net id="186"><net_src comp="44" pin="0"/><net_sink comp="177" pin=3"/></net>

<net id="191"><net_src comp="167" pin="1"/><net_sink comp="187" pin=0"/></net>

<net id="192"><net_src comp="163" pin="1"/><net_sink comp="187" pin=1"/></net>

<net id="197"><net_src comp="150" pin="1"/><net_sink comp="193" pin=0"/></net>

<net id="198"><net_src comp="46" pin="0"/><net_sink comp="193" pin=1"/></net>

<net id="203"><net_src comp="193" pin="2"/><net_sink comp="199" pin=0"/></net>

<net id="204"><net_src comp="84" pin="2"/><net_sink comp="199" pin=1"/></net>

<net id="212"><net_src comp="4" pin="0"/><net_sink comp="208" pin=0"/></net>

<net id="213"><net_src comp="205" pin="1"/><net_sink comp="208" pin=1"/></net>

<net id="214"><net_src comp="208" pin="2"/><net_sink comp="102" pin=1"/></net>

<net id="219"><net_src comp="50" pin="0"/><net_sink comp="215" pin=1"/></net>

<net id="226"><net_src comp="40" pin="0"/><net_sink comp="220" pin=0"/></net>

<net id="227"><net_src comp="215" pin="2"/><net_sink comp="220" pin=1"/></net>

<net id="228"><net_src comp="42" pin="0"/><net_sink comp="220" pin=2"/></net>

<net id="229"><net_src comp="44" pin="0"/><net_sink comp="220" pin=3"/></net>

<net id="234"><net_src comp="52" pin="0"/><net_sink comp="230" pin=1"/></net>

<net id="239"><net_src comp="230" pin="2"/><net_sink comp="235" pin=0"/></net>

<net id="247"><net_src comp="4" pin="0"/><net_sink comp="243" pin=0"/></net>

<net id="248"><net_src comp="240" pin="1"/><net_sink comp="243" pin=1"/></net>

<net id="249"><net_src comp="243" pin="2"/><net_sink comp="109" pin=1"/></net>

<net id="255"><net_src comp="56" pin="0"/><net_sink comp="250" pin=0"/></net>

<net id="256"><net_src comp="58" pin="0"/><net_sink comp="250" pin=2"/></net>

<net id="260"><net_src comp="250" pin="3"/><net_sink comp="257" pin=0"/></net>

<net id="265"><net_src comp="257" pin="1"/><net_sink comp="261" pin=1"/></net>

<net id="269"><net_src comp="261" pin="2"/><net_sink comp="266" pin=0"/></net>

<net id="274"><net_src comp="60" pin="0"/><net_sink comp="270" pin=1"/></net>

<net id="280"><net_src comp="56" pin="0"/><net_sink comp="275" pin=0"/></net>

<net id="281"><net_src comp="270" pin="2"/><net_sink comp="275" pin=1"/></net>

<net id="282"><net_src comp="58" pin="0"/><net_sink comp="275" pin=2"/></net>

<net id="286"><net_src comp="275" pin="3"/><net_sink comp="283" pin=0"/></net>

<net id="291"><net_src comp="283" pin="1"/><net_sink comp="287" pin=1"/></net>

<net id="295"><net_src comp="287" pin="2"/><net_sink comp="292" pin=0"/></net>

<net id="304"><net_src comp="68" pin="0"/><net_sink comp="299" pin=0"/></net>

<net id="308"><net_src comp="299" pin="3"/><net_sink comp="305" pin=0"/></net>

<net id="312"><net_src comp="296" pin="1"/><net_sink comp="309" pin=0"/></net>

<net id="317"><net_src comp="296" pin="1"/><net_sink comp="313" pin=0"/></net>

<net id="318"><net_src comp="305" pin="1"/><net_sink comp="313" pin=1"/></net>

<net id="323"><net_src comp="309" pin="1"/><net_sink comp="319" pin=0"/></net>

<net id="324"><net_src comp="299" pin="3"/><net_sink comp="319" pin=1"/></net>

<net id="328"><net_src comp="319" pin="2"/><net_sink comp="325" pin=0"/></net>

<net id="334"><net_src comp="70" pin="0"/><net_sink comp="329" pin=0"/></net>

<net id="335"><net_src comp="313" pin="2"/><net_sink comp="329" pin=1"/></net>

<net id="336"><net_src comp="30" pin="0"/><net_sink comp="329" pin=2"/></net>

<net id="340"><net_src comp="329" pin="3"/><net_sink comp="337" pin=0"/></net>

<net id="345"><net_src comp="325" pin="1"/><net_sink comp="341" pin=0"/></net>

<net id="346"><net_src comp="337" pin="1"/><net_sink comp="341" pin=1"/></net>

<net id="347"><net_src comp="341" pin="2"/><net_sink comp="126" pin=2"/></net>

<net id="352"><net_src comp="341" pin="2"/><net_sink comp="348" pin=0"/></net>

<net id="356"><net_src comp="76" pin="1"/><net_sink comp="353" pin=0"/></net>

<net id="357"><net_src comp="353" pin="1"/><net_sink comp="145" pin=1"/></net>

<net id="358"><net_src comp="353" pin="1"/><net_sink comp="296" pin=0"/></net>

<net id="359"><net_src comp="353" pin="1"/><net_sink comp="348" pin=1"/></net>

<net id="363"><net_src comp="80" pin="1"/><net_sink comp="360" pin=0"/></net>

<net id="364"><net_src comp="360" pin="1"/><net_sink comp="140" pin=1"/></net>

<net id="365"><net_src comp="360" pin="1"/><net_sink comp="150" pin=0"/></net>

<net id="366"><net_src comp="360" pin="1"/><net_sink comp="235" pin=1"/></net>

<net id="370"><net_src comp="150" pin="1"/><net_sink comp="367" pin=0"/></net>

<net id="371"><net_src comp="367" pin="1"/><net_sink comp="230" pin=0"/></net>

<net id="375"><net_src comp="171" pin="2"/><net_sink comp="372" pin=0"/></net>

<net id="376"><net_src comp="372" pin="1"/><net_sink comp="215" pin=0"/></net>

<net id="380"><net_src comp="177" pin="4"/><net_sink comp="377" pin=0"/></net>

<net id="381"><net_src comp="377" pin="1"/><net_sink comp="205" pin=0"/></net>

<net id="385"><net_src comp="187" pin="2"/><net_sink comp="382" pin=0"/></net>

<net id="386"><net_src comp="382" pin="1"/><net_sink comp="250" pin=1"/></net>

<net id="387"><net_src comp="382" pin="1"/><net_sink comp="270" pin=0"/></net>

<net id="391"><net_src comp="199" pin="2"/><net_sink comp="388" pin=0"/></net>

<net id="395"><net_src comp="208" pin="2"/><net_sink comp="392" pin=0"/></net>

<net id="396"><net_src comp="392" pin="1"/><net_sink comp="102" pin=1"/></net>

<net id="397"><net_src comp="392" pin="1"/><net_sink comp="116" pin=1"/></net>

<net id="401"><net_src comp="220" pin="4"/><net_sink comp="398" pin=0"/></net>

<net id="402"><net_src comp="398" pin="1"/><net_sink comp="240" pin=0"/></net>

<net id="406"><net_src comp="230" pin="2"/><net_sink comp="403" pin=0"/></net>

<net id="407"><net_src comp="403" pin="1"/><net_sink comp="133" pin=2"/></net>

<net id="411"><net_src comp="243" pin="2"/><net_sink comp="408" pin=0"/></net>

<net id="412"><net_src comp="408" pin="1"/><net_sink comp="109" pin=1"/></net>

<net id="413"><net_src comp="408" pin="1"/><net_sink comp="121" pin=1"/></net>

<net id="417"><net_src comp="116" pin="2"/><net_sink comp="414" pin=0"/></net>

<net id="418"><net_src comp="414" pin="1"/><net_sink comp="261" pin=0"/></net>

<net id="422"><net_src comp="266" pin="1"/><net_sink comp="419" pin=0"/></net>

<net id="423"><net_src comp="419" pin="1"/><net_sink comp="299" pin=1"/></net>

<net id="427"><net_src comp="121" pin="2"/><net_sink comp="424" pin=0"/></net>

<net id="428"><net_src comp="424" pin="1"/><net_sink comp="287" pin=0"/></net>

<net id="432"><net_src comp="292" pin="1"/><net_sink comp="429" pin=0"/></net>

<net id="433"><net_src comp="429" pin="1"/><net_sink comp="299" pin=2"/></net>

</net_list>

</model> 
---------------- Datapath Model END ------------------

* FSMD analyzer results:
  - Output states:
	Port: sum_3_out | {76 }
	Port: i_1_out | {76 }
 - Input state : 
	Port: process_tcp_checksum_Pipeline_word_loop : phi_mul | {1 }
	Port: process_tcp_checksum_Pipeline_word_loop : data_in | {1 }
	Port: process_tcp_checksum_Pipeline_word_loop : gmem0 | {2 3 4 5 6 7 8 9 10 11 12 13 14 15 16 17 18 19 20 21 22 23 24 25 26 27 28 29 30 31 32 33 34 35 36 37 38 39 40 41 42 43 44 45 46 47 48 49 50 51 52 53 54 55 56 57 58 59 60 61 62 63 64 65 66 67 68 69 70 71 72 73 74 }
	Port: process_tcp_checksum_Pipeline_word_loop : chunkSize | {1 }
  - Chain level:
	State 1
		store_ln0 : 1
		store_ln0 : 1
		i_2 : 1
		zext_ln467 : 2
		trunc_ln467 : 2
		trunc_ln467_1 : 1
		add_ln467_1 : 3
		trunc_ln467_5 : 4
		add_ln467_3 : 2
		add_ln463 : 2
		icmp_ln463 : 3
		br_ln463 : 4
	State 2
		gmem0_addr : 1
		gmem0_load_req : 2
		trunc_ln2 : 1
		store_ln463 : 1
	State 3
		gmem0_addr_1 : 1
		gmem0_load_1_req : 2
	State 4
	State 5
	State 6
	State 7
	State 8
	State 9
	State 10
	State 11
	State 12
	State 13
	State 14
	State 15
	State 16
	State 17
	State 18
	State 19
	State 20
	State 21
	State 22
	State 23
	State 24
	State 25
	State 26
	State 27
	State 28
	State 29
	State 30
	State 31
	State 32
	State 33
	State 34
	State 35
	State 36
	State 37
	State 38
	State 39
	State 40
	State 41
	State 42
	State 43
	State 44
	State 45
	State 46
	State 47
	State 48
	State 49
	State 50
	State 51
	State 52
	State 53
	State 54
	State 55
	State 56
	State 57
	State 58
	State 59
	State 60
	State 61
	State 62
	State 63
	State 64
	State 65
	State 66
	State 67
	State 68
	State 69
	State 70
	State 71
	State 72
	State 73
	State 74
		zext_ln467_1 : 1
		lshr_ln467 : 2
		trunc_ln467_2 : 3
	State 75
		shl_ln467_1 : 1
		zext_ln467_2 : 2
		lshr_ln467_1 : 3
		trunc_ln467_3 : 4
	State 76
		zext_ln452 : 1
		trunc_ln452 : 1
		tmp : 2
		add_ln452_1 : 2
		zext_ln453 : 3
		tmp_1 : 3
		zext_ln453_1 : 4
		sum_2 : 5
		store_ln463 : 6
		write_ln453 : 6


============================================================
+ Verbose Summary: Datapath Resource usage 
============================================================

* Functional unit list:
|----------|-------------------------------|---------|---------|
| Operation|        Functional Unit        |    FF   |   LUT   |
|----------|-------------------------------|---------|---------|
|   lshr   |       lshr_ln467_fu_261       |    0    |   2171  |
|          |      lshr_ln467_1_fu_287      |    0    |   2171  |
|----------|-------------------------------|---------|---------|
|          |        add_ln467_fu_157       |    0    |    71   |
|          |       add_ln467_1_fu_171      |    0    |    71   |
|          |       add_ln467_3_fu_187      |    0    |    13   |
|          |        add_ln463_fu_193       |    0    |    39   |
|    add   |       add_ln467_2_fu_215      |    0    |    71   |
|          |           i_3_fu_230          |    0    |    39   |
|          |       add_ln467_4_fu_270      |    0    |    13   |
|          |           tmp_fu_313          |    0    |    24   |
|          |       add_ln452_1_fu_319      |    0    |    23   |
|          |          sum_2_fu_341         |    0    |    23   |
|----------|-------------------------------|---------|---------|
|   icmp   |       icmp_ln463_fu_199       |    0    |    39   |
|----------|-------------------------------|---------|---------|
|          |   chunkSize_read_read_fu_84   |    0    |    0    |
|          |    data_in_read_read_fu_90    |    0    |    0    |
|   read   |    phi_mul_read_read_fu_96    |    0    |    0    |
|          |  gmem0_addr_read_read_fu_116  |    0    |    0    |
|          | gmem0_addr_1_read_read_fu_121 |    0    |    0    |
|----------|-------------------------------|---------|---------|
|  readreq |       grp_readreq_fu_102      |    0    |    0    |
|          |       grp_readreq_fu_109      |    0    |    0    |
|----------|-------------------------------|---------|---------|
|   write  |    write_ln453_write_fu_126   |    0    |    0    |
|          |    write_ln463_write_fu_133   |    0    |    0    |
|----------|-------------------------------|---------|---------|
|          |       zext_ln467_fu_153       |    0    |    0    |
|          |      zext_ln467_1_fu_257      |    0    |    0    |
|   zext   |      zext_ln467_2_fu_283      |    0    |    0    |
|          |       zext_ln452_fu_305       |    0    |    0    |
|          |       zext_ln453_fu_325       |    0    |    0    |
|          |      zext_ln453_1_fu_337      |    0    |    0    |
|----------|-------------------------------|---------|---------|
|          |       trunc_ln467_fu_163      |    0    |    0    |
|          |      trunc_ln467_1_fu_167     |    0    |    0    |
|   trunc  |      trunc_ln467_2_fu_266     |    0    |    0    |
|          |      trunc_ln467_3_fu_292     |    0    |    0    |
|          |       trunc_ln452_fu_309      |    0    |    0    |
|----------|-------------------------------|---------|---------|
|partselect|      trunc_ln467_5_fu_177     |    0    |    0    |
|          |        trunc_ln2_fu_220       |    0    |    0    |
|----------|-------------------------------|---------|---------|
|   sext   |       sext_ln467_fu_205       |    0    |    0    |
|          |      sext_ln467_1_fu_240      |    0    |    0    |
|----------|-------------------------------|---------|---------|
|          |         shl_ln_fu_250         |    0    |    0    |
|bitconcatenate|       shl_ln467_1_fu_275      |    0    |    0    |
|          |          word_fu_299          |    0    |    0    |
|----------|-------------------------------|---------|---------|
| bitselect|          tmp_1_fu_329         |    0    |    0    |
|----------|-------------------------------|---------|---------|
|   Total  |                               |    0    |   4768  |
|----------|-------------------------------|---------|---------|

Memories:
N/A

* Register list:
+-------------------------+--------+
|                         |   FF   |
+-------------------------+--------+
|   add_ln467_1_reg_372   |   64   |
|   add_ln467_3_reg_382   |    6   |
|gmem0_addr_1_read_reg_424|   512  |
|   gmem0_addr_1_reg_408  |   512  |
| gmem0_addr_read_reg_414 |   512  |
|    gmem0_addr_reg_392   |   512  |
|       i_2_reg_367       |   32   |
|       i_3_reg_403       |   32   |
|        i_reg_360        |   32   |
|    icmp_ln463_reg_388   |    1   |
|       sum_reg_353       |   17   |
|    trunc_ln2_reg_398    |   58   |
|  trunc_ln467_2_reg_419  |    8   |
|  trunc_ln467_3_reg_429  |    8   |
|  trunc_ln467_5_reg_377  |   58   |
+-------------------------+--------+
|          Total          |  2364  |
+-------------------------+--------+

* Multiplexer (MUX) list: 
|--------------------|------|------|------|--------||---------||---------|
|        Comp        |  Pin | Size |  BW  | S x BW ||  Delay  ||   LUT   |
|--------------------|------|------|------|--------||---------||---------|
| grp_readreq_fu_102 |  p1  |   2  |  512 |  1024  ||    9    |
| grp_readreq_fu_109 |  p1  |   2  |  512 |  1024  ||    9    |
|--------------------|------|------|------|--------||---------||---------|
|        Total       |      |      |      |  2048  ||  0.774  ||    18   |
|--------------------|------|------|------|--------||---------||---------|



* Summary:
+-----------+--------+--------+--------+
|           |  Delay |   FF   |   LUT  |
+-----------+--------+--------+--------+
|  Function |    -   |    0   |  4768  |
|   Memory  |    -   |    -   |    -   |
|Multiplexer|    0   |    -   |   18   |
|  Register |    -   |  2364  |    -   |
+-----------+--------+--------+--------+
|   Total   |    0   |  2364  |  4786  |
+-----------+--------+--------+--------+
